task,industry,train_rows,test_rows,n_classes,accuracy,precision,recall,f1_macro,f1_weighted,best_num_leaves,best_max_depth,best_learning_rate,best_min_child_samples
질병종류,건설업,18145,23543,9,0.5176,0.2614,0.1432,0.1381,0.4421,45,9,0.08577,66
질병종류,광업,18445,5100,9,0.4863,0.2411,0.1564,0.1544,0.4402,48,6,0.06863,62
질병종류,기타의사업,32029,11459,9,0.5316,0.3322,0.2581,0.2642,0.5204,21,5,0.05432,12
질병종류,운수·창고·통신업,5027,2167,9,0.4993,0.3105,0.3098,0.291,0.4542,165,3,0.01528,14
질병종류,제조업,43159,17782,9,0.5656,0.4073,0.2491,0.2645,0.5147,173,7,0.01873,17
질병종류,소규모통합,1361,519,7,0.5145,0.3924,0.3784,0.37,0.4868,144,7,0.06453,45
