task,industry,train_rows,test_rows,n_classes,accuracy,precision,recall,f1_macro,f1_weighted,best_num_leaves,best_max_depth,best_learning_rate,best_min_child_samples
발생형태,건설업,198197,69611,23,0.3688,0.0841,0.0687,0.0552,0.3038,130,9,0.08717,96
발생형태,광업,19504,5320,23,0.9598,0.1174,0.0847,0.0924,0.9457,145,10,0.02866,42
발생형태,기타의사업,295536,108790,23,0.3619,0.1622,0.11,0.1028,0.2683,43,5,0.08542,58
발생형태,운수·창고·통신업,60411,34659,23,0.4333,0.1073,0.0753,0.0717,0.3462,64,9,0.01875,35
발생형태,제조업,206922,65571,23,0.3834,0.1301,0.085,0.0757,0.3014,135,4,0.03917,75
발생형태,소규모통합,15954,5011,23,0.3287,0.1178,0.1377,0.1236,0.2889,50,8,0.04133,82
