task,industry,train_rows,test_rows,n_classes,accuracy,precision,recall,f1_macro,f1_weighted,best_num_leaves,best_max_depth,best_learning_rate,best_min_child_samples
재해정도_질병기반,건설업,18145,23543,8,0.4614,0.3336,0.1636,0.1297,0.3256,119,5,0.07575,62
재해정도_질병기반,광업,18445,5100,8,0.5367,0.301,0.2085,0.1982,0.4653,70,5,0.04793,42
재해정도_질병기반,기타의사업,32029,11459,8,0.4375,0.3481,0.2019,0.1763,0.3326,20,10,0.07525,11
재해정도_질병기반,운수·창고·통신업,5027,2167,8,0.3969,0.2397,0.2159,0.1895,0.3,108,7,0.06238,27
재해정도_질병기반,제조업,43159,17782,8,0.4994,0.3908,0.2232,0.1987,0.413,39,8,0.09817,48
재해정도_질병기반,소규모통합,1361,519,8,0.3834,0.2316,0.2096,0.1844,0.306,64,9,0.02686,58
