task,industry,train_rows,test_rows,n_classes,accuracy,precision,recall,f1_macro,f1_weighted,best_num_leaves,best_max_depth,best_learning_rate,best_min_child_samples
세부질병종류,건설업,18145,23543,31,0.5168,0.1506,0.0624,0.0629,0.4179,127,8,0.02404,10
세부질병종류,광업,18445,5100,28,0.4871,0.1081,0.0831,0.0817,0.4407,101,6,0.06982,40
세부질병종류,기타의사업,32029,11459,29,0.4975,0.1424,0.1101,0.1063,0.4452,159,4,0.03163,35
세부질병종류,운수·창고·통신업,5027,2167,26,0.3992,0.1435,0.1368,0.1272,0.3597,142,10,0.06834,17
세부질병종류,제조업,43159,17782,32,0.5581,0.2391,0.1106,0.1126,0.4836,132,3,0.04414,32
세부질병종류,소규모통합,1361,519,21,0.474,0.233,0.1902,0.1905,0.4266,152,3,0.03246,11
