task,industry,train_rows,test_rows,n_classes,accuracy,precision,recall,f1_macro,f1_weighted,best_num_leaves,best_max_depth,best_learning_rate,best_min_child_samples
재해정도_발생형태기반,건설업,198197,69611,8,0.3797,0.1928,0.1551,0.1405,0.3192,144,3,0.08294,17
재해정도_발생형태기반,광업,19504,5320,8,0.5227,0.3072,0.2177,0.2118,0.4558,76,9,0.03611,29
재해정도_발생형태기반,기타의사업,295536,108790,8,0.3748,0.1934,0.156,0.1396,0.3158,32,9,0.01701,62
재해정도_발생형태기반,운수·창고·통신업,60411,34659,8,0.3713,0.1757,0.1577,0.1446,0.2981,152,7,0.02199,81
재해정도_발생형태기반,제조업,206922,65571,8,0.3824,0.2571,0.2069,0.1955,0.3549,112,5,0.07558,23
재해정도_발생형태기반,소규모통합,15954,5011,8,0.3614,0.2318,0.1831,0.1768,0.3175,44,5,0.09766,69
