task,industry,train_rows,test_rows,n_classes,accuracy,precision,recall,f1_macro,f1_weighted,best_num_leaves,best_max_depth,best_learning_rate,best_min_child_samples
질병종류,건설업,18145,23543,9,0.5181,0.2545,0.1438,0.1388,0.4423,27,8,0.01221,54
질병종류,광업,18445,5100,9,0.4847,0.1834,0.1525,0.1477,0.4394,97,9,0.02215,51
질병종류,기타의사업,32029,11459,9,0.511,0.2402,0.2213,0.2261,0.495,42,6,0.09521,41
질병종류,운수·창고·통신업,5027,2167,9,0.4873,0.2978,0.2886,0.2766,0.4381,149,7,0.03699,10
질병종류,제조업,43159,17782,9,0.5561,0.2861,0.2086,0.2025,0.5009,36,9,0.03313,40
질병종류,소규모통합,1361,519,7,0.5183,0.4604,0.3784,0.3719,0.4882,133,10,0.03142,16
