task,industry,train_rows,test_rows,n_classes,accuracy,precision,recall,f1_macro,f1_weighted,best_num_leaves,best_max_depth,best_learning_rate,best_min_child_samples
세부질병종류,건설업,18145,23543,31,0.5175,0.1185,0.0661,0.0666,0.4179,152,7,0.05323,75
세부질병종류,광업,18445,5100,28,0.4849,0.0966,0.081,0.0783,0.4388,61,5,0.04477,43
세부질병종류,기타의사업,32029,11459,29,0.476,0.0994,0.092,0.0895,0.4203,191,10,0.05621,16
세부질병종류,운수·창고·통신업,5027,2167,26,0.401,0.1359,0.1332,0.1211,0.351,44,4,0.05381,87
세부질병종류,제조업,43159,17782,32,0.5511,0.1154,0.0723,0.0722,0.4763,116,10,0.08561,10
세부질병종류,소규모통합,1361,519,21,0.4701,0.2254,0.2127,0.208,0.4317,38,10,0.05294,10
