task,industry,train_rows,test_rows,n_classes,accuracy,precision,recall,f1_macro,f1_weighted,best_num_leaves,best_max_depth,best_learning_rate,best_min_child_samples
발생형태,건설업,198197,69611,23,0.3666,0.1191,0.0686,0.0551,0.3027,123,9,0.09012,72
발생형태,광업,19504,5320,23,0.9586,0.1066,0.0696,0.0749,0.9424,118,10,0.0154,75
발생형태,기타의사업,295536,108790,23,0.3461,0.1147,0.0817,0.072,0.2384,89,5,0.04668,67
발생형태,운수·창고·통신업,60411,34659,23,0.4187,0.1294,0.0669,0.06,0.3158,99,10,0.05432,28
발생형태,제조업,206922,65571,23,0.3688,0.0902,0.0724,0.0566,0.2696,142,4,0.0404,94
발생형태,소규모통합,15954,5011,23,0.3287,0.1706,0.1396,0.1261,0.2897,72,8,0.03056,45
