task,industry,train_rows,test_rows,n_classes,accuracy,precision,recall,f1_macro,f1_weighted,best_num_leaves,best_max_depth,best_learning_rate,best_min_child_samples
재해정도_발생형태기반,건설업,198197,69611,8,0.3799,0.1927,0.1552,0.1405,0.3185,148,3,0.09408,100
재해정도_발생형태기반,광업,19504,5320,8,0.5256,0.3393,0.22,0.2159,0.4609,174,8,0.06607,13
재해정도_발생형태기반,기타의사업,295536,108790,8,0.3758,0.1919,0.1619,0.1485,0.3168,56,10,0.01183,97
재해정도_발생형태기반,운수·창고·통신업,60411,34659,8,0.3726,0.1768,0.158,0.1434,0.2939,165,4,0.01655,25
재해정도_발생형태기반,제조업,206922,65571,8,0.3887,0.4044,0.2143,0.2045,0.3609,118,5,0.05233,69
재해정도_발생형태기반,소규모통합,15954,5011,8,0.3554,0.2303,0.1761,0.1743,0.3196,189,9,0.01001,79
