task,industry,train_rows,test_rows,n_classes,accuracy,precision,recall,f1_macro,f1_weighted,best_num_leaves,best_max_depth,best_learning_rate,best_min_child_samples
재해정도_질병기반,건설업,18145,23543,8,0.4611,0.3338,0.1639,0.1303,0.3263,178,6,0.09881,40
재해정도_질병기반,광업,18445,5100,8,0.5363,0.229,0.2078,0.1968,0.4645,147,6,0.02186,56
재해정도_질병기반,기타의사업,32029,11459,8,0.4277,0.2305,0.1825,0.1528,0.3132,110,9,0.05947,21
재해정도_질병기반,운수·창고·통신업,5027,2167,8,0.3932,0.3727,0.2064,0.1839,0.2985,57,9,0.04925,21
재해정도_질병기반,제조업,43159,17782,8,0.4967,0.2161,0.2167,0.1856,0.4075,145,5,0.01534,30
재해정도_질병기반,소규모통합,1361,519,8,0.3796,0.2135,0.2123,0.1878,0.3086,162,7,0.0695,50
