고유번호,산재업종(대분류),산재업종(중분류),산재업종(소분류),재해개요,기인물,고위험작업·상황,재해유발요인,위험성 감소대책(예시)
2016-11-11-001,제조업,전기기계기구·정밀기구·전자제품제조업,전자관또는반도체소자제조업,2016년 9월경 OO빌딩 기계식 주차장에서 재해자가 차량이 출고되지 않아 주차설비의 점검을 위해 설비를 정지하지 않은 상태에서 주차기 내부로 들어갔다가 지상 1층에서 지하 3층으로 추락해 사망,기계식 주차설비,기계식 주차설비 정비·점검 작업,『정비작업 중 작업자 외 근로자가 설비를 가동』하여 갑자기 작동된 설비에 말리거나 끼임,"▶ 생산 설비의 불시 가동을 방지하기 위한 LOTO(Lock Out_잠금장치, Tag Out_점검 중 꼬리표)제도 시행
▶ 관리감독자 확인 의무 부여"
2016-11-51-001,기타의사업,시설관리및사업지원서비스업,사업서비스업,2015년 10월경 OO교육시설에서 재해자가 후문 캐노피(약 2.4m)에 설치된 CCTV 방향을 조정하고 이동식사다리(A형)로 내려오던 중 추락하여 사망 ,사다리(이동식/A형),사다리를 이용한 작업 또는 통행,『사다리 위에 올라가 작업』하던 중 균형을 잃고 머리부터 바닥으로 떨어짐,"▶ 3.5m 미만 작업 시 A자형 사다리만 사용(2인1조)
▶ 아웃트리거 설치 및 안전대, 안전모 등 개인보호구 착용"
2016-11-51-002,기타의사업,도소매·음식·숙박업,도소매및소비자용품수리업,2016년 3월경 OO사업장 3층 창고에서 재해자가 일반작업용 리프트를 작동시킨 후 운반구에 떨어진 거래명세서를 잡으려다 하강하는 운반구 상부 프레임과 건물 단면(창문) 사이에 몸이 끼어 사망,리프트(일반작업용),비정형 작업(이물질 제거·청소),『설비를 정지시키지 않거나 전원을 차단하지 않은 상태』에서 정비·보수·청소 등의 작업을 하다가 끼이거나 말림,"▶ 설비 가동중 이물질 제거 등이 발생할 수 있는 생산작업을 분석하고 근원적 접근방지대책 수립
▶ 끼임재해 우려가 있어 가동정지 후 작업이 필요한 설비 목록화→LOTO(Lock Out,  Tag Out) 대상 확정·시행 
▶ 작업 절차에 대해 근로자 교육실시"
2016-11-51-003,기타의사업,시설관리및사업지원서비스업,건물등의종합관리사업,2016년 3월경 OO빌딩 배수실의 배수탱크 상부에서 재해자가 체크밸브의 이물질을 제거하기 위해 작업을 하던 중 약2.6m 아래 바닥으로 추락해 사망,분류 불가,비정형 작업(이물질 제거·청소),『작업을 위해 밟고 있던 구조물이 파손되거나 균형을 잃기 쉬운 불안한 자세』로 작업하여 넘어지거나 떨어짐,"▶ 안전난간이 설치된 작업발판을 설치·사용
▶ 고소작업대 사용 또는 3.5m미만은 A자형 사다리 사용(2인1조) 관리
▶ 안전대 및 안전모 지급·착용 등 관리감독자 확인"
2016-11-51-004,운수창고통신업,육상및수상운수업,택시및경차량운수업,2016년 4월경 OO빌딩에서 재해자가 에스컬레이터 핸드레일 고장 수리 작업을 하던 중 기계실 내부 고정부와 에스컬레이터 발판 사이에 끼어 사망,에스컬레이터,비정형 작업(정비·보수),『설비를 정지시키지 않거나 전원을 차단하지 않은 상태』에서 정비·보수·청소 등의 작업을 하다가 끼이거나 말림,"▶ 설비 가동중 이물질 제거 등이 발생할 수 있는 생산작업을 분석하고 근원적 접근방지대책 수립
▶ 끼임재해 우려가 있어 가동정지 후 작업이 필요한 설비 목록화→LOTO(Lock Out,  Tag Out) 대상 확정·시행 
▶ 작업 절차에 대해 근로자 교육실시"
2016-11-51-005,운수창고통신업,철도·항공·창고·운수관련서비스업,철도·궤도운수업,2016년 5월경 OO역 플랫폼에서 재해자가 스크린도어 센서를 점검하던 중 진입하는 열차에 치여 사망,기타 차량(열차/기차),비정형 작업(점검),『설비를 정지시키지 않거나 전원을 차단하지 않은 상태』에서 정비·보수·청소 등의 작업을 하다가 끼이거나 말림,"▶ 설비 가동중 이물질 제거 등이 발생할 수 있는 생산작업을 분석하고 근원적 접근방지대책 수립
▶ 끼임재해 우려가 있어 가동정지 후 작업이 필요한 설비 목록화→LOTO(Lock Out,  Tag Out) 대상 확정·시행 
▶ 작업 절차에 대해 근로자 교육실시"
2016-11-51-006,기타의사업,시설관리및사업지원서비스업,건물등의종합관리사업,2016년 6월경 OO빌딩에서 재해자가 천장에 진입해 스프링쿨러 배관부속을 교체하고 나오던 중 에어컨 실외기 전원케이블의 충전부에 접촉해 감전되어 사망,전기충전부,전기설비 취급 작업,"아크릴판, 소켓 등 『충전부 방호조치가 미흡하거나 없이 노출된 충전부』에 접촉하여 감전","▶ 정전작업 후 전기점검 및 조작 실시
▶ 활선작업용기구·장치  사용 및 절연용 보호구 착용"
2016-11-51-007,기타의사업,도소매·음식·숙박업,도소매및소비자용품수리업,2016년 7월경 OO빌딩에서 재해자가 천장의 곰팡이를 제거하기 위해 이동식 사다리(A형)에 올라가 곰팡이를 닦던 중 중심을 잃고 2.2m 아래로 추락해 사망,사다리(이동식/A형),사다리를 이용한 작업 또는 통행,『사다리 위에 올라가 작업』하던 중 균형을 잃고 머리부터 바닥으로 떨어짐,"▶ 3.5m 미만 작업 시 A자형 사다리만 사용(2인1조)
▶ 아웃트리거 설치 및 안전대, 안전모 등 개인보호구 착용"
2016-11-51-008,기타의사업,시설관리및사업지원서비스업,건물등의종합관리사업,2016년 9월경 OO공연장 무대에서 재해자가 청소작업을 하던 중 무대 바닥에 설치된 비상구(개구부)에 발을 헛디뎌 약 1.65m 아래 계단으로 추락해 사망,분류 불가,작업장소 통행/이동,이동 중 『어두운 장소의 요철부』에 걸려 넘어지거나 실족하여 떨어짐,"▶ 바닥에 존재하는 기름기 등 제거 조치
▶ 유분 비산을 방지하기 위한 가림판 설치"
2016-11-51-009,기타의사업,시설관리및사업지원서비스업,건물등의종합관리사업,2016년 10월경 OO빌딩 기계식 주차장에서 재해자가 설비 오류를 확인하고 주차기 내부에서 정비작업을 수행하던 중 설비 틈새로 추락하여(약 5.3m) 사망,기계식 주차설비,기계식 주차설비 정비·점검 작업,『정비작업 중 작업자 외 근로자가 설비를 가동』하여 갑자기 작동된 설비에 말리거나 끼임,"▶ 생산 설비의 불시 가동을 방지하기 위한 LOTO(Lock Out_잠금장치, Tag Out_점검 중 꼬리표)제도 시행
▶ 관리감독자 확인 의무 부여"
2016-11-51-010,기타의사업,국가및지방자치단체의사업,국가및지방자치단체의사업,2016년 12월경 OO지역 일대에서 재해자가 수목 가지가 적재된 화물자동차(1톤 카고트럭) 위에서 나뭇가지 정리작업을 하던 중 몸의 중심을 잃고 2.5m 아래 인도로 추락하여 사망,화물운반트럭(카고트럭),상하차 작업 또는 적재된 화물,『적재된 제품·재료 또는 화물 적재함 위에 올라 작업』하던 중 균형을 잃고 떨어짐,"▶ 차량 상부작업 시 작업장소 상부에 안전대 걸이설비 설치·사용
▶ 적재함에 오르내리기 위한 설비 설치·사용
▶ 작업 시 안전대, 안전모 등 보호구 착용"
2016-12-11-001,제조업,목재및종이제품제조업,골판지및종이용기제조업,2016년 2월경 OO사업장 지하 창고에서 재해자가 작업재료를 찾던 중 지상 1층에 정지해 있던 리프트 운반구가 떨어지면서 재해자를 덮쳐 사망,리프트(일반작업용),비정형 작업(이물질 제거·청소),『매달아 올리거나 적재 상태가 불량한 물체』가 떨어지거나 무너지면서 맞거나 깔림,"▶ 주변의 중량물로 인한 깔림 방지를 위해 중량물 제거 후 작업
▶ 중량물 지지대 설치 후 수리·교체작업 실시"
2016-12-51-003,기타의사업,시설관리및사업지원서비스업,건물등의종합관리사업,2015년 3월경 OO아파트 단지에서 재해자가 이동식 사다리를 이용해 조경수 전지작업을 하던 중 약 3.6m 아래 바닥으로 떨어져 사망,사다리(이동식/일자형),사다리를 이용한 작업 또는 통행,『사다리 위에 올라가 작업』하던 중 균형을 잃고 머리부터 바닥으로 떨어짐,"▶ 3.5m 미만 작업 시 A자형 사다리만 사용(2인1조)
▶ 아웃트리거 설치 및 안전대, 안전모 등 개인보호구 착용"
2016-12-51-004,기타의사업,도소매·음식·숙박업,도소매및소비자용품수리업,2016년 6월경 OO빌딩에서 재해자가 3층 외벽에 설치된 실외기 거치대의 실외기를를 점검하던 중 안전난간이 탈락되면서 몸의 중심을 잃고 추락하여 사망,안전난간,"설비 위, 지붕 등 높은 장소에서의 작업",『작업을 위해 밟고 있던 구조물이 파손되거나 균형을 잃기 쉬운 불안한 자세』로 작업하여 넘어지거나 떨어짐,"▶ 안전난간이 설치된 작업발판을 설치·사용
▶ 고소작업대 사용 또는 3.5m미만은 A자형 사다리 사용(2인1조) 관리
▶ 안전대 및 안전모 지급·착용 등 관리감독자 확인"
2016-12-51-005,기타의사업,시설관리및사업지원서비스업,건물등의종합관리사업,2016년 8월경 OO아파트 옥상에서 재해자가 외벽 균열 보수작업을 하기 위해 달비계에 탑승하던 중 추락하여(약 31.6m) 사망,분류 불가,"설비 위, 지붕 등 높은 장소에서의 작업",『안전난간의 설치상태가 불량하거나 없는 상태』에서 주변 구조물 또는 생명줄에 안전대를 체결하지 않아 떨어짐,"▶ 지붕 재질 확인 및 하중 분산용 작업발판 설치 후 작업
▶ 지붕 파손 대비 공장 내부에 추락방호망 설치
▶ 지붕 끝단부에 안전난간 설치"
2016-12-51-006,기타의사업,도소매·음식·숙박업,도소매및소비자용품수리업,2016년 11월경 OO광장에서 재해자가 컨테이너 위에서 전광판 설치작업을 하던 중 약 2.9m 아래로 추락해 사망 ,분류 불가,"설비 위, 지붕 등 높은 장소에서의 작업",『설비 구조물을 밟고 올라서거나 난간이 없는 작업대 위』에서 불안전한 자세로 작업하다 떨어짐,"▶ 추락위험구간에 안전난간 추가 설치
▶ 출하장소를 추락위험이 없는 장소로 위치 변경"
2016-21-11-001,제조업,목재및종이제품제조업,일반제재및목재약품처리업,2016년 1월경 OO사업장에서 재해자가 체인컨베이어를 밟고 올라가 띠톱기계에 쌓인 톱밥을 제거하던 중 작동중인 체인컨베이어의 롤러(스파이크 형태)에 다리가 말리면서려 띠톱기계 톱날에 베여 사망,컨베이어,비정형 작업(이물질 제거·청소),『설비를 정지시키지 않거나 전원을 차단하지 않은 상태』에서 정비·보수·청소 등의 작업을 하다가 끼이거나 말림,"▶ 설비 가동중 이물질 제거 등이 발생할 수 있는 생산작업을 분석하고 근원적 접근방지대책 수립
▶ 끼임재해 우려가 있어 가동정지 후 작업이 필요한 설비 목록화→LOTO(Lock Out,  Tag Out) 대상 확정·시행 
▶ 작업 절차에 대해 근로자 교육실시"
2016-21-11-002,제조업,식료품제조업,기타식료품제조업,2016년 1월경 OO사업장에서 재해자가 혼합기로 들깨를 세척하는 작업 중 내벽에 붙은 들깨를 혼합날로 밀어넣던 중 혼합날에 팔이 말리면서 몸이 끼어 사망,혼합기(식품용),비정형 작업(이물질 제거·청소),『설비를 정지시키지 않거나 전원을 차단하지 않은 상태』에서 정비·보수·청소 등의 작업을 하다가 끼이거나 말림,"▶ 설비 가동중 이물질 제거 등이 발생할 수 있는 생산작업을 분석하고 근원적 접근방지대책 수립
▶ 끼임재해 우려가 있어 가동정지 후 작업이 필요한 설비 목록화→LOTO(Lock Out,  Tag Out) 대상 확정·시행 
▶ 작업 절차에 대해 근로자 교육실시"
2016-21-11-003,제조업,식료품제조업,음료제조업,2016년 2월경 OO사업장에서 재해자가 전동 지게차(1.5톤) 후면의 컨트롤 기판을 정비하던 중 지게차가 갑자기 후진하면서 전동지게차와 벽면 사이에 끼어 사망,지게차,비정형 작업(정비·보수),『설비를 정지시키지 않거나 전원을 차단하지 않은 상태』에서 정비·보수·청소 등의 작업을 하다가 끼이거나 말림,"▶ 설비 가동중 이물질 제거 등이 발생할 수 있는 생산작업을 분석하고 근원적 접근방지대책 수립
▶ 끼임재해 우려가 있어 가동정지 후 작업이 필요한 설비 목록화→LOTO(Lock Out,  Tag Out) 대상 확정·시행 
▶ 작업 절차에 대해 근로자 교육실시"
2016-21-11-004,제조업,기계기구·금속·비금속광물제품제조업,기타금속제품제조업또는금속가공업,2016년 4월경 OO사업장에서 재해자가 화물자동차(21톤)의 부속품(측면판 상·하강용 실린더) 교체작업 중 측면판이 넘어지면서 머리를 가격해 사망,적재물(정비중인 구조물/측면판),비정형 작업(정비·보수),"『들어올린 설비의 고정상태 불량, 안전블록·지지대 미설치』로 설비 하부에서 작업 중 갑자기 설비가 내려앉아 끼이거나 깔림","▶ 중량물 이동방지용 지지대 추가 설치
▶ 갑작스런 이동방지를 위한 중량물 위치 변경
▶ 낙하물에 대비한 방망 또는 울 설치후 작업"
2016-21-11-006,제조업,기계기구·금속·비금속광물제품제조업,제강압연업,2016년 10월경 OO사업장 지붕위에서 재해자가 방청도료 칠 작업 중 밟고있던 선라이트(채광창)이 깨지면서 5.4m 아래 바닥으로 추락해 사망,지붕·대들보(선라이트/채광창),비정형 작업(정비·보수),『작업을 위해 밟고 있던 구조물이 파손되거나 균형을 잃기 쉬운 불안한 자세』로 작업하여 넘어지거나 떨어짐,"▶ 안전난간이 설치된 작업발판을 설치·사용
▶ 고소작업대 사용 또는 3.5m미만은 A자형 사다리 사용(2인1조) 관리
▶ 안전대 및 안전모 지급·착용 등 관리감독자 확인"
2016-21-11-007,제조업,기계기구·금속·비금속광물제품제조업,제강압연업,2016년 10월경 OO사업장 압연공정에서 재해자가 압연기 측면 바닥의 냉각수 공급배관을 개방하던 중 넘어지면서 주변 철구조물에 머리를 부딪혀 사망,분류 불가,작업장소 통행/이동,"『미끄러운 상태의 바닥(오일, 빙판 등)을 밟거나 바닥의 요철부』에 걸려 넘어지면서 머리를 부딪히거나 떨어짐","▶ 바닥에 존재하는 기름기 등 제거 조치
▶ 유분 비산을 방지하기 위한 가림판 설치"
2016-21-11-008,제조업,기계기구·금속·비금속광물제품제조업,열처리사업,2016년 9월경 OO사업장에서 재해자가 간이적재함을 만들기 위해 가스용접기로 드럼통(200리터)를 절단하던 중 드럼통 내의 메틸알코올(인화성 물질)이 폭발하여 전신에 화상을 입고 치료하던 중 사망,용접기(가스절단기/용접기),위험물질 취급 또는 그 장소에서 수행하는 작업,"『작업장소에서 취급하는 위험물질 및 관리되지 않는 점화원(아크, 정전기 등)』으로 인해 화재·폭발","▶ 위험장소 주변 용접 및 사상작업 금지 등 점화원 관리
▶ 용접불티 비산방지덮개 또는 용접방화포 조치"
2016-21-42-001,제조업,화학및고무제품제조업,무기화학제품제조업,2016년 12월경 OO사업장에서 재해자가 부스터 펌프 스테이션 상부에서 작업하던 중 정비·보수중이던 바이오디젤 증발기에서 폭발이 일어나 전파된 화염에 사망,인화성물질,위험물질 취급 또는 그 장소에서 수행하는 작업,"『작업장소에서 취급하는 위험물질 및 관리되지 않는 점화원(아크, 정전기 등)』으로 인해 화재·폭발","▶ 위험장소 주변 용접 및 사상작업 금지 등 점화원 관리
▶ 용접불티 비산방지덮개 또는 용접방화포 조치"
2016-21-51-002,기타의사업,시설관리및사업지원서비스업,건물등의종합관리사업,2016년 1월경 OO빌딩 기계식 주차설비에서 재해자가 오류가 발생한 기계식 주차설비의 복구작업을 수행하던 중 지하 4층 주차실 내 개구부로 떨어져(4.3m) 사망,기계식 주차설비,기계식 주차설비 정비·점검 작업,『정비작업 중 작업자 외 근로자가 설비를 가동』하여 갑자기 작동된 설비에 말리거나 끼임,"▶ 생산 설비의 불시 가동을 방지하기 위한 LOTO(Lock Out_잠금장치, Tag Out_점검 중 꼬리표)제도 시행
▶ 관리감독자 확인 의무 부여"
2016-21-51-003,운수창고통신업,철도·항공·창고·운수관련서비스업,철도·궤도운수업,2016년 3월 OO역에서 재해자가 이동식 사다리(A형)에 올라가 에스컬레이터 벽체 청소작업 중 사다리가 쓰러지면서 2.5m 아래로 떨어져 사망,사다리(이동식/A형),사다리를 이용한 작업 또는 통행,아웃트리거를 사용하지 않는 등 『사다리를 불안정하게 걸쳐놓은 상태』에서 이동(작업)하던 중 사다리가 넘어지면서 떨어짐,"▶ 3.5m 미만 작업 시 A자형 사다리만 사용(2인1조)
▶ 아웃트리거 설치 및 안전대, 안전모 등 개인보호구 착용"
2016-21-51-004,운수창고통신업,철도·항공·창고·운수관련서비스업,육상화물취급업,2016년 3월경 OO사업장에서 재해자가 지게차 하역작업을 인력으로 보조하던 중 적재함의 화물이 재해자쪽으로 떨어지며 덮쳐 사망,지게차,상하차 작업 또는 적재된 화물,『화물의 무게가 한쪽으로 치우쳐진 상태 등』 적재상태가 불량한 화물이 무너지면서 맞거나 깔림,"▶ 전도·낙하 방지를 위해 중량물 제거 후 작업
▶ 중량물 고정 실시 후 수리작업 실시"
2016-21-51-005,기타의사업,도소매·음식·숙박업,도소매및소비자용품수리업,2016년 6월경 OO사업장 창고에서 재해자가 지게차 하역작업을 인력으로 보조하던 중 지게차에 이탈되는 화물(파이프)에 맞아 사망,운반물(파이프),혼재작업(작업자-작업차량),『차량 작업 구역에 근로자 출입을 통제하지 않은 상태』에서 근로자가 작업차량 또는 운반하는 화물에 부딪히거나 깔림 또는 주변 구조물과 그 사이에 끼임,▶ 차량을 사용하는 작업하는 구역과 차량 이동 경로를 근로자 이동 통로와 구분 실시
2016-21-51-006,기타의사업,도소매·음식·숙박업,음식및숙박업,"2016년 6월경 OO사업장에서 재해자가 창고로 들어가던 중 출입문 문턱(5cm)에 걸려 넘어지면서 개구부로 떨어졌고, 그 아래 집수조에 빠져 사망",분류 불가,작업장소 통행/이동,"『미끄러운 상태의 바닥(오일, 빙판 등)을 밟거나 바닥의 요철부』에 걸려 넘어지면서 머리를 부딪히거나 떨어짐","▶ 바닥에 존재하는 기름기 등 제거 조치
▶ 유분 비산을 방지하기 위한 가림판 설치"
2016-21-51-007,기타의사업,시설관리및사업지원서비스업,건물등의종합관리사업,2016년 8월경 OO사업장 내에서 재해자가 건물 내부 유리 청소작업을 위해 에스컬레이터 난간을 넘어가던 중 건물 벽면과 에스컬레이터 난간 사이의 개구부 사이로 떨어져(약 12m) 사망,분류 불가,작업장소 통행/이동,『설비를 밟고 올라 이동하거나 설비 사이를 뛰어넘어 이동』하다가 구조물에 다리가 걸려 넘어지거나 균형을 잃고 떨어짐,"▶ 추락위험구간에 안전난간 추가 설치
▶ 출하장소를 추락위험이 없는 장소로 위치 변경"
2016-21-51-008,기타의사업,시설관리및사업지원서비스업,위생및유사서비스업,2016년 9월경 OO사업장에서 재해자가 세워놓은 지게차가 경사면을 따라 움직이는 것을 발견하고 이를 막으려다가 폐기물 투입 피트로 지게차와 함께 떨어지면서 깔려 사망,지게차,지게차를 사용하는 작업,『운전석 이탈 시 작업차량이 움직이는 것을 방지하기 위한 조치를 실시하지 않아』 운전자 없이 움직이는 작업차량에 부딪히거나 깔림,"▶ 운전석에서 이탈 시 확실히 정지 조치 실시
▶ 이탈 시에는 시동키를 분리하여 별도 보관하여 무자격자 등이 운전하지 못하도록 조치"
2016-21-51-009,제조업,기계기구·금속·비금속광물제품제조업,유리제품가공업,2016년 9월경 OO사업장에서 재해자가 화물자동차(21톤)에서 내려오던 중 균형일 잃고 떨어지면서(약 1.4m) 바닥에 머리를 부딪혀 사망 ,화물운반트럭(카고트럭),상하차 작업 또는 적재된 화물,『적재된 제품·재료 또는 화물 적재함 위에 올라 작업』하던 중 균형을 잃고 떨어짐,"▶ 차량 상부작업 시 작업장소 상부에 안전대 걸이설비 설치·사용
▶ 적재함에 오르내리기 위한 설비 설치·사용
▶ 작업 시 안전대, 안전모 등 보호구 착용"
2020-12-11-001,기타의사업,전문·보건·교육·여가관련서비스업,오락·문화및운동관련사업,"2019년 6월경 볼링장 기계실에서 재해자가 볼링라인 바닥 카펫트 롤러를 수리하기 위해 WD-40을 분무 후 라이터로 점화 하던 중, 화재가 발생하여 유독가스에 질식하여 사망",화학물질(윤활유),위험물질 취급 또는 그 장소에서 수행하는 작업,"『작업장소에서 취급하는 위험물질 및 관리되지 않는 점화원(아크, 정전기 등)』으로 인해 화재·폭발","▶ 위험장소 주변 용접 및 사상작업 금지 등 점화원 관리
▶ 용접불티 비산방지덮개 또는 용접방화포 조치"
2016-21-51-010,운수창고통신업,철도·항공·창고·운수관련서비스업,항만내의육상하역업,2016년 10월경 OO사업장 창고에서 재해자가 톤백 재포장 작업을 하던 중 5단 높이의 톤백이 무너져 내리며 재해자를 덮쳐 사망,적재물(톤백),상하차 작업 또는 적재된 화물,『화물의 무게가 한쪽으로 치우쳐진 상태 등』 적재상태가 불량한 화물이 무너지면서 맞거나 깔림,"▶ 전도·낙하 방지를 위해 중량물 제거 후 작업
▶ 중량물 고정 실시 후 수리작업 실시"
2016-22-11-002,제조업,기계기구·금속·비금속광물제품제조업,석재및석공품제조업,2016년 1월경 OO사업장 내에서 재해자가 필터 프레스에 올라가 결빙된 슬러지를 깨는 작업을 하던 중 약 7.5m 아래로 추락하여 사망,기타 설비(필터프레스),비정형 작업(이물질 제거·청소),『작업을 위해 밟고 있던 구조물이 파손되거나 균형을 잃기 쉬운 불안한 자세』로 작업하여 넘어지거나 떨어짐,"▶ 안전난간이 설치된 작업발판을 설치·사용
▶ 고소작업대 사용 또는 3.5m미만은 A자형 사다리 사용(2인1조) 관리
▶ 안전대 및 안전모 지급·착용 등 관리감독자 확인"
2016-22-11-003,제조업,화학및고무제품제조업,플라스틱가공제품제조업,2016년 2월경 OO사업장에서 재해자가 사출성형기(블로우몰딩머신) 노즐의 이물질을 제거하던 중 형판과 구조물에 머리가 끼어 사망,사출성형기(블로우몰딩머신),비정형 작업(이물질 제거·청소),『설비를 정지시키지 않거나 전원을 차단하지 않은 상태』에서 정비·보수·청소 등의 작업을 하다가 끼이거나 말림,"▶ 설비 가동중 이물질 제거 등이 발생할 수 있는 생산작업을 분석하고 근원적 접근방지대책 수립
▶ 끼임재해 우려가 있어 가동정지 후 작업이 필요한 설비 목록화→LOTO(Lock Out,  Tag Out) 대상 확정·시행 
▶ 작업 절차에 대해 근로자 교육실시"
2016-22-11-004,제조업,목재및종이제품제조업,지류제조업,2016년 3월경 OO사업장 원재료 야적장에서 재해자가 이동하던 지게차(4.5톤)와 부딪혀 앞바퀴에 깔려 사망 ,지게차,혼재작업(작업자-작업차량),근로자와 작업차량 간 『혼재작업 장소에서 근로자 이동과 작업차량 운행을 통제하지 않은 상태』에서 근로자가 작업차량에 부딪히나 깔림 또는 주변 구조물과 작업차량 사이에 끼임,"▶ 지게차 이용 중량물 취급에 대한 작업계획서 작성(작업방법, 운행경로, 근로자와 지게차 혼재 작업 여부 등)
▶ 혼재 작업 시 작업지휘자 또는 유도자 배치"
2016-22-11-005,제조업,기계기구·금속·비금속광물제품제조업,제강압연업,2016년 3월경 OO사업장에서 재해자가 화물자동차(5톤)에 올라 그물망을 씌우고 고무 바를 묶던 중 바닥으로 추락해 사망,화물운반트럭(카고트럭),상하차 작업 또는 적재된 화물,『적재된 제품·재료 또는 화물 적재함 위에 올라 작업』하던 중 균형을 잃고 떨어짐,"▶ 차량 상부작업 시 작업장소 상부에 안전대 걸이설비 설치·사용
▶ 적재함에 오르내리기 위한 설비 설치·사용
▶ 작업 시 안전대, 안전모 등 보호구 착용"
2016-22-11-006,제조업,기계기구·금속·비금속광물제품제조업,각종시멘트제품제조업,2016년 3월경 OO사업장에서 재해자가 지게차 버킷(포크 제거 후 버킷 장착)을 상승시키고 유압호스 정비작업을 하던 중 유압이 상실되며 떨어진 버킷에 깔려 사망 ,지게차,비정형 작업(정비·보수),"『들어올린 설비의 고정상태 불량, 안전블록·지지대 미설치』로 설비 하부에서 작업 중 갑자기 설비가 내려앉아 끼이거나 깔림","▶ 중량물 이동방지용 지지대 추가 설치
▶ 갑작스런 이동방지를 위한 중량물 위치 변경
▶ 낙하물에 대비한 방망 또는 울 설치후 작업"
2016-22-11-007,제조업,기계기구·금속·비금속광물제품제조업,각종기계또는동부속품제조업,2016년 4월경 OO사업장에서 재해자가 CNC선반을 이용해 환봉 가공작업 중 환봉이 휘어져 회전하면서 재해자의 머리를 가격하여 사망,금속가공기계(CNC선반),가공 설비를 이용한 작업,『고속회전하면서 갑자기 휘어진 가공물』 에 머리를 맞음,"▶ 회전체에 방호덮개 설치 또는 근로자 접근금지용 울타리 설치
▶ 방호장치 기능유지 및 해당 설비 운전 정지 조치
▶ 말릴 위험이 없는 작업모 및 작업복 착용"
2016-22-11-008,제조업,기계기구·금속·비금속광물제품제조업,건설용점토제품제조업,2016년 4월경 OO사업장에서 재해자가 큐빙기 아래에 떨어진 제품을 주워 파렛트에 올려놓던 중 센서가 감지되어 설비가 작동하면서 끼어 사망,자동화설비(큐빙기),비정형 작업(이물질 제거·청소),『설비를 정지시키지 않거나 전원을 차단하지 않은 상태』에서 정비·보수·청소 등의 작업을 하다가 끼이거나 말림,"▶ 설비 가동중 이물질 제거 등이 발생할 수 있는 생산작업을 분석하고 근원적 접근방지대책 수립
▶ 끼임재해 우려가 있어 가동정지 후 작업이 필요한 설비 목록화→LOTO(Lock Out,  Tag Out) 대상 확정·시행 
▶ 작업 절차에 대해 근로자 교육실시"
2016-22-11-009,제조업,화학및고무제품제조업,플라스틱가공제품제조업,2016년 5월경 OO사업장에서 재해자가 적재대에서 사출성형기 금형을 뺴내기 위해 선반을 당기던 중 적재대가 앞으로 쓰러져 재해자가 금형 적재대에 깔려 사망,적재물(적재대),상하차 작업 또는 적재된 화물,『매달아 올리거나 적재 상태가 불량한 물체』가 떨어지거나 무너지면서 맞거나 깔림,"▶ 주변의 중량물로 인한 깔림 방지를 위해 중량물 제거 후 작업
▶ 중량물 지지대 설치 후 수리·교체작업 실시"
2016-22-11-010,제조업,기계기구·금속·비금속광물제품제조업,기타금속제품제조업또는금속가공업,2016년 5월경 OO사업장에서 재해자가 공장 기둥에 설치된 C형강을 해체하기 위해 지게차 포크에 파렛트를 끼워넣고 올라가 작업하던 중 약 2.2m 높이에서 추락하여 머리에 부상을 입고 치료 중 사망,지게차,지게차를 사용하는 작업,"지게차 포크, 파렛트, 굴삭기 버킷에 탑승하여 높은 장소로 승강하는 등 『설비를 주용도(하역운반장치) 외로 사용』하여 떨어짐","▶ 중량물 제작 작업 등 생산용도에 사용금지
▶ 전동교체 시 고소작업대 사용 및 운전석 외 탑승금지"
2016-22-11-011,제조업,기계기구·금속·비금속광물제품제조업,건설용금속제품제조업,2016년 6월경 OO사업장에서 용접 작업을 하는 재해자가 철구조물(가용접된 트러스)을 넘어지지 않도록 ㄱ자 형강을 받쳐두고 이동하던 중 세워둔 철구조물이 재해자 방향으로 넘어져 깔려 사망,가공물(용접구조물/트러스),용접·절단·사상 또는 도장 작업,『매달아 올리거나 적재 상태가 불량한 물체』가 떨어지거나 무너지면서 맞거나 깔림,"▶ 주변의 중량물로 인한 깔림 방지를 위해 중량물 제거 후 작업
▶ 중량물 지지대 설치 후 수리·교체작업 실시"
2016-22-11-012,제조업,기계기구·금속·비금속광물제품제조업,각종시멘트제품제조업,2016년 6월경 OO사업장에서 배관 설치작업을 하던 재해자가 작업 후 로더 버킷에 탑승하여 내려오던 중 4m 높이에서 떨어져 사망,건설기계(로더),건설기계를 사용하는 작업,"지게차 포크, 파렛트, 굴삭기 버킷에 탑승하여 높은 장소로 승강하는 등 『설비를 주용도(하역운반장치) 외로 사용』하여 떨어짐","▶ 중량물 제작 작업 등 생산용도에 사용금지
▶ 전동교체 시 고소작업대 사용 및 운전석 외 탑승금지"
2016-22-11-013,제조업,식료품제조업,육제품또는유제품제조업,2016년 6월경 OO사업장에서 경비업무를 하는 재해자가 사업장 인근 하천에서 실족하여 하천에 빠져 사망,분류 불가,작업장소 통행/이동,"『미끄러운 상태의 바닥(오일, 빙판 등)을 밟거나 바닥의 요철부』에 걸려 넘어지면서 머리를 부딪히거나 떨어짐","▶ 바닥에 존재하는 기름기 등 제거 조치
▶ 유분 비산을 방지하기 위한 가림판 설치"
2016-22-11-014,제조업,화학및고무제품제조업,무기화학제품제조업,2016년 6월경 OO사업장에서 재해자가 동료작업자와 수공구를 이용해 소화기에 질소가스를 주입하던 중 소화기 용접부가 파손되어 폭발하면서 그 파편이 재해자의 머리를 강타해 사망함,분류 불가,그라인더 등 수공구를 사용하는 작업,보호구를 착용하지 않은 상태에서 『튕겨나온 가공날 또는 가공물』에 눈을 찔리거나 머리를 맞음,"▶ 선반가공 시 척, 방진구 및 심압대 체결상태 확인 및 갇독 철저
▶ 칩 브레이커 등 설치·사용
▶ 보안경/보안면 등 안면보호구 착용"
2016-22-11-015,제조업,섬유및섬유제품제조업,기타섬유제품제조업,2016년 7월경 OO사업장에서 식자재를 납품 작업을 하던 재해자가 간이리프트 운반구와 승강로 구조물 사이에 끼어 사망,리프트(간이리프트),비정형 작업(이물질 제거·청소),『화물용 리프트(또는 기계식 주차장) 운반구에 탑승하여 작업 또는 이동』하다가 승강로 내부 구조물과 운반구 사이에 끼이거나 그 사이 개구부로 떨어짐,"▶ 기동장치에 잠금장치, 표지판 부착
▶ 출입문 연동장치, 비상정지스위치 등 기능 유지 관리
▶ 승강기 이상발생 시 임의 수리 금지"
2016-22-11-016,제조업,기계기구·금속·비금속광물제품제조업,건설용금속제품제조업,2016년 6월경 OO사업장에서 재해자가 동료작업자들과 함께 설비에 점검용 수직사다리 설치를 위해 설비 위에서 인력으로 수직사다리를 끌어올리던 중 중심을 잃고 7m 높이에서 떨어져 사망,운반물(사다리),인력 운반 작업,무거운 물체를 운반하던 중 『바닥의 요철부』에 걸려 넘어지면서 떨어지거나 바닥에 머리가 부딪힘,"▶ 작업구간 바닥상태 평탄화 조치
▶ 폭 넓은 운반용구로 구입·변경 조치
▶ 이동통로 상 바닥에 이물질 등 제거 조치"
2016-22-11-017,제조업,기계기구·금속·비금속광물제품제조업,일반산업용기계장치제조업,2016년 6월경 OO사업장에서 재해자가 열간 단조프레스 정비를 위해 지게차 포크에 올라 장치의 덮개를 크레인으로 매달아 운반하던 중 섬유로프가 끊어지면서 떨어진 덮개에 맞아 떨어져(2m) 사망,줄걸이기구(섬유로프/슬링벨트),"크레인(천장주행, 갠트리, 지브 등) 사용 작업","『줄걸이 기구의 용접 불량, 마모, 변형, 손상』으로 인해 운반하는 화물이 떨어지면서 부딪히거나 그 아래 깔림","▶ 설비·구조물 상태 정기적 점검 및 예방 관리
▶ 와이어로프 손상 시 즉시 교체하여 사용"
2016-22-11-018,제조업,기계기구·금속·비금속광물제품제조업,건설용금속제품제조업,2016년 8월경 OO현장 지붕에서 재해자가 방수시트 부착 작업 중 균형일 잃고 15m 아래로 떨어져 사망,분류 불가,"설비 위, 지붕 등 높은 장소에서의 작업",『작업을 위해 밟고 있던 구조물이 파손되거나 균형을 잃기 쉬운 불안한 자세』로 작업하여 넘어지거나 떨어짐,"▶ 안전난간이 설치된 작업발판을 설치·사용
▶ 고소작업대 사용 또는 3.5m미만은 A자형 사다리 사용(2인1조) 관리
▶ 안전대 및 안전모 지급·착용 등 관리감독자 확인"
2016-22-11-019,제조업,화학및고무제품제조업,합성수지제조업,2016년 10월경 OO사업장에서 원료(폐자원) 투입을하던 재해자가 분쇄기 투입구에 걸린 철사를 제거하던 중 약 3m 아래의 작동중인 분쇄기로 추락해 사망,분류 불가,비정형 작업(이물질 제거·청소),『설비를 정지시키지 않거나 전원을 차단하지 않은 상태』에서 정비·보수·청소 등의 작업을 하다가 끼이거나 말림,"▶ 설비 가동중 이물질 제거 등이 발생할 수 있는 생산작업을 분석하고 근원적 접근방지대책 수립
▶ 끼임재해 우려가 있어 가동정지 후 작업이 필요한 설비 목록화→LOTO(Lock Out,  Tag Out) 대상 확정·시행 
▶ 작업 절차에 대해 근로자 교육실시"
2016-22-11-020,제조업,화학및고무제품제조업,플라스틱가공제품제조업,2016년 11월경 OO사업장 선별작업장에서 재해자가 원료(폐자원) 선별작업 중 후진하는 지게차(2톤)에 부딪혀 사망,지게차,혼재작업(작업자-작업차량),『차량 작업 구역에 근로자 출입을 통제하지 않은 상태』에서 근로자가 작업차량 또는 운반하는 화물에 부딪히거나 깔림 또는 주변 구조물과 그 사이에 끼임,▶ 차량을 사용하는 작업하는 구역과 차량 이동 경로를 근로자 이동 통로와 구분 실시
2016-22-11-021,제조업,기계기구·금속·비금속광물제품제조업,건설용금속제품제조업,2016년 12월경 OO사업장에서 재해자가 H-beam의 홀가공 작업 중 금속가공기계(NC다축드릴머신) 상부의 드릴날에 작업복 상의가 말려 사망,금속가공기계(드릴기),가공 설비를 이용한 작업,『말릴 위험이 있는 옷이나 장갑을 착용하고 회전축에 근접하여 작업』해 손이나 팔이 말려 절단,"▶ 목장갑 등 사용 시 손이 말려 들어갈 위험이 있음을 근로자에게 교육하고, 밀착형 가죽장갑 등을 지급하여 착용하도록 조치"
2016-22-11-022,제조업,기계기구·금속·비금속광물제품제조업,일반산업용기계장치제조업,2016년 11월경 엘리베이터 피트안에서 엘리베이터를 점검하던 중 운반구의 가동(상승)으로 인하여 하강하는 카운터 웨이트와 운반구 사이에 끼어 사망,엘리베이터,비정형 작업(정비·보수),『정비작업 중 작업자 외 근로자가 설비를 가동』하여 갑자기 작동된 설비에 말리거나 끼임,"▶ 생산 설비의 불시 가동을 방지하기 위한 LOTO(Lock Out_잠금장치, Tag Out_점검 중 꼬리표)제도 시행
▶ 관리감독자 확인 의무 부여"
2017-51-11-011,제조업,기계기구·금속·비금속광물제품제조업,철강또는비철금속주물제조업,2017년 8월경 재해자가 주조작업장에서 제작된 주물품 5개를 레일 이동 대차에 적재하여 운반하는 작업을 수행하던 중 작업장소에 도착하여 레일 이동 대차가 멈추자 관성에 의해 적재된 주물품이 넘어지면서 재해자가 그 아래 깔려 사망,이동대차(전동이동식),상하차 작업 또는 적재된 화물,『화물의 무게가 한쪽으로 치우쳐진 상태 등』 적재상태가 불량한 화물이 무너지면서 맞거나 깔림,"▶ 전도·낙하 방지를 위해 중량물 제거 후 작업
▶ 중량물 고정 실시 후 수리작업 실시"
2016-22-31-001,기타의사업,전문·보건·교육·여가관련서비스업,"건축기술,엔지니어링및관련기술서비스업","2016년 6월경 상수도 맨홀 내부에서 재해자 2명이 송수관로의 유량체크를 위해 양수작업 후 유량계를 설치하는 작업중, 양수기에서 발생한 일산화탄소에 중독되어 1명은 사망하고 1명은 부상",유해가스(일산화탄소),"피트, 맨홀, 오·폐수 처리시설 등 밀폐된 장소에서 작업",『산소·가소농도 미측정 및 송풍기를 이용한 강제환기 미실시』로 불활성 가스 또는 유해가스에 의한 산소결핍·질식·중독,"▶ 가스농도측정기로 적정공기 상태 선 확인
▶ 환기팬 등으로 환기 실시 후 작업을 실시
▶ 밀폐공간 출입금지 위험 표시"
2016-22-51-001,기타의사업,시설관리및사업지원서비스업,사업서비스업,2014년 1월경 상가에서 재해자가 벽체 틈 사이로 빠진 마대자루를 회수하기 위한 작업 중 벽체와 공조용 덕트 사이의 틈(폭 28cm) 사이에 끼어서 사망,분류 불가,작업장소 통행/이동,『설비를 밟고 올라 이동하거나 설비 사이를 뛰어넘어 이동』하다가 구조물에 다리가 걸려 넘어지거나 균형을 잃고 떨어짐,"▶ 추락위험구간에 안전난간 추가 설치
▶ 출하장소를 추락위험이 없는 장소로 위치 변경"
2016-22-51-002,제조업,기계기구·금속·비금속광물제품제조업,자동차부분품제조업,2016년 2월경 지붕위에서 재해자가 국소배기장치의 강관덕트 위치를 조정하는 작업 중 4.7m 아래로 추락하여 사망,분류 불가,"설비 위, 지붕 등 높은 장소에서의 작업",『작업을 위해 밟고 있던 구조물이 파손되거나 균형을 잃기 쉬운 불안한 자세』로 작업하여 넘어지거나 떨어짐,"▶ 안전난간이 설치된 작업발판을 설치·사용
▶ 고소작업대 사용 또는 3.5m미만은 A자형 사다리 사용(2인1조) 관리
▶ 안전대 및 안전모 지급·착용 등 관리감독자 확인"
2016-22-51-003,기타의사업,전문·보건·교육·여가관련서비스업,오락·문화및운동관련사업,2016년 2월경 볼링핀 기계실에서 재해자가 볼링핀 정리 설비(핀세터기)에서 걸린 핀을 빼내기 위해 설비를 정지하지 않고 작업을 하던중 설비의 핀컵(셔틀)과 핀테이블 사이에 끼어 사망,기타 설비(핀세터기),비정형 작업(이물질 제거·청소),"『주변 설비의 움직임을 인지하지 못하거나, 안전거리를 확보하지 않고 작업』 하여 작동하는 설비에 부딪히거나, 말림·끼임","▶ 같은 장소에서 이루어지는 도급인과 수급인의 작업 혼재 시 재해 발생 예방을 위한 의사 전달 체계 수립
▶ 안전작업허가제도로 작업 전·중·후 안전확보 상태 지속 확인"
2017-21-51-009,기타의사업,시설관리및사업지원서비스업,위생및유사서비스업,2017년 9월경 OO매립지에서 재해자가 암롤트럭에 탑승한 상태로 쓰레기 하역작업을 하던 중 주변에서 같은 작업을 수행하던 암롤트럭이 넘어지면서 재해자의 암롤트럭 운전석을 덮쳐 사망,화물운반트럭(암롤트럭),차량을 이용한 작업,『화물의 무게가 한쪽으로 치우쳐진 상태 등』 적재상태가 불량한 화물이 무너지면서 맞거나 깔림,"▶ 전도·낙하 방지를 위해 중량물 제거 후 작업
▶ 중량물 고정 실시 후 수리작업 실시"
2016-22-51-005,기타의사업,전문·보건·교육·여가관련서비스업,광고업,"2016년 1월경 아파트 외벽에서 재해자가 현수막 설치를 하기 위해 달비계를 사용하여 설치 작업을 하던 중, 달비계 연결 로프가 파단되면서 6~7층(약 15.95m) 높이에서 떨어져 사망",달비계 로프,"설비 위, 지붕 등 높은 장소에서의 작업",『달비계 지지로프의 결속·파손 및 고정부 접속 상태를 확인하지 않은 상태』에서 안전대를 생명줄(수직 구명줄)에 체결하지 않아 떨어짐,"▶ 지붕 재질 확인 및 하중 분산용 작업발판 설치 후 작업
▶ 지붕 파손 대비 공장 내부에 추락방호망 설치
▶ 지붕 끝단부에 안전난간 설치"
2016-22-51-006,기타의사업,시설관리및사업지원서비스업,건물등의종합관리사업,2016년 5월경 공장 건물에서 재해자가 전원 공급 전로를 점검하기 위해 점검 작업 중 380볼트 충전부에 감전되어 사망,전기충전부(충전전로/케이블),전기설비 취급 작업,『전원을 차단하지 않은 상태』에서 노출된 충전부에 접촉하여 감전,"▶ 정전작업 후 전기점검 및 조작 실시
▶ 활선작업용기구·장치  사용 및 절연용 보호구 착용"
2016-22-51-009,기타의사업,시설관리및사업지원서비스업,건물등의종합관리사업,"2016년 4월경 아파트 내 1층 주차장에서 재해자가 낙엽 회수통을 전달하기 위해 구조물(지하주차장 환기구, 높이 1.5m)에 A형 사다리를 걸치고 한손으로 이동하던 중 바닥으로 넘어져 사망",사다리(이동식/일자형),사다리를 이용한 작업 또는 통행,『사다리 위에 올라가 작업』하던 중 균형을 잃고 머리부터 바닥으로 떨어짐,"▶ 3.5m 미만 작업 시 A자형 사다리만 사용(2인1조)
▶ 아웃트리거 설치 및 안전대, 안전모 등 개인보호구 착용"
2016-22-51-010,제조업,기계기구·금속·비금속광물제품제조업,각종기계또는동부속품제조업,2016년 6월경 기숙사 지붕에서 재해자가 지붕보수공사 중 2층 가건물 위에서 떨어져 사망,분류 불가,"설비 위, 지붕 등 높은 장소에서의 작업",『작업을 위해 밟고 있던 구조물이 파손되거나 균형을 잃기 쉬운 불안한 자세』로 작업하여 넘어지거나 떨어짐,"▶ 안전난간이 설치된 작업발판을 설치·사용
▶ 고소작업대 사용 또는 3.5m미만은 A자형 사다리 사용(2인1조) 관리
▶ 안전대 및 안전모 지급·착용 등 관리감독자 확인"
2018-72-11-007,제조업,섬유및섬유제품제조업,기타섬유제품제조업,2018년 9월 섬유제품공장에서 재해자가 설비 사이(오븐과 압착프레스)에서 작업 중 경사구간에 보관한 이동형 원단건조대(하부에 바퀴가 달림)가 굴러와 프레스를 밀어 넘어트려 재해자가 넘어지는 프레스와 오븐 사이에 끼어 사망,이동대차(원단건조대),상하차 작업 또는 적재된 화물,『화물의 무게가 한쪽으로 치우쳐진 상태 등』 적재상태가 불량한 화물이 무너지면서 맞거나 깔림,"▶ 전도·낙하 방지를 위해 중량물 제거 후 작업
▶ 중량물 고정 실시 후 수리작업 실시"
2016-22-51-013,기타의사업,도소매·음식·숙박업,도소매및소비자용품수리업,"2016년 9월경 물류창고에서 재해자가 택배박스를 1층에서 2층으로 옮기기 위해 일반작업용 리프트를 사용하여 운반 작업중, 리프트 운반구 바닥과 2층 바닥 사이에 머리가 끼어 사망",리프트(일반작업용),리프트 관련 작업,"『설비에 안전장치가 설치되어 있지 않거나, 설치된 안전장치를 무력화한 상태』로 사용하던 중 말리거나 끼임","▶ 방호장치 작동불량 등 이상시 관리감독자 등에게 선보고 및 조치 후 작업 재개가 당연한 안전문화 구축　
▶ 작업 전 광전자식 방호장치 정상 여부 확인 "
2019-82-11-010,농업,농업,작물생산업,"2019년 7월경 OO농장 저온창고 앞에서 재해자가 마늘 선별작업을 수행하던 중, 작업장소 옆에 3단으로 쌓여있던 양파 파렛트 중 가장 아래 파렛트가 파손되면서 그 위에 적재된 파렛트 쓰러져 재해자가 깔려 사망",적재물(파렛트),상하차 작업 또는 적재된 화물,『화물의 무게가 한쪽으로 치우쳐진 상태 등』 적재상태가 불량한 화물이 무너지면서 맞거나 깔림,"▶ 전도·낙하 방지를 위해 중량물 제거 후 작업
▶ 중량물 고정 실시 후 수리작업 실시"
2016-23-11-001,제조업,기계기구·금속·비금속광물제품제조업,기타금속제품제조업또는금속가공업,"2016년 1월경 레이저센터 작업장 내에서 재해자가 레이저절단기 내부에 오류가 발생하여 수리를 위해 기계 내부로 진입하여 수리를 하던 중, 동료가 인지하지 못하고 전원을 투입하여 레이저절단기의 헤드축과 본체 외함 커버 사이에 끼어 사망(추정)",생산설비(레이저 절단기),비정형 작업(정비·보수),『정비작업 중 작업자 외 근로자가 설비를 가동』하여 갑자기 작동된 설비에 말리거나 끼임,"▶ 생산 설비의 불시 가동을 방지하기 위한 LOTO(Lock Out_잠금장치, Tag Out_점검 중 꼬리표)제도 시행
▶ 관리감독자 확인 의무 부여"
2016-23-11-004,제조업,기계기구·금속·비금속광물제품제조업,판유리제조업,2016년 3월경 작업장에서 재해자가 동료와 함께 건축용 판유리를 운반대차에 적재하고 이동하던 중 운반대차 하부의 바퀴(캐스터)가 파손(탈락)되면서 기울어진 운반대차와 유리재단기 상판 사이에 상체가 끼어 사망,이동대차,상하차 작업 또는 적재된 화물,『화물의 무게가 한쪽으로 치우쳐진 상태 등』 적재상태가 불량한 화물이 무너지면서 맞거나 깔림,"▶ 전도·낙하 방지를 위해 중량물 제거 후 작업
▶ 중량물 고정 실시 후 수리작업 실시"
2016-23-11-005,제조업,화학및고무제품제조업,합성수지제조업,2016년 3월경 OO사업장 스티로폼 파쇄작업 현장에서 재해자가 파쇄기 투입구에 스티로폼을 투입하던 중 회전하는 칼날에 오른팔이 끼여 사망,분쇄·파쇄기,원료 투입 작업,"『별도의 수공구 없이 설비의 구동부에 근접하여 작업』하다가 구동부에 끼이거나 말림, 절단","▶ 광전자, 양수조작식 등 방호장치 설치 및 기능유지 철저
▶ 재료투입용 보조기구 및 사용상태 철저 관리"
2016-23-11-006,제조업,기계기구·금속·비금속광물제품제조업,일반산업용기계장치제조업,2016년 4월경 공장내에서 재해자가 철구조물을 인양하기 위해 천장크레인을 이용하여 작업하던 중 벨트슬링(섬유)이 파단되면서 철구조물과 바닥사이에 끼어 사망(추정),줄걸이기구(섬유로프/슬링벨트),"크레인(천장주행, 갠트리, 지브 등) 사용 작업","『줄걸이 기구의 용접 불량, 마모, 변형, 손상』으로 인해 운반하는 화물이 떨어지면서 부딪히거나 그 아래 깔림","▶ 설비·구조물 상태 정기적 점검 및 예방 관리
▶ 와이어로프 손상 시 즉시 교체하여 사용"
2016-23-11-008,제조업,목재및종이제품제조업,지류제조업,"2016년 5월경 제지공장에서 근무하는 재해자가 팔파기(종이 해리장치, 일종의 혼합장치) 인근에서 주변 설비의 기어에 끼인 이물질(철사)를 제거하기 위해 작업하던 중 팔파기 내부로 떨어져 사망 ",분류 불가,비정형 작업(이물질 제거·청소),『설비 구조물을 밟고 올라서거나 난간이 없는 작업대 위』에서 불안전한 자세로 작업하다 떨어짐,"▶ 추락위험구간에 안전난간 추가 설치
▶ 출하장소를 추락위험이 없는 장소로 위치 변경"
2016-23-11-009,제조업,기계기구·금속·비금속광물제품제조업,각종금속의용접또는용단을행하는사업,"2016년 6월경 작업장에서 재해자가 헹거도어(공장출입문)를 제작하던 중 주변에 세워놓은 샌드위치 패널이 쓰러지면서 그 아래 깔려 3명 사상(사망 1명, 부상 2명)",적재물(샌드위치 패널),상하차 작업 또는 적재된 화물,『화물의 무게가 한쪽으로 치우쳐진 상태 등』 적재상태가 불량한 화물이 무너지면서 맞거나 깔림,"▶ 전도·낙하 방지를 위해 중량물 제거 후 작업
▶ 중량물 고정 실시 후 수리작업 실시"
2016-23-11-010,제조업,수제품및기타제품제조업,기타각종제조업,2016년 6월 재활용선별작업장 내에서 재해자가 전원을 끈 자력선별기의 벨트 위에 올라 이물질을 제거하던 중 타 근로자가 자력선별기를 가동하면서 갑자기 벨트가 움직여 바닥으로 떨어져 사망,생산설비(자력 선별기),비정형 작업(이물질 제거·청소),『정비작업 중 작업자 외 근로자가 설비를 가동』하여 갑자기 작동된 설비에 말리거나 끼임,"▶ 생산 설비의 불시 가동을 방지하기 위한 LOTO(Lock Out_잠금장치, Tag Out_점검 중 꼬리표)제도 시행
▶ 관리감독자 확인 의무 부여"
2016-23-11-011,제조업,기계기구·금속·비금속광물제품제조업,코팅사업,"2016년 7월경 자동차용 라디에이터 그릴 건조실에서 도장작업 공정 중 재해자 2명이 건조실 바닥 및 컨베이어 프레임에 페인트, 먼지 등을 제거하기 위해 에틸알코올 등 인화성물질을 사용하여 청소작업을 하던 중 원인미상의 점화원(정전기 추정)에 의해 방진복에 불이 붙어 화상을 입고 1명 사망, 1명 부상을 입은 재해",인화성물질(에틸알코올),위험물질 취급 또는 그 장소에서 수행하는 작업,"『작업장소에서 취급하는 위험물질 및 관리되지 않는 점화원(아크, 정전기 등)』으로 인해 화재·폭발","▶ 위험장소 주변 용접 및 사상작업 금지 등 점화원 관리
▶ 용접불티 비산방지덮개 또는 용접방화포 조치"
2016-23-11-012,제조업,기계기구·금속·비금속광물제품제조업,제강압연업,"2016년 8월경 공장 내 압출기에서 재해자가 압출기 내부로 들어가 클리닝 블록을 쇠막대기(일명 빠루)로 배내던 중 압출기 로더가 갑자기 움직여 균형을 잃고 아래로 떨어져 로더, 타이바, 바닥 사이에 신체가 끼어 사망",생산설비(압출기),비정형 작업(정비·보수),『설비를 정지시키지 않거나 전원을 차단하지 않은 상태』에서 정비·보수·청소 등의 작업을 하다가 끼이거나 말림,"▶ 설비 가동중 이물질 제거 등이 발생할 수 있는 생산작업을 분석하고 근원적 접근방지대책 수립
▶ 끼임재해 우려가 있어 가동정지 후 작업이 필요한 설비 목록화→LOTO(Lock Out,  Tag Out) 대상 확정·시행 
▶ 작업 절차에 대해 근로자 교육실시"
2016-23-11-013,제조업,기계기구·금속·비금속광물제품제조업,기타금속제품제조업또는금속가공업,2016년 8월경 공장내에서 재해자가 천장주행 크레인을 이용하여 중량물(2톤)을 권상하던 중 크레인의 와이어로프가 끊어지면서 후크가 벽면을 가격하였고 그 충격으로 벽면이 무너지면서 재해자를 덮쳐 수조로 추락하여 사망(익사),줄걸이기구(와이어로프),"크레인(천장주행, 갠트리, 지브 등) 사용 작업","『줄걸이 기구의 용접 불량, 마모, 변형, 손상』으로 인해 운반하는 화물이 떨어지면서 부딪히거나 그 아래 깔림","▶ 설비·구조물 상태 정기적 점검 및 예방 관리
▶ 와이어로프 손상 시 즉시 교체하여 사용"
2016-23-21-001,기타의사업,도소매·음식·숙박업,도소매및소비자용품수리업,"2016년 1월경 공사 현장에서 재해가 2명이 샌드위치 패널 마무리 작업을 위해 이동식크레인 붐 헤드에 연결된 작업대에 탑승하여 작업을 하던 중, 붐 헤드와 작업대가 분리되어 작업대와 함께 11m 아래로 추락하여 1명 사망, 1명 부상",크레인(이동식크레인/카고크레인),"이동식 크레인(카고 크레인, 집게차)을 사용한 작업",『이동식 크레인에 작업대를 장착하는 등 불법 구조변경』하여 사용하다가 작업대가 이탈되면서 떨어짐,"▶ 기준에 적합한 고소작업대 등을 사용하여 고소 작업 실시
▶ 임의로 구조를 변경하여 탑승대를 설치하는 등 기준에 적합하지 않은 방법으로 설비 개조를 금지하는 규정 마련"
2016-23-31-001,기타의사업,시설관리및사업지원서비스업,하수도업,"2016년 9월경 공공하수 처리장에서 재해자1명이 약품 용해조에 폴리머를 넣는 작업장에 쓰러져 있는 것을 발견하고, 3명이 구출활동을 하던 중 질식으로 4명의 사상자 발생(1명 사망, 3명 부상)",유해가스,"피트, 맨홀, 오·폐수 처리시설 등 밀폐된 장소에서 작업",『산소·가소농도 미측정 및 송풍기를 이용한 강제환기 미실시』로 불활성 가스 또는 유해가스에 의한 산소결핍·질식·중독,"▶ 가스농도측정기로 적정공기 상태 선 확인
▶ 환기팬 등으로 환기 실시 후 작업을 실시
▶ 밀폐공간 출입금지 위험 표시"
2016-23-51-001,제조업,기계기구·금속·비금속광물제품제조업,일반산업용기계장치제조업,2016년 2월경 제관반 작업장에서 재해자가 산업용 송풍기 성능시험에 입회하여 시험 중 송풍기의 흡입구 주변으로 지나가던 중 송풍기의 흡입구로 빨려들어가 사망(추정),기타 설비(송풍기),비정형 작업(시운전),"『주변 설비의 움직임을 인지하지 못하거나, 안전거리를 확보하지 않고 작업』 하여 작동하는 설비에 부딪히거나, 말림·끼임","▶ 같은 장소에서 이루어지는 도급인과 수급인의 작업 혼재 시 재해 발생 예방을 위한 의사 전달 체계 수립
▶ 안전작업허가제도로 작업 전·중·후 안전확보 상태 지속 확인"
2016-23-51-002,기타의사업,기타의각종사업,건설업본사,2016년 4월경 공장동 지붕에서 재해자가 용마루 설치 및 누수 보수공사를 하던 중 지붕 슬레이트가 파손되어 11.5m 아래로 추락하여 사망,지붕·대들보(슬레이트),"설비 위, 지붕 등 높은 장소에서의 작업",『작업을 위해 밟고 있던 구조물이 파손되거나 균형을 잃기 쉬운 불안한 자세』로 작업하여 넘어지거나 떨어짐,"▶ 안전난간이 설치된 작업발판을 설치·사용
▶ 고소작업대 사용 또는 3.5m미만은 A자형 사다리 사용(2인1조) 관리
▶ 안전대 및 안전모 지급·착용 등 관리감독자 확인"
2016-23-51-003,제조업,수제품및기타제품제조업,기타각종제조업,2016년 8월 재활용공장에서 재해자가 스티로폼 분쇄기에 폐스티로폼을 투입하는 작업을 하던 중 회전하는 분쇄기 칼날에 왼손이 말림,분쇄·파쇄기,원료 투입 작업,"『별도의 수공구 없이 설비의 구동부에 근접하여 작업』하다가 구동부에 끼이거나 말림, 절단","▶ 광전자, 양수조작식 등 방호장치 설치 및 기능유지 철저
▶ 재료투입용 보조기구 및 사용상태 철저 관리"
2016-23-51-004,기타의사업,도소매·음식·숙박업,도소매및소비자용품수리업,2016년 11월경 출하 현장에서 재해자가 철제 파이프 상차 작업을 위해 파이프 더미 사이의 보조로프를 크레인 훅에 걸어 올리던 중 파이프 더미가 무너지면서 아래에 깔려 사망,운반물(파이프 더미),"크레인(천장주행, 갠트리, 지브 등) 사용 작업",『매달아 올리거나 적재 상태가 불량한 물체』가 떨어지거나 무너지면서 맞거나 깔림,"▶ 주변의 중량물로 인한 깔림 방지를 위해 중량물 제거 후 작업
▶ 중량물 지지대 설치 후 수리·교체작업 실시"
2016-24-11-001,제조업,기계기구·금속·비금속광물제품제조업,각종기계또는동부속품제조업,2016년 1월경 작업장에서 재해자가 이동식 컨베이어를 옮기던 중 컨베이어가 넘어지면서 안면부에 부딪힌 후 쓰러져 사망,컨베이어,인력 운반 작업,무거운 물체를 운반하던 중 『바닥의 요철부』에 걸려 넘어지면서 떨어지거나 바닥에 머리가 부딪힘,"▶ 작업구간 바닥상태 평탄화 조치
▶ 폭 넓은 운반용구로 구입·변경 조치
▶ 이동통로 상 바닥에 이물질 등 제거 조치"
2016-24-11-002,제조업,수제품및기타제품제조업,지류가공제품제조업,2016년 1월 사업장 내 종이합지기 설치 공사과정에서 재해자가 기계실 내 미사용 컨베이어 반출작업을 돕기 위하여 설비 상부에서 작업하던 중 발을 헛디뎌 2.6m 아래로 추락,분류 불가,"설비 위, 지붕 등 높은 장소에서의 작업",『작업을 위해 밟고 있던 구조물이 파손되거나 균형을 잃기 쉬운 불안한 자세』로 작업하여 넘어지거나 떨어짐,"▶ 안전난간이 설치된 작업발판을 설치·사용
▶ 고소작업대 사용 또는 3.5m미만은 A자형 사다리 사용(2인1조) 관리
▶ 안전대 및 안전모 지급·착용 등 관리감독자 확인"
2016-24-11-003,제조업,화학및고무제품제조업,플라스틱가공제품제조업,"2016년 2월경 OO사업장 입출고장에서 재하자가 약 2,000kg의 제품을 지게차로 운반하던 중 급선회로 인해 지게차가 넘어지면서 아래에 깔려 사망",지게차,지게차를 사용하는 작업,"작업차량이 『운행경로 상의 지형(급경사, 커브, 바닥의 요철, 지반 등) 또는 구조물』로 인해 떨어지거나 넘어지면서 그 아래 깔림","▶ 주·정차 시 불시 이동방지를 위한 브레이크, 고임목 체결 철저
▶ 작업장 내 바닥 평탄화 및 제한속도 준수
▶ 지게차 운전자격이 있는 지정자에 한해 운전 및 시동키 관리"
2016-24-11-004,제조업,섬유및섬유제품제조업,표백및염색가공업,2016년 3월 염색공장 내에서 재해자가 상압염색기 내부에 들어가 정비작업을 하던 중 염색기가 불시 작동되어 내부 구조물에 끼임,생산설비(염색기),비정형 작업(정비·보수),『설비를 정지시키지 않거나 전원을 차단하지 않은 상태』에서 정비·보수·청소 등의 작업을 하다가 끼이거나 말림,"▶ 설비 가동중 이물질 제거 등이 발생할 수 있는 생산작업을 분석하고 근원적 접근방지대책 수립
▶ 끼임재해 우려가 있어 가동정지 후 작업이 필요한 설비 목록화→LOTO(Lock Out,  Tag Out) 대상 확정·시행 
▶ 작업 절차에 대해 근로자 교육실시"
2016-24-11-005,제조업,기계기구·금속·비금속광물제품제조업,각종시멘트제품제조업,2016년 3월경 레미콘 믹서기 내부에서 재해자가 청소작업을 하던 중 동료가 청소작업을 인지하지 못하고 믹서기를 가동하여 회전날에 끼어 사망,혼합기(콘크리트 믹서),비정형 작업(이물질 제거·청소),『정비작업 중 작업자 외 근로자가 설비를 가동』하여 갑자기 작동된 설비에 말리거나 끼임,"▶ 생산 설비의 불시 가동을 방지하기 위한 LOTO(Lock Out_잠금장치, Tag Out_점검 중 꼬리표)제도 시행
▶ 관리감독자 확인 의무 부여"
2016-24-11-006,제조업,화학및고무제품제조업,화학비료제조업,2016년 2월경 OO사업장 입출고장에서 재하자가 제품 점검 중 인근에서 작업중이던 로우더의 뒷바퀴에 깔려 사망 ,건설기계(로더),혼재작업(작업자-작업차량),근로자와 작업차량 간 『혼재작업 장소에서 근로자 이동과 작업차량 운행을 통제하지 않은 상태』에서 근로자가 작업차량에 부딪히나 깔림 또는 주변 구조물과 작업차량 사이에 끼임,"▶ 지게차 이용 중량물 취급에 대한 작업계획서 작성(작업방법, 운행경로, 근로자와 지게차 혼재 작업 여부 등)
▶ 혼재 작업 시 작업지휘자 또는 유도자 배치"
2016-24-11-007,제조업,화학및고무제품제조업,유기화학제품제조업,2016년 3월경 OO사업장 가소제 제조공정에서 재해자가 분말상태의 테레프탈산(PTA)를 투입하던 중 폭발 및 화재가 발생하여 사망,화학물질(테레프탈산/PTA),위험물질 취급 또는 그 장소에서 수행하는 작업,"『작업장소에서 취급하는 위험물질 및 관리되지 않는 점화원(아크, 정전기 등)』으로 인해 화재·폭발","▶ 위험장소 주변 용접 및 사상작업 금지 등 점화원 관리
▶ 용접불티 비산방지덮개 또는 용접방화포 조치"
2016-24-11-008,제조업,섬유및섬유제품제조업,표백및염색가공업,2016년 4월 염색공장 내 일반작업용 리프트에서 재해자가 2층 바닥과 리프트 운반구 사이에 끼인 대차를 빼내기 위하여 그라인더로 대차를 절단하던 중 리프트 운반구와 함께 5m 아래로 떨어짐,리프트(일반작업용),비정형 작업(정비·보수),『화물용 리프트(또는 기계식 주차장) 운반구에 탑승하여 작업 또는 이동』하다가 승강로 내부 구조물과 운반구 사이에 끼이거나 그 사이 개구부로 떨어짐,"▶ 기동장치에 잠금장치, 표지판 부착
▶ 출입문 연동장치, 비상정지스위치 등 기능 유지 관리
▶ 승강기 이상발생 시 임의 수리 금지"
2016-24-11-009,제조업,기계기구·금속·비금속광물제품제조업,철근콘크리트제품제조업,2016년 4월경 콘크리트 생산 작업장 원심공정에서 재해자가 천장크레인을 사용하여 제품(전봇대)의 형틀을 이송하던 중 넘어지면서 원심기에서 회전중인 제품 형틀에 부딪혀 사망,생산설비(원심기),"크레인(천장주행, 갠트리, 지브 등) 사용 작업",운반하는 물체 또는 주변 구조물 등에 의해 『설비 조작자의 시야가 확보되지 않은 상태에서 운반』하여 다른 구조물에 부딪히거나 그 사이에 끼임,"▶ 이송방향 전면에서 조작 및 시야 확보가 가능한 정도의 물량 운반
▶ 신호수를 배치하여 신호에 따라 운반작업 실시"
2016-24-11-012,광업,석회석·금속·비금속광업및기타광업,쇄석채취업,2015년 4월경 OO사업장 채석장에서 재해자가 채석작업을 위해 에어햄머 수리작업을 하던 중 암반사면이 무너지며 떨어지는 암석에 머리를 맞아 사망,암석,채석장에서의 작업,"『사면에 붙어있던 암석(부석이나 전석)이 풍화 침식, 발파 진동 등에 의해 떨어지면서 굴러와』 작업자가 맞거나 그 아래 깔림","▶ 발파 시 안전한 피난장소 설치 및 사용
▶ 근로자 대피 확인 후 발파작업 실시
▶ 발파작업 후 일정시간 경과 후 발파장소 접근"
2016-24-11-013,제조업,수제품및기타제품제조업,포류및기타피혁제품제조업,2016년 5월 가죽 가공공장에서 재해자가 작동 중인 쉐이빙기 후면에서 구동부 기어에 윤활유 주입 중 회전하는 구동부에 상의 목조절끈이 말려들어가면서 끼임,생산설비(쉐이빙기),비정형 작업(정비·보수),『설비를 정지시키지 않거나 전원을 차단하지 않은 상태』에서 정비·보수·청소 등의 작업을 하다가 끼이거나 말림,"▶ 설비 가동중 이물질 제거 등이 발생할 수 있는 생산작업을 분석하고 근원적 접근방지대책 수립
▶ 끼임재해 우려가 있어 가동정지 후 작업이 필요한 설비 목록화→LOTO(Lock Out,  Tag Out) 대상 확정·시행 
▶ 작업 절차에 대해 근로자 교육실시"
2016-24-11-014,제조업,섬유및섬유제품제조업,직물업,2016년 5월 원단제조공장 야적장에서 재해자가 2.4m 높이로 적재된 포장박스에 비닐을 덮기 위해 지게차 운전석 계기판에 올라 작업하던 중 재해자의 발이 지게차 틸트레버를 건드려 마스트와 지게차 프레임 사이에 흉부가 끼임,지게차,지게차를 사용하는 작업,"『설비를 오조작』하여 갑자기 작동한 설비의 구동부에 끼이거나 말림, 절단","▶ 설비 조작스위치, 판넬 등에 조작 스위치의 기능(정지, 작동, 수동, 반자동, 자동, 역회전 등) 표시
▶ 생산 설비의 불시 가동을 방지하기 위한 LOTO(Lock Out_잠금장치, Tag Out_점검 중 꼬리표)제도 시행
▶ 작업자간 의사소통 방안 수립 및 실시"
2016-24-11-015,제조업,기계기구·금속·비금속광물제품제조업,제강압연업,2016년 5월경 작업장 내에서 재해자(2명)가 크레인을 사용하여 화물(파이프 묶음)을 이송하던 중 화물이 설비에 부딪혀 넘어지면서 그아래 재해자(2명)이 깔려 사망,크레인(천장주행크레인),"크레인(천장주행, 갠트리, 지브 등) 사용 작업",운반하는 물체 또는 주변 구조물 등에 의해 『설비 조작자의 시야가 확보되지 않은 상태에서 운반』하여 다른 구조물에 부딪히거나 그 사이에 끼임,"▶ 이송방향 전면에서 조작 및 시야 확보가 가능한 정도의 물량 운반
▶ 신호수를 배치하여 신호에 따라 운반작업 실시"
2016-24-11-016,제조업,섬유및섬유제품제조업,의복및장신품등의제조업,2016년 7월 재해자가 일반작업용 리프트에 그리스 도포작업을 완료한 뒤 작동상태를 점검하던 중 승강기 운반구와 난간 사이에 목이 끼임,리프트(일반작업용),비정형 작업(시운전),"『설비에 안전장치가 설치되어 있지 않거나, 설치된 안전장치를 무력화한 상태』로 사용하던 중 말리거나 끼임","▶ 방호장치 작동불량 등 이상시 관리감독자 등에게 선보고 및 조치 후 작업 재개가 당연한 안전문화 구축　
▶ 작업 전 광전자식 방호장치 정상 여부 확인 "
2016-24-11-017,제조업,화학및고무제품제조업,합성수지제조업,2016년 10월경 OO사업장 재생원료 야적장에서 재해자가 폐비닐이 담긴 톤백을 이동하던 중 지게차가 전도되면서 아래에 깔려 사망,지게차,지게차를 사용하는 작업,『화물의 무게가 한쪽으로 치우쳐진 상태 등』 적재상태가 불량한 화물이 무너지면서 맞거나 깔림,"▶ 전도·낙하 방지를 위해 중량물 제거 후 작업
▶ 중량물 고정 실시 후 수리작업 실시"
2016-24-11-018,제조업,의약품·화장품·연탄·석유제품제조업,의약품및의약부외품제조업,2016년 10월경 OO사업장 집진기 내부에서 작업자가 설비 구조변경을 위해 용접작업을 하던 중 화재개 발생하여 사망,분류 불가,용접·절단·사상 또는 도장 작업,『불티비산 방지조치가 안된 상태에서 작업』하여 용접·절단 불똥이 주변의 적재물 또는 인화성 물질에 옮겨 붙어 화재 폭발,"▶ 절단기에서 발생하는 불티의 비산 거리 등 비산 반경 분석
▶ 작업구역 내 불티가 비산되지 않도록 절단기 등에 비산방지덮개 및 가연물에 용접방화포 설치"
2016-24-11-019,제조업,화학및고무제품제조업,플라스틱가공제품제조업,2016년 11월경 OO사업장 플라스틱 가공 작업장에서 작업자가 컨베이어 상부에서 이동 중 아래로 떨어져 사망,컨베이어,작업장소 통행/이동,『설비를 밟고 올라 이동하거나 설비 사이를 뛰어넘어 이동』하다가 구조물에 다리가 걸려 넘어지거나 균형을 잃고 떨어짐,"▶ 추락위험구간에 안전난간 추가 설치
▶ 출하장소를 추락위험이 없는 장소로 위치 변경"
2016-24-11-020,광업,석회석·금속·비금속광업및기타광업,쇄석채취업,2016년 12월경 OO사업장 채석장에서 재해자가 와이어쏘우로 화강석을 절단 후 와이어를 정리하던 중 절단된 화강석이 절리되어 떨어지면서 깔려 사망,암석,채석장에서의 작업,"『사면에 붙어있던 암석(부석이나 전석)이 풍화 침식, 발파 진동 등에 의해 떨어지면서 굴러와』 작업자가 맞거나 그 아래 깔림","▶ 발파 시 안전한 피난장소 설치 및 사용
▶ 근로자 대피 확인 후 발파작업 실시
▶ 발파작업 후 일정시간 경과 후 발파장소 접근"
2016-24-11-021,제조업,목재및종이제품제조업,위생용종이제품제조업,2016년 12월 제지공장 내 펄퍼공정에서 재해자가 펄퍼기 상부 펄퍼 투입구에 올라 쇠막대기로 원료를 분산시키는 작업을 하던 중 몸의 중심을 잃고 펄퍼기 내부로 떨어짐,생산설비(펄퍼기),원료 투입 작업,"『별도의 수공구 없이 설비의 구동부에 근접하여 작업』하다가 구동부에 끼이거나 말림, 절단","▶ 광전자, 양수조작식 등 방호장치 설치 및 기능유지 철저
▶ 재료투입용 보조기구 및 사용상태 철저 관리"
2016-24-21-010,기타의사업,기타의각종사업,건설업본사,2015년 9월경 옥상 방수공사 현장에서 재해자가 옥상 난간대 외측의 방수 작업을 위해 시트를 부착하던 중 13.9m 아래로 추락하여 사망,분류 불가,"설비 위, 지붕 등 높은 장소에서의 작업",『안전난간의 설치상태가 불량하거나 없는 상태』에서 주변 구조물 또는 생명줄에 안전대를 체결하지 않아 떨어짐,"▶ 지붕 재질 확인 및 하중 분산용 작업발판 설치 후 작업
▶ 지붕 파손 대비 공장 내부에 추락방호망 설치
▶ 지붕 끝단부에 안전난간 설치"
2016-24-51-003,기타의사업,시설관리및사업지원서비스업,위생및유사서비스업,"2016년 3월경 폐기물 소각장에서 재해자가 소각재 청소작업 및 설비점검을 위해 내화 콘크리트 바닥 위에서 작업 중, 바닥이 붕괴되면서 2m 아래 연소실 내부로 추락한 후 사망",분류 불가,비정형 작업(이물질 제거·청소),『작업을 위해 밟고 있던 구조물이 파손되거나 균형을 잃기 쉬운 불안한 자세』로 작업하여 넘어지거나 떨어짐,"▶ 안전난간이 설치된 작업발판을 설치·사용
▶ 고소작업대 사용 또는 3.5m미만은 A자형 사다리 사용(2인1조) 관리
▶ 안전대 및 안전모 지급·착용 등 관리감독자 확인"
2016-24-51-004,기타의사업,도소매·음식·숙박업,도소매및소비자용품수리업,2016년 5월경 물류 창고에서 재해자가 3층과 2층 사이에 멈춰선 일반작업용 리프트를 점검하기 위해 운반구 화물반입문을 손으로 잡고 밀던 중 갑자기 하강하는 운반구와 함께 떨어지며 승강로 벽면과 운반구 사이에 끼어 사망,리프트(일반작업용),비정형 작업(점검),"『주변 설비의 움직임을 인지하지 못하거나, 안전거리를 확보하지 않고 작업』 하여 작동하는 설비에 부딪히거나, 말림·끼임","▶ 같은 장소에서 이루어지는 도급인과 수급인의 작업 혼재 시 재해 발생 예방을 위한 의사 전달 체계 수립
▶ 안전작업허가제도로 작업 전·중·후 안전확보 상태 지속 확인"
2016-24-51-005,기타의사업,시설관리및사업지원서비스업,위생및유사서비스업,"2016년 8월경 OO사업장 폐기물 선별공정에서 재해자가 컨베이어 위로 지나가는 폐기물 선별작업을 하던 중 중심을 잃고 컨베이어 위로 넘어졌으나, 빠져나오지 못한채 분쇄기 내부로 떨어져 머리가 끼어 사망",분쇄·파쇄기,폐기물 수거·선별 작업,"『설비에 안전장치가 설치되어 있지 않거나, 설치된 안전장치를 무력화한 상태』로 사용하던 중 말리거나 끼임","▶ 방호장치 작동불량 등 이상시 관리감독자 등에게 선보고 및 조치 후 작업 재개가 당연한 안전문화 구축　
▶ 작업 전 광전자식 방호장치 정상 여부 확인 "
2016-24-51-006,기타의사업,도소매·음식·숙박업,음식및숙박업,2016년 9월경 OO음식점 지하1층 주방에서 재해자가 식자재 운반용 간이 리프트에 탑승하여 지상으로 올라가던 중 운반구와 지하층 천장 단부에 머리가 끼어 사망,리프트(간이리프트),리프트 관련 작업,『화물용 리프트(또는 기계식 주차장) 운반구에 탑승하여 작업 또는 이동』하다가 승강로 내부 구조물과 운반구 사이에 끼이거나 그 사이 개구부로 떨어짐,"▶ 기동장치에 잠금장치, 표지판 부착
▶ 출입문 연동장치, 비상정지스위치 등 기능 유지 관리
▶ 승강기 이상발생 시 임의 수리 금지"
2016-24-51-007,운수창고통신업,철도·항공·창고·운수관련서비스업,육상화물취급업,2016년 11월 OO사업장 창고 2층에서 재해자가 리프트 안으로 화물을 밀어 넣은 후 리프트를 하강시켰으나 중심을 잃고 넘어지면서 내려가던 리프트의 운반구와 2층 바닥 사이에 머리가 끼어 사망,리프트(일반작업용),리프트 관련 작업,"『설비에 안전장치가 설치되어 있지 않거나, 설치된 안전장치를 무력화한 상태』로 사용하던 중 말리거나 끼임","▶ 방호장치 작동불량 등 이상시 관리감독자 등에게 선보고 및 조치 후 작업 재개가 당연한 안전문화 구축　
▶ 작업 전 광전자식 방호장치 정상 여부 확인 "
2016-25-11-001,제조업,의약품·화장품·연탄·석유제품제조업,의약품및의약부외품제조업,2016년 1월경 OO사업장 공기정화장치 설치장소에서 재해자가 안전난간이 해체된 장소에서 배기관 설치 작업 중 아래로 떨어져 사망,분류 불가,"설비 위, 지붕 등 높은 장소에서의 작업",『작업을 위해 밟고 있던 구조물이 파손되거나 균형을 잃기 쉬운 불안한 자세』로 작업하여 넘어지거나 떨어짐,"▶ 안전난간이 설치된 작업발판을 설치·사용
▶ 고소작업대 사용 또는 3.5m미만은 A자형 사다리 사용(2인1조) 관리
▶ 안전대 및 안전모 지급·착용 등 관리감독자 확인"
2016-25-11-002,제조업,화학및고무제품제조업,플라스틱가공제품제조업,2016년 4월경 OO사업장 화장품 용기 포장 공정에서 재해자가 사출성형기(블로우몰딩머신) 점검을 위해 도어를 열고 내부를 확인하던 중 머리가 끼어 사망,사출성형기(블로우몰딩머신),비정형 작업(이물질 제거·청소),『설비를 정지시키지 않거나 전원을 차단하지 않은 상태』에서 정비·보수·청소 등의 작업을 하다가 끼이거나 말림,"▶ 설비 가동중 이물질 제거 등이 발생할 수 있는 생산작업을 분석하고 근원적 접근방지대책 수립
▶ 끼임재해 우려가 있어 가동정지 후 작업이 필요한 설비 목록화→LOTO(Lock Out,  Tag Out) 대상 확정·시행 
▶ 작업 절차에 대해 근로자 교육실시"
2016-25-11-003,제조업,수제품및기타제품제조업,지류가공제품제조업,2016년 5월 지류가공공장 내 배합실에서 재해자가 톨루엔을 계량(배합)하던 중 배함용기에서 정전기로 인한 화재가 발생하여 전신화상,인화성물질(톨루엔),위험물질 취급 또는 그 장소에서 수행하는 작업,"『작업장소에서 취급하는 위험물질 및 관리되지 않는 점화원(아크, 정전기 등)』으로 인해 화재·폭발","▶ 위험장소 주변 용접 및 사상작업 금지 등 점화원 관리
▶ 용접불티 비산방지덮개 또는 용접방화포 조치"
2017-41-11-005,농업,농업,축산업,2017년 9월경 재해자가 아침식사를 하기 위해 기숙사에 들어가 가스레인지를 켜는 순간 폭발하여 사망,인화성물질(LPG),위험물질 취급 또는 그 장소에서 수행하는 작업,『취급하는 물질이 배관·호스·용기 등에서 누출』되어 화학물질 접촉·질식 또는 화재·폭발,"▶ 위험물질에 대한 MSDS 비치 및 근로자 교육
▶ 공급원재료의 종류, 공급되는 설비명 표시
▶ 가스검지 및 경보장치·긴급차단장치 및 방유제 설치"
2016-26-11-002,임업,임업,벌목업,2016년 2월경 OO산에서 벌목작업을 하던 재해자가 벌목한 나무가 쓰러지면서 주변 수목에 걸려 튕겨 재해자방향으로 넘어져 나무에 머리를 맞고 사망,나무(벌도목),벌목·조재 작업,"『벌도목이 의도하지 않은 방향으로 쓰러지거나, 주변 장애물에 걸려』 작업자 방향으로 쓰러지면서 안면 또는 머리를 가격(부딪힘)","▶ 벌목 작업 시에는 사전에 대피장소를 정하여 작업 실시
▶ 충분한 안전거리를 확보하여, 다른 작업자와 동시에 작업 금지"
2016-26-11-003,제조업,전기기계기구·정밀기구·전자제품제조업,전자관또는반도체소자제조업,2016년 2월 공장 내 공조실에서 재해자가 높이 약 3m의 스팀배관 컨트롤 밸부 작동상태 확인을 위하여 이동식 사다리(A형)에 오르던 중 떨어짐,사다리(이동식/A형),사다리를 이용한 작업 또는 통행,『사다리 위에 올라가 작업』하던 중 균형을 잃고 머리부터 바닥으로 떨어짐,"▶ 3.5m 미만 작업 시 A자형 사다리만 사용(2인1조)
▶ 아웃트리거 설치 및 안전대, 안전모 등 개인보호구 착용"
2016-26-21-003,운수창고통신업,통신업,통신업,2016년 2월경 외선 케이블 설치공사 현장에서 재해자가 전신주 상부로 올라가 외선 케이블 설치작업을 하던 중 6미터 높이에서 추락하여 사망,분류 불가,"설비 위, 지붕 등 높은 장소에서의 작업",『안전난간의 설치상태가 불량하거나 없는 상태』에서 주변 구조물 또는 생명줄에 안전대를 체결하지 않아 떨어짐,"▶ 지붕 재질 확인 및 하중 분산용 작업발판 설치 후 작업
▶ 지붕 파손 대비 공장 내부에 추락방호망 설치
▶ 지붕 끝단부에 안전난간 설치"
2016-26-51-001,기타의사업,도소매·음식·숙박업,도소매및소비자용품수리업,2016년 2월경 OO사업장 재활용품 처리작업장에서 재해자가 하역작업 중이던 굴삭기와 트럭의 적재함 사이에 끼어 사망,굴착기(백호우),혼재작업(작업자-작업차량),근로자와 작업차량 간 『혼재작업 장소에서 근로자 이동과 작업차량 운행을 통제하지 않은 상태』에서 근로자가 작업차량에 부딪히나 깔림 또는 주변 구조물과 작업차량 사이에 끼임,"▶ 지게차 이용 중량물 취급에 대한 작업계획서 작성(작업방법, 운행경로, 근로자와 지게차 혼재 작업 여부 등)
▶ 혼재 작업 시 작업지휘자 또는 유도자 배치"
2016-26-51-002,기타의사업,도소매·음식·숙박업,도소매및소비자용품수리업,2016년 4월경 OO처리장 폐수처리 작업장의 폐수 저장소 상부에서 고무호스 확인 작업을 하던 재해자가 정신을 잃고 폐수저장소로 떨어져 익사,유해가스,"피트, 맨홀, 오·폐수 처리시설 등 밀폐된 장소에서 작업","『순간적으로 다량의 유해가스, 화학물질, 낮은 산소농도에 노출』되어 산소결핍·질식·중독 위험","▶ 가스농도측정기로 적정공기 상태 선 확인
▶ 환기팬 등으로 환기 실시 후 작업을 실시
▶ 밀폐공간 출입금지 위험 표시"
2016-26-51-003,기타의사업,시설관리및사업지원서비스업,위생및유사서비스업,"2016년 8월경 OO사업장에서 재해자가 건설기계(로더)를 경사로에 주차 후 운전석을 벗어나 휴식하던 중 주차한 건설기계(로더)가 움직이자 운전석으로 달려가 탑승하려다 로더가 옹벽 아래로 떨어졌고, 재해자가 튕겨져 나와 로더 바퀴 아래에 깔려 사망",건설기계(로더),건설기계를 사용하는 작업,"작업차량이 『운행경로 상의 지형(급경사, 커브, 바닥의 요철, 지반 등) 또는 구조물』로 인해 떨어지거나 넘어지면서 그 아래 깔림","▶ 주·정차 시 불시 이동방지를 위한 브레이크, 고임목 체결 철저
▶ 작업장 내 바닥 평탄화 및 제한속도 준수
▶ 지게차 운전자격이 있는 지정자에 한해 운전 및 시동키 관리"
2016-26-51-004,기타의사업,전문·보건·교육·여가관련서비스업,교육서비스업,2016년 8월경 OO시설 지붕 환경 개선 공사 현장에서 재해자가 강관비계의 상부 난간대에 올라 현장 전경 사진을 촬영하던 중 중심을 잃고 12.5미터의 높이에서 추락하여 사망,분류 불가,"설비 위, 지붕 등 높은 장소에서의 작업",『설비 구조물을 밟고 올라서거나 난간이 없는 작업대 위』에서 불안전한 자세로 작업하다 떨어짐,"▶ 추락위험구간에 안전난간 추가 설치
▶ 출하장소를 추락위험이 없는 장소로 위치 변경"
2016-26-51-005,기타의사업,시설관리및사업지원서비스업,건물등의종합관리사업,2016년 10월경 OO아파트 화단에서 재해자가 이동식 사다리에 올라가 가지치기 작업을 하던 중 중심을 잃고 떨어져 사망,사다리(이동식/조경용),사다리를 이용한 작업 또는 통행,『사다리 위에 올라가 작업』하던 중 균형을 잃고 머리부터 바닥으로 떨어짐,"▶ 3.5m 미만 작업 시 A자형 사다리만 사용(2인1조)
▶ 아웃트리거 설치 및 안전대, 안전모 등 개인보호구 착용"
2016-26-51-006,기타의사업,시설관리및사업지원서비스업,위생및유사서비스업,2016년 10월경 OO아파트 옥상에서 재해자가 아파트 외부 유리 청소를 위해 달비계를 설치하던 중 36미터 아래 지면으로 추락하여 사망,분류 불가,"설비 위, 지붕 등 높은 장소에서의 작업",『안전난간의 설치상태가 불량하거나 없는 상태』에서 주변 구조물 또는 생명줄에 안전대를 체결하지 않아 떨어짐,"▶ 지붕 재질 확인 및 하중 분산용 작업발판 설치 후 작업
▶ 지붕 파손 대비 공장 내부에 추락방호망 설치
▶ 지붕 끝단부에 안전난간 설치"
2016-26-51-007,기타의사업,시설관리및사업지원서비스업,건물등의종합관리사업,2016년 10월경 OO시설에서 이동식 사다리를 이용해 계단 상부의 캐노피 설치 작업을 하던 재해자가 떨어져 사망,사다리(이동식/A형),사다리를 이용한 작업 또는 통행,『설비 구조물을 밟고 올라서거나 난간이 없는 작업대 위』에서 불안전한 자세로 작업하다 떨어짐,"▶ 추락위험구간에 안전난간 추가 설치
▶ 출하장소를 추락위험이 없는 장소로 위치 변경"
2016-31-11-001,임업,임업,벌목업,2016년 7월경 OO산 벌목현장에서 재해자가 조재작업 중 조재목이 튀어올라 얼굴을 강타해 사망,나무(조재목),벌목·조재 작업,"『주변 구조물에 걸려있던 나무(벌도목, 조재목 등)』 가 작업상황에 의해 무게중심이 변하면서 떨어지거나 지렛대처럼 튀어올라 얼굴을 맞음","▶ 벌목 작업 전 주변 나무에 걸려있는 나무를 확인하여 주변에서 작업 금지
▶ 충분한 안전거리를 확보하여, 다른 작업자와 동시에 작업 금지"
2016-31-11-002,제조업,화학및고무제품제조업,플라스틱가공제품제조업,2016년 11월경 OO사업장 물류창고에서 재해자가 전동셔터 교체 공사 중 비계 상부에서 아래로 떨어져 사망,비계(강관비계),"설비 위, 지붕 등 높은 장소에서의 작업",『작업을 위해 밟고 있던 구조물이 파손되거나 균형을 잃기 쉬운 불안한 자세』로 작업하여 넘어지거나 떨어짐,"▶ 안전난간이 설치된 작업발판을 설치·사용
▶ 고소작업대 사용 또는 3.5m미만은 A자형 사다리 사용(2인1조) 관리
▶ 안전대 및 안전모 지급·착용 등 관리감독자 확인"
2018-85-11-007,제조업,식료품제조업,도정및제분업,2018년 6월 식품공장에서 재해자가 건조기에 원료 투입 작업을 하기 위해 준비하던 중 운전 중인 건조기 내부압력 배출구에서 고온의 내용물이 분출되면서 화상,생산설비(사료건조기),원료 투입 작업,『취급하는 물질이 배관·호스·용기 등에서 누출』되어 화학물질 접촉·질식 또는 화재·폭발,"▶ 위험물질에 대한 MSDS 비치 및 근로자 교육
▶ 공급원재료의 종류, 공급되는 설비명 표시
▶ 가스검지 및 경보장치·긴급차단장치 및 방유제 설치"
2016-32-11-002,제조업,기계기구·금속·비금속광물제품제조업,일반산업용기계장치제조업,2016년 3월경 일반 작업용 리프트 설치 작업 중 재해자가 운반구 바닥판이 기울어 진것을 확인하고 수평을 맞추기 위해 간이용 호이스트를 사용하여 바닥판 전면부를 위로 올리던 중 고정부가 이탈되어 운반구 바닥판 위에 있던 재해자가 8.5m 아래로 추락하여 사망,크레인(호이스트),"크레인(천장주행, 갠트리, 지브 등) 사용 작업",훅해지장치가 없는 등 『줄걸이가 훅에서 이탈』해 떨어지는 화물에 부딪히거나 깔림,"▶ 인양하중 및 화물의 형태를 고려하여 체인블록의 훅을 선정
▶ 훅과 훅 해지장치 등을 상시 점검하여 사용하고, 이상 시 폐기 처리"
2016-32-11-007,제조업,기계기구·금속·비금속광물제품제조업,석재및석공품제조업,2016년 11월경 골재채석장에서 재해자가 선별된 골재가 섞이는 것을 방지하기 위해 세워둔 철판 칸막이를 해체하는 작업 중 철판이 재해자 방향으로 넘어지면서 깔려 사망,적재물(철판),상하차 작업 또는 적재된 화물,"『주변 설비의 움직임을 인지하지 못하거나, 안전거리를 확보하지 않고 작업』 하여 작동하는 설비에 부딪히거나, 말림·끼임","▶ 같은 장소에서 이루어지는 도급인과 수급인의 작업 혼재 시 재해 발생 예방을 위한 의사 전달 체계 수립
▶ 안전작업허가제도로 작업 전·중·후 안전확보 상태 지속 확인"
2016-32-11-008,제조업,기계기구·금속·비금속광물제품제조업,각종기계또는동부속품제조업,2016년 9월경 작업장에서 재해자가 덕트배관 구조물을 조립하기 위해 크레인을 이용하여 들어올리던 중 화물이 재해자 쪽으로 회전하면서 배관과 작업공구대 사이에 복부가 끼어 치료받던 중 사망,크레인(천장주행크레인),"크레인(천장주행, 갠트리, 지브 등) 사용 작업",운반하는 물체 또는 주변 구조물 등에 의해 『설비 조작자의 시야가 확보되지 않은 상태에서 운반』하여 다른 구조물에 부딪히거나 그 사이에 끼임,"▶ 이송방향 전면에서 조작 및 시야 확보가 가능한 정도의 물량 운반
▶ 신호수를 배치하여 신호에 따라 운반작업 실시"
2016-32-51-001,제조업,기계기구·금속·비금속광물제품제조업,시멘트제조업,"2016년 1월경 사업장 내에서 재해자가 작업을 하던 중, 주변에서 작업을 하던 굴삭기 운전원이 버킷을 회전시켜 버킷 모서리와 재해자가 부딪혀 사망",굴착기(백호우),혼재작업(작업자-작업차량),근로자와 작업차량 간 『혼재작업 장소에서 근로자 이동과 작업차량 운행을 통제하지 않은 상태』에서 근로자가 작업차량에 부딪히나 깔림 또는 주변 구조물과 작업차량 사이에 끼임,"▶ 지게차 이용 중량물 취급에 대한 작업계획서 작성(작업방법, 운행경로, 근로자와 지게차 혼재 작업 여부 등)
▶ 혼재 작업 시 작업지휘자 또는 유도자 배치"
2021-41-51-007,전기가스증기수도사업,전기가스증기수도사업,수도사업,2021년 3월경 OO사업장 연료 하역장에서 재해자가 작업용 차량(워킹카)의 화물적재함 후미에서 시료 채취 작업을 하던 중 화물적재함의 덮개가 닫히면서 재해자가 끼인 상태로 차량이 이동해 사망,화물운반트럭(워킹카),차량을 이용한 작업,"『차량운행 중 차량의 진행방향 및 사각지대를 확인하지 않아』근로자가 작업차량에 깔리거나, 주변 구조물과 작업차량 사이에 끼임","▶ 지게차 이용 중량물 취급에 대한 작업계획서 작성(작업방법, 운행경로, 근로자와 지게차 혼재 작업 여부 등)
▶ 혼재 작업 시 작업지휘자 또는 유도자 배치"
2016-32-51-004,기타의사업,국가및지방자치단체의사업,국가및지방자치단체의사업,2016년 12월경 OO지역 쓰레기 수거작업을 하던 청소차량이 결빙된 경사면을 올라가지 못하고 뒤로 미끄러지면서 청소차량 후미에 매달려 있던 재해자가 아파트 담장에 부딪혀 사망,화물운반트럭(청소차량/압착식진개차),도로 청소 등 환경미화 작업,『작업자간 상호 소통 없이 차량을 운행』하여 작업차량 후미의 탑승자가 떨어져 깔리거나 작업차량과 주변 구조물 사이에 끼임,"▶ 지정된 탑승 장소 외에 탑승 금지
▶ 차량 이동 시 도보 또는 조수석에 탑승하여 이동 실시"
2016-41-11-001,제조업,기계기구·금속·비금속광물제품제조업,일반산업용기계장치제조업,2016년 1월경 천장크레인 레일확장을 위해 재해자가 고소작업대에 탑승 후 작업대를 상승시킨 상태에서 경사진 바닥면을 따라 이동하던 중 고소작업대가 전도되어 작업대와 같이 떨어지면서 사망,고소작업대(시저형/렌탈),고소작업대 사용 작업,『작업대를 상승시킨 상태에서 이동하거나 작업중 변하는 무게중심』에 의해 고소작업대가 넘어지면서 작업자가 떨어짐,"▶ 고소작업대 작업발판 주변 안전난간 수리
▶ 작업발판 외부로 신체 이탈작업 금지"
2016-41-11-003,제조업,화학및고무제품제조업,화학비료제조업,2016년 2월경 OO사업장 제품보관장에서 재해자가 적재되어 있는 톤백을 점검 중 적재물이 무너지면서 깔려 사망,적재물(톤백),상하차 작업 또는 적재된 화물,『매달아 올리거나 적재 상태가 불량한 물체』가 떨어지거나 무너지면서 맞거나 깔림,"▶ 주변의 중량물로 인한 깔림 방지를 위해 중량물 제거 후 작업
▶ 중량물 지지대 설치 후 수리·교체작업 실시"
2016-41-11-004,광업,석회석·금속·비금속광업및기타광업,쇄석채취업,2016년 3월경 OO사업장 채석장의 암반이 무너지면서 천공기로 발파작업을 준비하던 재해자가 깔려 사망,암석,채석장에서의 작업,"『사면에 붙어있던 암석(부석이나 전석)이 풍화 침식, 발파 진동 등에 의해 떨어지면서 굴러와』 작업자가 맞거나 그 아래 깔림","▶ 발파 시 안전한 피난장소 설치 및 사용
▶ 근로자 대피 확인 후 발파작업 실시
▶ 발파작업 후 일정시간 경과 후 발파장소 접근"
2016-41-11-005,제조업,기계기구·금속·비금속광물제품제조업,선재제품제조업,2016년 4월경 자동차 번호판 고정용 볼트 쇼트작업장에서 재해자가 쇼트기 내부에 서류가 들어간 것을 발견하고 문이 닫히기 전에 꺼내려다가 쇼트기 문과 볼트 배출 벨트 사이에 목이 협착되어 사망,생산설비(쇼트기),비정형 작업(이물질 제거·청소),『설비를 정지시키지 않거나 전원을 차단하지 않은 상태』에서 정비·보수·청소 등의 작업을 하다가 끼이거나 말림,"▶ 설비 가동중 이물질 제거 등이 발생할 수 있는 생산작업을 분석하고 근원적 접근방지대책 수립
▶ 끼임재해 우려가 있어 가동정지 후 작업이 필요한 설비 목록화→LOTO(Lock Out,  Tag Out) 대상 확정·시행 
▶ 작업 절차에 대해 근로자 교육실시"
2016-41-11-006,제조업,식료품제조업,육제품또는유제품제조업,2016년 5월 육류가공공장에서 재해자(외국인노동자)가 도계작업(생닭을 부위별로 절단) 완료 후 가동 중인 칠러(스크류컨베이어 형식의 냉각기)를 청소 하던 중 무게중심을 잃고 칠러 안으로 넘어져 스크류와 칠러 프레임 사이에 끼임,생산설비(칠러/냉각기),비정형 작업(이물질 제거·청소),『설비를 정지시키지 않거나 전원을 차단하지 않은 상태』에서 정비·보수·청소 등의 작업을 하다가 끼이거나 말림,"▶ 설비 가동중 이물질 제거 등이 발생할 수 있는 생산작업을 분석하고 근원적 접근방지대책 수립
▶ 끼임재해 우려가 있어 가동정지 후 작업이 필요한 설비 목록화→LOTO(Lock Out,  Tag Out) 대상 확정·시행 
▶ 작업 절차에 대해 근로자 교육실시"
2016-41-11-007,제조업,기계기구·금속·비금속광물제품제조업,건설용금속제품제조업,2016년 7월경 사업장에서 재해자가 H빔 가용접 제거 작업 중 H빔이 넘어지면서 깔려 사망,가공물(H빔),용접·절단·사상 또는 도장 작업,『매달아 올리거나 적재 상태가 불량한 물체』가 떨어지거나 무너지면서 맞거나 깔림,"▶ 주변의 중량물로 인한 깔림 방지를 위해 중량물 제거 후 작업
▶ 중량물 지지대 설치 후 수리·교체작업 실시"
2016-41-11-008,제조업,화학및고무제품제조업,도료제품또는유지가공제품제조업,2016년 9월경 OO사업장 폐수처리장에서 재해자가 청소작업 중 폭기조 내부로 떨어져 익사하여 사망,분류 불가,비정형 작업(이물질 제거·청소),『작업을 위해 밟고 있던 구조물이 파손되거나 균형을 잃기 쉬운 불안한 자세』로 작업하여 넘어지거나 떨어짐,"▶ 안전난간이 설치된 작업발판을 설치·사용
▶ 고소작업대 사용 또는 3.5m미만은 A자형 사다리 사용(2인1조) 관리
▶ 안전대 및 안전모 지급·착용 등 관리감독자 확인"
2016-41-11-009,제조업,기계기구·금속·비금속광물제품제조업,자동차부분품제조업,2016년 10월경 사업장에 설치된 다이캐스팅기 내부에 오류를 해결하기 위해 재해자가 금형내부에서 점검 중 다이캐스팅기가 작동하여 금형과 금형사이에 상반신이 끼어 사망,생산설비(주조기/다이캐스팅기),비정형 작업(점검),『정비작업 중 작업자 외 근로자가 설비를 가동』하여 갑자기 작동된 설비에 말리거나 끼임,"▶ 생산 설비의 불시 가동을 방지하기 위한 LOTO(Lock Out_잠금장치, Tag Out_점검 중 꼬리표)제도 시행
▶ 관리감독자 확인 의무 부여"
2016-41-11-010,제조업,기계기구·금속·비금속광물제품제조업,철강또는비철금속주물제조업,2016년 12월경 공장동내에서 재해자가 공작기계용 베드 앞에 놓여있던 드럼통을 꺼내려던 중 베드가 넘어지면서 깔려 사망,적재물(공작기계용 베드),상하차 작업 또는 적재된 화물,"『주변 설비의 움직임을 인지하지 못하거나, 안전거리를 확보하지 않고 작업』 하여 작동하는 설비에 부딪히거나, 말림·끼임","▶ 같은 장소에서 이루어지는 도급인과 수급인의 작업 혼재 시 재해 발생 예방을 위한 의사 전달 체계 수립
▶ 안전작업허가제도로 작업 전·중·후 안전확보 상태 지속 확인"
2016-41-21-025,제조업,화학및고무제품제조업,플라스틱가공제품제조업,"2016년 9월경 OO사업장 증축 현장에서 재해자가 화물차에 적재한 중량물( 모터, 4.5ton)이 넘어지면서 그 아래 깔려 사망",적재물(모터),상하차 작업 또는 적재된 화물,『화물의 무게가 한쪽으로 치우쳐진 상태 등』 적재상태가 불량한 화물이 무너지면서 맞거나 깔림,"▶ 전도·낙하 방지를 위해 중량물 제거 후 작업
▶ 중량물 고정 실시 후 수리작업 실시"
2016-41-42-001,제조업,의약품·화장품·연탄·석유제품제조업,의약품및의약부외품제조업,2016년 1월경 OO사업장 의약품 제조공정에서 재해자가 인화성물질이 포함된 반응기에 분말상태의 원료 투입하던 중 폭발 및 화재가 발생하여 사망,인화성물질,위험물질 취급 또는 그 장소에서 수행하는 작업,"『작업장소에서 취급하는 위험물질 및 관리되지 않는 점화원(아크, 정전기 등)』으로 인해 화재·폭발","▶ 위험장소 주변 용접 및 사상작업 금지 등 점화원 관리
▶ 용접불티 비산방지덮개 또는 용접방화포 조치"
2016-41-42-002,제조업,화학및고무제품제조업,기타화학제품제조업,2016년 6월경 OO사업장 불산 제조소에서 탱크로리로 불산을 이송작업 중 파열판을 통해 외부로 누출됨,기타 설비(파열판),위험물질 취급 또는 그 장소에서 수행하는 작업,안전장치의 노후화·파손 등 『설비에 설치된 안전장치가 작동하지 않아』 사고 발생 위험,"▶ 방호장치 작동불량 등 이상시 관리감독자 등에게 선보고 및 조치 후 작업 재개가 당연한 안전문화 구축　
▶ 작업 전 광전자식 방호장치 정상 여부 확인 "
2016-41-42-003,제조업,화학및고무제품제조업,화약및성냥제조업,2016년 9월경 OO사업장 고체연료 개발 공정에서 재해자가 실험 과정 중 혼합된 물질에서 폭발 및 화재가 발생하여 사망,인화성물질,위험물질 취급 또는 그 장소에서 수행하는 작업,『위험물질을 파악 및 제거하지 않은 상태』에서 작업하여 화재·폭발·누출로 인한 재해발생 위험,"▶ 위험물질에 대한 MSDS 비치 및 근로자 교육
▶ 공급원재료의 종류, 공급되는 설비명 표시
▶ 가스검지 및 경보장치·긴급차단장치 및 방유제 설치"
2016-41-51-001,기타의사업,시설관리및사업지원서비스업,건물등의종합관리사업,2016년 3월경 OO아파트에서 동료작업자와 함께 세대에서 배출된 가전제품(김치냉장고)를 지하실로 옮기던 중 계단에서 재해자가 넘어지면서 머리를 부딪혀 사망,분류 불가,인력 운반 작업,무거운 물체를 운반하던 중 『바닥의 요철부』에 걸려 넘어지면서 떨어지거나 바닥에 머리가 부딪힘,"▶ 작업구간 바닥상태 평탄화 조치
▶ 폭 넓은 운반용구로 구입·변경 조치
▶ 이동통로 상 바닥에 이물질 등 제거 조치"
2016-41-51-004,기타의사업,시설관리및사업지원서비스업,건물등의종합관리사업,2016년 9월경 OO아파트에서 재해자가 사다리를 밟고 2.7미터 높이의 나무 가지를 발로 딛고 전지작업을 하던 중 떨어져 경계석에 머리를 부딪혀 사망,사다리(이동식/A형),사다리를 이용한 작업 또는 통행,『사다리 위에 올라가 작업』하던 중 균형을 잃고 머리부터 바닥으로 떨어짐,"▶ 3.5m 미만 작업 시 A자형 사다리만 사용(2인1조)
▶ 아웃트리거 설치 및 안전대, 안전모 등 개인보호구 착용"
2016-41-51-005,기타의사업,도소매·음식·숙박업,도소매및소비자용품수리업,2016년 9월경 OO현장에서 재해자가 동료작업자와 건설기계(로더)의 유압장치를 교체하기 위해 분리작업을 하던 중 건설기계(로더)의 버킷이 하강하면서 아래에 깔려 사망,건설기계(로더),비정형 작업(정비·보수),"『들어올린 설비의 고정상태 불량, 안전블록·지지대 미설치』로 설비 하부에서 작업 중 갑자기 설비가 내려앉아 끼이거나 깔림","▶ 중량물 이동방지용 지지대 추가 설치
▶ 갑작스런 이동방지를 위한 중량물 위치 변경
▶ 낙하물에 대비한 방망 또는 울 설치후 작업"
2016-43-11-001,광업,석회석·금속·비금속광업및기타광업,쇄석채취업,2016년 1월경 OO사업장에서 재해자가 골재 공급 컨베이어 조정작업 중 컨베이어벨트와 풀리 사이에 팔이 끼이면서 절단되어 사망,컨베이어,비정형 작업(정비·보수),『설비를 정지시키지 않거나 전원을 차단하지 않은 상태』에서 정비·보수·청소 등의 작업을 하다가 끼이거나 말림,"▶ 설비 가동중 이물질 제거 등이 발생할 수 있는 생산작업을 분석하고 근원적 접근방지대책 수립
▶ 끼임재해 우려가 있어 가동정지 후 작업이 필요한 설비 목록화→LOTO(Lock Out,  Tag Out) 대상 확정·시행 
▶ 작업 절차에 대해 근로자 교육실시"
2016-43-11-002,제조업,섬유및섬유제품제조업,기타섬유제품제조업,2016년 1월 섬유가공공장에서 재해자가 유압프레스와 예열기 사이에서 작동 중인 예열기 자동이송설비 프레임에 머리를 가격당함,자동화설비(자동이송설비),자동화 설비 작업,"『주변 설비의 움직임을 인지하지 못하거나, 안전거리를 확보하지 않고 작업』 하여 작동하는 설비에 부딪히거나, 말림·끼임","▶ 같은 장소에서 이루어지는 도급인과 수급인의 작업 혼재 시 재해 발생 예방을 위한 의사 전달 체계 수립
▶ 안전작업허가제도로 작업 전·중·후 안전확보 상태 지속 확인"
2019-62-11-004,운수창고통신업,철도·항공·창고·운수관련서비스업,항만내의육상하역업,"2019년 11월경 야적장에서 재해자가 트랙터로 컨베이어를 운반하던 중, 다른 트랙터의 후미에 충돌하여 그 충격으로 재해자가 운전석에서 튕겨져 나와 사망",기타 차량(야드 트랙터),차량을 이용한 작업,"『차량운행 중 차량의 진행방향 및 사각지대를 확인하지 않아』근로자가 작업차량에 깔리거나, 주변 구조물과 작업차량 사이에 끼임","▶ 지게차 이용 중량물 취급에 대한 작업계획서 작성(작업방법, 운행경로, 근로자와 지게차 혼재 작업 여부 등)
▶ 혼재 작업 시 작업지휘자 또는 유도자 배치"
2016-43-11-004,제조업,기계기구·금속·비금속광물제품제조업,철근콘크리트제품제조업,2016년 5월경 제품을 야적하기 위해 지게차가 5톤 화물을 운반하기 위해 후진하던 중 재해자를 충격하여 사망,지게차,지게차를 사용하는 작업,근로자와 작업차량 간 『혼재작업 장소에서 근로자 이동과 작업차량 운행을 통제하지 않은 상태』에서 근로자가 작업차량에 부딪히나 깔림 또는 주변 구조물과 작업차량 사이에 끼임,"▶ 지게차 이용 중량물 취급에 대한 작업계획서 작성(작업방법, 운행경로, 근로자와 지게차 혼재 작업 여부 등)
▶ 혼재 작업 시 작업지휘자 또는 유도자 배치"
2016-43-11-005,제조업,기계기구·금속·비금속광물제품제조업,철강또는비철금속주물제조업,2016년 6월경 재해자가 압출재를 이송하는 벨트컨베이어 레버를 조작 하던 중 교정기 레일과 컨베이어 연결대에 가슴이 끼어 질식(흉부 압박)으로 치료 중 사망,컨베이어,가공 설비를 이용한 작업,"『주변 설비의 움직임을 인지하지 못하거나, 안전거리를 확보하지 않고 작업』 하여 작동하는 설비에 부딪히거나, 말림·끼임","▶ 같은 장소에서 이루어지는 도급인과 수급인의 작업 혼재 시 재해 발생 예방을 위한 의사 전달 체계 수립
▶ 안전작업허가제도로 작업 전·중·후 안전확보 상태 지속 확인"
2016-43-11-006,제조업,기계기구·금속·비금속광물제품제조업,금속가공기계제조업,"2016년 6월경 재해자가 에어재킷(에어호스) 연결구를 압축공기배관이 아닌 산소공급배관에 연결하여 용접작업을 하던 중 용접불똥이 산소와 접촉, 재해자 몸에 불이 붙어 전신화상을 입고 사망",분류 불가,용접·절단·사상 또는 도장 작업,『불티비산 방지조치가 안된 상태에서 작업』하여 용접·절단 불똥이 주변의 적재물 또는 인화성 물질에 옮겨 붙어 화재 폭발,"▶ 절단기에서 발생하는 불티의 비산 거리 등 비산 반경 분석
▶ 작업구역 내 불티가 비산되지 않도록 절단기 등에 비산방지덮개 및 가연물에 용접방화포 설치"
2016-43-11-007,제조업,기계기구·금속·비금속광물제품제조업,코팅사업,2016년 8월경 재해자가 컨테이너 내부에 불소수지 라이닝 시공 작업 중 본드 도포후 작업장 정리과정에서 화재 및 폭발이 발생하여 사망,인화성물질,위험물질 취급 또는 그 장소에서 수행하는 작업,『작업장소 또는 그 주변엥서 취급하는 위험물질을 파악 및 제거하지 않은 상태』에서 작업하여 화재·폭발·질식 위험,"▶ 위험물질에 대한 MSDS 비치 및 근로자 교육
▶ 공급원재료의 종류, 공급되는 설비명 표시
▶ 가스검지 및 경보장치·긴급차단장치 및 방유제 설치"
2016-43-11-008,제조업,기계기구·금속·비금속광물제품제조업,양철관또는도금판제품제조업,"2016년 8월경 사업장내에서 지게차를 운전하여 경사로를 내려오던 중 도로 옆 경계석과 충돌, 지게차가 전복되어 헤드가드에 끼어 사망",지게차,지게차를 사용하는 작업,"작업차량이 『운행경로 상의 지형(급경사, 커브, 바닥의 요철, 지반 등) 또는 구조물』로 인해 떨어지거나 넘어지면서 그 아래 깔림","▶ 주·정차 시 불시 이동방지를 위한 브레이크, 고임목 체결 철저
▶ 작업장 내 바닥 평탄화 및 제한속도 준수
▶ 지게차 운전자격이 있는 지정자에 한해 운전 및 시동키 관리"
2016-43-11-009,제조업,금속제련업,금속의제련또는정련업,2016년 11월경 재해자가 단독으로 원료공장 소결입조라인 내 하부 슈트 외벽에 부착광을 점검하던 중 주변에서 이동하는 트리퍼카의 상부 Chute와 하부 Chute 사이에 상체가 끼어 사망,기타 차량(트리퍼 카),비정형 작업(정비·보수),"『주변 설비의 움직임을 인지하지 못하거나, 안전거리를 확보하지 않고 작업』 하여 작동하는 설비에 부딪히거나, 말림·끼임","▶ 같은 장소에서 이루어지는 도급인과 수급인의 작업 혼재 시 재해 발생 예방을 위한 의사 전달 체계 수립
▶ 안전작업허가제도로 작업 전·중·후 안전확보 상태 지속 확인"
2016-43-11-010,제조업,금속제련업,금속의제련또는정련업,2016년 12월경 재해자가 260톤 크레인 주행로에서 높이 33m아래로 추락하여 사망,분류 불가,작업장소 통행/이동,『안전난간의 설치상태가 불량하거나 없는 상태』에서 주변 구조물 또는 생명줄에 안전대를 체결하지 않아 떨어짐,"▶ 지붕 재질 확인 및 하중 분산용 작업발판 설치 후 작업
▶ 지붕 파손 대비 공장 내부에 추락방호망 설치
▶ 지붕 끝단부에 안전난간 설치"
2016-43-11-011,제조업,화학및고무제품제조업,합성수지제조업,2016년 12월경 OO사업장 진공성형기 취급 공정에서 재해자가 금형 검사를 위해 설비 내부로 상체를 넣어 점검 중 동료 근로자가 설비를 작동시켜 설비에 끼여 사망,생산설비(진공 성형기),비정형 작업(점검),『정비작업 중 작업자 외 근로자가 설비를 가동』하여 갑자기 작동된 설비에 말리거나 끼임,"▶ 생산 설비의 불시 가동을 방지하기 위한 LOTO(Lock Out_잠금장치, Tag Out_점검 중 꼬리표)제도 시행
▶ 관리감독자 확인 의무 부여"
2019-43-11-004,제조업,기계기구·금속·비금속광물제품제조업,건설용금속제품제조업,2019년 3월 OO공장에서 화물차가 후진 주차하던 중 재해자가 차량 후미와 작업장 내 기구물 사이에 신체가 끼어 사망,화물운반트럭(카고트럭),차량을 이용한 작업,"『차량운행 중 차량의 진행방향 및 사각지대를 확인하지 않아』근로자가 작업차량에 깔리거나, 주변 구조물과 작업차량 사이에 끼임","▶ 지게차 이용 중량물 취급에 대한 작업계획서 작성(작업방법, 운행경로, 근로자와 지게차 혼재 작업 여부 등)
▶ 혼재 작업 시 작업지휘자 또는 유도자 배치"
2016-43-21-020,전기가스증기수도사업,전기가스증기수도사업,가스업,2016년 11월경 OO사업장에서 재해자가 정압기 정기 분해점검 작업 중 밸브 차단을 위해 정압기실 동료작업자와 지붕에 올라갔다가 중심을 잃고 지붕 아래(3.2미터)로 떨어져 사망,분류 불가,"설비 위, 지붕 등 높은 장소에서의 작업",『작업을 위해 밟고 있던 구조물이 파손되거나 균형을 잃기 쉬운 불안한 자세』로 작업하여 넘어지거나 떨어짐,"▶ 안전난간이 설치된 작업발판을 설치·사용
▶ 고소작업대 사용 또는 3.5m미만은 A자형 사다리 사용(2인1조) 관리
▶ 안전대 및 안전모 지급·착용 등 관리감독자 확인"
2016-51-11-001,제조업,의약품·화장품·연탄·석유제품제조업,의약품및의약부외품제조업,2016년 1월경 OO사업장 세척 공정에서 재해자가 의약품 원료 농축액을 세척하는 작업 중 정전기 발생으로 화재가 발생하여 사망,인화성물질,위험물질 취급 또는 그 장소에서 수행하는 작업,"『작업장소에서 취급하는 위험물질 및 관리되지 않는 점화원(아크, 정전기 등)』으로 인해 화재·폭발","▶ 위험장소 주변 용접 및 사상작업 금지 등 점화원 관리
▶ 용접불티 비산방지덮개 또는 용접방화포 조치"
2016-51-11-002,제조업,화학및고무제품제조업,화학비료제조업,2016년 1월경 OO사업장 내에서 재해자가 출근 중 이동하던 지게차와 충돌하여 사망,지게차,지게차를 사용하는 작업,『근로자와 작업차량 간 이동동선(통행로)를 구분하지 않은 상태』에서 근로자가 작업차량에 부딪히거나 깔림 또는 주변 구조물과 차량사이에 끼임,"▶ 주문량 증가로 제품 적재공간 확대에 따라 지게차 작업구역이 확대, 지게차 운행 구역과 근로자 작업장소를 별도로 구획 실시
▶ 지게차 이용 중량물 취급에 대한 작업계획서 작성(작업방법, 운행경로, 근로자와 지게차 혼재 작업 여부 등)
▶ 혼재 작업 시 작업지휘자 또는 유도자 배치"
2016-51-11-003,제조업,화학및고무제품제조업,도료제품또는유지가공제품제조업,2016년 2월경 OO사업장 포장공정 내에서 작업자가 산업용로봇의 작동 범위내에서 설비를 점검하는 중 로봇에 끼여 사망,산업용로봇,비정형 작업(점검),『설비를 정지시키지 않거나 전원을 차단하지 않은 상태』에서 정비·보수·청소 등의 작업을 하다가 끼이거나 말림,"▶ 설비 가동중 이물질 제거 등이 발생할 수 있는 생산작업을 분석하고 근원적 접근방지대책 수립
▶ 끼임재해 우려가 있어 가동정지 후 작업이 필요한 설비 목록화→LOTO(Lock Out,  Tag Out) 대상 확정·시행 
▶ 작업 절차에 대해 근로자 교육실시"
2016-51-11-004,제조업,수제품및기타제품제조업,기타각종제조업,2016년 2월 가구판매점 소속 재해자가 회사 2층 창고 자재반입문에서 1층에서 지게차로 들어올린 가구를 받아올리는 작업을 하던 중 균형을 잃고 가구와 함께 1층 바닥(약 4.3m)으로 떨어짐,운반물(가구),인력 운반 작업,무거운 물체를 운반하던 중 『바닥의 요철부』에 걸려 넘어지면서 떨어지거나 바닥에 머리가 부딪힘,"▶ 작업구간 바닥상태 평탄화 조치
▶ 폭 넓은 운반용구로 구입·변경 조치
▶ 이동통로 상 바닥에 이물질 등 제거 조치"
2016-51-11-005,광업,석회석·금속·비금속광업및기타광업,쇄석채취업,2016년 3월경 OO사업장에서 살수작업을 하던 재해자가 160미터 떨어진 발파장소에서 작업을 준비하다가 발파 후 날라온 돌에 맞아 사망,암석,채석장에서의 작업,"『위험지역에 대한 근로자 출입통제를 실시하지 않아』 지반의 붕괴, 낙석, 날라온 발파암 아래 깔리거나 맞음","▶ 발파 시 안전한 피난장소 설치 및 사용
▶ 근로자 대피 확인 후 발파작업 실시
▶ 발파작업 후 일정시간 경과 후 발파장소 접근"
2016-51-11-006,임업,임업,영림업,2016년 4월경 OO지역 산불 발생지역에서 재해자가 작업 차량의 적재함에 올라 물을 공급받는 작업을 하던 중 중심을 잃고 바닥으로 떨어져 머리를 부딪혀 사망,화물운반트럭(카고트럭),상하차 작업 또는 적재된 화물,『적재된 제품·재료 또는 화물 적재함 위에 올라 작업』하던 중 균형을 잃고 떨어짐,"▶ 차량 상부작업 시 작업장소 상부에 안전대 걸이설비 설치·사용
▶ 적재함에 오르내리기 위한 설비 설치·사용
▶ 작업 시 안전대, 안전모 등 보호구 착용"
2020-83-51-001,기타의사업,기타의각종사업,개인및가사서비스업,"2020년 1월경 사업장 내에서 재해자가 세탁물을 운반하는 셔틀컨베이어를 조작하던 중, 하강하는 셔틀컨베이어에 끼어 사망",컨베이어,자동화 설비 작업,"『주변 설비의 움직임을 인지하지 못하거나, 안전거리를 확보하지 않고 작업』 하여 작동하는 설비에 부딪히거나, 말림·끼임","▶ 같은 장소에서 이루어지는 도급인과 수급인의 작업 혼재 시 재해 발생 예방을 위한 의사 전달 체계 수립
▶ 안전작업허가제도로 작업 전·중·후 안전확보 상태 지속 확인"
2016-51-11-008,광업,석회석·금속·비금속광업및기타광업,쇄석채취업,2016년 7월경 OO사업장에서 재해자가 설비의 정상 작동여부를 확인하기 위해 용접기를 밟고 올라선 후 철골을 잡는 순간 용접기에서 누설된 전류에 감전되어 사망,용접기(교류아크용접기),전기설비 취급 작업,"누전차단기 미설치, 접지 미실시 등으로 『설비에서 누설된 전류』에 감전","▶ 물기 또는 습기가 있는 장소 등 감전의 위험이 있는 기계기구에 접지 실시
▶ 이동형 또는 휴대형 전기기계에 누전차단기를 설치하여 감전위험 방지"
2016-51-11-010,제조업,기계기구·금속·비금속광물제품제조업,건설용금속제품제조업,"2016년 10월경 재해자가 이동식 비계를 사용하여 볼트 체결 작업을 하던 중 균형을 잃고 바닥으로 추락하여 머리를 부딪혀 병원으로 후송, 치료중 사망",비계(BT아시바/이동식비계),"설비 위, 지붕 등 높은 장소에서의 작업",『작업을 위해 밟고 있던 구조물이 파손되거나 균형을 잃기 쉬운 불안한 자세』로 작업하여 넘어지거나 떨어짐,"▶ 안전난간이 설치된 작업발판을 설치·사용
▶ 고소작업대 사용 또는 3.5m미만은 A자형 사다리 사용(2인1조) 관리
▶ 안전대 및 안전모 지급·착용 등 관리감독자 확인"
2016-51-11-011,제조업,기계기구·금속·비금속광물제품제조업,기타비금속광물제품제조업,2016년 10월경 재해자가 가열로(발포로) 고장원인을 확인하기 위해 가열로 드럼 전동기 내에 회전하고 있던 체인 스프라켓을 손으로 잡아 세우려다 장갑이 말림,생산설비(가열로<발포로>),비정형 작업(점검),『말릴 위험이 있는 옷이나 장갑을 착용하고 회전축에 근접하여 작업』해 손이나 팔이 말려 절단,"▶ 목장갑 등 사용 시 손이 말려 들어갈 위험이 있음을 근로자에게 교육하고, 밀착형 가죽장갑 등을 지급하여 착용하도록 조치"
2016-51-11-013,제조업,기계기구·금속·비금속광물제품제조업,기타비금속광물제품제조업,2016년 11월경 톤백이 적재되어 있는 1단에서 지게차 포크에 고리부분을 연결하는 작업을 하던 중 3단으로 쌓여있던 톤백이 넘어지면서 재해자를 충격하여 사망,적재물(톤백),상하차 작업 또는 적재된 화물,『적재된 제품·재료 또는 화물 적재함 위에 올라 작업』하던 중 균형을 잃고 떨어짐,"▶ 차량 상부작업 시 작업장소 상부에 안전대 걸이설비 설치·사용
▶ 적재함에 오르내리기 위한 설비 설치·사용
▶ 작업 시 안전대, 안전모 등 보호구 착용"
2016-51-11-014,제조업,목재및종이제품제조업,목재및나무제품제조업,2016년 11월 목재가공공장에서 페이로더 운전원인 재해자가 호퍼 주변 작업 중인 타 작업자의 업무상황을 확인하기 위하여 컨베이어 상부에 올라 호퍼 측면으로 이동하던 중 무게중심을 잃고 떨어져 컨베이어 벨트와 장력조절 보조장치 사이에 끼임,컨베이어,작업장소 통행/이동,『설비를 밟고 올라 이동하거나 설비 사이를 뛰어넘어 이동』하다가 구조물에 다리가 걸려 넘어지거나 균형을 잃고 떨어짐,"▶ 추락위험구간에 안전난간 추가 설치
▶ 출하장소를 추락위험이 없는 장소로 위치 변경"
2016-51-11-015,제조업,기계기구·금속·비금속광물제품제조업,각종시멘트제품제조업,2016년 11월경 재해자가 콘크리트믹서기 라이너 교체작업을 하던 중 이동식 조작 스위치를 임의로 조작하여 배합기 개방구(점검구)와 회전체인 브레이드 사이에 몸이 끼어 사망,혼합기(콘크리트 믹서),비정형 작업(정비·보수),"『설비를 오조작』하여 갑자기 작동한 설비의 구동부에 끼이거나 말림, 절단","▶ 설비 조작스위치, 판넬 등에 조작 스위치의 기능(정지, 작동, 수동, 반자동, 자동, 역회전 등) 표시
▶ 생산 설비의 불시 가동을 방지하기 위한 LOTO(Lock Out_잠금장치, Tag Out_점검 중 꼬리표)제도 시행
▶ 작업자간 의사소통 방안 수립 및 실시"
2016-51-11-017,제조업,화학및고무제품제조업,플라스틱가공제품제조업,2016년 11월경 OO사업장 타일 생산공정에서 재해자가 리프트 점검을 위해 리프트 하부로 내려가 작업 중 하강하는 리프트에 끼여 사망,기타 설비(테이블 리프트),비정형 작업(점검),"『들어올린 설비의 고정상태 불량, 안전블록·지지대 미설치』로 설비 하부에서 작업 중 갑자기 설비가 내려앉아 끼이거나 깔림","▶ 중량물 이동방지용 지지대 추가 설치
▶ 갑작스런 이동방지를 위한 중량물 위치 변경
▶ 낙하물에 대비한 방망 또는 울 설치후 작업"
2016-51-11-018,제조업,기계기구·금속·비금속광물제품제조업,건설용금속제품제조업,"2016년 12월경 재해자가 크레인으로 H빔을 배치 시킨 후, 작업장소로 나오던 중 H빔이 클램프에 걸려 넘어지면서 H빔과 H빔 사이에 끼어 사망",크레인(천장주행크레인),"크레인(천장주행, 갠트리, 지브 등) 사용 작업",운반하는 물체 또는 주변 구조물 등에 의해 『설비 조작자의 시야가 확보되지 않은 상태에서 운반』하여 다른 구조물에 부딪히거나 그 사이에 끼임,"▶ 이송방향 전면에서 조작 및 시야 확보가 가능한 정도의 물량 운반
▶ 신호수를 배치하여 신호에 따라 운반작업 실시"
2016-51-21-022,전기가스증기수도사업,전기가스증기수도사업,수도사업,2016년 11월경 OO사업장에서 소각로가 정상적으로 작동하지 않자 작업자들이 점검구를 개방하여 긴급 정비 작업을 하던 중 점검구에서 분출된 화염 및 재에 휩쌓여 1명이 사망하고 5명이 화상을 입음,분류 불가,비정형 작업(정비·보수),『보호구를 착용하지 않은 상태에서 뜨거운 물체를 취급』 하다 화상 위험,▶ 방열복 등 보호구 지급 및 착용상태 확인
2016-51-31-001,제조업,식료품제조업,육제품또는유제품제조업,"2016년 8월 식품공장 내 오수 집수조 내에서 재해자가 오수 이송배관 수리작업을 위해 내부진입 중 유해가스를 흡입하여 의식을 잃고 쓰러지자 동료 작업자가 재해자를 구하기 위해 진입하던 중 유해가스를 흡입하여 3명 사상(2명 사망, 1명 부상)",유해가스,"피트, 맨홀, 오·폐수 처리시설 등 밀폐된 장소에서 작업",『산소·가소농도 미측정 및 송풍기를 이용한 강제환기 미실시』로 불활성 가스 또는 유해가스에 의한 산소결핍·질식·중독,"▶ 가스농도측정기로 적정공기 상태 선 확인
▶ 환기팬 등으로 환기 실시 후 작업을 실시
▶ 밀폐공간 출입금지 위험 표시"
2016-51-42-001,제조업,화학및고무제품제조업,플라스틱가공제품제조업,2016년 10월경 OO사업장 점착제 제조 공정에서 재해자가 교반기 인근에서 작업 중 교반기 내 이송된 인화성액체(용매)에 화재가 발생하여 사망,인화성물질,위험물질 취급 또는 그 장소에서 수행하는 작업,"『작업장소에서 취급하는 위험물질 및 관리되지 않는 점화원(아크, 정전기 등)』으로 인해 화재·폭발","▶ 위험장소 주변 용접 및 사상작업 금지 등 점화원 관리
▶ 용접불티 비산방지덮개 또는 용접방화포 조치"
2016-51-51-001,제조업,식료품제조업,음료제조업,2016년 11월 음료공장 공병하역장에서 재해자가 컨테이너 트레일러 차량 후미에서 작업하던 중 타 작업자가 운전 중인 지게차가 이동식 도크와 충돌하면서 밀린 도크와 트레일러 차량 사이에 끼임,지게차,혼재작업(작업자-작업차량),『차량 작업 구역에 근로자 출입을 통제하지 않은 상태』에서 근로자가 작업차량 또는 운반하는 화물에 부딪히거나 깔림 또는 주변 구조물과 그 사이에 끼임,▶ 차량을 사용하는 작업하는 구역과 차량 이동 경로를 근로자 이동 통로와 구분 실시
2016-61-11-002,임업,임업,영림업,"2016년 3월경 OO산 벌목현장에서 벌목작업을 하던 재해자가 벌도목(1번 나무)이 주변 입목(2번 나무)에 걸쳐 넘어가지 않자 나무(2번나무)를 베어 두 개의 나무(1번, 2번나무)를 한꺼번에 넘기려고 하던 중 최초 벌도목(1번 나무)이 떨어져 재해자의 머리를 강타해 사망",나무(벌도목),벌목·조재 작업,"『벌도목이 의도하지 않은 방향으로 쓰러지거나, 주변 장애물에 걸려』 작업자 방향으로 쓰러지면서 안면 또는 머리를 가격(부딪힘)","▶ 벌목 작업 시에는 사전에 대피장소를 정하여 작업 실시
▶ 충분한 안전거리를 확보하여, 다른 작업자와 동시에 작업 금지"
2016-61-11-003,제조업,선박건조및수리업,강선건조또는수리업,2016년 5월경 OO사업장 선박내부에서 재해자가 작업발판 해체를 위한 구명줄(안전대부착설비) 설치 작업을 하던 중 23미터 아래로 떨어져 사망,분류 불가,"설비 위, 지붕 등 높은 장소에서의 작업",『작업을 위해 밟고 있던 구조물이 파손되거나 균형을 잃기 쉬운 불안한 자세』로 작업하여 넘어지거나 떨어짐,"▶ 안전난간이 설치된 작업발판을 설치·사용
▶ 고소작업대 사용 또는 3.5m미만은 A자형 사다리 사용(2인1조) 관리
▶ 안전대 및 안전모 지급·착용 등 관리감독자 확인"
2016-61-11-004,제조업,선박건조및수리업,강선건조또는수리업,2016년 6월경 OO사업장 내에서 재해자가 이동 중 장애물을 보고 급선회하던 지게차와 충돌하여 사망,지게차,지게차를 사용하는 작업,『근로자와 작업차량 간 이동동선(통행로)를 구분하지 않은 상태』에서 근로자가 작업차량에 부딪히거나 깔림 또는 주변 구조물과 차량사이에 끼임,"▶ 주문량 증가로 제품 적재공간 확대에 따라 지게차 작업구역이 확대, 지게차 운행 구역과 근로자 작업장소를 별도로 구획 실시
▶ 지게차 이용 중량물 취급에 대한 작업계획서 작성(작업방법, 운행경로, 근로자와 지게차 혼재 작업 여부 등)
▶ 혼재 작업 시 작업지휘자 또는 유도자 배치"
2016-61-11-005,제조업,기계기구·금속·비금속광물제품제조업,각종시멘트제품제조업,"2016년 9월경 재해자가 레미콘 차량을 세차하기 위해 조작 스위치를 누르고 이동하던 중, 세차를 마치고 출발하는 다른 레미콘 차량에 충돌하여 사망",건설기계(레미콘믹서트럭),작업장소 통행/이동,『근로자와 작업차량 간 이동동선(통행로)를 구분하지 않은 상태』에서 근로자가 작업차량에 부딪히거나 깔림 또는 주변 구조물과 차량사이에 끼임,"▶ 주문량 증가로 제품 적재공간 확대에 따라 지게차 작업구역이 확대, 지게차 운행 구역과 근로자 작업장소를 별도로 구획 실시
▶ 지게차 이용 중량물 취급에 대한 작업계획서 작성(작업방법, 운행경로, 근로자와 지게차 혼재 작업 여부 등)
▶ 혼재 작업 시 작업지휘자 또는 유도자 배치"
2016-61-11-006,제조업,기계기구·금속·비금속광물제품제조업,기타비금속광물제품제조업,2016년 12월경 규사원석 분쇄작업장에서 컨베이어를 점검하던 중 컨베이어벨트와 리턴드럼 사이에 신체일부가 끼어 사망,컨베이어,비정형 작업(정비·보수),『설비를 정지시키지 않거나 전원을 차단하지 않은 상태』에서 정비·보수·청소 등의 작업을 하다가 끼이거나 말림,"▶ 설비 가동중 이물질 제거 등이 발생할 수 있는 생산작업을 분석하고 근원적 접근방지대책 수립
▶ 끼임재해 우려가 있어 가동정지 후 작업이 필요한 설비 목록화→LOTO(Lock Out,  Tag Out) 대상 확정·시행 
▶ 작업 절차에 대해 근로자 교육실시"
2016-61-42-002,제조업,화학및고무제품제조업,유기화학제품제조업,2016년 8월경 OO사업장 EPDM 생산공정에서 재해자가 교반기 주변에서 작업 중 교반기 맨홀 부위에서 인화성액체가 누출되어 화재가 발생하여 화상을 입음,혼합기(교반기),위험물질 취급 또는 그 장소에서 수행하는 작업,『취급하는 물질이 배관·호스·용기 등에서 누출』되어 화학물질 접촉·질식 또는 화재·폭발,"▶ 위험물질에 대한 MSDS 비치 및 근로자 교육
▶ 공급원재료의 종류, 공급되는 설비명 표시
▶ 가스검지 및 경보장치·긴급차단장치 및 방유제 설치"
2016-61-51-001,제조업,출판·인쇄·제본업,출판업및음반제조업,2016년 2월 서점(소매점)에서 재해자가 이동식 사다리(A형)에 올라 책장 상부에 책을 진열하던 중 몸의 중심을 잃고 떨어짐(약0.85m),사다리(이동식/A형),사다리를 이용한 작업 또는 통행,『사다리 위에 올라가 작업』하던 중 균형을 잃고 머리부터 바닥으로 떨어짐,"▶ 3.5m 미만 작업 시 A자형 사다리만 사용(2인1조)
▶ 아웃트리거 설치 및 안전대, 안전모 등 개인보호구 착용"
2016-61-51-002,기타의사업,도소매·음식·숙박업,도소매및소비자용품수리업,2016년 9월경 OO사업장에서 플라스틱 병을 생산하는 재해자가 사출성형기(블로우몰딩 머신)의 금형을 교체하고 조정작업을 하던 중 금형과 금형 사이에 머리가 끼어 사망,사출성형기(블로우몰딩머신),비정형 작업(시운전),『설비를 정지시키지 않거나 전원을 차단하지 않은 상태』에서 정비·보수·청소 등의 작업을 하다가 끼이거나 말림,"▶ 설비 가동중 이물질 제거 등이 발생할 수 있는 생산작업을 분석하고 근원적 접근방지대책 수립
▶ 끼임재해 우려가 있어 가동정지 후 작업이 필요한 설비 목록화→LOTO(Lock Out,  Tag Out) 대상 확정·시행 
▶ 작업 절차에 대해 근로자 교육실시"
2016-61-51-003,운수창고통신업,철도·항공·창고·운수관련서비스업,창고업,2016년 11월경 OO창고 2층에서 재해자가 동료작업자들과 쌀포대 운반 및 적재작업을 하던 중 2층 바닥 개구부로 빠지면서 떨어져(2.9미터) 사망,분류 불가,작업장소 통행/이동,『이동경로에 방치된 개구부』로 떨어짐,"▶ 추락위험구간에 안전난간 추가 설치
▶ 출하장소를 추락위험이 없는 장소로 위치 변경"
2016-62-11-001,제조업,금속제련업,비철금속의제련또는정련업,2016년 2월경 사업장 내 야드에서 제품 점검을 위해 이동 중 후진과 동시에 급선회하는 지게차에 충돌하여 사망,지게차,혼재작업(작업자-작업차량),근로자와 작업차량 간 『혼재작업 장소에서 근로자 이동과 작업차량 운행을 통제하지 않은 상태』에서 근로자가 작업차량에 부딪히나 깔림 또는 주변 구조물과 작업차량 사이에 끼임,"▶ 지게차 이용 중량물 취급에 대한 작업계획서 작성(작업방법, 운행경로, 근로자와 지게차 혼재 작업 여부 등)
▶ 혼재 작업 시 작업지휘자 또는 유도자 배치"
2016-62-11-002,제조업,금속제련업,금속의제련또는정련업,"2016년 5월경 재해자가 코일 이송대차 리프팅 프레임을 조립하기 위해 줄걸이 작업 준비 중, 리프팅 프레임이 넘어지면서 깔려 사망",적재물(리프팅 프레임),상하차 작업 또는 적재된 화물,『매달아 올리거나 적재 상태가 불량한 물체』가 떨어지거나 무너지면서 맞거나 깔림,"▶ 주변의 중량물로 인한 깔림 방지를 위해 중량물 제거 후 작업
▶ 중량물 지지대 설치 후 수리·교체작업 실시"
2016-62-11-003,제조업,선박건조및수리업,강선건조또는수리업,2016년 8월경 OO사업장에서 재해자가 철구조물 하역을 위해 슬링벨트를 이용한 줄걸이 작업 중 벨트가 파단되면서 구조물에 맞아 사망,줄걸이기구(섬유로프/슬링벨트),"크레인(천장주행, 갠트리, 지브 등) 사용 작업","『줄걸이 기구의 용접 불량, 마모, 변형, 손상』으로 인해 운반하는 화물이 떨어지면서 부딪히거나 그 아래 깔림","▶ 설비·구조물 상태 정기적 점검 및 예방 관리
▶ 와이어로프 손상 시 즉시 교체하여 사용"
2016-51-11-007,제조업,전기기계기구·정밀기구·전자제품제조업,절연전선또는케이블제조업,2016년 4월 케이블 제조공장에서 재해자가 전선을 감는 권취기의 드럼과 감기는 전선 사이에 다리가 말림,생산설비(와인더/권취기),자동화 설비 작업,"『주변 설비의 움직임을 인지하지 못하거나, 안전거리를 확보하지 않고 작업』 하여 작동하는 설비에 부딪히거나, 말림·끼임","▶ 같은 장소에서 이루어지는 도급인과 수급인의 작업 혼재 시 재해 발생 예방을 위한 의사 전달 체계 수립
▶ 안전작업허가제도로 작업 전·중·후 안전확보 상태 지속 확인"
2016-62-11-005,제조업,금속제련업,금속의제련또는정련업,2016년 10월경 항만 내 부두 사업장에서 재해자가 벨트컨베이어 셔틀의 그리스 급지작업 가능 여부를 확인하고자 컨베이어 셔틀로 이동 중 아래로 추락하여 가동중인 장력조절대차 풀리에 끼어 사망,컨베이어,작업장소 통행/이동,『설비를 정지시키지 않거나 전원을 차단하지 않은 상태』에서 정비·보수·청소 등의 작업을 하다가 끼이거나 말림,"▶ 설비 가동중 이물질 제거 등이 발생할 수 있는 생산작업을 분석하고 근원적 접근방지대책 수립
▶ 끼임재해 우려가 있어 가동정지 후 작업이 필요한 설비 목록화→LOTO(Lock Out,  Tag Out) 대상 확정·시행 
▶ 작업 절차에 대해 근로자 교육실시"
2016-62-11-006,제조업,화학및고무제품제조업,합성수지제조업,2016년 11월경 OO사업장 제품 출하장에서 재해자가 제품이 담긴 톤백을 이동하던 중 지게차가 전도되면서 아래에 깔려 사망,지게차,지게차를 사용하는 작업,『화물의 무게가 한쪽으로 치우쳐진 상태 등』 적재상태가 불량한 화물이 무너지면서 맞거나 깔림,"▶ 전도·낙하 방지를 위해 중량물 제거 후 작업
▶ 중량물 고정 실시 후 수리작업 실시"
2016-62-11-007,제조업,금속제련업,금속의제련또는정련업,2016년 11월경 제철소 내 재해자가 코일 실린더 교체작업을 위해 운전실로 기기 초기화 요청을 한 뒤 실린더와 이동대차를 결합시키고 이동대차 잠금성태 버튼을 해제하자 이동대차가 자동운전되면서 이동대차 프레임과 콘크리트 벽면사이에 끼어 사망,이동대차(전동이동식),비정형 작업(정비·보수),『정비작업 중 작업자 외 근로자가 설비를 가동』하여 갑자기 작동된 설비에 말리거나 끼임,"▶ 생산 설비의 불시 가동을 방지하기 위한 LOTO(Lock Out_잠금장치, Tag Out_점검 중 꼬리표)제도 시행
▶ 관리감독자 확인 의무 부여"
2016-62-11-008,제조업,기계기구·금속·비금속광물제품제조업,건설용점토제품제조업,2016년 8월경 제철소 공장내에서 석회소성로 내측에 설치된 캐스타블(내화물)을 교체하기 위하여 착암기로 해체작업 중 상부 캐스타블이 무너지면서 재해자(2명)이 깔려 사망,생산설비(킬른/석회소성로),비정형 작업(정비·보수),"『위험지역에 대한 근로자 출입통제를 실시하지 않아』 지반의 붕괴, 낙석, 날라온 발파암 아래 깔리거나 맞음","▶ 발파 시 안전한 피난장소 설치 및 사용
▶ 근로자 대피 확인 후 발파작업 실시
▶ 발파작업 후 일정시간 경과 후 발파장소 접근"
2016-62-21-003,제조업,화학및고무제품제조업,기타화학제품제조업,2016년 3월경 OO사업장 출하장에서 재해자가 화물차 적재함에 올라가 덮개를 제거하는 중 균형을 잃고 떨어져 사망,화물운반트럭(덤프트럭),상하차 작업 또는 적재된 화물,『적재된 제품·재료 또는 화물 적재함 위에 올라 작업』하던 중 균형을 잃고 떨어짐,"▶ 차량 상부작업 시 작업장소 상부에 안전대 걸이설비 설치·사용
▶ 적재함에 오르내리기 위한 설비 설치·사용
▶ 작업 시 안전대, 안전모 등 보호구 착용"
2016-62-51-001,기타의사업,기타의각종사업,건설업본사,2016년 9월경 OO사업장에서 재해자가 동료작업자와 함께 이동식 크레인(카고)에 줄을 걸어주는 작업을 보조하던 중 이동식 크레인 운전자가 작업상황을 인지하지 못하고 그 위로 철근다발 내려놓아 재해자가 깔려 사망,크레인(이동식크레인/카고크레인),"이동식 크레인(카고 크레인, 집게차)을 사용한 작업",작업자 간 『작업 상황에 대해 의사소통을 하지 않고 작업』을 실시해 운반하는 물체에 부딪히거나 깔림 또는 주변 구조물과 운반하는 물체 사이에 끼임,"▶ 작업자 간 신호체계 통일 및 숙지 조치
▶ 중량물 취급 시 보조운반기구 사용"
2016-63-11-001,제조업,기계기구·금속·비금속광물제품제조업,각종시멘트제품제조업,2016년 8월경 폐레미콘 재생시설의 TROMMEL 상부에서 재해자가 정비작업 도중 차량 기사가 재해자를 인지하지 못하고 레미코노 드럼 내 잔량 배출 및 내부 세척을 위해 급수가동 스위치를 조작하여 TROMMEL 이 작동되어 외부구조물과 TROMMEL 사이에 머리가 끼어 사망,생산설비(폐레미콘 재생설비),비정형 작업(정비·보수),『정비작업 중 작업자 외 근로자가 설비를 가동』하여 갑자기 작동된 설비에 말리거나 끼임,"▶ 생산 설비의 불시 가동을 방지하기 위한 LOTO(Lock Out_잠금장치, Tag Out_점검 중 꼬리표)제도 시행
▶ 관리감독자 확인 의무 부여"
2016-63-11-002,제조업,식료품제조업,기타식료품제조업,2016년 10월 사업장 외부에 설치된 일반작업용 리프트를 이용하던 재해자가 지게차로 초콜렛 원재료를 리프트 운반구에 올려놓고 원재료의 상태를 확인하던 중 운반구를 지탱하던 리프트 체인이 파단되어 운반구가 떨어지면서 운반구와 옥외 바닥 사이에 두부가 끼임,리프트(일반작업용),리프트 관련 작업,"설비를 정기적으로 유지·관리 및 점검하지 않아 『설비의 주요 구조부분(용접부, 볼트 등)에 균열·변형·부식·마모·탈락 등이 발생』하여 재해발생 위험",▶ 설비·구조물 상태 정기적 점검 및 예방 관리
2016-63-51-001,기타의사업,도소매·음식·숙박업,도소매및소비자용품수리업,2016년 4월경 OO사업장에서 재해자가 지게차 포크에 끼워진 파렛트 위에 탑승하여 빗물받이를 해체하는 작업을 하던 중 지게차가 뒤로 후진하자 그 반동으로 중심을 잃고 2m 아래 바닥으로 떨어져 사망,지게차,지게차를 사용하는 작업,"지게차 포크, 파렛트, 굴삭기 버킷에 탑승하여 높은 장소로 승강하는 등 『설비를 주용도(하역운반장치) 외로 사용』하여 떨어짐","▶ 중량물 제작 작업 등 생산용도에 사용금지
▶ 전동교체 시 고소작업대 사용 및 운전석 외 탑승금지"
2016-64-11-001,제조업,화학및고무제품제조업,기타화학제품제조업,2015년 12월경 OO사업장 여과공정에서 재해자가 여과기에서 누출되는 스팀을 차단하기 위해 점검 중 내부압력으로 이탈된 맨홀에 맞아 사망,생산설비(여과기),비정형 작업(점검),"『설비 내부의 잔여 유·공압을 제거하지 않은 상태』에서 설비를 해체하여 구조물, 부속품 등이 튕겨나와 맞음","▶ 설비 점검 시 내부의 잔여 물질을 배출하여, 작업자에게 영향을 미치지 않도록 확인할 수 있는 근원적 위험방지대책 수립"
2016-64-11-002,제조업,수제품및기타제품제조업,기타각종제조업,2016년 2월 해운업 사업장 내에서 재해자가 산소절단기로 철판을 절단하던 중 근처에서 굴삭기로 고철 운반 및 정리중이던 고철더미가 무너져 깔려 사망(약 3톤),적재물(고철더미),용접·절단·사상 또는 도장 작업,『매달아 올리거나 적재 상태가 불량한 물체』가 떨어지거나 무너지면서 맞거나 깔림,"▶ 주변의 중량물로 인한 깔림 방지를 위해 중량물 제거 후 작업
▶ 중량물 지지대 설치 후 수리·교체작업 실시"
2016-64-11-003,제조업,화학및고무제품제조업,플라스틱가공제품제조업,2016년 10월경 OO사업장 제품 하역장에서 재해자가 작업 중 화물차로부터 제품 하역작업을 하기 위해 후진하던 지게차에 깔려 사망,지게차,지게차를 사용하는 작업,근로자와 작업차량 간 『혼재작업 장소에서 근로자 이동과 작업차량 운행을 통제하지 않은 상태』에서 근로자가 작업차량에 부딪히나 깔림 또는 주변 구조물과 작업차량 사이에 끼임,"▶ 지게차 이용 중량물 취급에 대한 작업계획서 작성(작업방법, 운행경로, 근로자와 지게차 혼재 작업 여부 등)
▶ 혼재 작업 시 작업지휘자 또는 유도자 배치"
2016-64-11-004,제조업,화학및고무제품제조업,합성수지제조업,2016년 9월경 OO사업장 열분해로 투입구에서 재해자가 주변의 설비를 점검하는 중 화염이 덮쳐 화상을 입음,생산설비(열분해로),위험물질 취급 또는 그 장소에서 수행하는 작업,『작업장소 또는 그 주변엥서 취급하는 위험물질을 파악 및 제거하지 않은 상태』에서 작업하여 화재·폭발·질식 위험,"▶ 위험물질에 대한 MSDS 비치 및 근로자 교육
▶ 공급원재료의 종류, 공급되는 설비명 표시
▶ 가스검지 및 경보장치·긴급차단장치 및 방유제 설치"
2016-64-11-005,제조업,수제품및기타제품제조업,기타각종제조업,"2016년 11월 사업장 내 도장공정에서 재해자가 이동식 사다리(A형)에 올라 도장작업을 하던 중 바닥으로 떨어졌고, 뒤이어 넘어지는 강재에 깔림",사다리(이동식/A형),사다리를 이용한 작업 또는 통행,『사다리 위에 올라가 작업』하던 중 균형을 잃고 머리부터 바닥으로 떨어짐,"▶ 3.5m 미만 작업 시 A자형 사다리만 사용(2인1조)
▶ 아웃트리거 설치 및 안전대, 안전모 등 개인보호구 착용"
2016-64-51-001,기타의사업,도소매·음식·숙박업,도소매및소비자용품수리업,2016년 10월경 OO사업장에서 재해자가 동료작업자와 창고 지붕 강판 보수작업 중 선라이트를 밟아 선라이트가 파손되면서 약 5.6미터 아래로 추락해 사망,지붕·대들보(선라이트/채광창),"설비 위, 지붕 등 높은 장소에서의 작업",『작업을 위해 밟고 있던 구조물이 파손되거나 균형을 잃기 쉬운 불안한 자세』로 작업하여 넘어지거나 떨어짐,"▶ 안전난간이 설치된 작업발판을 설치·사용
▶ 고소작업대 사용 또는 3.5m미만은 A자형 사다리 사용(2인1조) 관리
▶ 안전대 및 안전모 지급·착용 등 관리감독자 확인"
2016-71-11-001,임업,임업,벌목업,2016년 1월경 OO산 벌목현장에서 재해자가 벌도목이 인접 나무에 걸친 상태에서 조재작업을 하던 중 걸려있던 벌도목이 재해자의 머리를 강타해 사망,나무(벌도목),벌목·조재 작업,"『벌도목이 의도하지 않은 방향으로 쓰러지거나, 주변 장애물에 걸려』 작업자 방향으로 쓰러지면서 안면 또는 머리를 가격(부딪힘)","▶ 벌목 작업 시에는 사전에 대피장소를 정하여 작업 실시
▶ 충분한 안전거리를 확보하여, 다른 작업자와 동시에 작업 금지"
2016-71-11-002,제조업,기계기구·금속·비금속광물제품제조업,건설용점토제품제조업,2016년 4월 임시 야적장에서 재해자가 원료백 더미를 덮은 천막을 다시 덮기 위해 원료백 더미 상부(3m)에 올라가 작업하던 중 바닥으로 떨어져 사망,분류 불가,"설비 위, 지붕 등 높은 장소에서의 작업",『작업을 위해 밟고 있던 구조물이 파손되거나 균형을 잃기 쉬운 불안한 자세』로 작업하여 넘어지거나 떨어짐,"▶ 안전난간이 설치된 작업발판을 설치·사용
▶ 고소작업대 사용 또는 3.5m미만은 A자형 사다리 사용(2인1조) 관리
▶ 안전대 및 안전모 지급·착용 등 관리감독자 확인"
2016-71-11-003,제조업,전기기계기구·정밀기구·전자제품제조업,기타전기기계기구제조업,2016년 6월 종교시설 내에서 재해자가 천장조명 교체작업을 하기 위하여 천장 상부 석고보드 위에 올라 작업 중 석고보드가 파손되면서 떨어짐(약11.5m),지붕·대들보(석고보드),"설비 위, 지붕 등 높은 장소에서의 작업",『작업을 위해 밟고 있던 구조물이 파손되거나 균형을 잃기 쉬운 불안한 자세』로 작업하여 넘어지거나 떨어짐,"▶ 안전난간이 설치된 작업발판을 설치·사용
▶ 고소작업대 사용 또는 3.5m미만은 A자형 사다리 사용(2인1조) 관리
▶ 안전대 및 안전모 지급·착용 등 관리감독자 확인"
2016-71-11-004,임업,임업,영림업,2016년 10월 OO지역 일대 숲가꾸기 현장에서 재해자가 조재작업을 하던 중 다른 벌도목(때죽나무)에 걸려있던 벌도목(소나무)이 미끄러져 내려오면서 재해자의 머리를 가격해 사망,나무(벌도목),벌목·조재 작업,『능선·경사로에 적재 또는 쓰러진 벌도목』 이 작업장소로 굴러내려와 부딪히거나 맞음,"▶ 벌도목 적재 시 굴러내려오지 않도록 철저히 고정 실시
▶ 적재된 벌도목이 굴러내려올 수 있는 장소를 피해서 벌목 작업 실시"
2016-71-51-001,전기가스증기수도사업,전기가스증기수도사업,전기업,2016년 1월경 OO발전소 전기실에서 재해자가 차단기반(큐비클) 후면부 설비의 사양을 확인하던 중 변압기 충전부에 접촉되어 감전되어 사망,전기충전부,전기설비 취급 작업,『전원을 차단하지 않은 상태』에서 노출된 충전부에 접촉하여 감전,"▶ 정전작업 후 전기점검 및 조작 실시
▶ 활선작업용기구·장치  사용 및 절연용 보호구 착용"
2016-71-51-002,기타의사업,시설관리및사업지원서비스업,위생및유사서비스업,2016년 2월경 재해자가 이동식크레인에 불법으로 장착한 작업대에 탑승하여 전지작업을 하던 중 도로를 지나가던 버스와 이동식크레인의 붐대가 부딪히며 그 충격에 작업대에서 바닥으로 떨어져 사망,크레인(이동식크레인/카고크레인),"이동식 크레인(카고 크레인, 집게차)을 사용한 작업",『이동식 크레인에 작업대를 장착하는 등 불법 구조변경』하여 사용하다가 작업대가 이탈되면서 떨어짐,"▶ 기준에 적합한 고소작업대 등을 사용하여 고소 작업 실시
▶ 임의로 구조를 변경하여 탑승대를 설치하는 등 기준에 적합하지 않은 방법으로 설비 개조를 금지하는 규정 마련"
2016-72-11-001,제조업,기계기구·금속·비금속광물제품제조업,자동차부분품제조업,"2016년 3월경 자동차 부분품 생산작업 중, 너클 완체결 머신이 자동 작동되어 상판구동부와 조작판넬 사이에 몸이 끼어 사망",자동화설비(너클 완체결 머신),비정형 작업(이물질 제거·청소),"『설비에 안전장치가 설치되어 있지 않거나, 설치된 안전장치를 무력화한 상태』로 사용하던 중 말리거나 끼임","▶ 방호장치 작동불량 등 이상시 관리감독자 등에게 선보고 및 조치 후 작업 재개가 당연한 안전문화 구축　
▶ 작업 전 광전자식 방호장치 정상 여부 확인 "
2016-72-11-002,제조업,기계기구·금속·비금속광물제품제조업,석재및석공품제조업,2016년 3월경 재해자가 석재가공품 상차 작업 중 적재함과 석재품 사이에 받침목을 받치는 작업 후 차량 주변에서 대기 중 석재품이 재해자 쪽으로 떨어지면서 재해자를 충격하여 병원치료 중 사망,적재물(석재),상하차 작업 또는 적재된 화물,『화물의 무게가 한쪽으로 치우쳐진 상태 등』 적재상태가 불량한 화물이 무너지면서 맞거나 깔림,"▶ 전도·낙하 방지를 위해 중량물 제거 후 작업
▶ 중량물 고정 실시 후 수리작업 실시"
2016-72-11-003,제조업,기계기구·금속·비금속광물제품제조업,농업용기계제조업,2016년 3월경 작업장 내에서 현미분리기의 등력전달판 수리를 위해 지게차 포크에 받침목을 대고 동력전달판을 올려 놓고 포크를 상승하던 중 받침목이 부러져 동력전달판이 지게차 주변에서 수신호를 하는 재해자의 이마로 떨어져 깔려 사망,지게차,지게차를 사용하는 작업,『화물을 지지하던 물체가 파손』되어 화물이 무너지면서 그 아래 깔림,"▶ 깔림 방지를 위해 중량물 제거 후 작업
▶ 중량물 지지대 설치 후 수리·교체작업 실시"
2016-72-11-004,광업,석회석·금속·비금속광업및기타광업,쇄석채취업,2016년 4월경 OO사업장 석산 상층부에서 재해자가 천공기를 운전하여 이동하던 중 지반이 무너져 석산 아래로 떨어져 사망,암석/암반,건설기계를 사용하는 작업,『차량의 지지면 등 지반』이 무너지면서 차량이 넘어가거나 떨어짐,▶ 차량 작업구역과 이동 경로를 점검하여 안전하게 작업할 수 있는 구역 확보
2016-72-11-005,제조업,기계기구·금속·비금속광물제품제조업,제강압연업,2016년 5월경 재해자가 대형압연공장 적치장에서 3단으로 적치되어 있던 ROLL 상부에 올라가 에어건으로 청소작업 중 미끄러지면서 2.2m 아래로 추락하여 병원치료 중 사망,분류 불가,"설비 위, 지붕 등 높은 장소에서의 작업",『작업을 위해 밟고 있던 구조물이 파손되거나 균형을 잃기 쉬운 불안한 자세』로 작업하여 넘어지거나 떨어짐,"▶ 안전난간이 설치된 작업발판을 설치·사용
▶ 고소작업대 사용 또는 3.5m미만은 A자형 사다리 사용(2인1조) 관리
▶ 안전대 및 안전모 지급·착용 등 관리감독자 확인"
2016-72-11-007,제조업,기계기구·금속·비금속광물제품제조업,자동차제조업,2016년 7월경 폐수처리장 변전실에서 재해자와 동료가 저압부 말단 전압(440V)측정 작업 중 3.3KV 큐비클 내 선간단락사고로 인한 전기 아크에 의해 재해자가 전신3도 화상을 입고 병원치료 중 사망,전기충전부,전기설비 취급 작업,『전원을 차단하지 않은 상태』에서 노출된 충전부에 접촉하여 감전,"▶ 정전작업 후 전기점검 및 조작 실시
▶ 활선작업용기구·장치  사용 및 절연용 보호구 착용"
2016-72-11-008,제조업,기계기구·금속·비금속광물제품제조업,철근콘크리트제품제조업,2016년 8월경 재해자가 작업준비 중 몰드를 운반하는 전도기 암(Arm)에 눌려 사망,생산설비(전도기),자동화 설비 작업,"『주변 설비의 움직임을 인지하지 못하거나, 안전거리를 확보하지 않고 작업』 하여 작동하는 설비에 부딪히거나, 말림·끼임","▶ 같은 장소에서 이루어지는 도급인과 수급인의 작업 혼재 시 재해 발생 예방을 위한 의사 전달 체계 수립
▶ 안전작업허가제도로 작업 전·중·후 안전확보 상태 지속 확인"
2016-81-11-001,제조업,선박건조및수리업,강선건조또는수리업,2015년 12월경 OO사업장 조립 공정에서 재해자가 가용접된 수직 부재를 이동하는 중 자재가 넘어지면서 아래에 깔려 사망,가공물(블록 부재),용접·절단·사상 또는 도장 작업,『매달아 올리거나 적재 상태가 불량한 물체』가 떨어지거나 무너지면서 맞거나 깔림,"▶ 주변의 중량물로 인한 깔림 방지를 위해 중량물 제거 후 작업
▶ 중량물 지지대 설치 후 수리·교체작업 실시"
2016-81-11-003,제조업,선박건조및수리업,강선건조또는수리업,2016년 2월경 OO사업장 선박에서 재해자가 용접 작업 중 안전대를 체곌하지 않아 24미터 아래로 떨어져 사망,고소작업대(시저형/렌탈),고소작업대 사용 작업,『안전난간의 설치상태가 불량하거나 없는 상태』에서 주변 구조물 또는 생명줄에 안전대를 체결하지 않아 떨어짐,"▶ 지붕 재질 확인 및 하중 분산용 작업발판 설치 후 작업
▶ 지붕 파손 대비 공장 내부에 추락방호망 설치
▶ 지붕 끝단부에 안전난간 설치"
2016-81-11-004,제조업,선박건조및수리업,강선건조또는수리업,2016년 2월경 OO사업장 제품 검사 현장에서 재해자의 주변에 설치된 구조물이 넘어지면서 아래에 깔려 사망,적재물(리프팅 프레임),상하차 작업 또는 적재된 화물,『매달아 올리거나 적재 상태가 불량한 물체』가 떨어지거나 무너지면서 맞거나 깔림,"▶ 주변의 중량물로 인한 깔림 방지를 위해 중량물 제거 후 작업
▶ 중량물 지지대 설치 후 수리·교체작업 실시"
2016-31-11-003,제조업,기계기구·금속·비금속광물제품제조업,일반산업용기계장치제조업,2016년 3월경 사업장 시험실내에서 재해자가 일반작업용 리프트를 설치하는 작업 중 2층 바닥 개구부에서 약 5.1m 아래로 추락하여 사망,분류 불가,리프트 관련 작업,『리프트의 출입문(도어)을 해체한 상태』에서 점검 및 수리작업 중 출입금지조치가 되어있지 않은 개구부(승강로)로 떨어짐,"▶ 각층 출입문에 인터록장치 등 연동장치 설치
▶ 승강로 주변은 방호울 등으로 밀폐 조치"
2016-81-11-007,제조업,기계기구·금속·비금속광물제품제조업,자동차및모터사이클수리업,"2016년 3월경 폐차장 작업장에서 재해자가 연료탱크 내 잔유(휘발유)를 플라스틱 용기에 담던 중 원인미상의 점화원에 의한 화재 발생, 재해자가 화상을 입고 병원치료 중 사망",인화성물질(휘발유),위험물질 취급 또는 그 장소에서 수행하는 작업,"『작업장소에서 취급하는 위험물질 및 관리되지 않는 점화원(아크, 정전기 등)』으로 인해 화재·폭발","▶ 위험장소 주변 용접 및 사상작업 금지 등 점화원 관리
▶ 용접불티 비산방지덮개 또는 용접방화포 조치"
2016-81-11-008,제조업,기계기구·금속·비금속광물제품제조업,용융도금업,2016년 4월경 작업장에서 재해자가 전기 크롬 도금조 내부에서 도금조 바닥면에 FRP 보수작업 중 화재가 발생하여 화상을 입어 사망,인화성물질,위험물질 취급 또는 그 장소에서 수행하는 작업,"『작업장소에서 취급하는 위험물질 및 관리되지 않는 점화원(아크, 정전기 등)』으로 인해 화재·폭발","▶ 위험장소 주변 용접 및 사상작업 금지 등 점화원 관리
▶ 용접불티 비산방지덮개 또는 용접방화포 조치"
2016-81-11-009,제조업,선박건조및수리업,강선건조또는수리업,2016년 4월경 OO사업장 도장공장에서 재해자가 고소작업차를 타고 후진으로 이동 중 블록 구조물 사이에 끼여 사망,고소작업대(굴절식),고소작업대 사용 작업,"『차량운행 중 차량의 진행방향 및 사각지대를 확인하지 않아』근로자가 작업차량에 깔리거나, 주변 구조물과 작업차량 사이에 끼임","▶ 지게차 이용 중량물 취급에 대한 작업계획서 작성(작업방법, 운행경로, 근로자와 지게차 혼재 작업 여부 등)
▶ 혼재 작업 시 작업지휘자 또는 유도자 배치"
2016-81-11-010,제조업,기계기구·금속·비금속광물제품제조업,일반산업용기계장치제조업,2016년 4월경 공장 내 집진기 안전발판 교체공사 중 재해자가 작업 중 집진기 인접 구조물 지붕(슬레이트)가 파손되면서 높이 7.0m 아래로 떨어져 사망,분류 불가,"설비 위, 지붕 등 높은 장소에서의 작업",『작업을 위해 밟고 있던 구조물이 파손되거나 균형을 잃기 쉬운 불안한 자세』로 작업하여 넘어지거나 떨어짐,"▶ 안전난간이 설치된 작업발판을 설치·사용
▶ 고소작업대 사용 또는 3.5m미만은 A자형 사다리 사용(2인1조) 관리
▶ 안전대 및 안전모 지급·착용 등 관리감독자 확인"
2016-81-11-011,제조업,선박건조및수리업,강선건조또는수리업,2016년 4월경 OO사업장 건설장비 조립공장에서 재해자가 굴삭기 유압호스 변경작업 중 타작업자가 설비를 작동시켜 설비사이에 끼여 사망,굴착기(백호우),비정형 작업(정비·보수),『정비작업 중 작업자 외 근로자가 설비를 가동』하여 갑자기 작동된 설비에 말리거나 끼임,"▶ 생산 설비의 불시 가동을 방지하기 위한 LOTO(Lock Out_잠금장치, Tag Out_점검 중 꼬리표)제도 시행
▶ 관리감독자 확인 의무 부여"
2016-81-11-012,제조업,선박건조및수리업,강선건조또는수리업,2016년 4월경 OO사업장 생산 공정 내에서 재해자가 작업 중 이동하던 지게차에 깔려 사망,지게차,지게차를 사용하는 작업,근로자와 작업차량 간 『혼재작업 장소에서 근로자 이동과 작업차량 운행을 통제하지 않은 상태』에서 근로자가 작업차량에 부딪히나 깔림 또는 주변 구조물과 작업차량 사이에 끼임,"▶ 지게차 이용 중량물 취급에 대한 작업계획서 작성(작업방법, 운행경로, 근로자와 지게차 혼재 작업 여부 등)
▶ 혼재 작업 시 작업지휘자 또는 유도자 배치"
2016-81-11-014,제조업,선박건조및수리업,강선건조또는수리업,2016년 4월경 OO사업장 선박 제조 공정에서 재해자가 휴대용 연삭기로 작업 중 다리를 베어 과다출혈로 사망,수공구(핸드그라인더),그라인더 등 수공구를 사용하는 작업,보호구를 착용하지 않은 상태에서 『튕겨나온 가공날 또는 가공물』에 눈을 찔리거나 머리를 맞음,"▶ 선반가공 시 척, 방진구 및 심압대 체결상태 확인 및 갇독 철저
▶ 칩 브레이커 등 설치·사용
▶ 보안경/보안면 등 안면보호구 착용"
2016-81-11-015,제조업,선박건조및수리업,강선건조또는수리업,2016년 4월경 OO사업장 도장 공장에서 재해자가 사다리를 이용하여 페인트를 운반하던 중 약 5미터 아래로 떨어져 사망,사다리(고정식),사다리를 이용한 작업 또는 통행,『무겁거나 부피가 큰 물건을 들고 무리하게 사다리를 오르내려』 균형을 잃고 떨어짐,"▶ 사다리 시용금지 및 고소작업대 사용
▶ 중량물을 소분화하고 체인블럭 등 운반기구 사용하여 운반"
2016-81-11-016,제조업,목재및종이제품제조업,골판지및종이용기제조업,2016년 5월 종이포장지 제조 공장에서 재해자가 원재료 자동급지장치의 리프트와 프레임 사이에 끼임,자동화설비[자동급지장치(Automatic Sheet Feeder)],자동화 설비 작업,"『주변 설비의 움직임을 인지하지 못하거나, 안전거리를 확보하지 않고 작업』 하여 작동하는 설비에 부딪히거나, 말림·끼임","▶ 같은 장소에서 이루어지는 도급인과 수급인의 작업 혼재 시 재해 발생 예방을 위한 의사 전달 체계 수립
▶ 안전작업허가제도로 작업 전·중·후 안전확보 상태 지속 확인"
2016-81-11-017,제조업,선박건조및수리업,강선건조또는수리업,2016년 5월경 OO사업장 선박 블록 현장에서 재해자가 이동하던 중 넘어지는 고소작업대에 깔려 사망,고소작업대(굴절식),고소작업대 사용 작업,『작업대를 상승시킨 상태에서 이동하거나 작업중 변하는 무게중심』에 의해 고소작업대가 넘어지면서 작업자가 떨어짐,"▶ 고소작업대 작업발판 주변 안전난간 수리
▶ 작업발판 외부로 신체 이탈작업 금지"
2016-81-11-018,제조업,섬유및섬유제품제조업,표백및염색가공업,2016년 5월 사업장 내 설치된 일반작업용 리프트를 이용하던 재해자가 리프트에 원단을 적재하고 구동버튼을 누르는 순간 운반구를 지탱하던 리프트 체인이 파단되어 운반구가 떨어지면서 운반구와 2층 자재창고 바닥 사이에 끼인 후 1층으로 떨어짐(약 6m),리프트(일반작업용),리프트 관련 작업,"설비를 정기적으로 유지·관리 및 점검하지 않아 『설비의 주요 구조부분(용접부, 볼트 등)에 균열·변형·부식·마모·탈락 등이 발생』하여 재해발생 위험",▶ 설비·구조물 상태 정기적 점검 및 예방 관리
2016-81-11-019,제조업,선박건조및수리업,콘크리트또는플라스틱선박건조및수리업,2016년 6월경 OO사업장 선박 블록 현장에서 재해자가 블록 상부에 작업발판을 설치하는 중 8미터 아래로 떨어져 사망,분류 불가,"설비 위, 지붕 등 높은 장소에서의 작업",『작업을 위해 밟고 있던 구조물이 파손되거나 균형을 잃기 쉬운 불안한 자세』로 작업하여 넘어지거나 떨어짐,"▶ 안전난간이 설치된 작업발판을 설치·사용
▶ 고소작업대 사용 또는 3.5m미만은 A자형 사다리 사용(2인1조) 관리
▶ 안전대 및 안전모 지급·착용 등 관리감독자 확인"
2016-81-11-021,제조업,기계기구·금속·비금속광물제품제조업,배관공사용부속품제조업,2016년 6월경 재해자가 액압식 프레스 상부에 있는 작동유 보충 작업 중 몸의 중심을 잃고 높이 12.68m 아래로 떨어져 사망,생산설비(프레스),"설비 위, 지붕 등 높은 장소에서의 작업",『작업을 위해 밟고 있던 구조물이 파손되거나 균형을 잃기 쉬운 불안한 자세』로 작업하여 넘어지거나 떨어짐,"▶ 안전난간이 설치된 작업발판을 설치·사용
▶ 고소작업대 사용 또는 3.5m미만은 A자형 사다리 사용(2인1조) 관리
▶ 안전대 및 안전모 지급·착용 등 관리감독자 확인"
2016-81-11-022,제조업,기계기구·금속·비금속광물제품제조업,금속가공기계제조업,2016년 7월경 선박 조립장에서 재해자가 수직부재를 주판에 취부하는 과정에서 레버풀러를 이용하여 수직부재를 당기다가 수직부재가 넘어지면서 깔려 사망,적재물(수직부재),상하차 작업 또는 적재된 화물,『매달아 올리거나 적재 상태가 불량한 물체』가 떨어지거나 무너지면서 맞거나 깔림,"▶ 주변의 중량물로 인한 깔림 방지를 위해 중량물 제거 후 작업
▶ 중량물 지지대 설치 후 수리·교체작업 실시"
2016-81-11-023,제조업,화학및고무제품제조업,플라스틱가공제품제조업,2016년 7월경 OO사업장 압출작업장에서 재해자가 점검을 위해 A형 사다리에 올라가 작업 중 3미터 아래로 떨어져 사망,사다리(이동식/A형),사다리를 이용한 작업 또는 통행,『사다리 위에 올라가 작업』하던 중 균형을 잃고 머리부터 바닥으로 떨어짐,"▶ 3.5m 미만 작업 시 A자형 사다리만 사용(2인1조)
▶ 아웃트리거 설치 및 안전대, 안전모 등 개인보호구 착용"
2016-81-11-024,제조업,선박건조및수리업,강선건조또는수리업,2016년 7월경 OO사업장 해양 설비 제작공정에서 재해자가 이동식 계단을 통해 이동 중 20미터 아래로 추락하여 사망,분류 불가,작업장소 통행/이동,『설비를 밟고 올라 이동하거나 설비 사이를 뛰어넘어 이동』하다가 구조물에 다리가 걸려 넘어지거나 균형을 잃고 떨어짐,"▶ 추락위험구간에 안전난간 추가 설치
▶ 출하장소를 추락위험이 없는 장소로 위치 변경"
2016-81-11-025,제조업,선박건조및수리업,강선건조또는수리업,2016년 6월경 OO사업장 선박 제조공정에서 재해자가 체인블록에 매달린 설비 위에서 작업 중 설비가 파손되며 2미터 아래로 추락하여 부상,운반물(차량테크),"크레인(천장주행, 갠트리, 지브 등) 사용 작업",『운반하는 물체를 밟고 올라선 상태』에서 줄걸이 체결 또는 줄걸이 상태를 확인하다 균형을 잃고 떨어짐,"▶ 안전난간이 설치된 작업발판을 설치·사용
▶ 적재장소 주변 안전난간 적정 설치상태 관리
▶ 안전대 및 안전모 지급·착용 등 관리감독자 확인"
2016-81-11-026,제조업,섬유및섬유제품제조업,의복및장신품등의제조업,2016년 7월 섬유제조공장에서 재해자가 건식코팅 원단접착작업을 수행하던 중 냉각롤 사이에 머리가 끼임,기타 설비(코팅기/냉각롤),비정형 작업(이물질 제거·청소),"『설비에 안전장치가 설치되어 있지 않거나, 설치된 안전장치를 무력화한 상태』로 사용하던 중 말리거나 끼임","▶ 방호장치 작동불량 등 이상시 관리감독자 등에게 선보고 및 조치 후 작업 재개가 당연한 안전문화 구축　
▶ 작업 전 광전자식 방호장치 정상 여부 확인 "
2016-81-11-027,제조업,선박건조및수리업,강선건조또는수리업,2016년 7월경 OO사업장 선박 제조공정에서 재해자가 안전난간 철거 작업 중 몸의 균형을 잃고 해상으로 떨어져 사망,분류 불가,"설비 위, 지붕 등 높은 장소에서의 작업",『작업을 위해 밟고 있던 구조물이 파손되거나 균형을 잃기 쉬운 불안한 자세』로 작업하여 넘어지거나 떨어짐,"▶ 안전난간이 설치된 작업발판을 설치·사용
▶ 고소작업대 사용 또는 3.5m미만은 A자형 사다리 사용(2인1조) 관리
▶ 안전대 및 안전모 지급·착용 등 관리감독자 확인"
2016-81-11-028,제조업,수제품및기타제품제조업,기타각종제조업,2016년 8월 광고업체 소속 재해자가 도금공장 외벽 간판설치를 위하여 공장 상부 슬레이트 지붕 위에 올라 이동하던 중 지붕이 파손되어 떨어짐(약 8.7m),지붕·대들보(슬레이트),"설비 위, 지붕 등 높은 장소에서의 작업",『작업을 위해 밟고 있던 구조물이 파손되거나 균형을 잃기 쉬운 불안한 자세』로 작업하여 넘어지거나 떨어짐,"▶ 안전난간이 설치된 작업발판을 설치·사용
▶ 고소작업대 사용 또는 3.5m미만은 A자형 사다리 사용(2인1조) 관리
▶ 안전대 및 안전모 지급·착용 등 관리감독자 확인"
2016-81-11-029,제조업,선박건조및수리업,강선건조또는수리업,2016년 7월경 OO사업장 선박 제조공정에서 재해자가 탱크 내부 청소 작업을 수행 중 18미터 아래로 추락하여 사망,분류 불가,"설비 위, 지붕 등 높은 장소에서의 작업",『작업을 위해 밟고 있던 구조물이 파손되거나 균형을 잃기 쉬운 불안한 자세』로 작업하여 넘어지거나 떨어짐,"▶ 안전난간이 설치된 작업발판을 설치·사용
▶ 고소작업대 사용 또는 3.5m미만은 A자형 사다리 사용(2인1조) 관리
▶ 안전대 및 안전모 지급·착용 등 관리감독자 확인"
2016-81-11-031,제조업,기계기구·금속·비금속광물제품제조업,금속가공기계제조업,2016년 8월경 재해자가 유압프레스 출고를 위해 슬라이드 고정 작업 중 휴대형 유압잭(쟈키) 상부 파이프가 넘어지면서 낙하하는 슬라이드와 불스터 사이에 머리 및 상체가 끼어 사망,생산설비(프레스),인력 운반 작업,『화물의 무게가 한쪽으로 치우쳐진 상태 등』 적재상태가 불량한 화물이 무너지면서 맞거나 깔림,"▶ 전도·낙하 방지를 위해 중량물 제거 후 작업
▶ 중량물 고정 실시 후 수리작업 실시"
2016-81-11-032,제조업,수제품및기타제품제조업,기타각종제조업,2016년 8월 주유소에서 재해자가 차량탑재형 고소작업대에 탑승하여 간판 철거작업을 하던 중 무게중심을 잃고 지면으로 떨어짐(약 4.5m),고소작업대(차량탑재형/스카이),고소작업대 사용 작업,『안전난간의 설치상태가 불량하거나 없는 상태』에서 주변 구조물 또는 생명줄에 안전대를 체결하지 않아 떨어짐,"▶ 지붕 재질 확인 및 하중 분산용 작업발판 설치 후 작업
▶ 지붕 파손 대비 공장 내부에 추락방호망 설치
▶ 지붕 끝단부에 안전난간 설치"
2016-81-11-033,제조업,수제품및기타제품제조업,기타각종제조업,2016년 8월 아스콘 생산공장 원석 파쇄공정에서 재해자가 골재 운반용 벨트컨베이어 하부 세골재를 제거(청소)하는 작업 중 컨베이어 벨트와 안내롤러 사이에 왼팔이 말림,컨베이어,비정형 작업(이물질 제거·청소),『설비를 정지시키지 않거나 전원을 차단하지 않은 상태』에서 정비·보수·청소 등의 작업을 하다가 끼이거나 말림,"▶ 설비 가동중 이물질 제거 등이 발생할 수 있는 생산작업을 분석하고 근원적 접근방지대책 수립
▶ 끼임재해 우려가 있어 가동정지 후 작업이 필요한 설비 목록화→LOTO(Lock Out,  Tag Out) 대상 확정·시행 
▶ 작업 절차에 대해 근로자 교육실시"
2016-81-11-034,제조업,선박건조및수리업,강선건조또는수리업,2016년 9월경 OO사업장 선박 제조공정에서 재해자가 크레인에 인양된 중량물의 이동을 위해 하부 보강재 절단 작업을 하던 중 인양화물이 넘어지면서 그 아래에 깔려 사망,운반물(모듈유닛),용접·절단·사상 또는 도장 작업,『매달아 올리거나 적재 상태가 불량한 물체』가 떨어지거나 무너지면서 맞거나 깔림,"▶ 주변의 중량물로 인한 깔림 방지를 위해 중량물 제거 후 작업
▶ 중량물 지지대 설치 후 수리·교체작업 실시"
2016-81-11-035,제조업,선박건조및수리업,강선건조또는수리업,2016년 9월경 OO사업장 선박 제조공정에서 재해자가 도장작업을 위해 천장주행 크레인의 점검대에 탑승하여 공장 벽면으로 이동하던 중 크레인 새들 하부와 점검대 상부 난간 사이에 끼여 사망,크레인(천장주행크레인),"크레인(천장주행, 갠트리, 지브 등) 사용 작업",작업자 간 『작업 상황에 대해 의사소통을 하지 않고 작업』을 실시해 운반하는 물체에 부딪히거나 깔림 또는 주변 구조물과 운반하는 물체 사이에 끼임,"▶ 작업자 간 신호체계 통일 및 숙지 조치
▶ 중량물 취급 시 보조운반기구 사용"
2016-81-11-036,기타의사업,도소매·음식·숙박업,음식및숙박업,2016년 9월경 OO호텔 승강기 하부 피트에 승강기 문 사이로 빠진 고객의 물건을 회수하기 위해 점검용 사다리를 이용해 아래로 내려가던 중 1.8미터 아래로 떨어져 사망,사다리(고정식),사다리를 이용한 작업 또는 통행,사다리 사용 시 『미끄러운 상태의 신발 또는 사다리 발판때문에 실족』하여 떨어짐,"▶ 고정형 계단을 설치하여 통행토록 조치
▶ A자형 사다리 사용 시 2인1조 및 아웃트리거 설치
▶ 운동화 착용 금지 및 안전화 착용"
2016-81-11-037,제조업,선박건조및수리업,강선건조또는수리업,2016년 10월경 OO사업장 선박 제조공정에서 재해자가 천장크레인의 아래에서 작업 중 인양화물과 설비 사이에 끼여 사망,운반물(앵글 다발),"크레인(천장주행, 갠트리, 지브 등) 사용 작업",『운반하는 물체의 이동경로에 근로자의 출입을 통제하지 않아』 부딪히거나 주변 구조물과 운반물 사이에 끼임,"▶ 지게차 이용 중량물 취급에 대한 작업계획서 작성(작업방법, 운행경로, 근로자와 지게차 혼재 작업 여부 등)
▶ 혼재 작업 시 작업지휘자 또는 유도자 배치"
2016-81-11-038,제조업,선박건조및수리업,강선건조또는수리업,2016년 10월경 OO사업장에서 재해자가 작업장에서 이동 중 운행 중인 굴삭기 아래에 깔려 사망,굴착기(백호우),건설기계를 사용하는 작업,『근로자와 작업차량 간 이동동선(통행로)를 구분하지 않은 상태』에서 근로자가 작업차량에 부딪히거나 깔림 또는 주변 구조물과 차량사이에 끼임,"▶ 주문량 증가로 제품 적재공간 확대에 따라 지게차 작업구역이 확대, 지게차 운행 구역과 근로자 작업장소를 별도로 구획 실시
▶ 지게차 이용 중량물 취급에 대한 작업계획서 작성(작업방법, 운행경로, 근로자와 지게차 혼재 작업 여부 등)
▶ 혼재 작업 시 작업지휘자 또는 유도자 배치"
2016-81-11-039,제조업,선박건조및수리업,강선건조또는수리업,2016년 10월경 OO사업장 선박 제조공정에서 재해자가 건조중인 선박 내 맨홀 덮개 17미터 아래로 떨어져 사망,분류 불가,"설비 위, 지붕 등 높은 장소에서의 작업",『작업을 위해 밟고 있던 구조물이 파손되거나 균형을 잃기 쉬운 불안한 자세』로 작업하여 넘어지거나 떨어짐,"▶ 안전난간이 설치된 작업발판을 설치·사용
▶ 고소작업대 사용 또는 3.5m미만은 A자형 사다리 사용(2인1조) 관리
▶ 안전대 및 안전모 지급·착용 등 관리감독자 확인"
2016-81-11-040,제조업,선박건조및수리업,강선건조또는수리업,2016년 11월경 OO사업장 선박 제조공정에서 재해자가 건조중인 선박 내 탱크의 배수펌프 철거 작업 중 통로 5미터 아래로 떨어져 사망,분류 불가,"설비 위, 지붕 등 높은 장소에서의 작업",『작업을 위해 밟고 있던 구조물이 파손되거나 균형을 잃기 쉬운 불안한 자세』로 작업하여 넘어지거나 떨어짐,"▶ 안전난간이 설치된 작업발판을 설치·사용
▶ 고소작업대 사용 또는 3.5m미만은 A자형 사다리 사용(2인1조) 관리
▶ 안전대 및 안전모 지급·착용 등 관리감독자 확인"
2016-81-11-041,제조업,선박건조및수리업,강선건조또는수리업,2016년 11월경 OO사업장 선박 제조공정에서 재해자가 장비 점검 중 축전지가 포함된 설비 내부에서 폭발이 발생하여 폭발 압력으로 날아오는 설비에 맞아 사망,가공물(축전지),위험물질 취급 또는 그 장소에서 수행하는 작업,『위험물질을 파악 및 제거하지 않은 상태』에서 작업하여 화재·폭발·누출로 인한 재해발생 위험,"▶ 위험물질에 대한 MSDS 비치 및 근로자 교육
▶ 공급원재료의 종류, 공급되는 설비명 표시
▶ 가스검지 및 경보장치·긴급차단장치 및 방유제 설치"
2016-81-11-043,제조업,기계기구·금속·비금속광물제품제조업,선재제품제조업,2016년 12월경 재해자가 신선기의 철선 용접 및 다이스를 교체한 후 재가동 하는 과정에서 신선기 드럼 철선 처짐을 조정하기 위해 정리하던 중 장갑이 회전하는 신선기 드럼과 철선 사이에 몸이 말려 들어가 사망,생산설비(신선기),비정형 작업(이물질 제거·청소),『말릴 위험이 있는 옷이나 장갑을 착용하고 회전축에 근접하여 작업』해 손이나 팔이 말려 절단,"▶ 목장갑 등 사용 시 손이 말려 들어갈 위험이 있음을 근로자에게 교육하고, 밀착형 가죽장갑 등을 지급하여 착용하도록 조치"
2016-81-11-044,제조업,기계기구·금속·비금속광물제품제조업,금속가공기계제조업,2016년 12월경 전동호이스트 품질 테스트용 시설물을 설치하던 중 H빔 구조물을 상승시키는 과정에서 달기체인 훅 하나가 구조물 상부에 걸려 구조물이 넘어지면서 재해자가 깔려 사망,줄걸이기구(훅),"크레인(천장주행, 갠트리, 지브 등) 사용 작업",운반하는 물체 또는 주변 구조물 등에 의해 『설비 조작자의 시야가 확보되지 않은 상태에서 운반』하여 다른 구조물에 부딪히거나 그 사이에 끼임,"▶ 이송방향 전면에서 조작 및 시야 확보가 가능한 정도의 물량 운반
▶ 신호수를 배치하여 신호에 따라 운반작업 실시"
2016-81-21-010,기타의사업,기타의각종사업,건설업본사,2016년 5월경 OO공사 현장의 강관비계에 올라 전기작업을 하던 재해자가 5.8미터 아래로 추락하여 사망,분류 불가,"설비 위, 지붕 등 높은 장소에서의 작업",『설비 구조물을 밟고 올라서거나 난간이 없는 작업대 위』에서 불안전한 자세로 작업하다 떨어짐,"▶ 추락위험구간에 안전난간 추가 설치
▶ 출하장소를 추락위험이 없는 장소로 위치 변경"
2016-81-31-001,제조업,기계기구·금속·비금속광물제품제조업,일반산업용기계장치제조업,"2016년 2월경 도금업체에서 재해자가 약 2m 정도의 배관을 TIG용접을 하던 중 배관안에서 쓰러져 동료 작업자가 발견, 병원으로 이송후 사망",유해가스(아르곤가스),용접·절단·사상 또는 도장 작업,『취급하는 물질이 배관·호스·용기 등에서 누출』되어 화학물질 접촉·질식 또는 화재·폭발,"▶ 위험물질에 대한 MSDS 비치 및 근로자 교육
▶ 공급원재료의 종류, 공급되는 설비명 표시
▶ 가스검지 및 경보장치·긴급차단장치 및 방유제 설치"
2016-81-42-002,제조업,섬유및섬유제품제조업,직물업,2016년 5월 합성수지 제조공장에서 원료 배합 작업 중 온도조절 실패로 끓어오른 배합물을 수거하던 재해자가 배합물 내 메탄올과 기기 전원부 판넬 내부 전기점화원이 접촉하여 발생한 화재에 전신화상,인화성물질(메탄올),위험물질 취급 또는 그 장소에서 수행하는 작업,"『작업장소에서 취급하는 위험물질 및 관리되지 않는 점화원(아크, 정전기 등)』으로 인해 화재·폭발","▶ 위험장소 주변 용접 및 사상작업 금지 등 점화원 관리
▶ 용접불티 비산방지덮개 또는 용접방화포 조치"
2016-81-42-004,제조업,화학및고무제품제조업,기타화학제품제조업,2016년 7월경 OO사업장 반응공정에서 재해자가 작업 중 인근의 반응기에서 인화성액체가 누출되어 폭발 및 화재가 발생하여 사망,인화성물질,위험물질 취급 또는 그 장소에서 수행하는 작업,『취급하는 물질이 배관·호스·용기 등에서 누출』되어 화학물질 접촉·질식 또는 화재·폭발,"▶ 위험물질에 대한 MSDS 비치 및 근로자 교육
▶ 공급원재료의 종류, 공급되는 설비명 표시
▶ 가스검지 및 경보장치·긴급차단장치 및 방유제 설치"
2016-81-42-005,제조업,화학및고무제품제조업,기타화학제품제조업,2016년 8월경 OO사업장 삼불화질소 제조공정에서 재해자가 펌프 교체를 위해 예비펌프를 작동하는 순간 폭발하여 7명의 근로자가 부상을 입음,화학물질(삼불화질소),위험물질 취급 또는 그 장소에서 수행하는 작업,『작업장소 또는 그 주변엥서 취급하는 위험물질을 파악 및 제거하지 않은 상태』에서 작업하여 화재·폭발·질식 위험,"▶ 위험물질에 대한 MSDS 비치 및 근로자 교육
▶ 공급원재료의 종류, 공급되는 설비명 표시
▶ 가스검지 및 경보장치·긴급차단장치 및 방유제 설치"
2016-81-42-008,제조업,화학및고무제품제조업,화약및성냥제조업,2015년 12월경 OO사업장 최루 연막탄 제조공정에서 재해자가 원료 혼합 작업 중 화재가 발생하여 화상을 입음,인화성물질,위험물질 취급 또는 그 장소에서 수행하는 작업,"『작업장소에서 취급하는 위험물질 및 관리되지 않는 점화원(아크, 정전기 등)』으로 인해 화재·폭발","▶ 위험장소 주변 용접 및 사상작업 금지 등 점화원 관리
▶ 용접불티 비산방지덮개 또는 용접방화포 조치"
2016-81-51-002,기타의사업,시설관리및사업지원서비스업,위생및유사서비스업,2016년 4월경 OO소각장에서 재해자가 작업차량(압착식진개차)의 적재함 문(파카)과 적재함 사이에 끼어 사망,화물운반트럭(청소차량/압착식진개차),도로 청소 등 환경미화 작업,작업자 간 『작업 상황에 대해 의사소통을 하지 않고 작업』을 실시해 운반하는 물체에 부딪히거나 깔림 또는 주변 구조물과 운반하는 물체 사이에 끼임,"▶ 작업자 간 신호체계 통일 및 숙지 조치
▶ 중량물 취급 시 보조운반기구 사용"
2016-81-51-003,운수창고통신업,육상및수상운수업,여객자동차운수업,2016년 7월경 OO사업장에서 재해자가 계단으로 2층 컨테이너로 올라가던 중 몸의 균형을 잃고 약 2.5m아래로 추락하여 사망,분류 불가,작업장소 통행/이동,"『미끄러운 상태의 바닥(오일, 빙판 등)을 밟거나 바닥의 요철부』에 걸려 넘어지면서 머리를 부딪히거나 떨어짐","▶ 바닥에 존재하는 기름기 등 제거 조치
▶ 유분 비산을 방지하기 위한 가림판 설치"
2016-81-51-004,기타의사업,도소매·음식·숙박업,도소매및소비자용품수리업,2016년 12월경 OO사업장 창고에서 재해자가 컨테이너 차량 입구에 사다리를 설치하고 그 위에 올라서 원자재 하차 작업을 하던 중 균형을 잃고 1.8m 아래 바닥으로 떨어져 사망,사다리(이동식/일자형),사다리를 이용한 작업 또는 통행,『무겁거나 부피가 큰 물건을 들고 무리하게 사다리를 오르내려』 균형을 잃고 떨어짐,"▶ 사다리 시용금지 및 고소작업대 사용
▶ 중량물을 소분화하고 체인블럭 등 운반기구 사용하여 운반"
2016-82-11-001,제조업,기계기구·금속·비금속광물제품제조업,기타금속제품제조업또는금속가공업,2016년 1월경 용접 가공작업장에서 재해자가 용접작업 종료 후 제품 운반을 위해 러그와 홀을 통해 줄걸이(벨트슬링) 작업을 한 뒤 제품 윗면의 홀에서 내려오던 중 제품과 함께 넘어지면서 옆에 있던 철골빔과 제품사이에 가슴이 끼어 사망 ,가공물(선박엔진 부분품/에어쿨러 프레임-AFT),상하차 작업 또는 적재된 화물,『적재된 제품·재료 또는 화물 적재함 위에 올라 작업』하던 중 균형을 잃고 떨어짐,"▶ 차량 상부작업 시 작업장소 상부에 안전대 걸이설비 설치·사용
▶ 적재함에 오르내리기 위한 설비 설치·사용
▶ 작업 시 안전대, 안전모 등 보호구 착용"
2016-82-11-002,광업,석회석·금속·비금속광업및기타광업,쇄석채취업,2016년 3월경 OO사업장 토석 채취 작업장에서 재해자가 15톤 덤프트럭에 실린 폐토를 하역하기 위헤 매립장쪽으로 후진하던 중 덤프트럭이 약 12미터 지점에서 떨어지면서 전복되어 운전석에 끼어 사망,화물운반트럭(덤프트럭),건설기계를 사용하는 작업,"작업차량이 『운행경로 상의 지형(급경사, 커브, 바닥의 요철, 지반 등) 또는 구조물』로 인해 떨어지거나 넘어지면서 그 아래 깔림","▶ 주·정차 시 불시 이동방지를 위한 브레이크, 고임목 체결 철저
▶ 작업장 내 바닥 평탄화 및 제한속도 준수
▶ 지게차 운전자격이 있는 지정자에 한해 운전 및 시동키 관리"
2016-82-11-003,제조업,기계기구·금속·비금속광물제품제조업,제강압연업,2016년 3월경 제품 포장공정 내에서 재해자가 연결핀 끼임으로 동작 정지중인 Forming Arm(환봉모임장치) 연결핀 제거 작업 중 연결핀이 빠지면서 환봉모음장치가 하강하여 두부를 강타하여 사망,기타 설비(Forming Arm),비정형 작업(정비·보수),『매달아 올리거나 적재 상태가 불량한 물체』가 떨어지거나 무너지면서 맞거나 깔림,"▶ 주변의 중량물로 인한 깔림 방지를 위해 중량물 제거 후 작업
▶ 중량물 지지대 설치 후 수리·교체작업 실시"
2016-82-11-004,제조업,기계기구·금속·비금속광물제품제조업,각종기계또는동부속품제조업,2016년 6월경 중공업 작업장내에서 재해자가 제작중인 지브크레인 주행장치 상부에서 용접작업 중 불티가 인화성 액체의 증기에 튀어 폭발하면서 3.4m 아래로 추락하여 사망,분류 불가,용접·절단·사상 또는 도장 작업,『불티비산 방지조치가 안된 상태에서 작업』하여 용접·절단 불똥이 주변의 적재물 또는 인화성 물질에 옮겨 붙어 화재 폭발,"▶ 절단기에서 발생하는 불티의 비산 거리 등 비산 반경 분석
▶ 작업구역 내 불티가 비산되지 않도록 절단기 등에 비산방지덮개 및 가연물에 용접방화포 설치"
2016-82-11-005,제조업,기계기구·금속·비금속광물제품제조업,농업용기계제조업,2016년 6월경 단조공장에서 천장주행 크레인을 이용하여 중량물을 하강하여 작업 중 달기체인 훅으로 부터 이탈된 중량물이 넘어지면서 지나가던 재해자 머리를 충격하여 사망,줄걸이기구(훅),"크레인(천장주행, 갠트리, 지브 등) 사용 작업",훅해지장치가 없는 등 『줄걸이가 훅에서 이탈』해 떨어지는 화물에 부딪히거나 깔림,"▶ 인양하중 및 화물의 형태를 고려하여 체인블록의 훅을 선정
▶ 훅과 훅 해지장치 등을 상시 점검하여 사용하고, 이상 시 폐기 처리"
2016-82-11-007,제조업,기계기구·금속·비금속광물제품제조업,각종기계또는동부속품제조업,2016년 7월경 CNC선반과 로봇과의 자동공정에서 재해자가 로봇작동구역 내부로 진입하여 선박 척에 고정된 PIN의 가공상태를 확인하던 중 취출용 로봇이 작동하여 가공품과 로봇 그리퍼 사이에 상체가 끼어 사망,산업용로봇,비정형 작업(점검),『설비를 정지시키지 않거나 전원을 차단하지 않은 상태』에서 정비·보수·청소 등의 작업을 하다가 끼이거나 말림,"▶ 설비 가동중 이물질 제거 등이 발생할 수 있는 생산작업을 분석하고 근원적 접근방지대책 수립
▶ 끼임재해 우려가 있어 가동정지 후 작업이 필요한 설비 목록화→LOTO(Lock Out,  Tag Out) 대상 확정·시행 
▶ 작업 절차에 대해 근로자 교육실시"
2016-82-11-008,제조업,기계기구·금속·비금속광물제품제조업,건설기계또는광산기계및설비품제조업,"2016년 7월경 원자력 공장에서 재해자가 동료들과 크레인을 이용하여 이동식비계를 인양, 슬링체인을 해체한 후 작업발편위에 올려놓고 계단에서 내려오던 중 이동식비계가 넘어져 재해자의 머리를 충격하여 사망",비계(BT아시바/이동식비계),작업장소 통행/이동,『이동동선 상부의 물체』가 떨어져 머리를 맞음,"▶ 위험장소 출입금지용 방책 설치
▶ 하역운반기계 출입문에 비상등·벨 설치
▶ 위험장소에 안전보건표지 부착"
2016-82-11-009,제조업,기계기구·금속·비금속광물제품제조업,각종기계또는동부속품제조업,2016년 7월 공장 내 천정에 설치된 연기감지기 센서 작동여부를 확인하기 위하여 천장주행 크레인 거더 위에서 점검작업을 하던 중 점검위치 조정을 위해 동료가 크레인을 주행하는 순간 7.8m 바닥으로 추락하여 사망,크레인(천장주행크레인),비정형 작업(점검),작업자 간 『작업 상황에 대해 의사소통을 하지 않고 작업』을 실시해 운반하는 물체에 부딪히거나 깔림 또는 주변 구조물과 운반하는 물체 사이에 끼임,"▶ 작업자 간 신호체계 통일 및 숙지 조치
▶ 중량물 취급 시 보조운반기구 사용"
2016-82-11-010,제조업,식료품제조업,육제품또는유제품제조업,2016년 8월 지자체 운영 저온창고 내에서 재해자가 파렛트 위에 적재된 제품에 올라 팽창밸브 교체작업을 하던 중 무게중심을 잃고 떨어짐(약 4m),적재물(파렛트),비정형 작업(정비·보수),『작업을 위해 밟고 있던 구조물이 파손되거나 균형을 잃기 쉬운 불안한 자세』로 작업하여 넘어지거나 떨어짐,"▶ 안전난간이 설치된 작업발판을 설치·사용
▶ 고소작업대 사용 또는 3.5m미만은 A자형 사다리 사용(2인1조) 관리
▶ 안전대 및 안전모 지급·착용 등 관리감독자 확인"
2016-82-11-011,제조업,기계기구·금속·비금속광물제품제조업,각종기계또는동부속품제조업,2016년 10월경 중공업 공장내에서 재해자와 동료작업자가 천장주행 크레인을 이용하여 프레스 부품을 이송하는 작업 중 와이어로프가 파단되면서 프레스 부품이 재해자를 충격하여 사망,크레인(천장주행크레인),"크레인(천장주행, 갠트리, 지브 등) 사용 작업","설비를 정기적으로 유지·관리 및 점검하지 않아 『설비의 주요 구조부분(용접부, 볼트 등)에 균열·변형·부식·마모·탈락 등이 발생』하여 재해발생 위험",▶ 설비·구조물 상태 정기적 점검 및 예방 관리
2016-82-11-012,제조업,섬유및섬유제품제조업,방적제사및화학섬유제품제조업,2016년 10월 섬유공장 내 방적공정에서 재해자가 카드기 실린더 외부에 부착된 바늘을 세우기 위한 연마작업 중 고속 회전하는 스트리퍼 롤러에 옷이 감기면서 롤러와 고정프레임 사이에 끼임,생산설비,가공 설비를 이용한 작업,"『설비에 안전장치가 설치되어 있지 않거나, 설치된 안전장치를 무력화한 상태』로 사용하던 중 말리거나 끼임","▶ 방호장치 작동불량 등 이상시 관리감독자 등에게 선보고 및 조치 후 작업 재개가 당연한 안전문화 구축　
▶ 작업 전 광전자식 방호장치 정상 여부 확인 "
2016-82-11-014,제조업,기계기구·금속·비금속광물제품제조업,선재제품제조업,2016년 피막공정에서 재해자가 2단 적재되어 있는 못이 담겨있는 통(약400kg)을 천장주행 크레인으로 운반도중 통과 피막조 사이에 끼어 사망,크레인(천장주행크레인),"크레인(천장주행, 갠트리, 지브 등) 사용 작업",운반하는 물체 또는 주변 구조물 등에 의해 『설비 조작자의 시야가 확보되지 않은 상태에서 운반』하여 다른 구조물에 부딪히거나 그 사이에 끼임,"▶ 이송방향 전면에서 조작 및 시야 확보가 가능한 정도의 물량 운반
▶ 신호수를 배치하여 신호에 따라 운반작업 실시"
2016-82-11-015,제조업,수제품및기타제품제조업,기타각종제조업,2016년 7월 폐기물처리업체에서 재해자가 작업동에서 휴게실로 걸어가던 중 전기구동 굴삭기의 전원공급타워 부품이 떨어져 재해자의 다리에 맞아 부상,분류 불가,작업장소 통행/이동,『이동동선 상부의 물체』가 떨어져 머리를 맞음,"▶ 위험장소 출입금지용 방책 설치
▶ 하역운반기계 출입문에 비상등·벨 설치
▶ 위험장소에 안전보건표지 부착"
2016-82-11-016,임업,임업,벌목업,2016년 11월경 OO산에서 재해자가 벌목작업을 하던 중 벌도목에 걸쳐있던 나무가 넘어가면서 재해자의 머리를 강타하여 사망,나무(벌도목),벌목·조재 작업,"『벌도목이 의도하지 않은 방향으로 쓰러지거나, 주변 장애물에 걸려』 작업자 방향으로 쓰러지면서 안면 또는 머리를 가격(부딪힘)","▶ 벌목 작업 시에는 사전에 대피장소를 정하여 작업 실시
▶ 충분한 안전거리를 확보하여, 다른 작업자와 동시에 작업 금지"
2021-21-13-001,제조업,목재및종이제품제조업,일반제재및목재약품처리업,2021년 7월 지류가공공장에서 지게차로 화물자동차 적재함에 제품상차작업 중 적재함 위에서 상차작업을 돕던 재해자 쪽으로 적재물이 떨어지면서 깔림,적재물(각재목 묶음),상하차 작업 또는 적재된 화물,『화물의 무게가 한쪽으로 치우쳐진 상태 등』 적재상태가 불량한 화물이 무너지면서 맞거나 깔림,"▶ 전도·낙하 방지를 위해 중량물 제거 후 작업
▶ 중량물 고정 실시 후 수리작업 실시"
2016-82-31-001,제조업,기계기구·금속·비금속광물제품제조업,선재제품제조업,"2016년 8월경 도금공장에 설치된 집수조 내에서 재해자1이 질식으로 쓰러져, 재해자2가 구조하러 들어가다 의식을 잃고 쓰러지고, 재해자3이 이를 또 구조하러 들어가다 의식을 잃고 쓰러짐. 주변 작업자들이 이를 집수조 밖으로 구조하여 병원에 이송하였으나 1명 사망하고 2명 부상",유해가스,"피트, 맨홀, 오·폐수 처리시설 등 밀폐된 장소에서 작업",『산소·가소농도 미측정 및 송풍기를 이용한 강제환기 미실시』로 불활성 가스 또는 유해가스에 의한 산소결핍·질식·중독,"▶ 가스농도측정기로 적정공기 상태 선 확인
▶ 환기팬 등으로 환기 실시 후 작업을 실시
▶ 밀폐공간 출입금지 위험 표시"
2016-82-51-001,기타의사업,시설관리및사업지원서비스업,위생및유사서비스업,2016년 3월경 OO소각장 폐기불 반입장에서 재해자가 쓰레기 수거차의 적재함 커버(파카)에 낀 이물질을 제거하기 위해 물호스로 세척작업을 하던 중 운전기사가 적재함 스위치를 조작하여 적재함과 적재함 커버(파카) 사이에 머리가 끼어 사망,화물운반트럭(청소차량/압착식진개차),도로 청소 등 환경미화 작업,작업자 간 『작업 상황에 대해 의사소통을 하지 않고 작업』을 실시해 운반하는 물체에 부딪히거나 깔림 또는 주변 구조물과 운반하는 물체 사이에 끼임,"▶ 작업자 간 신호체계 통일 및 숙지 조치
▶ 중량물 취급 시 보조운반기구 사용"
2016-82-51-002,기타의사업,시설관리및사업지원서비스업,건물등의종합관리사업,2016년 10월경 OO건물에서 재해자가 미화작업을 준비하기 위해 지하 계단을 이동하던 중 넘어져 머리를 부딪혀 사망,분류 불가,작업장소 통행/이동,이동 중 『어두운 장소의 요철부』에 걸려 넘어지거나 실족하여 떨어짐,"▶ 바닥에 존재하는 기름기 등 제거 조치
▶ 유분 비산을 방지하기 위한 가림판 설치"
2016-82-51-003,기타의사업,시설관리및사업지원서비스업,위생및유사서비스업,2016년 11월경 OO음식물쓰레기 처리장에서 재해자가 쓰레기 수거차의 적재함 커버(리드도어) 주위에 묻어있는 이물질을 제거하기 위해 물호스로 청소작업을 하던 중 차량 측면에 부착된 리드도어 스위치를 동료 작업자가 조작하여 적재함과 리드도어 사이에 재해자의 머리가 끼어 사망,화물운반트럭(청소차량/음식물수거차),도로 청소 등 환경미화 작업,『정비작업 중 작업자 외 근로자가 설비를 가동』하여 갑자기 작동된 설비에 말리거나 끼임,"▶ 생산 설비의 불시 가동을 방지하기 위한 LOTO(Lock Out_잠금장치, Tag Out_점검 중 꼬리표)제도 시행
▶ 관리감독자 확인 의무 부여"
2016-83-11-001,제조업,기계기구·금속·비금속광물제품제조업,제강압연업,2016년 2월경 파쇄 및 선별작업장에서 재해자가 용해로 공정의 작업상태를 확인하기 위해 통행하던 중 거푸집 운반하던 지게차에 부딪혀 사망,지게차,지게차를 사용하는 작업,『근로자와 작업차량 간 이동동선(통행로)를 구분하지 않은 상태』에서 근로자가 작업차량에 부딪히거나 깔림 또는 주변 구조물과 차량사이에 끼임,"▶ 주문량 증가로 제품 적재공간 확대에 따라 지게차 작업구역이 확대, 지게차 운행 구역과 근로자 작업장소를 별도로 구획 실시
▶ 지게차 이용 중량물 취급에 대한 작업계획서 작성(작업방법, 운행경로, 근로자와 지게차 혼재 작업 여부 등)
▶ 혼재 작업 시 작업지휘자 또는 유도자 배치"
2016-83-11-003,제조업,기계기구·금속·비금속광물제품제조업,자동차제조업,2016년 4월경 프레스 금형 보관장에서 재해자와 동료작업자2명이 금형을 교체하기 위해 크레인을 이용하여 운반하는 과정에서 인접하여 보관된 금형과 들어올린 금형 사이에 재해자가 협착되어 사망,크레인(천장주행크레인),"크레인(천장주행, 갠트리, 지브 등) 사용 작업",작업자 간 『작업 상황에 대해 의사소통을 하지 않고 작업』을 실시해 운반하는 물체에 부딪히거나 깔림 또는 주변 구조물과 운반하는 물체 사이에 끼임,"▶ 작업자 간 신호체계 통일 및 숙지 조치
▶ 중량물 취급 시 보조운반기구 사용"
2016-83-11-004,제조업,화학및고무제품제조업,화학비료제조업,2016년 7월경 OO사업장 야적장에서 재해자가 제품 적재 작업 중 적재된 톤백이 무너지면서 아래에 깔려 사망,적재물(톤백),상하차 작업 또는 적재된 화물,『화물의 무게가 한쪽으로 치우쳐진 상태 등』 적재상태가 불량한 화물이 무너지면서 맞거나 깔림,"▶ 전도·낙하 방지를 위해 중량물 제거 후 작업
▶ 중량물 고정 실시 후 수리작업 실시"
2016-83-11-005,제조업,화학및고무제품제조업,유기화학제품제조업,2016년 9월경 OO사업장 폐수처리장에서 재해자가 내부의 이물질을 제거하는 중 몸의 균형을 잃고 아래에 떨어져 사망,분류 불가,비정형 작업(이물질 제거·청소),『작업을 위해 밟고 있던 구조물이 파손되거나 균형을 잃기 쉬운 불안한 자세』로 작업하여 넘어지거나 떨어짐,"▶ 안전난간이 설치된 작업발판을 설치·사용
▶ 고소작업대 사용 또는 3.5m미만은 A자형 사다리 사용(2인1조) 관리
▶ 안전대 및 안전모 지급·착용 등 관리감독자 확인"
2016-83-31-001,제조업,의약품·화장품·연탄·석유제품제조업,석유정제품제조업,2016년 12월경 OO사업장 응축저장탱크에서 재해자가 탱크 내부의 세척 상태를 확인하는 중 유해가스로 인해 사망,유해가스(세척액증기),"피트, 맨홀, 오·폐수 처리시설 등 밀폐된 장소에서 작업",『산소·가소농도 미측정 및 송풍기를 이용한 강제환기 미실시』로 불활성 가스 또는 유해가스에 의한 산소결핍·질식·중독,"▶ 가스농도측정기로 적정공기 상태 선 확인
▶ 환기팬 등으로 환기 실시 후 작업을 실시
▶ 밀폐공간 출입금지 위험 표시"
2016-83-51-001,운수창고통신업,철도·항공·창고·운수관련서비스업,항만내의육상하역업,2016년 2월경 OO사업장 야적장에서 재해자가 펄프 상하차 작업을 보조하던 중 적재된 펄프가 무너지면서 깔려 사망,적재물(펄프),상하차 작업 또는 적재된 화물,『화물의 무게가 한쪽으로 치우쳐진 상태 등』 적재상태가 불량한 화물이 무너지면서 맞거나 깔림,"▶ 전도·낙하 방지를 위해 중량물 제거 후 작업
▶ 중량물 고정 실시 후 수리작업 실시"
2016-83-51-002,기타의사업,기타의각종사업,개인및가사서비스업,"2016년 5월경 OO 세탁 사업장에서 재해자가 연속식 자동 세탁 설비의 압착 탈수기 고무판에 머리핀을 제거하던 중 압착부에 머리가 끼어 사망(1명)하고, 이를 구출하던 동료작업자는 팔이 끼어 부상(1명)",자동화설비(압착탈수기),비정형 작업(이물질 제거·청소),『설비를 정지시키지 않거나 전원을 차단하지 않은 상태』에서 정비·보수·청소 등의 작업을 하다가 끼이거나 말림,"▶ 설비 가동중 이물질 제거 등이 발생할 수 있는 생산작업을 분석하고 근원적 접근방지대책 수립
▶ 끼임재해 우려가 있어 가동정지 후 작업이 필요한 설비 목록화→LOTO(Lock Out,  Tag Out) 대상 확정·시행 
▶ 작업 절차에 대해 근로자 교육실시"
2016-83-51-003,운수창고통신업,육상및수상운수업,특수화물운수업,"2016년 8월경 OO정비소 내 화물자동차 주차장에서 탱크로리에 있는 황산을 다른 탱크로리로 이송하는 작업을 하던 중 탱크로리 상단 맨홀에 고정해 놓은 호스가 이탈되면서 맨홀 주변에 있던 재해자가 황산에 노출되어 치료 중 사망, 동료 작업자 1명이 부상",화학물질(황산),위험물질 취급 또는 그 장소에서 수행하는 작업,『취급하는 물질이 배관·호스·용기 등에서 누출』되어 화학물질 접촉·질식 또는 화재·폭발,"▶ 위험물질에 대한 MSDS 비치 및 근로자 교육
▶ 공급원재료의 종류, 공급되는 설비명 표시
▶ 가스검지 및 경보장치·긴급차단장치 및 방유제 설치"
2016-84-11-001,제조업,금속제련업,금속의제련또는정련업,2016년 2월경 지금제거 수리장에서 재해자가 수리장에 장착된 전기로 Roof 하부에 들어가 냉각수 배관에 융착되어 있는 지금(base metal)을 제거하던 중 떨어지는 지금 덩어리(200kg)에 머리를 맞고 사망,분류 불가,비정형 작업(이물질 제거·청소),『매달아 올리거나 적재 상태가 불량한 물체』가 떨어지거나 무너지면서 맞거나 깔림,"▶ 주변의 중량물로 인한 깔림 방지를 위해 중량물 제거 후 작업
▶ 중량물 지지대 설치 후 수리·교체작업 실시"
2016-84-11-002,제조업,금속제련업,금속의제련또는정련업,2016년 2월경 후판공장에서 트럭 적재함 위에서 천장크레인에 메달려 있는 전단기 메인모터의 안착위치를 조정하기 위해 메인모터 러그홀에 수공구 갈고리를 끼워 당기는 과정에서 균형을 잃고 1.4m 아래 바닥으로 떨어져 치료중 사망,화물운반트럭(카고트럭),상하차 작업 또는 적재된 화물,『적재된 제품·재료 또는 화물 적재함 위에 올라 작업』하던 중 균형을 잃고 떨어짐,"▶ 차량 상부작업 시 작업장소 상부에 안전대 걸이설비 설치·사용
▶ 적재함에 오르내리기 위한 설비 설치·사용
▶ 작업 시 안전대, 안전모 등 보호구 착용"
2016-84-11-003,제조업,기계기구·금속·비금속광물제품제조업,기타금속제품제조업또는금속가공업,2016년 5월경 하역작업장에서 재해자가 적재함 위에서 대기하던 중 지게차로 들어올린 화물이 지게차 포크에서 미끄러지면서 화물이 재해자를 가격하여 바닥으로 추락하여 사망,지게차,지게차를 사용하는 작업,『화물의 무게가 한쪽으로 치우쳐진 상태 등』 적재상태가 불량한 화물이 무너지면서 맞거나 깔림,"▶ 전도·낙하 방지를 위해 중량물 제거 후 작업
▶ 중량물 고정 실시 후 수리작업 실시"
2016-84-11-004,제조업,기계기구·금속·비금속광물제품제조업,각종금속의용접또는용단을행하는사업,"2016년 11월경 공장내에서 재해자 2명이 천장크레인을 설치하기 위해 이동식크레인 작업대에 탑승하여 작업 중 횡행레일에서 이탈된 호이스트가 작업대 내부로 떨어져 작업대가 꺾이면서 호이스트와 함께 5m 아래로 추락하여 1명 사망, 1명 부상",크레인(이동식크레인/카고크레인),"이동식 크레인(카고 크레인, 집게차)을 사용한 작업","『들어올린 설비의 고정상태 불량, 안전블록·지지대 미설치』로 설비 하부에서 작업 중 갑자기 설비가 내려앉아 끼이거나 깔림","▶ 중량물 이동방지용 지지대 추가 설치
▶ 갑작스런 이동방지를 위한 중량물 위치 변경
▶ 낙하물에 대비한 방망 또는 울 설치후 작업"
2016-84-11-005,제조업,금속제련업,금속의제련또는정련업,2016년 10월경 열연공장에서 재해자가 사상압연기의 유압배관 플랜지 노후볼트를 교체하기 위해 산소 절단기로 볼트를 절단하던 중 유압유가 불출되면서 화재가 발생하여 화상입고 병원에서 치료중 사망,용접기(가스절단기/용접기),용접·절단·사상 또는 도장 작업,『취급하는 물질이 배관·호스·용기 등에서 누출』되어 화학물질 접촉·질식 또는 화재·폭발,"▶ 위험물질에 대한 MSDS 비치 및 근로자 교육
▶ 공급원재료의 종류, 공급되는 설비명 표시
▶ 가스검지 및 경보장치·긴급차단장치 및 방유제 설치"
2016-84-51-001,제조업,기계기구·금속·비금속광물제품제조업,건설용금속제품제조업,2016년 12월경 제품 포장공정에서 코일이송장치 언로더와 유압저장탱크 사이를 이동하던 재해자가 회전하는 코일이송장치 언로더에 장착된 코일과 유압저장탱크 사이에 끼어 사망,생산설비(코일이송장치/Turn-Stile Unloader),"크레인(천장주행, 갠트리, 지브 등) 사용 작업",운반하는 물체 또는 주변 구조물 등에 의해 『설비 조작자의 시야가 확보되지 않은 상태에서 운반』하여 다른 구조물에 부딪히거나 그 사이에 끼임,"▶ 이송방향 전면에서 조작 및 시야 확보가 가능한 정도의 물량 운반
▶ 신호수를 배치하여 신호에 따라 운반작업 실시"
2016-85-11-002,제조업,수제품및기타제품제조업,기타각종제조업,2016년 2월 폐기물처리업체에서 재해자가 폐기물운반차량 적재함 출입문 개폐장치 수리를 위한 용접작업 중 분진폭발 및 화재,인화성물질,용접·절단·사상 또는 도장 작업,『작업장소 또는 그 주변엥서 취급하는 위험물질을 파악 및 제거하지 않은 상태』에서 작업하여 화재·폭발·질식 위험,"▶ 위험물질에 대한 MSDS 비치 및 근로자 교육
▶ 공급원재료의 종류, 공급되는 설비명 표시
▶ 가스검지 및 경보장치·긴급차단장치 및 방유제 설치"
2016-85-11-003,제조업,목재및종이제품제조업,목재및나무제품제조업,2016년 3월 목재가공공장 표면가공 공정에서 재해자가 목재를 동력식 수동대패기에 투입하던 중 목재가 투입 반대방향으로 반발하여 복부에 맞음,생산설비(동력식 수동대패),원료 투입 작업,"『설비에 안전장치가 설치되어 있지 않거나, 설치된 안전장치를 무력화한 상태』로 사용하던 중 말리거나 끼임","▶ 방호장치 작동불량 등 이상시 관리감독자 등에게 선보고 및 조치 후 작업 재개가 당연한 안전문화 구축　
▶ 작업 전 광전자식 방호장치 정상 여부 확인 "
2016-85-11-004,제조업,기계기구·금속·비금속광물제품제조업,자동차부분품제조업,2016년 3월경 프레스 작업장에서 동료가 천장주행 크레인을 이용하여 철판코일 을 적재대에 적재 후 와이어로프 해체작업을 수행하던 중 팬던트 스위치 오조작으로 철판코일이 적재대에서 이탈하면서 근처 NC레벨러피더를 조작하고있던 재해자를 충격하여 프레스와 철판코일 사이에 협착되어 사망,크레인(천장주행크레인),"크레인(천장주행, 갠트리, 지브 등) 사용 작업","『설비를 오조작』하여 갑자기 작동한 설비의 구동부에 끼이거나 말림, 절단","▶ 설비 조작스위치, 판넬 등에 조작 스위치의 기능(정지, 작동, 수동, 반자동, 자동, 역회전 등) 표시
▶ 생산 설비의 불시 가동을 방지하기 위한 LOTO(Lock Out_잠금장치, Tag Out_점검 중 꼬리표)제도 시행
▶ 작업자간 의사소통 방안 수립 및 실시"
2016-85-11-005,제조업,기계기구·금속·비금속광물제품제조업,일반산업용기계장치제조업,"2016년 3월경 작업장 내에서 동료가 혼합기 PADDLE 조립작업을 시운전 중 임시로 결선된 혼합기 모터의 전원차단기를 타공정 작업자가 다른 설비의 차단기로 오인하여 전원투입, 혼합기 구동부 상부에서 작업중이던 재해자가 혼합기 구동부와 프레임 사이에 끼어 사망",혼합기,비정형 작업(시운전),『정비작업 중 작업자 외 근로자가 설비를 가동』하여 갑자기 작동된 설비에 말리거나 끼임,"▶ 생산 설비의 불시 가동을 방지하기 위한 LOTO(Lock Out_잠금장치, Tag Out_점검 중 꼬리표)제도 시행
▶ 관리감독자 확인 의무 부여"
2016-85-11-006,제조업,기계기구·금속·비금속광물제품제조업,일반산업용기계장치제조업,2016년 6월경 공장 내에서 재해자가 천정크레인 주행레일 설치 위치 표시작업을 하던 중 상부의 수평빔 위에서 중심일 잃고 6m 바닥으로 추락하여 사망,분류 불가,"설비 위, 지붕 등 높은 장소에서의 작업",『작업을 위해 밟고 있던 구조물이 파손되거나 균형을 잃기 쉬운 불안한 자세』로 작업하여 넘어지거나 떨어짐,"▶ 안전난간이 설치된 작업발판을 설치·사용
▶ 고소작업대 사용 또는 3.5m미만은 A자형 사다리 사용(2인1조) 관리
▶ 안전대 및 안전모 지급·착용 등 관리감독자 확인"
2016-85-11-007,제조업,기계기구·금속·비금속광물제품제조업,일반산업용기계장치제조업,2016년 6월경 공장 테스트장에 설치되어 있는 장소에서 재해자가 해상크레인용 받침대 내부에서 고정식 사다리식 통로를 사용하여 이동 중 4층 높이 사다리에서 3층 바닥으로 추락하여 사망,사다리(고정식),사다리를 이용한 작업 또는 통행,『사다리 위에 올라가 작업』하던 중 균형을 잃고 머리부터 바닥으로 떨어짐,"▶ 3.5m 미만 작업 시 A자형 사다리만 사용(2인1조)
▶ 아웃트리거 설치 및 안전대, 안전모 등 개인보호구 착용"
2016-85-11-008,제조업,식료품제조업,기타식료품제조업,"2016년 7월 식품가공공장에서 재해자가 세미기(혼합기)를 이용하여 쌀을 씻던 중 세미기(혼합기) 이상으로 작동이 멈추자 쌀 투입구에 발을 딛고 점검하는 과정에서 실족하여 세미기(혼합기) 내부로 추락, 회전날개에 신체가 끼어 사망",혼합기(식품용),비정형 작업(점검),『설비를 정지시키지 않거나 전원을 차단하지 않은 상태』에서 정비·보수·청소 등의 작업을 하다가 끼이거나 말림,"▶ 설비 가동중 이물질 제거 등이 발생할 수 있는 생산작업을 분석하고 근원적 접근방지대책 수립
▶ 끼임재해 우려가 있어 가동정지 후 작업이 필요한 설비 목록화→LOTO(Lock Out,  Tag Out) 대상 확정·시행 
▶ 작업 절차에 대해 근로자 교육실시"
2016-85-11-009,제조업,화학및고무제품제조업,고무제품제조업,2016년 9월경 OO사업장 제품 하역장에서 재해자가 작업 중 하역작업을 하기 위해 후진하던 지게차에 깔려 사망,지게차,지게차를 사용하는 작업,근로자와 작업차량 간 『혼재작업 장소에서 근로자 이동과 작업차량 운행을 통제하지 않은 상태』에서 근로자가 작업차량에 부딪히나 깔림 또는 주변 구조물과 작업차량 사이에 끼임,"▶ 지게차 이용 중량물 취급에 대한 작업계획서 작성(작업방법, 운행경로, 근로자와 지게차 혼재 작업 여부 등)
▶ 혼재 작업 시 작업지휘자 또는 유도자 배치"
2016-85-11-010,제조업,기계기구·금속·비금속광물제품제조업,금속가공기계제조업,2016년 10월경 선반 작업장에서 재해자가 범용선반을 이용하여 로울러를 가공하던 중 로울러가 튕겨져 재해자 머리를 충격하여 사망,금속가공기계(범용선반),가공 설비를 이용한 작업,보호구를 착용하지 않은 상태에서 『튕겨나온 가공날 또는 가공물』에 눈을 찔리거나 머리를 맞음,"▶ 선반가공 시 척, 방진구 및 심압대 체결상태 확인 및 갇독 철저
▶ 칩 브레이커 등 설치·사용
▶ 보안경/보안면 등 안면보호구 착용"
2016-85-11-011,제조업,화학및고무제품제조업,무기화학제품제조업,2016년 11월경 OO사업장 설비보수 작업장에서 재해자가 용접 작업 중 발생한 불티로 인해 화재가 발생하여 다수의 근로자가 사망,분류 불가,용접·절단·사상 또는 도장 작업,『불티비산 방지조치가 안된 상태에서 작업』하여 용접·절단 불똥이 주변의 적재물 또는 인화성 물질에 옮겨 붙어 화재 폭발,"▶ 절단기에서 발생하는 불티의 비산 거리 등 비산 반경 분석
▶ 작업구역 내 불티가 비산되지 않도록 절단기 등에 비산방지덮개 및 가연물에 용접방화포 설치"
2016-85-11-012,제조업,목재및종이제품제조업,지류제조업,2016년 11월 제지공장 내 초지공정에서 초지기의 헤드박스 내 홀리롤이 작동되지 않은 것을 확인한 재해자가 헤드박스 내부에 들어가 정비 등의 작업을 하던 중 회전하는 분무장치 돌기부에 옷이 말려들어가면서 사망,생산설비(초지기),비정형 작업(정비·보수),『설비를 정지시키지 않거나 전원을 차단하지 않은 상태』에서 정비·보수·청소 등의 작업을 하다가 끼이거나 말림,"▶ 설비 가동중 이물질 제거 등이 발생할 수 있는 생산작업을 분석하고 근원적 접근방지대책 수립
▶ 끼임재해 우려가 있어 가동정지 후 작업이 필요한 설비 목록화→LOTO(Lock Out,  Tag Out) 대상 확정·시행 
▶ 작업 절차에 대해 근로자 교육실시"
2016-85-11-013,제조업,기계기구·금속·비금속광물제품제조업,일반산업용기계장치제조업,2016년 12월경 정삭공정에서 재해자가 터닝센터를 사용하여 부품을 가공하다가 가공시 발생한 칩을 제거하기 위해 터닝센터를 멈추고 내부 가공위치에 들어가던 중 갑자기 회전하는 주축대에 넘어져 위에 설치된 척에 부딪혀 사망,금속가공설비(터닝센터),비정형 작업(이물질 제거·청소),『설비를 정지시키지 않거나 전원을 차단하지 않은 상태』에서 정비·보수·청소 등의 작업을 하다가 끼이거나 말림,"▶ 설비 가동중 이물질 제거 등이 발생할 수 있는 생산작업을 분석하고 근원적 접근방지대책 수립
▶ 끼임재해 우려가 있어 가동정지 후 작업이 필요한 설비 목록화→LOTO(Lock Out,  Tag Out) 대상 확정·시행 
▶ 작업 절차에 대해 근로자 교육실시"
2016-85-11-014,광업,석회석·금속·비금속광업및기타광업,쇄석채취업,2016년 12월경 OO산업에서 재해자가 파쇄기(조크러셔) 부품 교체작업을 하던 중 텐션스프링을 압축하고 있던 텐션로드 너트를 렌치를 이용해 해체하는 순간 텐션로드가 파단되어 튀어오르면서 렌치에 맞아 사망,기타 설비(파쇄기/텐선로드),비정형 작업(정비·보수),"『설비 내부의 잔여 유·공압을 제거하지 않은 상태』에서 설비를 해체하여 구조물, 부속품 등이 튕겨나와 맞음","▶ 설비 점검 시 내부의 잔여 물질을 배출하여, 작업자에게 영향을 미치지 않도록 확인할 수 있는 근원적 위험방지대책 수립"
2016-85-51-001,기타의사업,도소매·음식·숙박업,도소매및소비자용품수리업,2016년 2월경 OO사업장에서 재해자가 크레인을 이용해 사각 파이프를 운반하여 적재하던 중 사각 파이프 더미가 재해자방향으로 무너져 내려 적재물 사이에 복부가 끼어 사망,운반물(파이프 더미),"크레인(천장주행, 갠트리, 지브 등) 사용 작업",『화물의 무게가 한쪽으로 치우쳐진 상태 등』 적재상태가 불량한 화물이 무너지면서 맞거나 깔림,"▶ 전도·낙하 방지를 위해 중량물 제거 후 작업
▶ 중량물 고정 실시 후 수리작업 실시"
2016-85-51-002,기타의사업,시설관리및사업지원서비스업,위생및유사서비스업,2016년 7월경 OO사업장에서 재해자가 지게차 포크의 적재물을 밟고 작업하던 중 적재물이 이탈하여 적재물과 함께 2.87미터에서 바닥으로 떨어져 사망,지게차,지게차를 사용하는 작업,『운반하는 물체를 밟고 올라선 상태』에서 줄걸이 체결 또는 줄걸이 상태를 확인하다 균형을 잃고 떨어짐,"▶ 안전난간이 설치된 작업발판을 설치·사용
▶ 적재장소 주변 안전난간 적정 설치상태 관리
▶ 안전대 및 안전모 지급·착용 등 관리감독자 확인"
2016-91-11-001,제조업,목재및종이제품제조업,골판지및종이용기제조업,2015년 12월 포장용기 제조공장 내에서 골판지 적재설비(스태커) 위에 적재된 골판지가 쓰러지자 재해자가 골게터 하부에 들어간 골판지를 꺼내던 중 골게터 슬리터 프레임과 배출롤러 프레임 사이에 끼임,자동화설비(골게터),비정형 작업(이물질 제거·청소),"『설비에 안전장치가 설치되어 있지 않거나, 설치된 안전장치를 무력화한 상태』로 사용하던 중 말리거나 끼임","▶ 방호장치 작동불량 등 이상시 관리감독자 등에게 선보고 및 조치 후 작업 재개가 당연한 안전문화 구축　
▶ 작업 전 광전자식 방호장치 정상 여부 확인 "
2018-43-11-011,제조업,기계기구·금속·비금속광물제품제조업,용융도금업,2018년 12월경 사업장에서 재해자가 행거에 제품 식별태그를 부착하는 과정에서 이동중인 캐리어(이동대차)와 설비의 철골 구조물 사이에 끼어 사망,이동 대차(캐리어),자동화 설비 작업,"『주변 설비의 움직임을 인지하지 못하거나, 안전거리를 확보하지 않고 작업』 하여 작동하는 설비에 부딪히거나, 말림·끼임","▶ 같은 장소에서 이루어지는 도급인과 수급인의 작업 혼재 시 재해 발생 예방을 위한 의사 전달 체계 수립
▶ 안전작업허가제도로 작업 전·중·후 안전확보 상태 지속 확인"
2016-91-11-003,제조업,섬유및섬유제품제조업,화학섬유제조업,2016년 7월 합성섬유공장에서 신규 설치된 방사공정 설비를 시운전하던 재해자가 제품이 균일하게 적재되는지 확인하던 중 움직이는 트레버스와 천장 H빔 사이에 끼임,생산설비(트레버스),비정형 작업(시운전),"『설비에 안전장치가 설치되어 있지 않거나, 설치된 안전장치를 무력화한 상태』로 사용하던 중 말리거나 끼임","▶ 방호장치 작동불량 등 이상시 관리감독자 등에게 선보고 및 조치 후 작업 재개가 당연한 안전문화 구축　
▶ 작업 전 광전자식 방호장치 정상 여부 확인 "
2016-91-11-004,제조업,화학및고무제품제조업,플라스틱가공제품제조업,2016년 6월경 OO사업장 제품보관 야적장에서 재해자가 적재되어있는 톤백의 상단에 올라가 지게차에 톤백을 걸어주던 중 아래로 떨어져 사망,운반물(톤백),"설비 위, 지붕 등 높은 장소에서의 작업",『작업을 위해 밟고 있던 구조물이 파손되거나 균형을 잃기 쉬운 불안한 자세』로 작업하여 넘어지거나 떨어짐,"▶ 안전난간이 설치된 작업발판을 설치·사용
▶ 고소작업대 사용 또는 3.5m미만은 A자형 사다리 사용(2인1조) 관리
▶ 안전대 및 안전모 지급·착용 등 관리감독자 확인"
2016-91-11-005,제조업,수제품및기타제품제조업,기타각종제조업,2016년 8월 폐기물처리 사업장에서 재해자가 지게차 실린더에 그리스를 주입하는 과정에서 지게차 우측에 서서 지게차 시동을 거는 순간 지게차가 후진하면서 지게차 우측 앞바퀴에 가슴부위를 치임,지게차,비정형 작업(정비·보수),『설비를 정지시키지 않거나 전원을 차단하지 않은 상태』에서 정비·보수·청소 등의 작업을 하다가 끼이거나 말림,"▶ 설비 가동중 이물질 제거 등이 발생할 수 있는 생산작업을 분석하고 근원적 접근방지대책 수립
▶ 끼임재해 우려가 있어 가동정지 후 작업이 필요한 설비 목록화→LOTO(Lock Out,  Tag Out) 대상 확정·시행 
▶ 작업 절차에 대해 근로자 교육실시"
2016-91-11-006,제조업,섬유및섬유제품제조업,화학섬유제조업,2016년 8월 유연제 탱크 방유제 수중펌프 교체작업을 위해 출장작업 중이던 재해자가 탱크 내부 절연파괴된 수중펌프에서 누설된 전류에 감전되어 사망,기타 설비(수중 펌프),전기설비 취급 작업,"누전차단기 미설치, 접지 미실시 등으로 『설비에서 누설된 전류』에 감전","▶ 물기 또는 습기가 있는 장소 등 감전의 위험이 있는 기계기구에 접지 실시
▶ 이동형 또는 휴대형 전기기계에 누전차단기를 설치하여 감전위험 방지"
2016-91-11-007,임업,임업,영림업,2016년 11월경 OO국유림에서 재해자가 벌목작업을 하던 중 동료작업자가 벌목 후 방치한 주변 수먹에 걸려있던 나무가 재해자 방향으로 떨어지면서 머리를 맞고 사망,나무(벌도목),벌목·조재 작업,"『인근에서 작업하던 동료 작업자의 벌도목이나, 주변 나무에 걸려있던 벌도목』 이 작업자 방향으로 떨어져 머리를 맞음","▶ 벌목 작업 시에는 사전에 대피장소를 정하여 작업 실시
▶ 충분한 안전거리를 확보하여, 다른 작업자와 동시에 작업 금지"
2016-91-11-008,제조업,기계기구·금속·비금속광물제품제조업,기타비금속광물제품제조업,2016년 12월경 재해자가 건설폐기물 이송용 벨트컨베이어에서 선별작업 후 경사로를 내려오던 중 중심을 잃고 컨베이어 상부로 넘어지면서 운행중인 컨베이어에 의해 약 5미터 상승 후 더블죠크라샤에 끼어 사망,컨베이어,작업장소 통행/이동,『설비를 밟고 올라 이동하거나 설비 사이를 뛰어넘어 이동』하다가 구조물에 다리가 걸려 넘어지거나 균형을 잃고 떨어짐,"▶ 추락위험구간에 안전난간 추가 설치
▶ 출하장소를 추락위험이 없는 장소로 위치 변경"
2016-91-51-001,기타의사업,기타의각종사업,개인및가사서비스업,2016년 9월경 OO사업장에서 재해자가 냉동탑차 및 나무에 올라 사업장 부지 내 과일을 수확하는 작업을 하던 중 4m아래로 추락하여 사망,분류 불가,조경·제초작업,『작업을 위해 밟고 있던 구조물이 파손되거나 균형을 잃기 쉬운 불안한 자세』로 작업하여 넘어지거나 떨어짐,"▶ 안전난간이 설치된 작업발판을 설치·사용
▶ 고소작업대 사용 또는 3.5m미만은 A자형 사다리 사용(2인1조) 관리
▶ 안전대 및 안전모 지급·착용 등 관리감독자 확인"
2019-32-51-001,기타의사업,시설관리및사업지원서비스업,건물등의종합관리사업,2019년 1월경 주차장에서 재해자가 배관의 먼지 제거 작업을 하던 중 수거 용기가 바닥으로 넘어지면서 재해자가 머리를 부딪혀 사망,적재물(수거용기),상하차 작업 또는 적재된 화물,"『주변 설비의 움직임을 인지하지 못하거나, 안전거리를 확보하지 않고 작업』 하여 작동하는 설비에 부딪히거나, 말림·끼임","▶ 같은 장소에서 이루어지는 도급인과 수급인의 작업 혼재 시 재해 발생 예방을 위한 의사 전달 체계 수립
▶ 안전작업허가제도로 작업 전·중·후 안전확보 상태 지속 확인"
2016-92-11-001,제조업,기계기구·금속·비금속광물제품제조업,소화기및분사기제조업,"2016년 2월경 분말소화약제 저장용기 호퍼 하단 용접부의 균열로 약제가 누출되어 이를 보수하기 위해 용접하던 순간 폭발이 일어나 충격으로 호퍼가 작업자를 충격하여 1명사망, 2명부상",화학물질(소화약제분말),위험물질 취급 또는 그 장소에서 수행하는 작업,『작업장소 또는 그 주변엥서 취급하는 위험물질을 파악 및 제거하지 않은 상태』에서 작업하여 화재·폭발·질식 위험,"▶ 위험물질에 대한 MSDS 비치 및 근로자 교육
▶ 공급원재료의 종류, 공급되는 설비명 표시
▶ 가스검지 및 경보장치·긴급차단장치 및 방유제 설치"
2016-92-11-002,제조업,수제품및기타제품제조업,기타각종제조업,2016년 3월 폐기물처리업체 내 집하장에서 재해자가 2.5톤 화물자동차의 적재함에 올라 폐기물을 하역하던 중 적재함에서 떨어짐,화물운반트럭(카고트럭),상하차 작업 또는 적재된 화물,『적재된 제품·재료 또는 화물 적재함 위에 올라 작업』하던 중 균형을 잃고 떨어짐,"▶ 차량 상부작업 시 작업장소 상부에 안전대 걸이설비 설치·사용
▶ 적재함에 오르내리기 위한 설비 설치·사용
▶ 작업 시 안전대, 안전모 등 보호구 착용"
2016-92-11-003,제조업,식료품제조업,빵및과자류제조업,2016년 4월 식품제조공장에서 재해자가 원재료를 혼합기에 투입하여 반죽을 만드는 작업에서 주걱을 이용하여 반죽을 꺼내던 중 혼합기의 회전날개와 혼합기 본체 사이에 신체 일부가 끼임,혼합기,원료 투입 작업,"『설비에 안전장치가 설치되어 있지 않거나, 설치된 안전장치를 무력화한 상태』로 사용하던 중 말리거나 끼임","▶ 방호장치 작동불량 등 이상시 관리감독자 등에게 선보고 및 조치 후 작업 재개가 당연한 안전문화 구축　
▶ 작업 전 광전자식 방호장치 정상 여부 확인 "
2016-92-11-004,제조업,기계기구·금속·비금속광물제품제조업,일반산업용기계장치제조업,2016년 7월경 사과박스 배출용 스크류 컨베이어 보수공사 중 재해자가 컨베이어 위에서 현장 확인작업을 하던 중 컨베이어가 작동하여 스크류에 다리가 끼어 사망,컨베이어,비정형 작업(점검),『정비작업 중 작업자 외 근로자가 설비를 가동』하여 갑자기 작동된 설비에 말리거나 끼임,"▶ 생산 설비의 불시 가동을 방지하기 위한 LOTO(Lock Out_잠금장치, Tag Out_점검 중 꼬리표)제도 시행
▶ 관리감독자 확인 의무 부여"
2016-92-11-005,기타의사업,시설관리및사업지원서비스업,하수도업,2016년 10월경 OO사업소에서 하수처리시설 음식폐기물 이송배관 부분 교체작업을 하던 중 폭발이 일어나 2명이 사망,인화성물질(부생가스),위험물질 취급 또는 그 장소에서 수행하는 작업,『취급하는 물질이 배관·호스·용기 등에서 누출』되어 화학물질 접촉·질식 또는 화재·폭발,"▶ 위험물질에 대한 MSDS 비치 및 근로자 교육
▶ 공급원재료의 종류, 공급되는 설비명 표시
▶ 가스검지 및 경보장치·긴급차단장치 및 방유제 설치"
2016-92-11-006,제조업,섬유및섬유제품제조업,화학섬유제조업,"2016년 11월 흡음재 생산공장에서 플라스틱 분쇄작업 중이던 분쇄기에서 화재가 발생하여 근로자 2명 사상(사망1, 부상1)",분쇄·파쇄기,가공 설비를 이용한 작업,『위험물질을 파악 및 제거하지 않은 상태』에서 작업하여 화재·폭발·누출로 인한 재해발생 위험,"▶ 위험물질에 대한 MSDS 비치 및 근로자 교육
▶ 공급원재료의 종류, 공급되는 설비명 표시
▶ 가스검지 및 경보장치·긴급차단장치 및 방유제 설치"
2016-92-11-007,제조업,수제품및기타제품제조업,기타각종제조업,2016년 12월 재활용품 분리수거장에서 재해자가 재활용품 마대 상차작업을 마치고 화물자동차 적재함에 상차된 재활용품을 결속하기 위하여 적재함 상부에 올라 작업하던 중 떨어짐,화물운반트럭(카고트럭),상하차 작업 또는 적재된 화물,『적재된 제품·재료 또는 화물 적재함 위에 올라 작업』하던 중 균형을 잃고 떨어짐,"▶ 차량 상부작업 시 작업장소 상부에 안전대 걸이설비 설치·사용
▶ 적재함에 오르내리기 위한 설비 설치·사용
▶ 작업 시 안전대, 안전모 등 보호구 착용"
2016-92-51-001,기타의사업,도소매·음식·숙박업,도소매및소비자용품수리업,2016년 5월경 OO농장에서 재해자가 파이프다발을 하차하던 중 파이프 다발이 재해자쪽으로 떨어져 깔려 사망,운반물(파이프 다발),상하차 작업 또는 적재된 화물,『화물의 무게가 한쪽으로 치우쳐진 상태 등』 적재상태가 불량한 화물이 무너지면서 맞거나 깔림,"▶ 전도·낙하 방지를 위해 중량물 제거 후 작업
▶ 중량물 고정 실시 후 수리작업 실시"
2016-92-51-003,기타의사업,도소매·음식·숙박업,음식및숙박업,"2016년 7월경 OO사업장에서 재해자가 동료작업자와 함께 육수를 담은 솥을 운반하던 중 재해자가 갑자기 주저앉아 뜨거운 육수가 쏟아져 화상을 입고, 병원에서 치료하던 중 사망",운반물(육수),인력 운반 작업,작업자 간 『작업 상황에 대해 의사소통을 하지 않고 작업』을 실시해 운반하는 물체에 부딪히거나 깔림 또는 주변 구조물과 운반하는 물체 사이에 끼임,"▶ 작업자 간 신호체계 통일 및 숙지 조치
▶ 중량물 취급 시 보조운반기구 사용"
2016-93-11-001,제조업,기계기구·금속·비금속광물제품제조업,자동차부분품제조업,2016년 2월경 사출공정에서 재해자가 사출성형기의 금형교환 작업을 위해 문을 열고 금형을 점검하던 중 이동금형이 전진하여 이동금형과 고정금형 사이에 머리가 끼어 사망,사출성형기,비정형 작업(점검),"『설비에 안전장치가 설치되어 있지 않거나, 설치된 안전장치를 무력화한 상태』로 사용하던 중 말리거나 끼임","▶ 방호장치 작동불량 등 이상시 관리감독자 등에게 선보고 및 조치 후 작업 재개가 당연한 안전문화 구축　
▶ 작업 전 광전자식 방호장치 정상 여부 확인 "
2016-93-11-002,제조업,섬유및섬유제품제조업,직물업,2016년 3월 섬유가공공장 내에서 재해자가 직기의 실 찌거기를 제거하던 중 회전축에 왼쪽 팔 옷자락이 감겨 신체 일부가 끼임,생산설비(레피어직기/Rapier loom/RPL),비정형 작업(이물질 제거·청소),『설비를 정지시키지 않거나 전원을 차단하지 않은 상태』에서 정비·보수·청소 등의 작업을 하다가 끼이거나 말림,"▶ 설비 가동중 이물질 제거 등이 발생할 수 있는 생산작업을 분석하고 근원적 접근방지대책 수립
▶ 끼임재해 우려가 있어 가동정지 후 작업이 필요한 설비 목록화→LOTO(Lock Out,  Tag Out) 대상 확정·시행 
▶ 작업 절차에 대해 근로자 교육실시"
2016-93-11-003,제조업,기계기구·금속·비금속광물제품제조업,농업용기계제조업,2016년 4월경 부품적재대에서 작업 중 동료작업자가 지게차를 이용하여 용접용 지그를 꺼내려다가 다른 용접용 지그가 떨어져 재해자를 충격하여 사망,지게차,지게차를 사용하는 작업,『차량 작업 구역에 근로자 출입을 통제하지 않은 상태』에서 근로자가 작업차량 또는 운반하는 화물에 부딪히거나 깔림 또는 주변 구조물과 그 사이에 끼임,▶ 차량을 사용하는 작업하는 구역과 차량 이동 경로를 근로자 이동 통로와 구분 실시
2016-93-11-004,제조업,기계기구·금속·비금속광물제품제조업,열처리사업,2016년 4월경 프레스가공 작업장에서 재해자가 금형부속품인 펀치 파손으로 이를 교체 후 금형 셋팅 과정에서 상금형 받침대로 사용한 소재부품을 제거하지 않고 슬라이드를 하강시켜 재해자의 안면부 등을 충격하여 사망,생산설비(프레스),비정형 작업(정비·보수),"『설비에 안전장치가 설치되어 있지 않거나, 설치된 안전장치를 무력화한 상태』로 사용하던 중 말리거나 끼임","▶ 방호장치 작동불량 등 이상시 관리감독자 등에게 선보고 및 조치 후 작업 재개가 당연한 안전문화 구축　
▶ 작업 전 광전자식 방호장치 정상 여부 확인 "
2016-93-11-005,제조업,기계기구·금속·비금속광물제품제조업,자동차부분품제조업,"2016년 6월경 용해로 덮개 하부에 설치된 실린더를 교체하기 위해 작업자 4명이 크레인 줄걸이를 덮개 인양용 러그에 걸어 작업 중 러그가 파단되어 재해자를 충격하여 1명 사망, 3명 부상",줄걸이기구(리프팅 러그),"크레인(천장주행, 갠트리, 지브 등) 사용 작업","『줄걸이 기구의 용접 불량, 마모, 변형, 손상』으로 인해 운반하는 화물이 떨어지면서 부딪히거나 그 아래 깔림","▶ 설비·구조물 상태 정기적 점검 및 예방 관리
▶ 와이어로프 손상 시 즉시 교체하여 사용"
2016-93-11-006,광업,석회석·금속·비금속광업및기타광업,쇄석채취업,2016년 8월경 OO사업장에서 재해자가 레미콘 원재료 투입작업장으로 이동하던 중 건설기계(로더)에 부딪히며 타이어에 깔려 사망,건설기계(로더),건설기계를 사용하는 작업,『근로자와 작업차량 간 이동동선(통행로)를 구분하지 않은 상태』에서 근로자가 작업차량에 부딪히거나 깔림 또는 주변 구조물과 차량사이에 끼임,"▶ 주문량 증가로 제품 적재공간 확대에 따라 지게차 작업구역이 확대, 지게차 운행 구역과 근로자 작업장소를 별도로 구획 실시
▶ 지게차 이용 중량물 취급에 대한 작업계획서 작성(작업방법, 운행경로, 근로자와 지게차 혼재 작업 여부 등)
▶ 혼재 작업 시 작업지휘자 또는 유도자 배치"
2016-93-11-007,제조업,기계기구·금속·비금속광물제품제조업,자동차부분품제조업,2016년 9월경 작업장에서 재해자가 천장주행 크레인 상부 점검용 통로에 올라가 통로용 발판을 설치하기 위해 작업을 중 주행하는 천장주행 크레인의 새들 부위에 재해자가 부딪혀 사망,크레인(천장주행크레인),비정형 작업(정비·보수),『설비를 정지시키지 않거나 전원을 차단하지 않은 상태』에서 정비·보수·청소 등의 작업을 하다가 끼이거나 말림,"▶ 설비 가동중 이물질 제거 등이 발생할 수 있는 생산작업을 분석하고 근원적 접근방지대책 수립
▶ 끼임재해 우려가 있어 가동정지 후 작업이 필요한 설비 목록화→LOTO(Lock Out,  Tag Out) 대상 확정·시행 
▶ 작업 절차에 대해 근로자 교육실시"
2016-93-11-008,제조업,기계기구·금속·비금속광물제품제조업,각종기계또는동부속품제조업,2016년 10월경 CNC자동선반 가공공정에서 재해자가 갠트리 로더(자동이송장치본체)와 인텍스(소재공급장치)사이에 머리부분이 끼어 사망,자동화설비(갠트리로더<자동이송장치>),비정형 작업(점검),"『주변 설비의 움직임을 인지하지 못하거나, 안전거리를 확보하지 않고 작업』 하여 작동하는 설비에 부딪히거나, 말림·끼임","▶ 같은 장소에서 이루어지는 도급인과 수급인의 작업 혼재 시 재해 발생 예방을 위한 의사 전달 체계 수립
▶ 안전작업허가제도로 작업 전·중·후 안전확보 상태 지속 확인"
2016-93-11-009,제조업,기계기구·금속·비금속광물제품제조업,자동차부분품제조업,2016년 11월 성형작업장에서 금형내부 이물질 제거 작업을 하던 중 신체 일부가 기동스위치를 터치하여 기계가 작동되어 금형사이에 끼어 사망,생산설비(냉간성형기),가공 설비를 이용한 작업,"『설비를 오조작』하여 갑자기 작동한 설비의 구동부에 끼이거나 말림, 절단","▶ 설비 조작스위치, 판넬 등에 조작 스위치의 기능(정지, 작동, 수동, 반자동, 자동, 역회전 등) 표시
▶ 생산 설비의 불시 가동을 방지하기 위한 LOTO(Lock Out_잠금장치, Tag Out_점검 중 꼬리표)제도 시행
▶ 작업자간 의사소통 방안 수립 및 실시"
2016-93-31-001,제조업,수제품및기타제품제조업,지류가공제품제조업,"2016년 6월 제지 재활용 가공업체에서 재해자 3명이 설비 하부 체스트 내부 청소작업을 위하여 체스트 내부를 진입하던 중 유해가스 흡입 및 산소결핍으로 첫 진입자가 쓰러지고, 이를 구조하기 위해 들어간 두 명의 진입자가 쓰러짐(사망2, 부상1)",유해가스,"피트, 맨홀, 오·폐수 처리시설 등 밀폐된 장소에서 작업",『산소·가소농도 미측정 및 송풍기를 이용한 강제환기 미실시』로 불활성 가스 또는 유해가스에 의한 산소결핍·질식·중독,"▶ 가스농도측정기로 적정공기 상태 선 확인
▶ 환기팬 등으로 환기 실시 후 작업을 실시
▶ 밀폐공간 출입금지 위험 표시"
2016-93-51-001,기타의사업,시설관리및사업지원서비스업,건물등의종합관리사업,2016년 3월경 OO아파트에서 재해자가 이동식 크레인에 부착한 불법 작업대에 탑승하여 전지작업을 하던 중 3.2미터 아래 바닥으로 추락하여 사망,크레인(이동식크레인/카고크레인),"이동식 크레인(카고 크레인, 집게차)을 사용한 작업",『이동식 크레인에 작업대를 장착하는 등 불법 구조변경』하여 사용하다가 작업대가 이탈되면서 떨어짐,"▶ 기준에 적합한 고소작업대 등을 사용하여 고소 작업 실시
▶ 임의로 구조를 변경하여 탑승대를 설치하는 등 기준에 적합하지 않은 방법으로 설비 개조를 금지하는 규정 마련"
2017-11-11-002,제조업,수제품및기타제품제조업,기타각종제조업,2017년 9월 폐기물처리업체 내에서 재해자가 지게차 포크에 작업용 버킷을 장착하기 위하여 다른 지게차의 상부를 발판삼아 작업하던 중 장착 중이던 버킷이 탈락하면서 무게중심을 잃고 떨어짐,지게차,지게차를 사용하는 작업,"지게차 포크, 파렛트, 굴삭기 버킷에 탑승하여 높은 장소로 승강하는 등 『설비를 주용도(하역운반장치) 외로 사용』하여 떨어짐","▶ 중량물 제작 작업 등 생산용도에 사용금지
▶ 전동교체 시 고소작업대 사용 및 운전석 외 탑승금지"
2017-11-51-001,운수창고통신업,철도·항공·창고·운수관련서비스업,육상화물취급업,2017년 2월경 OO아파트에서 이삿짐 운반 작업을 하던 재해자가 이삿짐운반용 리프트의 운반구에 올라가 이삿짐(매트리스)을 아파트 창문 안쪽으로 들여놓던 중 운반구에서 중심을 잃고 약 18.7미터 아래 바닥으로 떨어져 사망,기타 차량(사다리차/이삿짐운반용 차량),사다리차(이삿짐 운반용 차량) 사용 작업,무거운 물체를 운반하던 중 『바닥의 요철부』에 걸려 넘어지면서 떨어지거나 바닥에 머리가 부딪힘,"▶ 작업구간 바닥상태 평탄화 조치
▶ 폭 넓은 운반용구로 구입·변경 조치
▶ 이동통로 상 바닥에 이물질 등 제거 조치"
2017-11-51-002,기타의사업,시설관리및사업지원서비스업,위생및유사서비스업,2017년 5월경 OO사업장에서 선별 작업을 수행하는 재해자가 패트병 압축 후 철선 결속 작업을 하는 동료 작업자의 작업을 도와주기 위해 압축기 배출구 앞을 지나가던 중 열리는 게이트에 맞아 넘어지면서 머리가 바닥에 부딪혀 사망,생산설비(압축기),작업장소 통행/이동,"『주변 설비의 움직임을 인지하지 못하거나, 안전거리를 확보하지 않고 작업』 하여 작동하는 설비에 부딪히거나, 말림·끼임","▶ 같은 장소에서 이루어지는 도급인과 수급인의 작업 혼재 시 재해 발생 예방을 위한 의사 전달 체계 수립
▶ 안전작업허가제도로 작업 전·중·후 안전확보 상태 지속 확인"
2017-11-51-003,기타의사업,시설관리및사업지원서비스업,건물등의종합관리사업,2017년 5월경 OO건물 기계식 주차장에서 재해자가 소방설비 유지보수업체 직원 2명과 함께 지하 1층에서 작업 정리를 하던 중 기계식 주차장이 갑자기 작동하여 재해자 차량 운반구와 바닥 사이에 끼어 사망,기계식 주차설비,기계식 주차설비 정비·점검 작업,『정비작업 중 작업자 외 근로자가 설비를 가동』하여 갑자기 작동된 설비에 말리거나 끼임,"▶ 생산 설비의 불시 가동을 방지하기 위한 LOTO(Lock Out_잠금장치, Tag Out_점검 중 꼬리표)제도 시행
▶ 관리감독자 확인 의무 부여"
2017-11-51-004,운수창고통신업,철도·항공·창고·운수관련서비스업,철도·궤도운수업,2017년 6월경 열차 감시원인 재해자가 OO지점에 작업표지판을 설치하고 이동하던 중 운행하는 전동열차에 부딪혀 사망,기타 차량(열차/기차),비정형 작업(정비·보수),"『주변 설비의 움직임을 인지하지 못하거나, 안전거리를 확보하지 않고 작업』 하여 작동하는 설비에 부딪히거나, 말림·끼임","▶ 같은 장소에서 이루어지는 도급인과 수급인의 작업 혼재 시 재해 발생 예방을 위한 의사 전달 체계 수립
▶ 안전작업허가제도로 작업 전·중·후 안전확보 상태 지속 확인"
2017-11-51-005,기타의사업,국가및지방자치단체의사업,국가및지방자치단체의사업,2017년 7월경 OO공원에서 재해자가 동료작업자와 함께 벌목 작업을 하던 중 벌도목(고사목)이 재해자 방향으로 넘어지면서 머리를 가격하여 사망,나무(벌도목),벌목·조재 작업,"『벌도목이 의도하지 않은 방향으로 쓰러지거나, 주변 장애물에 걸려』 작업자 방향으로 쓰러지면서 안면 또는 머리를 가격(부딪힘)","▶ 벌목 작업 시에는 사전에 대피장소를 정하여 작업 실시
▶ 충분한 안전거리를 확보하여, 다른 작업자와 동시에 작업 금지"
2017-11-51-007,기타의사업,국가및지방자치단체의사업,국가및지방자치단체의사업,2017년 6월경 OO주차장 주변 가로수의 가지치기 작업을 하던 재해자가 나무 지주를 딛고 올라서 작업 부분을 확인하던 중 발을 헛디뎌 지면으로 떨어져(약 1.65미터) 가슴과 머리를 펜스 및 콘크리트 바닥에 부딪혀 사망,분류 불가,조경·제초작업,『난간이 없는 작업대 사용 또는 임시 구조물(나뭇가지 등)을 밟고 작업』하다가 균형을 잃고 떨어짐,"▶ 안전난간이 설치된 작업발판을 설치·사용
▶ 고소작업대 사용 또는 3.5m미만은 A자형 사다리 사용(2인1조) 관리
▶ 안전대 및 안전모 지급·착용 등 관리감독자 확인"
2017-11-51-009,기타의사업,시설관리및사업지원서비스업,위생및유사서비스업,2017년 7월경 OO건물에서 쓰레기 수거작업을 하던 재해자가 후진하는 작업차량(압착식진개차)의 후미 발판에서 내리다가 중심을 잃고 넘어지면서 작업차량에 복부를 부딪혀 치료 중 사망,화물운반트럭(청소차량/압착식진개차),도로 청소 등 환경미화 작업,『움직이는 작업차량』 에서 뛰어내리다가 넘어져 작업차량에 깔림,"▶ 차량 상부작업 시 작업장소 상부에 안전대 걸이설비 설치·사용
▶ 작업 시 안전대, 안전모 등 보호구 착용"
2017-11-51-011,기타의사업,전문·보건·교육·여가관련서비스업,오락·문화및운동관련사업,2017년 2월경 OO건물 지하 1층에서 승강기 점검 중이던 재해자가 출입물을 수동으로 개방하여 엘리베이터 상태를 확인하던 중 지하 3층으로 추락(약 8.5미터)하여 사망,엘리베이터,비정형 작업(점검),『리프트의 출입문(도어)을 해체한 상태』에서 점검 및 수리작업 중 출입금지조치가 되어있지 않은 개구부(승강로)로 떨어짐,"▶ 각층 출입문에 인터록장치 등 연동장치 설치
▶ 승강로 주변은 방호울 등으로 밀폐 조치"
2017-11-51-012,기타의사업,시설관리및사업지원서비스업,건물등의종합관리사업,2017년 9월경 OO아파트 옥상에서 방수작업을 수행하던 재해자가 균형을 잃고 미끄러지면서 1층으로 추락(약 24m)하여 사망,분류 불가,"설비 위, 지붕 등 높은 장소에서의 작업",『안전난간의 설치상태가 불량하거나 없는 상태』에서 주변 구조물 또는 생명줄에 안전대를 체결하지 않아 떨어짐,"▶ 지붕 재질 확인 및 하중 분산용 작업발판 설치 후 작업
▶ 지붕 파손 대비 공장 내부에 추락방호망 설치
▶ 지붕 끝단부에 안전난간 설치"
2017-11-51-013,기타의사업,부동산업및임대업,부동산업,2017년 5월경 OO건물 계단에서 재해자가 셔터문을 내리던 중 몸의 중심을 잃고 1.7미터 아래 계단으로 넘어지면서 계단과 바닥에 머리를 부딪혀 사망,분류 불가,인력 운반 작업,무거운 물체를 운반하던 중 『바닥의 요철부』에 걸려 넘어지면서 떨어지거나 바닥에 머리가 부딪힘,"▶ 작업구간 바닥상태 평탄화 조치
▶ 폭 넓은 운반용구로 구입·변경 조치
▶ 이동통로 상 바닥에 이물질 등 제거 조치"
2017-11-51-014,기타의사업,도소매·음식·숙박업,도소매및소비자용품수리업,2017년 11월경 OO사업장에서 재해자가 크레인을 이용해 운반할 제품(환봉더미)위에 올라 제품을 운반하던 중 제품이 슬링벨트에서 이탈해 재해자와 같이 떨어지면서 제품(환봉더미) 아래 재해자가 깔려 사망,운반물(환봉더미),"크레인(천장주행, 갠트리, 지브 등) 사용 작업",『운반하는 화물의 형태에 적합하지 않은 줄걸이 방법을 사용』하여 화물의 균형이 맞지 않은 상태에서 무리하게 인양하다가 화물이 떨어지면서 부딪히거나 그 아래 깔림,"▶ 섬유슬링 벨트 폐기(관리) 기준을 마련하여 중량물 취급 작업계획서에 포함
▶ 폐기조건 발생 시 근로자가 자발적으로 점검하여 즉시 폐기 요청 할 수 있는 사내 안전문화 정착"
2017-11-51-016,기타의사업,도소매·음식·숙박업,도소매및소비자용품수리업,2017년 12월경 OO사업장에서 재해자가 전표를 수령하기 위해 덤프트럭 운전석으로 접근하던 중 덤프트럭에 치이면서 앞바퀴에 깔려 사망,화물운반트럭(덤프트럭),작업장소 통행/이동,『근로자와 작업차량 간 이동동선(통행로)를 구분하지 않은 상태』에서 근로자가 작업차량에 부딪히거나 깔림 또는 주변 구조물과 차량사이에 끼임,"▶ 주문량 증가로 제품 적재공간 확대에 따라 지게차 작업구역이 확대, 지게차 운행 구역과 근로자 작업장소를 별도로 구획 실시
▶ 지게차 이용 중량물 취급에 대한 작업계획서 작성(작업방법, 운행경로, 근로자와 지게차 혼재 작업 여부 등)
▶ 혼재 작업 시 작업지휘자 또는 유도자 배치"
2017-12-11-001,제조업,수제품및기타제품제조업,기타각종제조업,2017년 7월 사업장에서 재해자가 화물자동차 적재함에 적재된 강화유리 하차 작업을 하던 중 적재함 내 강화유리가 재해자 쪽으로 연쇄적으로 무너져 내리면서 깔림,적재물(강화유리),상하차 작업 또는 적재된 화물,『화물의 무게가 한쪽으로 치우쳐진 상태 등』 적재상태가 불량한 화물이 무너지면서 맞거나 깔림,"▶ 전도·낙하 방지를 위해 중량물 제거 후 작업
▶ 중량물 고정 실시 후 수리작업 실시"
2017-12-51-001,기타의사업,시설관리및사업지원서비스업,건물등의종합관리사업,"2017년 4월경 OO아파트에서 모래 침전조 내의 모래 제거작업을 하던 중 정화조 덮개가 미끄러지면서 추락하여 2명 사상(1명 사망, 1명 부상)",분류 불가,"설비 위, 지붕 등 높은 장소에서의 작업",『작업을 위해 밟고 있던 구조물이 파손되거나 균형을 잃기 쉬운 불안한 자세』로 작업하여 넘어지거나 떨어짐,"▶ 안전난간이 설치된 작업발판을 설치·사용
▶ 고소작업대 사용 또는 3.5m미만은 A자형 사다리 사용(2인1조) 관리
▶ 안전대 및 안전모 지급·착용 등 관리감독자 확인"
2017-12-51-002,운수창고통신업,철도·항공·창고·운수관련서비스업,철도·궤도운수업,2017년 5월경 OO역 화물열차 입환장에서 재해자가 이동(약 15~20km/h)하는 화차의 사다리형 발판에 탑승하여 이동 중 떨어져 화차의 프레임과 바닥 사이에 끼어 사망,기타 차량(열차/기차),작업장소 통행/이동,『설비를 밟고 올라 이동하거나 설비 사이를 뛰어넘어 이동』하다가 구조물에 다리가 걸려 넘어지거나 균형을 잃고 떨어짐,"▶ 추락위험구간에 안전난간 추가 설치
▶ 출하장소를 추락위험이 없는 장소로 위치 변경"
2017-12-51-003,기타의사업,도소매·음식·숙박업,음식및숙박업,2017년 4월경 OO가게 소속 재해자가 오토바이를 탑승하고 횡단보도를 건너던 중 진행방향 우측에서 달려오는 오토바이와 부딪혀 사망,기타 차량(오토바이),도로에서의 자동차 운전,『본인 또는 타인의 교통법규 위반』으로 사고발생 위험,"▶ 운전자는 작업 전 충분한 휴식을 취하고 운전 작업 실시
▶ 도로 상에서 운전 시 교통신호 등을 철저히 준수하여 운전 실시"
2017-21-11-001,제조업,기계기구·금속·비금속광물제품제조업,기타금속제품제조업또는금속가공업,2017년 2월경 창고에서 철선코일 라벨작업을 위해 재해자가 코일 내로 상체를 넣고 라벨부착 및 확인 작업 후 나오다가 철선코일이 넘어지면서 깔려 사망,적재물(철선코일),작업장소 통행/이동,"『주변 설비의 움직임을 인지하지 못하거나, 안전거리를 확보하지 않고 작업』 하여 작동하는 설비에 부딪히거나, 말림·끼임","▶ 같은 장소에서 이루어지는 도급인과 수급인의 작업 혼재 시 재해 발생 예방을 위한 의사 전달 체계 수립
▶ 안전작업허가제도로 작업 전·중·후 안전확보 상태 지속 확인"
2017-21-11-002,제조업,기계기구·금속·비금속광물제품제조업,선재제품제조업,2017년 4월경 제품입고 장소에서 재해자가 컨테이너 문을 여는 순간 컨테이너 내부에 있던 랩핑된 마대자루 묶음이 넘어지면서 깔려 사망,적재물(마대자루 묶음 ),상하차 작업 또는 적재된 화물,『매달아 올리거나 적재 상태가 불량한 물체』가 떨어지거나 무너지면서 맞거나 깔림,"▶ 주변의 중량물로 인한 깔림 방지를 위해 중량물 제거 후 작업
▶ 중량물 지지대 설치 후 수리·교체작업 실시"
2017-21-11-003,제조업,기계기구·금속·비금속광물제품제조업,제강압연업,2017년 4월경 재해자가 지게차로 마대를 왼쪽 포크에 걸고 운반 중 지가체가 무게중심을 잃고 왼쪽으로 넘어지면서 재해자가 떨어져 넘어지는 지게차의 헤드가드와 현장바닥 사이에 머리가 끼어 사망,지게차,지게차를 사용하는 작업,"작업차량이 『운행경로 상의 지형(급경사, 커브, 바닥의 요철, 지반 등) 또는 구조물』로 인해 떨어지거나 넘어지면서 그 아래 깔림","▶ 주·정차 시 불시 이동방지를 위한 브레이크, 고임목 체결 철저
▶ 작업장 내 바닥 평탄화 및 제한속도 준수
▶ 지게차 운전자격이 있는 지정자에 한해 운전 및 시동키 관리"
2017-21-11-004,제조업,기계기구·금속·비금속광물제품제조업,각종시멘트제품제조업,2017년 2월경 사업장내에서 재해자가 형틀하부에 콘크리트 타설하는 작업 중 지게차로 인양한 호퍼와 형틀사이에 머리가 끼어 사망,운반물(콘크리트 호퍼),지게차를 사용하는 작업,작업자 간 『작업 상황에 대해 의사소통을 하지 않고 작업』을 실시해 운반하는 물체에 부딪히거나 깔림 또는 주변 구조물과 운반하는 물체 사이에 끼임,"▶ 작업자 간 신호체계 통일 및 숙지 조치
▶ 중량물 취급 시 보조운반기구 사용"
2020-41-11-005,제조업,화학및고무제품제조업,고무제품제조업,2020년 11월경 OO사업장 타이어 성형공정에서 재해자가 고속으로 회전하는 성형기에 작업복이 말려들어가 주변의 설비에 부딪혀 사망,생산설비(성형기),가공 설비를 이용한 작업,"『주변 설비의 움직임을 인지하지 못하거나, 안전거리를 확보하지 않고 작업』 하여 작동하는 설비에 부딪히거나, 말림·끼임","▶ 같은 장소에서 이루어지는 도급인과 수급인의 작업 혼재 시 재해 발생 예방을 위한 의사 전달 체계 수립
▶ 안전작업허가제도로 작업 전·중·후 안전확보 상태 지속 확인"
2017-21-11-006,제조업,기계기구·금속·비금속광물제품제조업,건설용금속제품제조업,2017년 7월경 현장 작업자가 프레스 하부 금형 입자에 스크랩이 쌓이면서 상부금형에 고정되어 있는 피어싱에 부하게 걸려 부러지면서 떨어져 나가 작업자 흉부를 충격하여 사망,분류 불가,가공 설비를 이용한 작업,보호구를 착용하지 않은 상태에서 『튕겨나온 가공날 또는 가공물』에 눈을 찔리거나 머리를 맞음,"▶ 선반가공 시 척, 방진구 및 심압대 체결상태 확인 및 갇독 철저
▶ 칩 브레이커 등 설치·사용
▶ 보안경/보안면 등 안면보호구 착용"
2017-21-11-007,제조업,목재및종이제품제조업,베니어판등제조업,2017년 8월 목재가공공장에서 지게차 운전원이 각재묶음을 지게차로 인양하던 중 인양된 각재묶음이 풀리면서 떨어져 근처에서 각재 포장작업을 하던 재해자를 덮쳐 각재묶음과 포장기계 사이에 끼임,운반물(각목),지게차를 사용하는 작업,『화물의 무게가 한쪽으로 치우쳐진 상태 등』 적재상태가 불량한 화물이 무너지면서 맞거나 깔림,"▶ 전도·낙하 방지를 위해 중량물 제거 후 작업
▶ 중량물 고정 실시 후 수리작업 실시"
2017-21-11-008,제조업,출판·인쇄·제본업,제본또는인쇄물가공업,2017년 8월 인쇄공장에서 오프셋 인쇄기에 인쇄물이 걸려 작동하지 않는 것을 발견한 재해자가 인쇄기 안으로 팔을 넣어 걸려있는 인쇄물을 꺼내던 중 인쇄기가 갑자기 작동하여 롤과 배지부 프레임 사이에 끼임,생산설비(오프셋 인쇄기),비정형 작업(이물질 제거·청소),『설비를 정지시키지 않거나 전원을 차단하지 않은 상태』에서 정비·보수·청소 등의 작업을 하다가 끼이거나 말림,"▶ 설비 가동중 이물질 제거 등이 발생할 수 있는 생산작업을 분석하고 근원적 접근방지대책 수립
▶ 끼임재해 우려가 있어 가동정지 후 작업이 필요한 설비 목록화→LOTO(Lock Out,  Tag Out) 대상 확정·시행 
▶ 작업 절차에 대해 근로자 교육실시"
2017-21-11-010,제조업,수제품및기타제품제조업,기타각종제조업,2017년 10월 폐기물처리업체 야적장에서 재해자가 고철 하역작업 중 고철더미 안에서 연기가 발생하자 이를 확인하기 위해 야적된 다른 고철더미 상부로 오르던 중 추락(약 5m),적재물(고철더미),작업장소 통행/이동,『설비를 밟고 올라 이동하거나 설비 사이를 뛰어넘어 이동』하다가 구조물에 다리가 걸려 넘어지거나 균형을 잃고 떨어짐,"▶ 추락위험구간에 안전난간 추가 설치
▶ 출하장소를 추락위험이 없는 장소로 위치 변경"
2017-21-11-011,제조업,화학및고무제품제조업,합성수지제조업,2017년 12월경 OO사업장 제품 포장공정에서 재해자가 IBC 탱크를 지게차로 옮기는 작업 중 4단으로 적재된 IBC 탱크가 넘어지면서 아래에 깔려 사망,적재물(IBC탱크/벌크용기),지게차를 사용하는 작업,『화물의 무게가 한쪽으로 치우쳐진 상태 등』 적재상태가 불량한 화물이 무너지면서 맞거나 깔림,"▶ 전도·낙하 방지를 위해 중량물 제거 후 작업
▶ 중량물 고정 실시 후 수리작업 실시"
2017-21-11-012,제조업,수제품및기타제품제조업,기타각종제조업,2017년 12월 목재가공공장에서 재해자가 합판에 라미네이팅지를 접착하는 시트지 접착기 시운전 중 접착기 상하 롤러 사이에 신체 일부가 말림 ,생산설비(합판 시트지 접착기),비정형 작업(시운전),"『설비에 안전장치가 설치되어 있지 않거나, 설치된 안전장치를 무력화한 상태』로 사용하던 중 말리거나 끼임","▶ 방호장치 작동불량 등 이상시 관리감독자 등에게 선보고 및 조치 후 작업 재개가 당연한 안전문화 구축　
▶ 작업 전 광전자식 방호장치 정상 여부 확인 "
2017-21-21-020,기타의사업,도소매·음식·숙박업,도소매및소비자용품수리업,2017년 10월경 OO아파트 현장 커뮤니티 센터 옥상의 철골 구조물에서 재해자가 물건을 옮기던 중 중심을 잃고 3.6미터 아래로 떨어져 사망,분류 불가,"설비 위, 지붕 등 높은 장소에서의 작업",무거운 물체를 운반하던 중 『바닥의 요철부』에 걸려 넘어지면서 떨어지거나 바닥에 머리가 부딪힘,"▶ 작업구간 바닥상태 평탄화 조치
▶ 폭 넓은 운반용구로 구입·변경 조치
▶ 이동통로 상 바닥에 이물질 등 제거 조치"
2017-21-51-001,기타의사업,시설관리및사업지원서비스업,위생및유사서비스업,2017년 2월경 OO사업장 폐기물선별장에서 선별작업을 하던 재해자가 후진하는 로더 뒷바퀴에 깔려 사망,건설기계(로더),혼재작업(작업자-작업차량),근로자와 작업차량 간 『혼재작업 장소에서 근로자 이동과 작업차량 운행을 통제하지 않은 상태』에서 근로자가 작업차량에 부딪히나 깔림 또는 주변 구조물과 작업차량 사이에 끼임,"▶ 지게차 이용 중량물 취급에 대한 작업계획서 작성(작업방법, 운행경로, 근로자와 지게차 혼재 작업 여부 등)
▶ 혼재 작업 시 작업지휘자 또는 유도자 배치"
2017-21-51-002,기타의사업,도소매·음식·숙박업,도소매및소비자용품수리업,2017년 3월경 OO창고 하역장에서 재해자가 송장을 배부하고 확인하던 중 운행하는 지게차에 치인 후 깔려 사망,지게차,혼재작업(작업자-작업차량),『근로자와 작업차량 간 이동동선(통행로)를 구분하지 않은 상태』에서 근로자가 작업차량에 부딪히거나 깔림 또는 주변 구조물과 차량사이에 끼임,"▶ 주문량 증가로 제품 적재공간 확대에 따라 지게차 작업구역이 확대, 지게차 운행 구역과 근로자 작업장소를 별도로 구획 실시
▶ 지게차 이용 중량물 취급에 대한 작업계획서 작성(작업방법, 운행경로, 근로자와 지게차 혼재 작업 여부 등)
▶ 혼재 작업 시 작업지휘자 또는 유도자 배치"
2017-21-51-003,제조업,기계기구·금속·비금속광물제품제조업,제강압연업,2017년 3월경 제품장에서 동료운전자가 지게차를 이용하여 H빔을 반출하던 중 적치대 3단에 적재된 H빔이 마스트 상단에 걸려 지게차를 후진하자 H빔이 떨어지며 반경내에 있던 재해자를 충격하여 사망,운반물(H빔),혼재작업(작업자-작업차량),『차량 작업 구역에 근로자 출입을 통제하지 않은 상태』에서 근로자가 작업차량 또는 운반하는 화물에 부딪히거나 깔림 또는 주변 구조물과 그 사이에 끼임,▶ 차량을 사용하는 작업하는 구역과 차량 이동 경로를 근로자 이동 통로와 구분 실시
2017-21-51-004,기타의사업,시설관리및사업지원서비스업,사업서비스업,2017년 7월경 OO건물에서 시설관리를 담당하던 재해자가 이동식 사다리에 올라가 향나무 가지치기 작업 후 내려오던 중 바닥으로 떨어져 사망,사다리(이동식/A형),사다리를 이용한 작업 또는 통행,『사다리 위에 올라가 작업』하던 중 균형을 잃고 머리부터 바닥으로 떨어짐,"▶ 3.5m 미만 작업 시 A자형 사다리만 사용(2인1조)
▶ 아웃트리거 설치 및 안전대, 안전모 등 개인보호구 착용"
2017-21-51-005,기타의사업,시설관리및사업지원서비스업,위생및유사서비스업,2016년 4월경 OO건물에서 차량탑재형 고소작업대의 작업대에 탑승해 유리창 청소작업을 하던 중 차량탑재형 고소작업대가 넘어지면서 추락하여 부상(2명),고소작업대(차량탑재형/스카이),고소작업대 사용 작업,『차량의 지지면 등 지반』이 무너지면서 차량이 넘어가거나 떨어짐,▶ 차량 작업구역과 이동 경로를 점검하여 안전하게 작업할 수 있는 구역 확보
2017-21-51-006,기타의사업,국가및지방자치단체의사업,국가및지방자치단체의사업,2017년 6월경 OO재활용 선별 사업장에서 재해자가 빗자루질을 하던 중 작업장 내에서 후진하던 차량(1톤 트럭) 후미에 추돌해 사망,화물운반트럭(카고트럭),혼재작업(작업자-작업차량),근로자와 작업차량 간 『혼재작업 장소에서 근로자 이동과 작업차량 운행을 통제하지 않은 상태』에서 근로자가 작업차량에 부딪히나 깔림 또는 주변 구조물과 작업차량 사이에 끼임,"▶ 지게차 이용 중량물 취급에 대한 작업계획서 작성(작업방법, 운행경로, 근로자와 지게차 혼재 작업 여부 등)
▶ 혼재 작업 시 작업지휘자 또는 유도자 배치"
2017-21-51-007,운수창고통신업,철도·항공·창고·운수관련서비스업,항만내의육상하역업,2016년 6월경 OO항 부두에서 재해자가 컨테이너 선적/양하작업 시 강풍에 의해 컨테이너가 흔들리자 작업대에 올라가 도구를 이용해 흔들리지 않게 고정하던 중 몸의 중심을 잃고 2.8미터 높이 작업대에서 떨어져 치료 중 사망,분류 불가,"설비 위, 지붕 등 높은 장소에서의 작업",『작업을 위해 밟고 있던 구조물이 파손되거나 균형을 잃기 쉬운 불안한 자세』로 작업하여 넘어지거나 떨어짐,"▶ 안전난간이 설치된 작업발판을 설치·사용
▶ 고소작업대 사용 또는 3.5m미만은 A자형 사다리 사용(2인1조) 관리
▶ 안전대 및 안전모 지급·착용 등 관리감독자 확인"
2017-21-51-008,기타의사업,시설관리및사업지원서비스업,사업서비스업,2017년 9월경 OO아파트에서 경비업무를 수행하던 재해자가 화재감지기(3.6미터)가 오작동 하자 이동식 사다리위에 올라가 점검하던 중 1.7미터 아래로 추락하여 사망,사다리(이동식/A형),사다리를 이용한 작업 또는 통행,『사다리 위에 올라가 작업』하던 중 균형을 잃고 머리부터 바닥으로 떨어짐,"▶ 3.5m 미만 작업 시 A자형 사다리만 사용(2인1조)
▶ 아웃트리거 설치 및 안전대, 안전모 등 개인보호구 착용"
2020-61-11-001,제조업,기계기구·금속·비금속광물제품제조업,배관공사용부속품제조업,2020년 1월 OO공장에서 재해자가 덕트용접기 기둥과 중간제품 이송 대차 사이에 목이 끼어 사망_x000D_,용접기(덕트용접기/자동용접기),자동화 설비 작업,"『주변 설비의 움직임을 인지하지 못하거나, 안전거리를 확보하지 않고 작업』 하여 작동하는 설비에 부딪히거나, 말림·끼임","▶ 같은 장소에서 이루어지는 도급인과 수급인의 작업 혼재 시 재해 발생 예방을 위한 의사 전달 체계 수립
▶ 안전작업허가제도로 작업 전·중·후 안전확보 상태 지속 확인"
2017-21-51-010,운수창고통신업,철도·항공·창고·운수관련서비스업,창고업,2017년 10월경 OO창고에서 현장 보조작업을 수행하던 재해자가 지게차가 내려놓는 화물을 고일 받침목이 파손된 것을 보고 다른 받침목을 받쳐놓던 중 지게차에 실려있던 화물이 재해자 방향으로 떨어지면서 깔려 사망,운반물(합판 묶음),혼재작업(작업자-작업차량),『화물을 지지하던 물체가 파손』되어 화물이 무너지면서 그 아래 깔림,"▶ 깔림 방지를 위해 중량물 제거 후 작업
▶ 중량물 지지대 설치 후 수리·교체작업 실시"
2017-22-11-001,제조업,기계기구·금속·비금속광물제품제조업,자동차및모터사이클수리업,2016년 11월경 재해자가 화물차에 도색작업을 하는 중 1.4m 높이의 작업발판에서 떨어져 사망,분류 불가,"설비 위, 지붕 등 높은 장소에서의 작업",『안전난간의 설치상태가 불량하거나 없는 상태』에서 주변 구조물 또는 생명줄에 안전대를 체결하지 않아 떨어짐,"▶ 지붕 재질 확인 및 하중 분산용 작업발판 설치 후 작업
▶ 지붕 파손 대비 공장 내부에 추락방호망 설치
▶ 지붕 끝단부에 안전난간 설치"
2017-22-11-002,제조업,기계기구·금속·비금속광물제품제조업,건설용금속제품제조업,2017년 2월경 사업장내에서 재해자가 A형사다리 최상부에 앉아 3.3높이에 위치한 천막과 파이프 결속작업 중 균형을 잃고 바닥으로 떨어져 사망,사다리(이동식/A형),사다리를 이용한 작업 또는 통행,『사다리 위에 올라가 작업』하던 중 균형을 잃고 머리부터 바닥으로 떨어짐,"▶ 3.5m 미만 작업 시 A자형 사다리만 사용(2인1조)
▶ 아웃트리거 설치 및 안전대, 안전모 등 개인보호구 착용"
2017-22-11-003,제조업,화학및고무제품제조업,플라스틱가공제품제조업,2017년 5월경 OO사업장에서 재해자가 차량 적재함에 제품 상차작업을 수행 중 크레인으로 운반한 인양화물에 부딪혀 적재함 아래로 떨어져 사망,인양물,상하차 작업 또는 적재된 화물,『적재된 제품·재료 또는 화물 적재함 위에 올라 작업』하던 중 균형을 잃고 떨어짐,"▶ 차량 상부작업 시 작업장소 상부에 안전대 걸이설비 설치·사용
▶ 적재함에 오르내리기 위한 설비 설치·사용
▶ 작업 시 안전대, 안전모 등 보호구 착용"
2017-22-11-004,제조업,기계기구·금속·비금속광물제품제조업,일반산업용기계장치제조업,2017년 5월경 사업장내에서 재해자가 컨베이어 시운전을 위해 설치되어 있던 임시구조물을 해체하는 과정에서 약 1.85m 높이에 설치되어 있던 금속구조물이 떨어져 재해자를 충격하여 사망,분류 불가,"설비 위, 지붕 등 높은 장소에서의 작업",『매달아 올리거나 적재 상태가 불량한 물체』가 떨어지거나 무너지면서 맞거나 깔림,"▶ 주변의 중량물로 인한 깔림 방지를 위해 중량물 제거 후 작업
▶ 중량물 지지대 설치 후 수리·교체작업 실시"
2017-22-11-005,제조업,목재및종이제품제조업,목재및나무제품제조업,2017년 7월 경 수출포장 목상자 조립공장에서 재해자가 목상자 조립을 보조하던 중 동료 근로자가 들고 있던 목공용 타정기(에어타카)에서 못이 발사되어 머리에 맞고 사망,수공구(에어타카),그라인더 등 수공구를 사용하는 작업,"『설비를 오조작』하여 갑자기 작동한 설비의 구동부에 끼이거나 말림, 절단","▶ 설비 조작스위치, 판넬 등에 조작 스위치의 기능(정지, 작동, 수동, 반자동, 자동, 역회전 등) 표시
▶ 생산 설비의 불시 가동을 방지하기 위한 LOTO(Lock Out_잠금장치, Tag Out_점검 중 꼬리표)제도 시행
▶ 작업자간 의사소통 방안 수립 및 실시"
2017-22-11-006,제조업,기계기구·금속·비금속광물제품제조업,자동차부분품제조업,2017년 8월경 현장에서 재해자가 파렛트 대차를 사용하여 운반하고 제자리로 돌아가던 중 근처에서 후진하던 지게차 뒷바퀴에 발이 걸려 넘어지면서 바닥에 머리를 부딪혀 사망,지게차,혼재작업(작업자-작업차량),근로자와 작업차량 간 『혼재작업 장소에서 근로자 이동과 작업차량 운행을 통제하지 않은 상태』에서 근로자가 작업차량에 부딪히나 깔림 또는 주변 구조물과 작업차량 사이에 끼임,"▶ 지게차 이용 중량물 취급에 대한 작업계획서 작성(작업방법, 운행경로, 근로자와 지게차 혼재 작업 여부 등)
▶ 혼재 작업 시 작업지휘자 또는 유도자 배치"
2017-22-11-007,제조업,기계기구·금속·비금속광물제품제조업,열처리사업,2017년 9월경 작업장에서 열처리로 송급장치 상승상태에서 하부에 쏟아져 있는 볼트류를 줍기 위해 들어가자 하강하는 소재 송급장치 드럼 운반구와 바닥사이에 끼어 사망,자동화설비(열처리로 송급장치),비정형 작업(이물질 제거·청소),『설비를 정지시키지 않거나 전원을 차단하지 않은 상태』에서 정비·보수·청소 등의 작업을 하다가 끼이거나 말림,"▶ 설비 가동중 이물질 제거 등이 발생할 수 있는 생산작업을 분석하고 근원적 접근방지대책 수립
▶ 끼임재해 우려가 있어 가동정지 후 작업이 필요한 설비 목록화→LOTO(Lock Out,  Tag Out) 대상 확정·시행 
▶ 작업 절차에 대해 근로자 교육실시"
2017-22-11-008,기타의사업,부동산업및임대업,부동산업,2017년 9월경 OO사업장 건물 지붕 위에서 재해자가 지붕 수리작업 중 밟고있던 채광창이 깨져 7.7미터 아래 바닥으로 추락해 사망,지붕·대들보(선라이트/채광창),"설비 위, 지붕 등 높은 장소에서의 작업",『작업을 위해 밟고 있던 구조물이 파손되거나 균형을 잃기 쉬운 불안한 자세』로 작업하여 넘어지거나 떨어짐,"▶ 안전난간이 설치된 작업발판을 설치·사용
▶ 고소작업대 사용 또는 3.5m미만은 A자형 사다리 사용(2인1조) 관리
▶ 안전대 및 안전모 지급·착용 등 관리감독자 확인"
2017-22-11-009,제조업,기계기구·금속·비금속광물제품제조업,일반산업용기계장치제조업,2017년 10월경 함정 상가대에서 재해자가 함정 하부에 부착할 철재 구조물의 맞춤 작업을 실시하고자 선체 부착판과 리브사이의 가용접부를 LPG산소절단기로 절단하던 중 용접부가 떨어지면서 양쪽 리브를 묶어 놓은 슬링벨트로 인해 스윙하는 양쪽 리브사이에 재해자의 두부가 끼어 사망,구조물(그리드),용접·절단·사상 또는 도장 작업,『매달아 올리거나 적재 상태가 불량한 물체』가 떨어지거나 무너지면서 맞거나 깔림,"▶ 주변의 중량물로 인한 깔림 방지를 위해 중량물 제거 후 작업
▶ 중량물 지지대 설치 후 수리·교체작업 실시"
2017-22-11-010,제조업,화학및고무제품제조업,유기화학제품제조업,2017년 10월경 OO사업장 아연분말 생산공정에서 재해자가 설비 가동을 위한 사전 점검 중 내부에서 분진 폭발이 발생하여 사망,인화성물질(아연분말),위험물질 취급 또는 그 장소에서 수행하는 작업,『작업장소 또는 그 주변엥서 취급하는 위험물질을 파악 및 제거하지 않은 상태』에서 작업하여 화재·폭발·질식 위험,"▶ 위험물질에 대한 MSDS 비치 및 근로자 교육
▶ 공급원재료의 종류, 공급되는 설비명 표시
▶ 가스검지 및 경보장치·긴급차단장치 및 방유제 설치"
2017-22-11-011,제조업,수제품및기타제품제조업,기타각종제조업,2017년 10월 폐기물처리업체에서 재해자가 파쇄기 이상소음 원인을 찾기 위해 파쇄기 내부에 진입하여 점검하던 중 동료 근로자가 파쇄기를 가동하여 끼임,분쇄·파쇄기,비정형 작업(점검),『정비작업 중 작업자 외 근로자가 설비를 가동』하여 갑자기 작동된 설비에 말리거나 끼임,"▶ 생산 설비의 불시 가동을 방지하기 위한 LOTO(Lock Out_잠금장치, Tag Out_점검 중 꼬리표)제도 시행
▶ 관리감독자 확인 의무 부여"
2017-22-11-012,제조업,기계기구·금속·비금속광물제품제조업,일반산업용기계장치제조업,"2017년 11월경 재해자가 전날 세워둔 폐수처리용 필터 프레스 워크웨이의 상·하판에 가용접한 부분의 틈새를 앵글로 보양 작업을 하던 중 무게 약 1,179kg의 워크웨이가 전도되면서 워크웨이(walkway) 아래에 깔려 사망",분류 불가,용접·절단·사상 또는 도장 작업,『매달아 올리거나 적재 상태가 불량한 물체』가 떨어지거나 무너지면서 맞거나 깔림,"▶ 주변의 중량물로 인한 깔림 방지를 위해 중량물 제거 후 작업
▶ 중량물 지지대 설치 후 수리·교체작업 실시"
2017-22-11-015,제조업,기계기구·금속·비금속광물제품제조업,각종시멘트제품제조업,2017년 12월경 콘크리트 믹서기에 물이 다량 투입되어 재해자가 믹서기의 점검구 앞에서 물을 퍼내는 과정에서 믹서기 내부 회전날개가 작동하여 신체 상부가 끼이고 믹서기 내부로 빠지며 질식으로 사망,혼합기(콘크리트 믹서),비정형 작업(이물질 제거·청소),『설비를 정지시키지 않거나 전원을 차단하지 않은 상태』에서 정비·보수·청소 등의 작업을 하다가 끼이거나 말림,"▶ 설비 가동중 이물질 제거 등이 발생할 수 있는 생산작업을 분석하고 근원적 접근방지대책 수립
▶ 끼임재해 우려가 있어 가동정지 후 작업이 필요한 설비 목록화→LOTO(Lock Out,  Tag Out) 대상 확정·시행 
▶ 작업 절차에 대해 근로자 교육실시"
2017-22-11-016,제조업,기계기구·금속·비금속광물제품제조업,각종시멘트제품제조업,"2017년 12월경 경사 컨베이어 벨트 하단에서 낙석물 제거 작업을 수행하던 재해자가 회전하는 컨베이어 벨트와 스넙드럼 사이에 팔, 가슴 등이 끼어 사망",컨베이어,비정형 작업(이물질 제거·청소),『설비를 정지시키지 않거나 전원을 차단하지 않은 상태』에서 정비·보수·청소 등의 작업을 하다가 끼이거나 말림,"▶ 설비 가동중 이물질 제거 등이 발생할 수 있는 생산작업을 분석하고 근원적 접근방지대책 수립
▶ 끼임재해 우려가 있어 가동정지 후 작업이 필요한 설비 목록화→LOTO(Lock Out,  Tag Out) 대상 확정·시행 
▶ 작업 절차에 대해 근로자 교육실시"
2017-22-21-006,기타의사업,도소매·음식·숙박업,도소매및소비자용품수리업,2017년 2월경 OO 설치공사 현장에서 파렛트 랙 설치작업을 하던 재해자가 고소작업대(렌탈) 작업대에 탑승 후 안전난간대를 딛고 올라서 파렛트 랙 서포트를 고정하는 작업 중 몸의 중심을 잃고 작업대 안쪽으로 떨어지면서 머리가 조작박스에 부딪혀 사망,고소작업대(시저형/렌탈),고소작업대 사용 작업,『작업을 위해 밟고 있던 구조물이 파손되거나 균형을 잃기 쉬운 불안한 자세』로 작업하여 넘어지거나 떨어짐,"▶ 안전난간이 설치된 작업발판을 설치·사용
▶ 고소작업대 사용 또는 3.5m미만은 A자형 사다리 사용(2인1조) 관리
▶ 안전대 및 안전모 지급·착용 등 관리감독자 확인"
2019-84-11-003,제조업,금속제련업,금속의제련또는정련업,2019년 2월 OO 항만 내 크레인 크레브 상부에서 점검 등을 하던 재해자가 고정되어 있는 와이어로프 서포트 롤 지지대와 후진하는 와이어로프 가이드 사이에 끼여 사망.,크레인,비정형 작업(점검),『정비작업 중 작업자 외 근로자가 설비를 가동』하여 갑자기 작동된 설비에 말리거나 끼임,"▶ 생산 설비의 불시 가동을 방지하기 위한 LOTO(Lock Out_잠금장치, Tag Out_점검 중 꼬리표)제도 시행
▶ 관리감독자 확인 의무 부여"
2017-22-31-003,제조업,기계기구·금속·비금속광물제품제조업,소화기및분사기제조업,"2017년 07월경 공장내에서 소화기 약제 충진작업을 실시하던 재해자 2명이 간독성물질(HCFC-123추정)에 의해 몸에 이상을 느끼고 치료중 1명 사망(급성간부전), 1명 부상",화학물질(HCFC-123<306-83-2>),위험물질 취급 또는 그 장소에서 수행하는 작업,『작업장소 또는 그 주변엥서 취급하는 위험물질을 파악 및 제거하지 않은 상태』에서 작업하여 화재·폭발·질식 위험,"▶ 위험물질에 대한 MSDS 비치 및 근로자 교육
▶ 공급원재료의 종류, 공급되는 설비명 표시
▶ 가스검지 및 경보장치·긴급차단장치 및 방유제 설치"
2017-22-51-002,기타의사업,전문·보건·교육·여가관련서비스업,골프장및경마장운영업,2017년 1월경 OO골프장에서 청소작업을 하던 재해자가 락카 위에 올라가 청소작업을 하던 중 바닥으로 떨어져 사망,분류 불가,"설비 위, 지붕 등 높은 장소에서의 작업",『작업을 위해 밟고 있던 구조물이 파손되거나 균형을 잃기 쉬운 불안한 자세』로 작업하여 넘어지거나 떨어짐,"▶ 안전난간이 설치된 작업발판을 설치·사용
▶ 고소작업대 사용 또는 3.5m미만은 A자형 사다리 사용(2인1조) 관리
▶ 안전대 및 안전모 지급·착용 등 관리감독자 확인"
2017-22-51-003,운수창고통신업,철도·항공·창고·운수관련서비스업,육상화물취급업,2017년 4월경 OO사업장에서 지게차 운전 작업을 하던 재해자가 정차 후 지게차에서 내려 파렛트 공급장치에 올려놓은 파렛트를 조정하던 중 정차한 지게차가 움직여 재해자가 지게차 백레스트와 파렛트 공급장치 사이에 끼어 사망,지게차,지게차를 사용하는 작업,『운전석 이탈 시 작업차량이 움직이는 것을 방지하기 위한 조치를 실시하지 않아』 운전자 없이 움직이는 작업차량에 부딪히거나 깔림,"▶ 운전석에서 이탈 시 확실히 정지 조치 실시
▶ 이탈 시에는 시동키를 분리하여 별도 보관하여 무자격자 등이 운전하지 못하도록 조치"
2017-22-51-004,기타의사업,시설관리및사업지원서비스업,위생및유사서비스업,2017년 2월경 OO사업장 탈수작업장에서 재해자가 슬러지와 물을 분리하는 작업을 수행하기 위해 이동하던 중 계단에서 넘어져 사망,분류 불가,작업장소 통행/이동,"『미끄러운 상태의 바닥(오일, 빙판 등)을 밟거나 바닥의 요철부』에 걸려 넘어지면서 머리를 부딪히거나 떨어짐","▶ 바닥에 존재하는 기름기 등 제거 조치
▶ 유분 비산을 방지하기 위한 가림판 설치"
2017-22-51-005,기타의사업,시설관리및사업지원서비스업,건물등의종합관리사업,2017년 7월 OO건물 지하주차장 진출입로에서 동료근로자를 보기 위해 비에 젖은 연석 위로 올라서던 중 뒤로 미끄러져 넘어져 사망,분류 불가,작업장소 통행/이동,"『미끄러운 상태의 바닥(오일, 빙판 등)을 밟거나 바닥의 요철부』에 걸려 넘어지면서 머리를 부딪히거나 떨어짐","▶ 바닥에 존재하는 기름기 등 제거 조치
▶ 유분 비산을 방지하기 위한 가림판 설치"
2017-22-51-006,기타의사업,시설관리및사업지원서비스업,위생및유사서비스업,2017년 7월경 OO사업장에서 재해자가 탈수기에서 발생한 폐수를 탱크로리로 이송하기 위해 작업을 준비하던 중 후진하던 탱크로리와 탈수기의 작업발판(데크 플레이트) 구조물에 끼어 사망,화물운반트럭(탱크로리),혼재작업(작업자-작업차량),작업자 간 『작업 상황에 대해 의사소통을 하지 않고 작업』을 실시해 운반하는 물체에 부딪히거나 깔림 또는 주변 구조물과 운반하는 물체 사이에 끼임,"▶ 작업자 간 신호체계 통일 및 숙지 조치
▶ 중량물 취급 시 보조운반기구 사용"
2017-22-51-007,기타의사업,도소매·음식·숙박업,도소매및소비자용품수리업,2016년 1월경 OO사업장 2층 창고에서 재해자가 동료작업자와 함께 실려있는 제품을 내리기 위해 운반구에 들어간 순간 와이어로프가 파단되어 운반구가 4.75미터 아래로 추락해 2명이 부상,리프트(일반작업용),리프트 관련 작업,"설비를 정기적으로 유지·관리 및 점검하지 않아 『설비의 주요 구조부분(용접부, 볼트 등)에 균열·변형·부식·마모·탈락 등이 발생』하여 재해발생 위험",▶ 설비·구조물 상태 정기적 점검 및 예방 관리
2017-22-51-008,운수창고통신업,육상및수상운수업,여객자동차운수업,2017년 8월경 OO차고지에서 버스 운전자가 버스 앞에서 흡연하던 재해자를 보지 못하고 출발하여 재해자가 버스에 깔려 사망,기타 차량(버스),도로에서의 자동차 운전,"『차량운행 중 차량의 진행방향 및 사각지대를 확인하지 않아』근로자가 작업차량에 깔리거나, 주변 구조물과 작업차량 사이에 끼임","▶ 지게차 이용 중량물 취급에 대한 작업계획서 작성(작업방법, 운행경로, 근로자와 지게차 혼재 작업 여부 등)
▶ 혼재 작업 시 작업지휘자 또는 유도자 배치"
2017-22-51-009,기타의사업,기타의각종사업,건설업본사,"2017년 6월경 OO사업장 야적장에서 재해자가 1톤 트럭 적재함에 올라 철거된 자재(철재교문, 농구 백보드)를 하역하던 중 세워둔 자재가 넘어지면서 밀려 같이 바닥으로 떨어져 사망",적재물(농구 백보드),인력 운반 작업,『매달아 올리거나 적재 상태가 불량한 물체』가 떨어지거나 무너지면서 맞거나 깔림,"▶ 주변의 중량물로 인한 깔림 방지를 위해 중량물 제거 후 작업
▶ 중량물 지지대 설치 후 수리·교체작업 실시"
2017-23-11-001,제조업,목재및종이제품제조업,목재및나무제품제조업,2017년 1월 가구가공공장에서 목재 압착 및 이송공정을 담당하던 재해자가 설비 내부 점검 중 진공압착기와 컨베이어 사이에 끼임,자동화설비(자동투입기),비정형 작업(점검),『설비를 정지시키지 않거나 전원을 차단하지 않은 상태』에서 정비·보수·청소 등의 작업을 하다가 끼이거나 말림,"▶ 설비 가동중 이물질 제거 등이 발생할 수 있는 생산작업을 분석하고 근원적 접근방지대책 수립
▶ 끼임재해 우려가 있어 가동정지 후 작업이 필요한 설비 목록화→LOTO(Lock Out,  Tag Out) 대상 확정·시행 
▶ 작업 절차에 대해 근로자 교육실시"
2017-23-11-002,제조업,화학및고무제품제조업,합성수지제조업,2016년 12월경 OO사업장 자재창고에서 재해자가 이동식 계단을 이용하여 하역작업을 하는 중 아래로 떨어져 사망,분류 불가,인력 운반 작업,무거운 물체를 운반하던 중 『바닥의 요철부』에 걸려 넘어지면서 떨어지거나 바닥에 머리가 부딪힘,"▶ 작업구간 바닥상태 평탄화 조치
▶ 폭 넓은 운반용구로 구입·변경 조치
▶ 이동통로 상 바닥에 이물질 등 제거 조치"
2017-23-11-003,제조업,기계기구·금속·비금속광물제품제조업,자동차부분품제조업,2017년 2월경 작업장내에서 재해자가 일반작업용리프트의 수리를 마치고 33층에서 리프트의 동작상태를 확인하던 중 운반구와 함께 1층 승강장 바닥으로 추락하여 사망,리프트(일반작업용),비정형 작업(시운전),『작업을 위해 밟고 있던 구조물이 파손되거나 균형을 잃기 쉬운 불안한 자세』로 작업하여 넘어지거나 떨어짐,"▶ 안전난간이 설치된 작업발판을 설치·사용
▶ 고소작업대 사용 또는 3.5m미만은 A자형 사다리 사용(2인1조) 관리
▶ 안전대 및 안전모 지급·착용 등 관리감독자 확인"
2017-23-11-004,제조업,기계기구·금속·비금속광물제품제조업,철강재제조업,"2017년 4월경 작업장내에서 재해자가 용해로에 탄피,금속부스러기 등을 투입하던 중 탄피내부에 잔류된 화약류가 폭발하면서 안면에 파편을 맞고 사망",생산설비(용해로/유도로),용해로를 이용한 작업,『위험물질을 파악 및 제거하지 않은 상태』에서 작업하여 화재·폭발·누출로 인한 재해발생 위험,"▶ 위험물질에 대한 MSDS 비치 및 근로자 교육
▶ 공급원재료의 종류, 공급되는 설비명 표시
▶ 가스검지 및 경보장치·긴급차단장치 및 방유제 설치"
2017-23-11-005,제조업,기계기구·금속·비금속광물제품제조업,용융도금업,2017년 5월경 사업장내에서 재해자가 설비가 가동중인 상태에서 자동압접기 용접부 전면에 들어가 그레이팅 용접부 점검을 확인하던 중 자동압접기 이송롤과 이송대차 전면 취출부에 상체가 압박되어 사망,이동대차,비정형 작업(점검),"『주변 설비의 움직임을 인지하지 못하거나, 안전거리를 확보하지 않고 작업』 하여 작동하는 설비에 부딪히거나, 말림·끼임","▶ 같은 장소에서 이루어지는 도급인과 수급인의 작업 혼재 시 재해 발생 예방을 위한 의사 전달 체계 수립
▶ 안전작업허가제도로 작업 전·중·후 안전확보 상태 지속 확인"
2017-23-11-006,제조업,기계기구·금속·비금속광물제품제조업,각종금속의용접또는용단을행하는사업,2017년 8월경 사업장내에서 재해자가 지게차 수리를 위해 다른 지게차를 이용하여 해당 지게차를 들어올린 뒤 하부로 들어가 볼트로 체결하던 중 지지하던 지게차가 기울어 넘어지면서 지게차 사이에 협착되어 사망,지게차,비정형 작업(정비·보수),"『들어올린 설비의 고정상태 불량, 안전블록·지지대 미설치』로 설비 하부에서 작업 중 갑자기 설비가 내려앉아 끼이거나 깔림","▶ 중량물 이동방지용 지지대 추가 설치
▶ 갑작스런 이동방지를 위한 중량물 위치 변경
▶ 낙하물에 대비한 방망 또는 울 설치후 작업"
2017-23-11-007,제조업,수제품및기타제품제조업,기타각종제조업,2017년 8월 플라스틱 제조공장 내 폐가스 소각시설에서 재해자가 소각시설(RTO)의 이상여부를 점검하던 중 폭발,생산설비(축열식 소각로),비정형 작업(점검),"『설비에 안전장치가 설치되어 있지 않거나, 설치된 안전장치를 무력화한 상태』로 사용하던 중 말리거나 끼임","▶ 방호장치 작동불량 등 이상시 관리감독자 등에게 선보고 및 조치 후 작업 재개가 당연한 안전문화 구축　
▶ 작업 전 광전자식 방호장치 정상 여부 확인 "
2017-23-11-008,제조업,기계기구·금속·비금속광물제품제조업,기타금속제품제조업또는금속가공업,2017년 8월경 사업장내에서 재해자가 일반작업용 리프트 운반구 하부에 들어가 걸려있던 출입문을 망치로 두드려 낙하하는 운반구와 지면사이에 끼어 사망,리프트(일반작업용),리프트 관련 작업,『리프트의 출입문(도어)을 해체한 상태』에서 점검 및 수리작업 중 출입금지조치가 되어있지 않은 개구부(승강로)로 떨어짐,"▶ 각층 출입문에 인터록장치 등 연동장치 설치
▶ 승강로 주변은 방호울 등으로 밀폐 조치"
2017-23-11-009,제조업,기계기구·금속·비금속광물제품제조업,일반산업용기계장치제조업,2017년 9월경 사업장 내에서 재해자가 줄걸이 작업 중 줄걸이를 해체하는 과정에서 크레인 거더가 균형을 잃고 재해자 쪽으로 기울어지면서 전도되어 크레인 거더에 머리를 맞아 사망,분류 불가,"크레인(천장주행, 갠트리, 지브 등) 사용 작업",『운반하는 화물의 형태에 적합하지 않은 줄걸이 방법을 사용』하여 화물의 균형이 맞지 않은 상태에서 무리하게 인양하다가 화물이 떨어지면서 부딪히거나 그 아래 깔림,"▶ 섬유슬링 벨트 폐기(관리) 기준을 마련하여 중량물 취급 작업계획서에 포함
▶ 폐기조건 발생 시 근로자가 자발적으로 점검하여 즉시 폐기 요청 할 수 있는 사내 안전문화 정착"
2017-23-11-010,제조업,기계기구·금속·비금속광물제품제조업,코팅사업,2017년 9월경 작업장내에서 지게차 운전자가 지게차로 파렛트 2단높이(2m) 이적작업을 하던 중 전방 시야가 확보되지 않아 앞에 있던 재해자를 충격하여 사망,지게차,지게차를 사용하는 작업,운반하는 물체 또는 주변 구조물 등에 의해 『설비 조작자의 시야가 확보되지 않은 상태에서 운반』하여 다른 구조물에 부딪히거나 그 사이에 끼임,"▶ 이송방향 전면에서 조작 및 시야 확보가 가능한 정도의 물량 운반
▶ 신호수를 배치하여 신호에 따라 운반작업 실시"
2017-23-11-011,제조업,목재및종이제품제조업,지류제조업,2017년 10월 종이제품가공공장에서 재해자가 공장 내부를 이동하던 중 통행로 바닥에 돌출된 전력선 덮개에 발이 걸려 넘어지면서 지면에 머리 등을 부딪힘,분류 불가,작업장소 통행/이동,"『미끄러운 상태의 바닥(오일, 빙판 등)을 밟거나 바닥의 요철부』에 걸려 넘어지면서 머리를 부딪히거나 떨어짐","▶ 바닥에 존재하는 기름기 등 제거 조치
▶ 유분 비산을 방지하기 위한 가림판 설치"
2017-23-11-012,제조업,화학및고무제품제조업,고무제품제조업,2017년 10월경 OO사업장에서 재해자가 작업용 리프트에 자재를 싣고 올라가던 중 와이어로프가 파단되어 아래로 떨어져 사망,리프트(일반작업용),리프트 관련 작업,"설비를 정기적으로 유지·관리 및 점검하지 않아 『설비의 주요 구조부분(용접부, 볼트 등)에 균열·변형·부식·마모·탈락 등이 발생』하여 재해발생 위험",▶ 설비·구조물 상태 정기적 점검 및 예방 관리
2017-23-51-001,기타의사업,시설관리및사업지원서비스업,건물등의종합관리사업,2017년 1월경 OO아파트에서 재해자가 나무에 묶인 현수막을 철거하기 위해 사다리를 이용해 나무 위로 올라가 현수막 줄을 끊는 작업을 하던 중 2.8미터 높이에서 떨어져 사망,나무,조경·제초작업,『작업을 위해 밟고 있던 구조물이 파손되거나 균형을 잃기 쉬운 불안한 자세』로 작업하여 넘어지거나 떨어짐,"▶ 안전난간이 설치된 작업발판을 설치·사용
▶ 고소작업대 사용 또는 3.5m미만은 A자형 사다리 사용(2인1조) 관리
▶ 안전대 및 안전모 지급·착용 등 관리감독자 확인"
2017-23-51-002,기타의사업,시설관리및사업지원서비스업,건물등의종합관리사업,2017년 1월경 OO아파트에서 재해자가 폐지를 정리하기 위해 폐지더미에 이동식 사다리(일자형)를 기대놓고 올라가 작업을 하던 중 몸의 균형을 잃고 바닥으로 떨어져 사망,사다리(이동식/일자형),사다리를 이용한 작업 또는 통행,『사다리 위에 올라가 작업』하던 중 균형을 잃고 머리부터 바닥으로 떨어짐,"▶ 3.5m 미만 작업 시 A자형 사다리만 사용(2인1조)
▶ 아웃트리거 설치 및 안전대, 안전모 등 개인보호구 착용"
2017-23-51-003,기타의사업,시설관리및사업지원서비스업,위생및유사서비스업,2017년 4월경 OO사업장 폐기물 적재함 주변에 있던 재해자가 로우더 우측 뒷바퀴에 깔려 사망,건설기계(로더),건설기계를 사용하는 작업,근로자와 작업차량 간 『혼재작업 장소에서 근로자 이동과 작업차량 운행을 통제하지 않은 상태』에서 근로자가 작업차량에 부딪히나 깔림 또는 주변 구조물과 작업차량 사이에 끼임,"▶ 지게차 이용 중량물 취급에 대한 작업계획서 작성(작업방법, 운행경로, 근로자와 지게차 혼재 작업 여부 등)
▶ 혼재 작업 시 작업지휘자 또는 유도자 배치"
2017-23-51-004,기타의사업,시설관리및사업지원서비스업,건물등의종합관리사업,2017년 5월경 OO빌딩에서 재해자가 화물을 운반하기 위해 수동으로 전환 후 1층 승강기의 안전장치를 해제 후 승강기 문을 개방하던 중 지하 3층 아래(13.2미터) 아래 바닥으로 추락해 사망,엘리베이터,비정형 작업(점검),『리프트의 출입문(도어)을 해체한 상태』에서 점검 및 수리작업 중 출입금지조치가 되어있지 않은 개구부(승강로)로 떨어짐,"▶ 각층 출입문에 인터록장치 등 연동장치 설치
▶ 승강로 주변은 방호울 등으로 밀폐 조치"
2017-23-51-005,기타의사업,도소매·음식·숙박업,도소매및소비자용품수리업,2017년 5월경 OO사업장에서 주방 덕트 청소를 위해 재해자가 일자형 사다리를 설치하고 그 위에 올라가 작업하던 중 발이 미끄러져 약 5.1미터 아래 바닥으로 떨어져 사망,사다리(이동식/일자형),사다리를 이용한 작업 또는 통행,사다리 사용 시 『미끄러운 상태의 신발 또는 사다리 발판때문에 실족』하여 떨어짐,"▶ 고정형 계단을 설치하여 통행토록 조치
▶ A자형 사다리 사용 시 2인1조 및 아웃트리거 설치
▶ 운동화 착용 금지 및 안전화 착용"
2017-24-11-002,제조업,기계기구·금속·비금속광물제품제조업,철근콘크리트제품제조업,2017년 4월경 재해자가 체인 컨베이어 이물질 제거작업 중 컨베이어로 이송되고 잇던 보강토 블록을 적재한 철제 레크대차(렉)와 컨베이어 고정된 철제 기둥 사이에 재해자 머리가 끼어 사망,이동대차,비정형 작업(이물질 제거·청소),『설비를 정지시키지 않거나 전원을 차단하지 않은 상태』에서 정비·보수·청소 등의 작업을 하다가 끼이거나 말림,"▶ 설비 가동중 이물질 제거 등이 발생할 수 있는 생산작업을 분석하고 근원적 접근방지대책 수립
▶ 끼임재해 우려가 있어 가동정지 후 작업이 필요한 설비 목록화→LOTO(Lock Out,  Tag Out) 대상 확정·시행 
▶ 작업 절차에 대해 근로자 교육실시"
2017-24-11-003,제조업,수제품및기타제품제조업,기타각종제조업,2017년 4월 플라스틱 가공공장에서 재해자가 플라스틱 압축기 내부를 점검하던 중 압축기가 갑자기 작동하면서 본체 프레임과 유압푸셔 프레임 사이에 끼임,생산설비(수평형 압출기),비정형 작업(점검),『설비를 정지시키지 않거나 전원을 차단하지 않은 상태』에서 정비·보수·청소 등의 작업을 하다가 끼이거나 말림,"▶ 설비 가동중 이물질 제거 등이 발생할 수 있는 생산작업을 분석하고 근원적 접근방지대책 수립
▶ 끼임재해 우려가 있어 가동정지 후 작업이 필요한 설비 목록화→LOTO(Lock Out,  Tag Out) 대상 확정·시행 
▶ 작업 절차에 대해 근로자 교육실시"
2017-24-11-004,제조업,목재및종이제품제조업,목재및나무제품제조업,2017년 6월 가구공장에서 재해자가 엣지밴딩기에 합판을 투입하는 자동적재기 피트 하부에 떨어진 부품인식표를 줍기 위하여 피트 하부 출입 중 하당하는 적재기 상판과 지면 사이에 끼임,자동화설비(자동적재기),비정형 작업(이물질 제거·청소),『설비를 정지시키지 않거나 전원을 차단하지 않은 상태』에서 정비·보수·청소 등의 작업을 하다가 끼이거나 말림,"▶ 설비 가동중 이물질 제거 등이 발생할 수 있는 생산작업을 분석하고 근원적 접근방지대책 수립
▶ 끼임재해 우려가 있어 가동정지 후 작업이 필요한 설비 목록화→LOTO(Lock Out,  Tag Out) 대상 확정·시행 
▶ 작업 절차에 대해 근로자 교육실시"
2017-24-11-005,제조업,전기기계기구·정밀기구·전자제품제조업,전자관또는반도체소자제조업,2017년 6월 반도체공장에서 재해자가 후공정 디스펜서의 오류를 점검·개선하기 위하여 디스펜서 내부로 진입하여 작업하던 중 기계가 갑자기 작동하여 끼임 ,생산설비(Seal Dispenser),비정형 작업(점검),『설비를 정지시키지 않거나 전원을 차단하지 않은 상태』에서 정비·보수·청소 등의 작업을 하다가 끼이거나 말림,"▶ 설비 가동중 이물질 제거 등이 발생할 수 있는 생산작업을 분석하고 근원적 접근방지대책 수립
▶ 끼임재해 우려가 있어 가동정지 후 작업이 필요한 설비 목록화→LOTO(Lock Out,  Tag Out) 대상 확정·시행 
▶ 작업 절차에 대해 근로자 교육실시"
2017-24-11-006,제조업,화학및고무제품제조업,플라스틱가공제품제조업,2017년 6월경 OO사업장에서 아크릴 생산공정에서 재해자가 판유리를 실은 이동식 적재대를 이동하는 중 적재대가 전도되어 아래에 깔려 사망,적재물(적재대),인력 운반 작업,『화물의 무게가 한쪽으로 치우쳐진 상태 등』 적재상태가 불량한 화물이 무너지면서 맞거나 깔림,"▶ 전도·낙하 방지를 위해 중량물 제거 후 작업
▶ 중량물 고정 실시 후 수리작업 실시"
2017-24-11-007,제조업,출판·인쇄·제본업,인쇄업,2017년 6월 인쇄공장에서 재해자가 인쇄기 배지부 후면덮개를 열고 미출력된 인쇄용지를 찾던 충 체인그리퍼와 인쇄기 프레임 사이에 머리가 끼임,생산설비(인쇄기),비정형 작업(이물질 제거·청소),『설비를 정지시키지 않거나 전원을 차단하지 않은 상태』에서 정비·보수·청소 등의 작업을 하다가 끼이거나 말림,"▶ 설비 가동중 이물질 제거 등이 발생할 수 있는 생산작업을 분석하고 근원적 접근방지대책 수립
▶ 끼임재해 우려가 있어 가동정지 후 작업이 필요한 설비 목록화→LOTO(Lock Out,  Tag Out) 대상 확정·시행 
▶ 작업 절차에 대해 근로자 교육실시"
2017-24-11-008,제조업,기계기구·금속·비금속광물제품제조업,건설용점토제품제조업,2017년 7월경 사업장내에서 재해자가 체인컨베이어 바닥에 떨어진 잡석 제거작업을 하던 중 양생대차가 언로딩 작업을 하여 운반중이던 렉과 컨베이어 사이에 몸과 머리가 끼어 사망,이동 대차(양생대차),비정형 작업(이물질 제거·청소),『설비를 정지시키지 않거나 전원을 차단하지 않은 상태』에서 정비·보수·청소 등의 작업을 하다가 끼이거나 말림,"▶ 설비 가동중 이물질 제거 등이 발생할 수 있는 생산작업을 분석하고 근원적 접근방지대책 수립
▶ 끼임재해 우려가 있어 가동정지 후 작업이 필요한 설비 목록화→LOTO(Lock Out,  Tag Out) 대상 확정·시행 
▶ 작업 절차에 대해 근로자 교육실시"
2017-24-11-009,제조업,기계기구·금속·비금속광물제품제조업,유리제품가공업,2017년 7월경 사업장내에서 판유리를 적재대 앞 바닥에 적재하기 위해 나무 각재 설치작업 중 적재대 하부에 바퀴의 용접부위가 파단되면서 적재되어 있던 판유리가 재해자쪽으로 무너져 깔려 사망 ,적재물(적재대),상하차 작업 또는 적재된 화물,『매달아 올리거나 적재 상태가 불량한 물체』가 떨어지거나 무너지면서 맞거나 깔림,"▶ 주변의 중량물로 인한 깔림 방지를 위해 중량물 제거 후 작업
▶ 중량물 지지대 설치 후 수리·교체작업 실시"
2017-24-11-010,제조업,기계기구·금속·비금속광물제품제조업,철강및합금철제품제조업,2017년 8월경 지게차 운전원이 고장난 용해로 문을 수리 후 후진하던 중 재해자를 확인하지 못하고 충격하여 지게차와 용해로 측면 벽 사이에 끼어 사망,지게차,지게차를 사용하는 작업,"『차량운행 중 차량의 진행방향 및 사각지대를 확인하지 않아』근로자가 작업차량에 깔리거나, 주변 구조물과 작업차량 사이에 끼임","▶ 지게차 이용 중량물 취급에 대한 작업계획서 작성(작업방법, 운행경로, 근로자와 지게차 혼재 작업 여부 등)
▶ 혼재 작업 시 작업지휘자 또는 유도자 배치"
2017-24-11-011,농업,농업,축산업,2017년 6월경 OO사업장 폐기물(폐비닐 등) 집하장에서 재해자가 하역작업을 위해 암롤박스 위에 올라가 이동하던 중 바닥으로 떨어져 사망,분류 불가,작업장소 통행/이동,『설비를 밟고 올라 이동하거나 설비 사이를 뛰어넘어 이동』하다가 구조물에 다리가 걸려 넘어지거나 균형을 잃고 떨어짐,"▶ 추락위험구간에 안전난간 추가 설치
▶ 출하장소를 추락위험이 없는 장소로 위치 변경"
2017-24-11-012,제조업,기계기구·금속·비금속광물제품제조업,철강또는비철금속주물제조업,2017년 9월경 5톤 천장크레인을 사용하여 화물을 운반하던 중 화물이 줄걸이용구(와이어로프 슬링)에서 이탈하여 근처에서 청소작업중이던 재해자를 충격하여 사망,줄걸이기구(훅),"크레인(천장주행, 갠트리, 지브 등) 사용 작업",훅해지장치가 없는 등 『줄걸이가 훅에서 이탈』해 떨어지는 화물에 부딪히거나 깔림,"▶ 인양하중 및 화물의 형태를 고려하여 체인블록의 훅을 선정
▶ 훅과 훅 해지장치 등을 상시 점검하여 사용하고, 이상 시 폐기 처리"
2017-24-11-013,제조업,섬유및섬유제품제조업,기타섬유제품제조업,"2017년 9월 섬유공장 내 텐터기 내부(챔버부)에서 분진 등에 의한 폭발이 발생하여 텐터기 주변에서 작업 중이던 근로자 2명 사망, 1명 화상",생산설비(텐더기),위험물질 취급 또는 그 장소에서 수행하는 작업,"『작업장소에서 취급하는 위험물질 및 관리되지 않는 점화원(아크, 정전기 등)』으로 인해 화재·폭발","▶ 위험장소 주변 용접 및 사상작업 금지 등 점화원 관리
▶ 용접불티 비산방지덮개 또는 용접방화포 조치"
2017-24-11-014,제조업,화학및고무제품제조업,무기화학제품제조업,2017년 11월경 OO사업장에서 재해자가 이동하는 중 후진하는 화물자동차에 부딪혀 사망,화물운반트럭(카고트럭),작업장소 통행/이동,『근로자와 작업차량 간 이동동선(통행로)를 구분하지 않은 상태』에서 근로자가 작업차량에 부딪히거나 깔림 또는 주변 구조물과 차량사이에 끼임,"▶ 주문량 증가로 제품 적재공간 확대에 따라 지게차 작업구역이 확대, 지게차 운행 구역과 근로자 작업장소를 별도로 구획 실시
▶ 지게차 이용 중량물 취급에 대한 작업계획서 작성(작업방법, 운행경로, 근로자와 지게차 혼재 작업 여부 등)
▶ 혼재 작업 시 작업지휘자 또는 유도자 배치"
2017-24-11-015,제조업,섬유및섬유제품제조업,의복및장신품등의제조업,2017년 11월 섬유공장 내에서 재해자가 한 손으로 정지버튼을 누른 상태에서 환편기 권취부의 방호울을 열고 들어가 원단교정작업을 하던 중 정지버튼에서 손이 떨어지며 환편기가 작동하여 내부 구조물 사이에 끼임,생산설비(환편기),비정형 작업(점검),『설비를 정지시키지 않거나 전원을 차단하지 않은 상태』에서 정비·보수·청소 등의 작업을 하다가 끼이거나 말림,"▶ 설비 가동중 이물질 제거 등이 발생할 수 있는 생산작업을 분석하고 근원적 접근방지대책 수립
▶ 끼임재해 우려가 있어 가동정지 후 작업이 필요한 설비 목록화→LOTO(Lock Out,  Tag Out) 대상 확정·시행 
▶ 작업 절차에 대해 근로자 교육실시"
2017-24-11-016,제조업,기계기구·금속·비금속광물제품제조업,특수산업용기계제조업,2016년 10월경 물류창고동에서 재해자2명이 샌드위치 판넬 지붕위에 올라가 판넬 철거작업 중 판넬이 붕괴되면서 바닥으로 떨어져 부상,지붕·대들보(샌드위치판넬),"설비 위, 지붕 등 높은 장소에서의 작업",『작업을 위해 밟고 있던 구조물이 파손되거나 균형을 잃기 쉬운 불안한 자세』로 작업하여 넘어지거나 떨어짐,"▶ 안전난간이 설치된 작업발판을 설치·사용
▶ 고소작업대 사용 또는 3.5m미만은 A자형 사다리 사용(2인1조) 관리
▶ 안전대 및 안전모 지급·착용 등 관리감독자 확인"
2017-24-11-017,제조업,섬유및섬유제품제조업,직물업,2017년 12월 섬유공장 이전을 위한 천장 부착 천막 철거작업을 실시하던 재해자가 천막에 접근하기 위해 지게차 포크에 작업발판을 부착하여 작업발판 위로 올라 작업을 하던 중 몸의 균형을 잃고 떨어짐(약 2m),지게차,지게차를 사용하는 작업,"지게차 포크, 파렛트, 굴삭기 버킷에 탑승하여 높은 장소로 승강하는 등 『설비를 주용도(하역운반장치) 외로 사용』하여 떨어짐","▶ 중량물 제작 작업 등 생산용도에 사용금지
▶ 전동교체 시 고소작업대 사용 및 운전석 외 탑승금지"
2017-24-11-018,제조업,기계기구·금속·비금속광물제품제조업,철근콘크리트제품제조업,2017년 12월경 야적장에서 재해자가 지게차로 작업을 위해 포크에 적재된 콘크리트 블록 위에 나무 각목을 올려놓는 작업을 수행하던 중 평탄치 않은 지면으로 인해 지게차가 이동하면서 적재된 콘크리트 블록이 재해자를 충격하여 사망,지게차,지게차를 사용하는 작업,"작업차량이 『운행경로 상의 지형(급경사, 커브, 바닥의 요철, 지반 등) 또는 구조물』로 인해 떨어지거나 넘어지면서 그 아래 깔림","▶ 주·정차 시 불시 이동방지를 위한 브레이크, 고임목 체결 철저
▶ 작업장 내 바닥 평탄화 및 제한속도 준수
▶ 지게차 운전자격이 있는 지정자에 한해 운전 및 시동키 관리"
2017-24-11-019,제조업,출판·인쇄·제본업,인쇄업,2017년 12월 인쇄공장에서 재해자가 옵셋 인쇄기 전면 유닛의 이물질 제거 작업 중 착용하고 있던 점퍼의 모자가 유닛 회전롤러에 말림,생산설비(옵셋 인쇄기),비정형 작업(이물질 제거·청소),『설비를 정지시키지 않거나 전원을 차단하지 않은 상태』에서 정비·보수·청소 등의 작업을 하다가 끼이거나 말림,"▶ 설비 가동중 이물질 제거 등이 발생할 수 있는 생산작업을 분석하고 근원적 접근방지대책 수립
▶ 끼임재해 우려가 있어 가동정지 후 작업이 필요한 설비 목록화→LOTO(Lock Out,  Tag Out) 대상 확정·시행 
▶ 작업 절차에 대해 근로자 교육실시"
2017-24-21-005,기타의사업,기타의각종사업,건설업본사,2017년 3월경 OO건물 공사현장에서 재해자가 강관비계 발판 청소 및 차광막 해체 작업 중 발판이 기울어져 균형을 잃고 18미터 아래 지하 3층 바닥으로 떨어져 사망,비계(강관비계),"설비 위, 지붕 등 높은 장소에서의 작업",『작업을 위해 밟고 있던 구조물이 파손되거나 균형을 잃기 쉬운 불안한 자세』로 작업하여 넘어지거나 떨어짐,"▶ 안전난간이 설치된 작업발판을 설치·사용
▶ 고소작업대 사용 또는 3.5m미만은 A자형 사다리 사용(2인1조) 관리
▶ 안전대 및 안전모 지급·착용 등 관리감독자 확인"
2017-24-21-015,기타의사업,기타의각종사업,건설업본사,2017년 7월경 OO읍 소재 가로등 보수공사 현장에서 재해자가 전신주에 사다리를 걸쳐놓고 가로등 전원선 연결작업을 하던 중 감전되어 사망,전기충전부,전기설비 취급 작업,『전원을 차단하지 않은 상태』에서 노출된 충전부에 접촉하여 감전,"▶ 정전작업 후 전기점검 및 조작 실시
▶ 활선작업용기구·장치  사용 및 절연용 보호구 착용"
2017-24-21-017,기타의사업,기타의각종사업,건설업본사,2017년 9월경 OO아파트 신축공사 현장에서 항타기를 사용해 적재함을 지면에 내러놓는 작업 중 재해자가 자재함에 깔림,운반물(적재함),건설기계를 사용하는 작업,"지게차 포크, 파렛트, 굴삭기 버킷에 탑승하여 높은 장소로 승강하는 등 『설비를 주용도(하역운반장치) 외로 사용』하여 떨어짐","▶ 중량물 제작 작업 등 생산용도에 사용금지
▶ 전동교체 시 고소작업대 사용 및 운전석 외 탑승금지"
2017-24-21-028,기타의사업,기타의각종사업,각급사무소,2017년 11월경 발전소에서 재해자가 단로기 수리교체 보조작업을 하던 중 충전부에 접촉되어 사망,전기충전부,전기설비 취급 작업,『전원을 차단하지 않은 상태』에서 노출된 충전부에 접촉하여 감전,"▶ 정전작업 후 전기점검 및 조작 실시
▶ 활선작업용기구·장치  사용 및 절연용 보호구 착용"
2021-41-11-008,제조업,기계기구·금속·비금속광물제품제조업,건설용금속제품제조업,2021년 7월경 OO사업장 철구조물 생산공정에서 재해자가 공작기계로 작업 중 이송되는 철구조물과 컨베이어 사이에 끼여 사망,금속가공설비(CNC 드릴),자동화 설비 작업,"『주변 설비의 움직임을 인지하지 못하거나, 안전거리를 확보하지 않고 작업』 하여 작동하는 설비에 부딪히거나, 말림·끼임","▶ 같은 장소에서 이루어지는 도급인과 수급인의 작업 혼재 시 재해 발생 예방을 위한 의사 전달 체계 수립
▶ 안전작업허가제도로 작업 전·중·후 안전확보 상태 지속 확인"
2017-24-51-001,기타의사업,시설관리및사업지원서비스업,건물등의종합관리사업,2017년 1월경 기계식주차장에서 재해자가 고장난 감지센터 점검작업 중 리프트에 끼여 사망,기계식 주차설비,기계식 주차설비 정비·점검 작업,『설비를 정지시키지 않거나 전원을 차단하지 않은 상태』에서 정비·보수·청소 등의 작업을 하다가 끼이거나 말림,"▶ 설비 가동중 이물질 제거 등이 발생할 수 있는 생산작업을 분석하고 근원적 접근방지대책 수립
▶ 끼임재해 우려가 있어 가동정지 후 작업이 필요한 설비 목록화→LOTO(Lock Out,  Tag Out) 대상 확정·시행 
▶ 작업 절차에 대해 근로자 교육실시"
2017-24-51-002,기타의사업,시설관리및사업지원서비스업,위생및유사서비스업,2017년 2월경 축분혼합공공처리시설 협잡물 종합처리기 저류탱크에서 재해자가 탱크 바닥에 쓰러진채로 사망,유해가스(황화수소),"피트, 맨홀, 오·폐수 처리시설 등 밀폐된 장소에서 작업",『산소·가소농도 미측정 및 송풍기를 이용한 강제환기 미실시』로 불활성 가스 또는 유해가스에 의한 산소결핍·질식·중독,"▶ 가스농도측정기로 적정공기 상태 선 확인
▶ 환기팬 등으로 환기 실시 후 작업을 실시
▶ 밀폐공간 출입금지 위험 표시"
2017-24-51-003,기타의사업,도소매·음식·숙박업,도소매및소비자용품수리업,2017년 2월경 출입구에서 천막을 올리기 위해 지게차 포크 파렛트에 올라가 작업을 하던 중 2.7m에서 떨어져 사망,지게차,지게차를 사용하는 작업,"지게차 포크, 파렛트, 굴삭기 버킷에 탑승하여 높은 장소로 승강하는 등 『설비를 주용도(하역운반장치) 외로 사용』하여 떨어짐","▶ 중량물 제작 작업 등 생산용도에 사용금지
▶ 전동교체 시 고소작업대 사용 및 운전석 외 탑승금지"
2017-24-51-004,기타의사업,기타의각종사업,개인및가사서비스업,2017년 4월경 퇴근길에서 재해자가 계단으로 내려가던 중 넘어지는 동료를 잡아주려다 3m 아래로 떨어져 사망,분류 불가,작업장소 통행/이동,"『미끄러운 상태의 바닥(오일, 빙판 등)을 밟거나 바닥의 요철부』에 걸려 넘어지면서 머리를 부딪히거나 떨어짐","▶ 바닥에 존재하는 기름기 등 제거 조치
▶ 유분 비산을 방지하기 위한 가림판 설치"
2017-24-51-005,기타의사업,부동산업및임대업,부동산업,2017년 5월경 창고 지붕에서 재해자가 이물질 제거 작업을 하고 내려오던 중 돌출 고정볼트에 걸려 넘어져 7.2m 에서 떨어져 사망,분류 불가,"설비 위, 지붕 등 높은 장소에서의 작업","『이동동선 주변에 방치된 물체, 구조물 등』을 인지하지 못하고 이동하다가 부딪히거나 떨어짐","▶ 위험장소 출입금지용 방책 설치
▶ 하역운반기계 출입문에 비상등·벨 설치
▶ 위험장소에 안전보건표지 부착"
2017-24-51-006,기타의사업,전문·보건·교육·여가관련서비스업,기타과학기술서비스업,"2017년 6월경 공장 지붕에서 재해자가 대기오염물질을 측정하기 위해 지붕을 밟고 이동 중, 슬레이트가 파손되어 4.2m 로 추락하여 사망",지붕·대들보(슬레이트),"설비 위, 지붕 등 높은 장소에서의 작업",『작업을 위해 밟고 있던 구조물이 파손되거나 균형을 잃기 쉬운 불안한 자세』로 작업하여 넘어지거나 떨어짐,"▶ 안전난간이 설치된 작업발판을 설치·사용
▶ 고소작업대 사용 또는 3.5m미만은 A자형 사다리 사용(2인1조) 관리
▶ 안전대 및 안전모 지급·착용 등 관리감독자 확인"
2017-24-51-007,기타의사업,도소매·음식·숙박업,도소매및소비자용품수리업,2017년 7월경 야적장에서 재해자가 우천 대비비닐 작업을 하기 위해 지게차에서 내려 작업 하던 중 지게차가 굴러와 덮쳐 부딪혀 사망,지게차,지게차를 사용하는 작업,"작업차량이 『운행경로 상의 지형(급경사, 커브, 바닥의 요철, 지반 등) 또는 구조물』로 인해 떨어지거나 넘어지면서 그 아래 깔림","▶ 주·정차 시 불시 이동방지를 위한 브레이크, 고임목 체결 철저
▶ 작업장 내 바닥 평탄화 및 제한속도 준수
▶ 지게차 운전자격이 있는 지정자에 한해 운전 및 시동키 관리"
2017-24-51-008,기타의사업,시설관리및사업지원서비스업,건물등의종합관리사업,2017년 8월경 재해자가 인공폭포 구조물 상부에 올라가 나무 가지치기 작업을 하던 중 균형을 잃고 인공폭포 아래 바닥으로 떨어져 사망,분류 불가,조경·제초작업,『작업을 위해 밟고 있던 구조물이 파손되거나 균형을 잃기 쉬운 불안한 자세』로 작업하여 넘어지거나 떨어짐,"▶ 안전난간이 설치된 작업발판을 설치·사용
▶ 고소작업대 사용 또는 3.5m미만은 A자형 사다리 사용(2인1조) 관리
▶ 안전대 및 안전모 지급·착용 등 관리감독자 확인"
2017-24-51-009,운수창고통신업,철도·항공·창고·운수관련서비스업,육상화물취급업,2017년 8월 재해자가 지게차를 운전해 작업장소를 이동하던 중 경사로 아래의 경계석에 걸려 넘어지는 지게차 아래에 깔려 사망,지게차,지게차를 사용하는 작업,"작업차량이 『운행경로 상의 지형(급경사, 커브, 바닥의 요철, 지반 등) 또는 구조물』로 인해 떨어지거나 넘어지면서 그 아래 깔림","▶ 주·정차 시 불시 이동방지를 위한 브레이크, 고임목 체결 철저
▶ 작업장 내 바닥 평탄화 및 제한속도 준수
▶ 지게차 운전자격이 있는 지정자에 한해 운전 및 시동키 관리"
2017-24-51-010,기타의사업,시설관리및사업지원서비스업,위생및유사서비스업,"2017년 10월경 반응조 내부에 붙이있는 이물질(스케일) 제거 작업 중 용기 내부에 설치된 가스배출용 배관이 파손되어 하부에서 작업중이던 재해자에게 떨어져 2명 사상(사망 1명, 부상 1명)",기타 설비(배관),비정형 작업(정비·보수),『설비 구조물을 밟고 올라서거나 난간이 없는 작업대 위』에서 불안전한 자세로 작업하다 떨어짐,"▶ 추락위험구간에 안전난간 추가 설치
▶ 출하장소를 추락위험이 없는 장소로 위치 변경"
2017-24-51-012,운수창고통신업,철도·항공·창고·운수관련서비스업,운수부대서비스업,2017년 12월경 제설창고 야적장에서 재해자가 천일염 톤백 상차 작업을 위해 굴삭기 주변에서 보조 작업을 하던 중 갑자기 떨어지는 굴삭기 버킷에 두부를 맞아 사망,굴착기(백호우),건설기계를 사용하는 작업,『핀 등을 이용해 작업장치의 연결부를 체결하지 않고 걸쳐놓은 상태』로 작업해 이탈한 작업장치에 맞거나 깔림,"▶ 기계기구의 운전시작 전에는 설비의 설치 상태, 방호장치 등을 점검
▶ 기계기구의 결함이 확인된 경우 관리자에게 알리고, 조치 전에는 사용을 금지하도록 규정 마련"
2017-25-11-001,제조업,기계기구·금속·비금속광물제품제조업,철근콘크리트제품제조업,2017년 1월경 재해자와 동료작업자2명이 혼합기 청소작업을 실시 후 재해자가 혼합기를 점검하러 3층으로 올라가고 조작반에 혼합기 정상신호를 확인한 동료가 조작버튼을 가동하는 순간 재해자가 혼합기 회전날에 끼어 사망,혼합기(콘크리트 믹서),비정형 작업(점검),『정비작업 중 작업자 외 근로자가 설비를 가동』하여 갑자기 작동된 설비에 말리거나 끼임,"▶ 생산 설비의 불시 가동을 방지하기 위한 LOTO(Lock Out_잠금장치, Tag Out_점검 중 꼬리표)제도 시행
▶ 관리감독자 확인 의무 부여"
2017-25-11-002,전기가스증기수도사업,전기가스증기수도사업,전기업,2017년 1월경 재해자가 천장주행크레인 상부에 올라가 수리작업을 하던 중 크레인이 기동하여 건물보와 크레인 상부 전기판넬 사이에 끼어 사망,크레인(천장주행크레인),비정형 작업(정비·보수),『설비를 정지시키지 않거나 전원을 차단하지 않은 상태』에서 정비·보수·청소 등의 작업을 하다가 끼이거나 말림,"▶ 설비 가동중 이물질 제거 등이 발생할 수 있는 생산작업을 분석하고 근원적 접근방지대책 수립
▶ 끼임재해 우려가 있어 가동정지 후 작업이 필요한 설비 목록화→LOTO(Lock Out,  Tag Out) 대상 확정·시행 
▶ 작업 절차에 대해 근로자 교육실시"
2017-25-11-004,제조업,기계기구·금속·비금속광물제품제조업,건설용금속제품제조업,2017년 6월경 공장내에서 지게차운전자가 화물차에 적재된 파이프를 지게차를 사용하여 하차하던 중 옆으로 지나가던 재해자 위로 파이프가 떨어져 파이프에 깔려 사망,운반물(사각 파이프),지게차를 사용하는 작업,『근로자와 작업차량 간 이동동선(통행로)를 구분하지 않은 상태』에서 근로자가 작업차량에 부딪히거나 깔림 또는 주변 구조물과 차량사이에 끼임,"▶ 주문량 증가로 제품 적재공간 확대에 따라 지게차 작업구역이 확대, 지게차 운행 구역과 근로자 작업장소를 별도로 구획 실시
▶ 지게차 이용 중량물 취급에 대한 작업계획서 작성(작업방법, 운행경로, 근로자와 지게차 혼재 작업 여부 등)
▶ 혼재 작업 시 작업지휘자 또는 유도자 배치"
2017-25-11-005,제조업,기계기구·금속·비금속광물제품제조업,건설용점토제품제조업,2017년 7월경 사업장에서 재해자가 블록 성형기 청소 작업 중 성형기 호퍼 투입구 측면에 설치되 발판에서 내부로 떨어져 회전하는 임펠러에 다리가 끼어 사망,생산설비(콘크리트 블록 성형기),비정형 작업(이물질 제거·청소),『설비를 정지시키지 않거나 전원을 차단하지 않은 상태』에서 정비·보수·청소 등의 작업을 하다가 끼이거나 말림,"▶ 설비 가동중 이물질 제거 등이 발생할 수 있는 생산작업을 분석하고 근원적 접근방지대책 수립
▶ 끼임재해 우려가 있어 가동정지 후 작업이 필요한 설비 목록화→LOTO(Lock Out,  Tag Out) 대상 확정·시행 
▶ 작업 절차에 대해 근로자 교육실시"
2017-25-11-006,제조업,수제품및기타제품제조업,기타각종제조업,2017년 10월 제조공장 내에서 재해자와 동료 작업자가 인력으로 제품박스(약 28kg)를 일반작업용 리프트에 싣던 중 균형 상실로 승강기 운반구를 지탱하던 호이스트의 후크와 운반구가 분리되는 것을 감지하고 급히 나오던 중 2층 승강장과 운반구 사이에 끼임,리프트(일반작업용),리프트 관련 작업,"설비를 정기적으로 유지·관리 및 점검하지 않아 『설비의 주요 구조부분(용접부, 볼트 등)에 균열·변형·부식·마모·탈락 등이 발생』하여 재해발생 위험",▶ 설비·구조물 상태 정기적 점검 및 예방 관리
2017-25-11-007,제조업,선박건조및수리업,강선건조또는수리업,2017년 6월경 OO사업장 야외 작업장에서 재해자가 굴삭기 내부 청소 중 다른 근로자가 설비 하강 스위치를 조작하여 굴삭기와 설비 사이에 끼여 사망,굴착기(백호우),비정형 작업(이물질 제거·청소),『정비작업 중 작업자 외 근로자가 설비를 가동』하여 갑자기 작동된 설비에 말리거나 끼임,"▶ 생산 설비의 불시 가동을 방지하기 위한 LOTO(Lock Out_잠금장치, Tag Out_점검 중 꼬리표)제도 시행
▶ 관리감독자 확인 의무 부여"
2017-26-11-001,제조업,기계기구·금속·비금속광물제품제조업,철근콘크리트제품제조업,2017년 2월경 사업장내에서 재해자가 모래호퍼 내 모래더미 위에서 깊이 약 1.6m 로 형성된 모래구멍 하단의 모래 덩어리를 철근봉으로 제거하던 중 추락하여 모래더미에 파묻혀 질식 사망 (추정),분류 불가,"설비 위, 지붕 등 높은 장소에서의 작업",『작업을 위해 밟고 있던 구조물이 파손되거나 균형을 잃기 쉬운 불안한 자세』로 작업하여 넘어지거나 떨어짐,"▶ 안전난간이 설치된 작업발판을 설치·사용
▶ 고소작업대 사용 또는 3.5m미만은 A자형 사다리 사용(2인1조) 관리
▶ 안전대 및 안전모 지급·착용 등 관리감독자 확인"
2017-26-11-002,제조업,기계기구·금속·비금속광물제품제조업,각종시멘트제품제조업,2017년 5월경 사업장에서 재해자가 현장확인을 위해 이동 중 후진하던 로더의 좌측 앞바퀴에 부딪혀 사망,건설기계(로더),건설기계를 사용하는 작업,『근로자와 작업차량 간 이동동선(통행로)를 구분하지 않은 상태』에서 근로자가 작업차량에 부딪히거나 깔림 또는 주변 구조물과 차량사이에 끼임,"▶ 주문량 증가로 제품 적재공간 확대에 따라 지게차 작업구역이 확대, 지게차 운행 구역과 근로자 작업장소를 별도로 구획 실시
▶ 지게차 이용 중량물 취급에 대한 작업계획서 작성(작업방법, 운행경로, 근로자와 지게차 혼재 작업 여부 등)
▶ 혼재 작업 시 작업지휘자 또는 유도자 배치"
2017-26-11-003,제조업,기계기구·금속·비금속광물제품제조업,각종기계또는동부속품제조업,2017년 7월경 공장내에서 재해자가 초음파 세척설비 수리작업을 위해 설비 내부에서 수조 찰판부착작업을 하던 중 수조 내 컨베이어가 갑자기 작동되어 상판과 구동축 사이에 상체가 끼어 사망,컨베이어,비정형 작업(정비·보수),『설비를 정지시키지 않거나 전원을 차단하지 않은 상태』에서 정비·보수·청소 등의 작업을 하다가 끼이거나 말림,"▶ 설비 가동중 이물질 제거 등이 발생할 수 있는 생산작업을 분석하고 근원적 접근방지대책 수립
▶ 끼임재해 우려가 있어 가동정지 후 작업이 필요한 설비 목록화→LOTO(Lock Out,  Tag Out) 대상 확정·시행 
▶ 작업 절차에 대해 근로자 교육실시"
2017-26-11-004,제조업,섬유및섬유제품제조업,기타섬유제품제조업,2017년 7월 섬유공장에서 공장 지붕 밑 빗물받이 교체작업을 위하여 사업주가 지게차에 나무팔렛트를 체결하고 재해자를 태운 뒤 약 3m 높이에서 빗물받이 철거작업을 하던 중 지게차가 움직이면서 재해자가 중심을 잃고 떨어짐,지게차,지게차를 사용하는 작업,"지게차 포크, 파렛트, 굴삭기 버킷에 탑승하여 높은 장소로 승강하는 등 『설비를 주용도(하역운반장치) 외로 사용』하여 떨어짐","▶ 중량물 제작 작업 등 생산용도에 사용금지
▶ 전동교체 시 고소작업대 사용 및 운전석 외 탑승금지"
2017-26-11-005,제조업,기계기구·금속·비금속광물제품제조업,건설용금속제품제조업,2017년 8월경 전원주택 신축현장 내에서 재해자가 철근다발을 내리기 위해 화물차 지붕위 작업발판에 올라가 하역작업을 하던 중 철근다발과 함께 높이 2.4m 지면 바닥아래로 추락하여 사망,운반물(철근다발),상하차 작업 또는 적재된 화물,『적재된 제품·재료 또는 화물 적재함 위에 올라 작업』하던 중 균형을 잃고 떨어짐,"▶ 차량 상부작업 시 작업장소 상부에 안전대 걸이설비 설치·사용
▶ 적재함에 오르내리기 위한 설비 설치·사용
▶ 작업 시 안전대, 안전모 등 보호구 착용"
2017-26-11-006,임업,임업,영림업,2017년 9월경 OO산 잣 채취 현장에서 재해자가 잣나무에 올라가 잣송이 털기작업을 하던 중 13미터 아래로 떨어져 사망,나무(잣나무),벌목·조재 작업,『안전장비 없이 나무 위로 올라가 임산물을 채취』 하다 군형을 잃고 떨어짐,"▶ 작업 시 작업장소 상부에 안전대 걸이설비 설치·사용
▶ 작업 시 안전대, 안전모 등 보호구 착용"
2017-26-11-007,제조업,화학및고무제품제조업,플라스틱가공제품제조업,2017년 9월경 OO사업장 스티로폼 제조 작업장에서 재해자가 설비 내부 청소 중 다른 근로자가 설비를 가동하여 설비 가동 문에 끼여 사망,생산설비(발포기/가압성형기),비정형 작업(이물질 제거·청소),『정비작업 중 작업자 외 근로자가 설비를 가동』하여 갑자기 작동된 설비에 말리거나 끼임,"▶ 생산 설비의 불시 가동을 방지하기 위한 LOTO(Lock Out_잠금장치, Tag Out_점검 중 꼬리표)제도 시행
▶ 관리감독자 확인 의무 부여"
2017-26-31-001,농업,농업,축산업,"2017년 5월경 재해자가 슬러리 피트 내에서 피트 안쪽에서 작업을 하던 중 막혀있던 배관을 뚫자 다량의 돈분뇨가 쏟아지면서 황화수소에 중독되어 쓰러졌고, 이를 구하려던 동료 작업자도 쓰러지면서 3명의 사상자 발생(2명 사망, 1명 부상)",유해가스(황화수소),"피트, 맨홀, 오·폐수 처리시설 등 밀폐된 장소에서 작업","『순간적으로 다량의 유해가스, 화학물질, 낮은 산소농도에 노출』되어 산소결핍·질식·중독 위험","▶ 가스농도측정기로 적정공기 상태 선 확인
▶ 환기팬 등으로 환기 실시 후 작업을 실시
▶ 밀폐공간 출입금지 위험 표시"
2017-31-11-001,임업,임업,벌목업,2017년 5월경 OO산 벌목현장 경사지에서 조재작업중이던 재해자가 굴러온 원목어 맞아 사망,나무(조재목),벌목·조재 작업,『능선·경사로에 적재 또는 쓰러진 벌도목』 이 작업장소로 굴러내려와 부딪히거나 맞음,"▶ 벌도목 적재 시 굴러내려오지 않도록 철저히 고정 실시
▶ 적재된 벌도목이 굴러내려올 수 있는 장소를 피해서 벌목 작업 실시"
2017-31-11-002,제조업,화학및고무제품제조업,플라스틱가공제품제조업,2017년 8월경 OO사업장에서 재해자가 사다리를 이용하여 천막 해체 작업 중 약 2.1미터 아래로 떨어져 사망,사다리(이동식/A형),사다리를 이용한 작업 또는 통행,『사다리 위에 올라가 작업』하던 중 균형을 잃고 머리부터 바닥으로 떨어짐,"▶ 3.5m 미만 작업 시 A자형 사다리만 사용(2인1조)
▶ 아웃트리거 설치 및 안전대, 안전모 등 개인보호구 착용"
2017-31-11-003,임업,임업,영림업,2017년 12월경 OO산 숲가꾸기 현장에서 재해자가 솎아배기 작업을 하던 중 자신이 베어넘긴 벌도목에 머리를 맞아 사망,나무(벌도목),벌목·조재 작업,"『벌도목이 의도하지 않은 방향으로 쓰러지거나, 주변 장애물에 걸려』 작업자 방향으로 쓰러지면서 안면 또는 머리를 가격(부딪힘)","▶ 벌목 작업 시에는 사전에 대피장소를 정하여 작업 실시
▶ 충분한 안전거리를 확보하여, 다른 작업자와 동시에 작업 금지"
2017-93-51-001,기타의사업,도소매·음식·숙박업,도소매및소비자용품수리업,2017년 1월경 세차장에서 재해자가 세차 조작 판넬 스위치를 작동 하던 중 벽체와 세차기 사이에 머리가 끼어 사망,기타 설비(세차장 세차기),자동화 설비 작업,"『주변 설비의 움직임을 인지하지 못하거나, 안전거리를 확보하지 않고 작업』 하여 작동하는 설비에 부딪히거나, 말림·끼임","▶ 같은 장소에서 이루어지는 도급인과 수급인의 작업 혼재 시 재해 발생 예방을 위한 의사 전달 체계 수립
▶ 안전작업허가제도로 작업 전·중·후 안전확보 상태 지속 확인"
2017-31-51-002,기타의사업,도소매·음식·숙박업,음식및숙박업,2017년 5월경 지붕위에서 재해자가 철골구조물에 고정된 볼트를 제거를 위해 망치로 제거 작업을 하던 중 판넬이 떨어지면서 4.8m 아래로 떨어져 사망,지붕·대들보(샌드위치판넬),"설비 위, 지붕 등 높은 장소에서의 작업",『작업을 위해 밟고 있던 구조물이 파손되거나 균형을 잃기 쉬운 불안한 자세』로 작업하여 넘어지거나 떨어짐,"▶ 안전난간이 설치된 작업발판을 설치·사용
▶ 고소작업대 사용 또는 3.5m미만은 A자형 사다리 사용(2인1조) 관리
▶ 안전대 및 안전모 지급·착용 등 관리감독자 확인"
2017-31-51-003,기타의사업,기타의각종사업,각급사무소,2017년 8월경 옥상에서 재해자가 외벽 유리 작업을 하기 위해 준비 작업을 하던 중 중심을 잃고 39m(13층)에서 떨어져 사망,분류 불가,"설비 위, 지붕 등 높은 장소에서의 작업",『안전난간의 설치상태가 불량하거나 없는 상태』에서 주변 구조물 또는 생명줄에 안전대를 체결하지 않아 떨어짐,"▶ 지붕 재질 확인 및 하중 분산용 작업발판 설치 후 작업
▶ 지붕 파손 대비 공장 내부에 추락방호망 설치
▶ 지붕 끝단부에 안전난간 설치"
2017-31-51-004,기타의사업,도소매·음식·숙박업,도소매및소비자용품수리업,2016년 2월경 작업장에서 재해자가 지게차에 적재된 화물(유로폼) 적재 작업을 보조하던 중 화물(유로폼)이 떨어지면서 재해자를 덮쳐 두부 손상,적재물(유로폼),상하차 작업 또는 적재된 화물,『화물 또는 화물을 지지하던 물체가 파손』되는 등 화물이 무너지면서 그 아래 깔림,"▶ 깔림 방지를 위해 중량물 제거 후 작업
▶ 중량물 지지대 설치 후 수리·교체작업 실시"
2017-32-11-001,임업,임업,벌목업,2017년 OO산 벌목현장에서 재해자가 벌목한 벌도목이 주변 수관에 걸리면서 뒤에 있던 고사목이 부러지면서 재해자를 덮쳐 사망,나무(벌도목),벌목·조재 작업,"『벌도목이 의도하지 않은 방향으로 쓰러지거나, 주변 장애물에 걸려』 작업자 방향으로 쓰러지면서 안면 또는 머리를 가격(부딪힘)","▶ 벌목 작업 시에는 사전에 대피장소를 정하여 작업 실시
▶ 충분한 안전거리를 확보하여, 다른 작업자와 동시에 작업 금지"
2017-32-11-002,임업,임업,영림업,2017년 8월경 굴삭기(백호)를 이용해 조경수목을 화물트럭에 상차하던 중 슬링벨트가 훅에서 이탈하면서 재해자가 넘어가는 나무에 머리를 맞고 사망,굴착기(백호우),건설기계를 사용하는 작업,훅해지장치가 없는 등 『줄걸이가 훅에서 이탈』해 떨어지는 화물에 부딪히거나 깔림,"▶ 인양하중 및 화물의 형태를 고려하여 체인블록의 훅을 선정
▶ 훅과 훅 해지장치 등을 상시 점검하여 사용하고, 이상 시 폐기 처리"
2017-32-51-001,운수창고통신업,철도·항공·창고·운수관련서비스업,항만내의육상하역업,"2017년 2월경 항구 내에서 재해자가 크링커 선적을 위해 선박 상부 hatch 커버 위에서 준비작업을 하던 중, 선적기의 분진비산방지용 시트(sheet)에 말려 선박 내부(선창) 18m 아래로 추락하여 사망",분류 불가,"설비 위, 지붕 등 높은 장소에서의 작업",『작업을 위해 밟고 있던 구조물이 파손되거나 균형을 잃기 쉬운 불안한 자세』로 작업하여 넘어지거나 떨어짐,"▶ 안전난간이 설치된 작업발판을 설치·사용
▶ 고소작업대 사용 또는 3.5m미만은 A자형 사다리 사용(2인1조) 관리
▶ 안전대 및 안전모 지급·착용 등 관리감독자 확인"
2017-32-51-002,기타의사업,국가및지방자치단체의사업,국가및지방자치단체의사업,2017년 9월경 옥수수밭에서 재해자가 적재물 고정 작업을 하던 중 고무바가 끊어져 2m 에서 떨어져 사망,분류 불가,상하차 작업 또는 적재된 화물,"『화물 고정용 벨트, 고무 등이 삭아 끊어지면서』 뒤로 넘어져 바닥에 머리를 부딪힘","▶ 하중이 한쪽으로 치우치지 않도록 적재
▶ 팔레트 등을 사용하여 적재상태 개선"
2017-32-51-003,기타의사업,부동산업및임대업,임대업,2017년 12월경 재해자가 비상용발전기 하역작업을 하기 위해 이동식크레인 차량 하부 러그에 슬링벨트를 거는 작업을 하던 중 용접부가 탈락되며 샤클이 떨어져 가슴을 맞으며 사망,줄걸이기구(리프팅 러그),"이동식 크레인(카고 크레인, 집게차)을 사용한 작업","『줄걸이 기구의 용접 불량, 마모, 변형, 손상』으로 인해 운반하는 화물이 떨어지면서 부딪히거나 그 아래 깔림","▶ 설비·구조물 상태 정기적 점검 및 예방 관리
▶ 와이어로프 손상 시 즉시 교체하여 사용"
2017-32-51-004,기타의사업,기타의각종사업,각급사무소,2017년 12월경 스키장에서 재해자가 시설점검을 위해 스노모빌을 타는 중 갑자기 출발하면서 주변 가로등과 부딪혀 사망,기타 차량(스노우모빌),차량을 이용한 작업,"『졸음운전, 운전미숙 등 돌발상황』 에 대처하지 못해 사고 위험","▶ 운전자는 작업 전 충분한 휴식을 취하고 운전 작업 실시
▶ 차량계 하역운반기계 등에 운전자를 지정하여 이 외에는 운전하지 않도록 조치"
2017-41-11-001,제조업,기계기구·금속·비금속광물제품제조업,건설용금속제품제조업,2016년 6월경 야적장에서 재해자가 H빔 권상을 위해 줄걸이 작업 시 샤클을 상승하던 중 작업발판에 걸렸던 샤클이 빠지면서 안면을 강타하여 사망,줄걸이기구(샤클),"크레인(천장주행, 갠트리, 지브 등) 사용 작업",훅해지장치가 없는 등 『줄걸이가 훅에서 이탈』해 떨어지는 화물에 부딪히거나 깔림,"▶ 인양하중 및 화물의 형태를 고려하여 체인블록의 훅을 선정
▶ 훅과 훅 해지장치 등을 상시 점검하여 사용하고, 이상 시 폐기 처리"
2017-41-11-002,제조업,식료품제조업,빵및과자류제조업,2017년 5월 식품제조공장에서 재해자가 밀가루 반죽을 만드는 작업 중 반죽기 내부 임펠러(회전날개)에 끼임,혼합기(식품용),가공 설비를 이용한 작업,"『설비에 안전장치가 설치되어 있지 않거나, 설치된 안전장치를 무력화한 상태』로 사용하던 중 말리거나 끼임","▶ 방호장치 작동불량 등 이상시 관리감독자 등에게 선보고 및 조치 후 작업 재개가 당연한 안전문화 구축　
▶ 작업 전 광전자식 방호장치 정상 여부 확인 "
2017-41-11-003,제조업,화학및고무제품제조업,플라스틱가공제품제조업,2017년 6월경 OO사업장 PET 성형공정에서 재해자가 설비 점검을 위해 내부에서 작업 중 불시에 설비가 가동하여 설비 사이에 끼여 사망,사출성형기(블로우몰딩머신),비정형 작업(점검),『정비작업 중 작업자 외 근로자가 설비를 가동』하여 갑자기 작동된 설비에 말리거나 끼임,"▶ 생산 설비의 불시 가동을 방지하기 위한 LOTO(Lock Out_잠금장치, Tag Out_점검 중 꼬리표)제도 시행
▶ 관리감독자 확인 의무 부여"
2016-22-51-014,기타의사업,도소매·음식·숙박업,도소매및소비자용품수리업,2016년 11월경 공장 신축현장에서 재해자가 현장 정리를 위해 동력문을 닫는 작업 중 동력문과 벽체사이에 끼어 사망,기타 설비(동력문),비정형 작업(이물질 제거·청소),"『주변 설비의 움직임을 인지하지 못하거나, 안전거리를 확보하지 않고 작업』 하여 작동하는 설비에 부딪히거나, 말림·끼임","▶ 같은 장소에서 이루어지는 도급인과 수급인의 작업 혼재 시 재해 발생 예방을 위한 의사 전달 체계 수립
▶ 안전작업허가제도로 작업 전·중·후 안전확보 상태 지속 확인"
2017-41-11-006,제조업,식료품제조업,야채및과실의통조림과기타절임식료품제조업,2017년 8월 식품제조공장 배합실에서 재해자가 해체된 배합탱크 배관 등 부품을 세척하여 재조립하는 작업 중 동료 작업자가 배합탱크를 가동하여 배관 살균용 고온수에 화상,고온물질(고온수),비정형 작업(이물질 제거·청소),『정비작업 중 작업자 외 근로자가 설비를 가동』하여 갑자기 작동된 설비에 말리거나 끼임,"▶ 생산 설비의 불시 가동을 방지하기 위한 LOTO(Lock Out_잠금장치, Tag Out_점검 중 꼬리표)제도 시행
▶ 관리감독자 확인 의무 부여"
2017-41-11-007,제조업,출판·인쇄·제본업,인쇄업,2017년 9월 인쇄공장 창고에서 재해자(외국인근로자)가 지하1층으로 원지롤을 옮기는 작업 중 작업장 바닥의 경사(약 1.8도)에 의해 원지롤이 구르면서 깔림,적재물(원지롤),상하차 작업 또는 적재된 화물,『매달아 올리거나 적재 상태가 불량한 물체』가 떨어지거나 무너지면서 맞거나 깔림,"▶ 주변의 중량물로 인한 깔림 방지를 위해 중량물 제거 후 작업
▶ 중량물 지지대 설치 후 수리·교체작업 실시"
2017-41-11-009,제조업,화학및고무제품제조업,고무제품제조업,2017년 10월경 OO사업장 타이어 제조공정에서 재해자가 작동중인 컨베이어 수리 작업 중 벨트 사이에 끼여 사망,컨베이어,비정형 작업(정비·보수),『설비를 정지시키지 않거나 전원을 차단하지 않은 상태』에서 정비·보수·청소 등의 작업을 하다가 끼이거나 말림,"▶ 설비 가동중 이물질 제거 등이 발생할 수 있는 생산작업을 분석하고 근원적 접근방지대책 수립
▶ 끼임재해 우려가 있어 가동정지 후 작업이 필요한 설비 목록화→LOTO(Lock Out,  Tag Out) 대상 확정·시행 
▶ 작업 절차에 대해 근로자 교육실시"
2017-41-11-010,제조업,전기기계기구·정밀기구·전자제품제조업,전자관또는반도체소자제조업,2017년 10월 건축외장재를 생산하는 공장에서 공장 천장에 설치된 공조기 필터를 추가 설치하는 작업을 수행하던 근로자 3명이 천장 구조물(샌드위치 판넬)을 밟고 작업 중 천장이 무너지면서 동시에 떨어짐(약 4.2m),지붕·대들보(샌드위치판넬),"설비 위, 지붕 등 높은 장소에서의 작업",『작업을 위해 밟고 있던 구조물이 파손되거나 균형을 잃기 쉬운 불안한 자세』로 작업하여 넘어지거나 떨어짐,"▶ 안전난간이 설치된 작업발판을 설치·사용
▶ 고소작업대 사용 또는 3.5m미만은 A자형 사다리 사용(2인1조) 관리
▶ 안전대 및 안전모 지급·착용 등 관리감독자 확인"
2017-41-42-001,제조업,전기기계기구·정밀기구·전자제품제조업,전자관또는반도체소자제조업,2017년 9월 전자부품제조공장에서 압착설비 열매배관의 온도센서 분리작업을 수행하던 재해자가 갑자기 분출되는 고온의 열매유(약 250도)에 의해 화상,화학물질(열매유),비정형 작업(정비·보수),『설비를 정지시키지 않거나 전원을 차단하지 않은 상태』에서 정비·보수·청소 등의 작업을 하다가 끼이거나 말림,"▶ 설비 가동중 이물질 제거 등이 발생할 수 있는 생산작업을 분석하고 근원적 접근방지대책 수립
▶ 끼임재해 우려가 있어 가동정지 후 작업이 필요한 설비 목록화→LOTO(Lock Out,  Tag Out) 대상 확정·시행 
▶ 작업 절차에 대해 근로자 교육실시"
2017-41-51-001,기타의사업,도소매·음식·숙박업,도소매및소비자용품수리업,2017년 2월경 유류저장 탱크로리 상부에서 재해자가 내부 점검을 위해 육안 검량작업 중 중심을 잃고 바닥으로 떨어져 사망,화물운반트럭(탱크로리),상하차 작업 또는 적재된 화물,『적재된 제품·재료 또는 화물 적재함 위에 올라 작업』하던 중 균형을 잃고 떨어짐,"▶ 차량 상부작업 시 작업장소 상부에 안전대 걸이설비 설치·사용
▶ 적재함에 오르내리기 위한 설비 설치·사용
▶ 작업 시 안전대, 안전모 등 보호구 착용"
2017-41-51-002,기타의사업,시설관리및사업지원서비스업,위생및유사서비스업,2017년 5월경 쓰레기 수거장소에서 재해자가 압축진개차 후면부에 매달려 이동하던 중 뒤따라오던 승용차가 앞서가던 압축진개차와 충돌하여 그 충격으로 재해자가 떨어져 사망,기타 차량(승용차),도로 청소 등 환경미화 작업,『본인 또는 타인의 교통법규 위반』으로 사고발생 위험,"▶ 운전자는 작업 전 충분한 휴식을 취하고 운전 작업 실시
▶ 도로 상에서 운전 시 교통신호 등을 철저히 준수하여 운전 실시"
2017-41-51-003,기타의사업,국가및지방자치단체의사업,국가및지방자치단체의사업,2017년 8월경 재해자가 이동식크레인에 장착된 작업대에 탑승하여 나뭇가지 절단 작업을 하던 중 나뭇가지가 작업대에 부딪히면서 그 충격으로 재해자가 중심을 잃고 8m 아래 바닥으로 추락해 사망재해자가 기계톱으로 나뭇가지를 절단하던 중 떨어진 나뭇가지가 작업대 발끝막이판 상부에 부딪혀 8m 아래로 떨어져 사망,크레인(이동식크레인/카고크레인),"이동식 크레인(카고 크레인, 집게차)을 사용한 작업",『이동식 크레인에 작업대를 장착하는 등 불법 구조변경』하여 사용하다가 작업대가 이탈되면서 떨어짐,"▶ 기준에 적합한 고소작업대 등을 사용하여 고소 작업 실시
▶ 임의로 구조를 변경하여 탑승대를 설치하는 등 기준에 적합하지 않은 방법으로 설비 개조를 금지하는 규정 마련"
2017-43-11-003,제조업,수제품및기타제품제조업,기타각종제조업,2017년 3월 폐기물처리작업장에서 재해자가 금속 구조물 해체 작업을 하기 위하여 금속 구조물을 지게차 포크로 받쳐놓고 해체작업을 하던 중 금속 구조물이 재해자 쪽으로 넘어지면서 그 아래 깔림,적재물(금속 구조물),지게차를 사용하는 작업,『화물의 무게가 한쪽으로 치우쳐진 상태 등』 적재상태가 불량한 화물이 무너지면서 맞거나 깔림,"▶ 전도·낙하 방지를 위해 중량물 제거 후 작업
▶ 중량물 고정 실시 후 수리작업 실시"
2017-43-11-004,제조업,기계기구·금속·비금속광물제품제조업,철근콘크리트제품제조업,2017년 7월경 재해자가 콘크리트 혼합기 슈트 안에서 고착된 콘크리트를 제거하는 작업 중 갑자기 에어실린더가 작동하여 실린더와 연결된 분배기 슈트 사이에 복부가 끼여 사망,생산설비(가동형 분배기),비정형 작업(이물질 제거·청소),『설비를 정지시키지 않거나 전원을 차단하지 않은 상태』에서 정비·보수·청소 등의 작업을 하다가 끼이거나 말림,"▶ 설비 가동중 이물질 제거 등이 발생할 수 있는 생산작업을 분석하고 근원적 접근방지대책 수립
▶ 끼임재해 우려가 있어 가동정지 후 작업이 필요한 설비 목록화→LOTO(Lock Out,  Tag Out) 대상 확정·시행 
▶ 작업 절차에 대해 근로자 교육실시"
2017-43-11-005,제조업,식료품제조업,도정및제분업,2017년 8월 미곡처리장에서 사일로 청소작업을 하던 재해자가 사일로 배출부 스크류컨베이어에 신체 일부가 말림,컨베이어,비정형 작업(이물질 제거·청소),『설비를 정지시키지 않거나 전원을 차단하지 않은 상태』에서 정비·보수·청소 등의 작업을 하다가 끼이거나 말림,"▶ 설비 가동중 이물질 제거 등이 발생할 수 있는 생산작업을 분석하고 근원적 접근방지대책 수립
▶ 끼임재해 우려가 있어 가동정지 후 작업이 필요한 설비 목록화→LOTO(Lock Out,  Tag Out) 대상 확정·시행 
▶ 작업 절차에 대해 근로자 교육실시"
2017-43-11-006,제조업,기계기구·금속·비금속광물제품제조업,자동차부분품제조업,2017년 9월경 사업장에서 재해자가 자동차 부품 파렛트를 지게차로 운반하던 중 적재장소 옆 3단 적재된 파렛트가 지게차에 걸려 넘어지려 하자 지게차에 내려 넘어지는 것을 막으려다 파렛트에 깔려 사망,지게차,지게차를 사용하는 작업,『화물의 무게가 한쪽으로 치우쳐진 상태 등』 적재상태가 불량한 화물이 무너지면서 맞거나 깔림,"▶ 전도·낙하 방지를 위해 중량물 제거 후 작업
▶ 중량물 고정 실시 후 수리작업 실시"
2017-43-11-007,제조업,기계기구·금속·비금속광물제품제조업,철근콘크리트제품제조업,2017년 9월경 사업장에서 몰드 해체를 위해 슬링벨트를 걸고 천장크레인으로 굴리는 작업을 하던 중 슬링벨트가 파단되어 고임목을 괴려고 들어갔던 재해자가 파일몰드와 적재된 파일 사이에 끼어 사망,섬유로프(슬링벨트),"크레인(천장주행, 갠트리, 지브 등) 사용 작업",『운반하는 화물의 형태에 적합하지 않은 줄걸이 방법을 사용』하여 화물의 균형이 맞지 않은 상태에서 무리하게 인양하다가 화물이 떨어지면서 부딪히거나 그 아래 깔림,"▶ 섬유슬링 벨트 폐기(관리) 기준을 마련하여 중량물 취급 작업계획서에 포함
▶ 폐기조건 발생 시 근로자가 자발적으로 점검하여 즉시 폐기 요청 할 수 있는 사내 안전문화 정착"
2017-43-11-008,제조업,기계기구·금속·비금속광물제품제조업,자동차부분품제조업,2017년 11월경 출하대기장에서 동료가 탑차에 제품파렛트를 옮겨 싣기 위해 지게차를 운행하던 중 재해자를 치어 사망 ,지게차,지게차를 사용하는 작업,근로자와 작업차량 간 『혼재작업 장소에서 근로자 이동과 작업차량 운행을 통제하지 않은 상태』에서 근로자가 작업차량에 부딪히나 깔림 또는 주변 구조물과 작업차량 사이에 끼임,"▶ 지게차 이용 중량물 취급에 대한 작업계획서 작성(작업방법, 운행경로, 근로자와 지게차 혼재 작업 여부 등)
▶ 혼재 작업 시 작업지휘자 또는 유도자 배치"
2017-43-11-009,제조업,화학및고무제품제조업,화학비료제조업,2017년 11월경 OO사업장 음식물 이송 작업장에서 재해자가 작동중인 컨베이어 점검 중 벨트 사이에 끼여 사망,컨베이어,비정형 작업(점검),『설비를 정지시키지 않거나 전원을 차단하지 않은 상태』에서 정비·보수·청소 등의 작업을 하다가 끼이거나 말림,"▶ 설비 가동중 이물질 제거 등이 발생할 수 있는 생산작업을 분석하고 근원적 접근방지대책 수립
▶ 끼임재해 우려가 있어 가동정지 후 작업이 필요한 설비 목록화→LOTO(Lock Out,  Tag Out) 대상 확정·시행 
▶ 작업 절차에 대해 근로자 교육실시"
2017-43-11-010,광업,석회석·금속·비금속광업및기타광업,쇄석채취업,2017년 12월경 OO사업장에서 쁘레카를 장착한 굴삭기를 이용해 파쇄기(크러셔)에 낀 돌덩이를 깨던 중 쁘레카가 굴삭기에서 이탈되어 근처에 있던 재해자가 쁘레카 아래 깔려 사망,굴착기(백호우),건설기계를 사용하는 작업,『핀 등을 이용해 작업장치의 연결부를 체결하지 않고 걸쳐놓은 상태』로 작업해 이탈한 작업장치에 맞거나 깔림,"▶ 기계기구의 운전시작 전에는 설비의 설치 상태, 방호장치 등을 점검
▶ 기계기구의 결함이 확인된 경우 관리자에게 알리고, 조치 전에는 사용을 금지하도록 규정 마련"
2017-43-11-011,제조업,금속제련업,금속의제련또는정련업,2017년 12월경 압연설비 점검 보수작업을 하던 중 압연설비 엔트리 가이드의 불시작동으로 인해 구동부와 기계 구조물 사이에 끼어 사망,생산설비(압연기),비정형 작업(점검),『설비를 정지시키지 않거나 전원을 차단하지 않은 상태』에서 정비·보수·청소 등의 작업을 하다가 끼이거나 말림,"▶ 설비 가동중 이물질 제거 등이 발생할 수 있는 생산작업을 분석하고 근원적 접근방지대책 수립
▶ 끼임재해 우려가 있어 가동정지 후 작업이 필요한 설비 목록화→LOTO(Lock Out,  Tag Out) 대상 확정·시행 
▶ 작업 절차에 대해 근로자 교육실시"
2017-43-21-006,기타의사업,도소매·음식·숙박업,도소매및소비자용품수리업,2017년 5월경 엘리베이터 공사 현장에서 재해자가 맨홀을 설치하기 위해 굴착기 버킷 작업 중 버킷이 탈락되어 버킷에 맞아 사망,굴착기(백호우),건설기계를 사용하는 작업,『핀 등을 이용해 작업장치의 연결부를 체결하지 않고 걸쳐놓은 상태』로 작업해 이탈한 작업장치에 맞거나 깔림,"▶ 기계기구의 운전시작 전에는 설비의 설치 상태, 방호장치 등을 점검
▶ 기계기구의 결함이 확인된 경우 관리자에게 알리고, 조치 전에는 사용을 금지하도록 규정 마련"
2017-43-21-010,제조업,기계기구·금속·비금속광물제품제조업,자동차부분품제조업,2017년 8월경 반응기 설치공사 현장에서 반응기 탱크 주변 개구부를 체크 플레이트로 덮는 작업을 위해 단부에서 하부 보강재를 설치하는 작업 중 중심을 잃고 약 4m 아래 바닥으로 떨어져 사망,분류 불가,"설비 위, 지붕 등 높은 장소에서의 작업",『작업을 위해 밟고 있던 구조물이 파손되거나 균형을 잃기 쉬운 불안한 자세』로 작업하여 넘어지거나 떨어짐,"▶ 안전난간이 설치된 작업발판을 설치·사용
▶ 고소작업대 사용 또는 3.5m미만은 A자형 사다리 사용(2인1조) 관리
▶ 안전대 및 안전모 지급·착용 등 관리감독자 확인"
2017-43-51-002,제조업,기계기구·금속·비금속광물제품제조업,배관공사용부속품제조업,2017년 6월경 작업장 내에서 지게차를 이용하여 파이프를 하차하던 중 화물차 옆에서 있던 재해자가 지게차 포크에서 떨어진 파이프 묶음에 맞아 사망,지게차,지게차를 사용하는 작업,『화물의 무게가 한쪽으로 치우쳐진 상태 등』 적재상태가 불량한 화물이 무너지면서 맞거나 깔림,"▶ 전도·낙하 방지를 위해 중량물 제거 후 작업
▶ 중량물 고정 실시 후 수리작업 실시"
2017-43-51-003,운수창고통신업,육상및수상운수업,여객자동차운수업,2017년 7월경 정비소에서 재해자가 버스 수리를 위하여 후미를 리프트(공압식)으로 들어 올렸다 내리던 중 받침목에서 바퀴가 이탈되어 뒤로 밀리던 버스를 막다가 주변의 다른 버스 사이에 끼어서 사망,기타 차량(버스),비정형 작업(정비·보수),"『주변 설비의 움직임을 인지하지 못하거나, 안전거리를 확보하지 않고 작업』 하여 작동하는 설비에 부딪히거나, 말림·끼임","▶ 같은 장소에서 이루어지는 도급인과 수급인의 작업 혼재 시 재해 발생 예방을 위한 의사 전달 체계 수립
▶ 안전작업허가제도로 작업 전·중·후 안전확보 상태 지속 확인"
2017-51-11-001,제조업,화학및고무제품제조업,기타화학제품제조업,2017년 1월경 OO사업장 압출 공정에서 재해자가 폐비닐을 손으로 직접 투입하는 중 트윈 스크류에 손이 말려들어가 사망,생산설비(압출기),원료 투입 작업,"『별도의 수공구 없이 설비의 구동부에 근접하여 작업』하다가 구동부에 끼이거나 말림, 절단","▶ 광전자, 양수조작식 등 방호장치 설치 및 기능유지 철저
▶ 재료투입용 보조기구 및 사용상태 철저 관리"
2017-51-11-002,제조업,기계기구·금속·비금속광물제품제조업,건설기계또는광산기계및설비품제조업,2017년 2월경 사업장에서 재해자가 범용 선반을 이용하여 환봉 표면을 연마하던 중 목장갑이 환평 표면에 걸려 회전되는 환봉에 감기면서 선반의 척에 머리를 부딪혀 사망,금속가공기계(범용선반),가공 설비를 이용한 작업,『말릴 위험이 있는 옷이나 장갑을 착용하고 회전축에 근접하여 작업』해 손이나 팔이 말려 절단,"▶ 목장갑 등 사용 시 손이 말려 들어갈 위험이 있음을 근로자에게 교육하고, 밀착형 가죽장갑 등을 지급하여 착용하도록 조치"
2017-51-11-003,제조업,전기기계기구·정밀기구·전자제품제조업,기타전기기계기구제조업,2017년 2월 화학공장내 포장작업장에서 포장기 설치 후 시운전 작업을 하던 재해자가 포장기 내부로 들어가 공압배선 정리 등 작업을 하던 중 포장기가 작동하여 포장기 내부 P&P유닛과 셔틀유닛 사이에 끼임,자동화설비(포장기),비정형 작업(시운전),『설비를 정지시키지 않거나 전원을 차단하지 않은 상태』에서 정비·보수·청소 등의 작업을 하다가 끼이거나 말림,"▶ 설비 가동중 이물질 제거 등이 발생할 수 있는 생산작업을 분석하고 근원적 접근방지대책 수립
▶ 끼임재해 우려가 있어 가동정지 후 작업이 필요한 설비 목록화→LOTO(Lock Out,  Tag Out) 대상 확정·시행 
▶ 작업 절차에 대해 근로자 교육실시"
2017-51-11-006,제조업,기계기구·금속·비금속광물제품제조업,건설용금속제품제조업,2017년 2월경 작업장내에서 재해자가 작업받침대 위에 있는 H빔 칼럼 사상 작업 중 H빔 칼럼이 회전하면서 작업자가 중심을 잃고 넘어지면서 옆에 높여 있던 H빔 칼럼과 넘어진 H빔 칼럼의 브라켓 사이에 목 부위가 끼어 사망,가공물(H빔),용접·절단·사상 또는 도장 작업,『매달아 올리거나 적재 상태가 불량한 물체』가 떨어지거나 무너지면서 맞거나 깔림,"▶ 주변의 중량물로 인한 깔림 방지를 위해 중량물 제거 후 작업
▶ 중량물 지지대 설치 후 수리·교체작업 실시"
2017-51-11-009,제조업,기계기구·금속·비금속광물제품제조업,기타금속제품제조업또는금속가공업,2017년 4월경 지붕 패널 교체공사 현장에서 재해자가 수돗가 지붕 패널 교체작업을 위해 접이식 사다리에서 작업을 하던 중 바닥으로 추락하여 사망,사다리(이동식/A형),사다리를 이용한 작업 또는 통행,『사다리 위에 올라가 작업』하던 중 균형을 잃고 머리부터 바닥으로 떨어짐,"▶ 3.5m 미만 작업 시 A자형 사다리만 사용(2인1조)
▶ 아웃트리거 설치 및 안전대, 안전모 등 개인보호구 착용"
2017-51-11-010,제조업,기계기구·금속·비금속광물제품제조업,각종시멘트제품제조업,2017년 6월경 작업장에서 재해자가 믹서기의 블레이드를 수리하기 위해 내부에 들어가 있는 상태에서 동료 작업자가 용접기 전원을 가동하여 재해자가 블레이드 날에 밀려 급수배관과 블레이드 지지대 사이에 끼어 사망,혼합기(콘크리트 믹서),비정형 작업(정비·보수),『정비작업 중 작업자 외 근로자가 설비를 가동』하여 갑자기 작동된 설비에 말리거나 끼임,"▶ 생산 설비의 불시 가동을 방지하기 위한 LOTO(Lock Out_잠금장치, Tag Out_점검 중 꼬리표)제도 시행
▶ 관리감독자 확인 의무 부여"
2016-26-11-001,제조업,기계기구·금속·비금속광물제품제조업,각종시멘트제품제조업,2016년 2월경 공장 내 시멘트블록 자동 성형라인에서 재해자가 성형블록 이동대차와 성형블록 적재기 사이에 끼어 사망(추정),이동대차,가공 설비를 이용한 작업,"『주변 설비의 움직임을 인지하지 못하거나, 안전거리를 확보하지 않고 작업』 하여 작동하는 설비에 부딪히거나, 말림·끼임","▶ 같은 장소에서 이루어지는 도급인과 수급인의 작업 혼재 시 재해 발생 예방을 위한 의사 전달 체계 수립
▶ 안전작업허가제도로 작업 전·중·후 안전확보 상태 지속 확인"
2017-51-11-012,제조업,식료품제조업,육제품또는유제품제조업,2017년 9월 축산물공판장에서 트롤리 컨베이어 레일의 고압실린더 교체작업을 하던 재해자가 고소작업대(시저형)에 올라 고소작업대를 상승시키던 중 작업대 난간과 현수레일 구조물 사이에 끼임,고소작업대(시저형/렌탈),고소작업대 사용 작업,"『설비를 오조작』하여 갑자기 작동한 설비의 구동부에 끼이거나 말림, 절단","▶ 설비 조작스위치, 판넬 등에 조작 스위치의 기능(정지, 작동, 수동, 반자동, 자동, 역회전 등) 표시
▶ 생산 설비의 불시 가동을 방지하기 위한 LOTO(Lock Out_잠금장치, Tag Out_점검 중 꼬리표)제도 시행
▶ 작업자간 의사소통 방안 수립 및 실시"
2017-51-11-013,제조업,수제품및기타제품제조업,기타각종제조업,2017년 9월 가구공장 내 자재창고에서 재해자가 사다리(일자형)에 올라 높이 2.1m 상부에 적재된 매트리스를 지상으로 내리는 작업 중 떨어짐,사다리(이동식/일자형),사다리를 이용한 작업 또는 통행,『무겁거나 부피가 큰 물건을 들고 무리하게 사다리를 오르내려』 균형을 잃고 떨어짐,"▶ 사다리 시용금지 및 고소작업대 사용
▶ 중량물을 소분화하고 체인블럭 등 운반기구 사용하여 운반"
2017-51-11-014,제조업,기계기구·금속·비금속광물제품제조업,철근콘크리트제품제조업,2017년 9월경 작업장에서 재해자가 주행중이던 크레인의 새들 돌출부와 충돌 후 새들과 크레인 레일 주변에 설치되어 있는 스팀배관과 지지기둥 사이에 끼어 사망,크레인(갠트리크레인),"크레인(천장주행, 갠트리, 지브 등) 사용 작업",운반하는 물체 또는 주변 구조물 등에 의해 『설비 조작자의 시야가 확보되지 않은 상태에서 운반』하여 다른 구조물에 부딪히거나 그 사이에 끼임,"▶ 이송방향 전면에서 조작 및 시야 확보가 가능한 정도의 물량 운반
▶ 신호수를 배치하여 신호에 따라 운반작업 실시"
2017-51-11-015,제조업,기계기구·금속·비금속광물제품제조업,철근콘크리트제품제조업,2017년 10월경 야적장에서 재해자가 야적된 제품 위에 올라가 적재상태 조정을 위해 크레인으로 인양 중 적재된 제품을 건드려 넘어지면서 제품 사이에 끼어 사망,크레인(갠트리크레인),"크레인(천장주행, 갠트리, 지브 등) 사용 작업",『운반하는 화물을 수직으로 인양하지 않고 끌어당기거나 밀면서 인양』하려다 화물과 주변 구조물에 부딪히거나 끼임,"▶ 전용 지그를 사용하여 운반하거나 2줄 걸이 이상 작업
▶ 크레인으로 하물을 끌어 당기거가 밀어내는 작업 금지"
2017-51-11-016,제조업,기계기구·금속·비금속광물제품제조업,철근콘크리트제품제조업,2017년 11월경 모래호퍼 상부에 설치된 점검용 작업발판이 부식되어 떨어지자 모래더미 안에 묻힌 작업발판을 꺼내기 위해 재해자 2명이 호퍼 내부로 들어가 모래더미를 파내는 작업을 하던 중 모래더미가 무너지면서 매몰 사망,적재물(모래),비정형 작업(점검),『화물의 무게가 한쪽으로 치우쳐진 상태 등』 적재상태가 불량한 화물이 무너지면서 맞거나 깔림,"▶ 전도·낙하 방지를 위해 중량물 제거 후 작업
▶ 중량물 고정 실시 후 수리작업 실시"
2016-81-11-005,제조업,선박건조및수리업,강선건조또는수리업,2016년 3월경 OO사업장 제품 운반 현장에서 재해자가 제품 운반을 신호하던 중 제품과 구조물 사이에 끼여 사망,생산설비(모듈 트랜스포터),혼재작업(작업자-작업차량),"『주변 설비의 움직임을 인지하지 못하거나, 안전거리를 확보하지 않고 작업』 하여 작동하는 설비에 부딪히거나, 말림·끼임","▶ 같은 장소에서 이루어지는 도급인과 수급인의 작업 혼재 시 재해 발생 예방을 위한 의사 전달 체계 수립
▶ 안전작업허가제도로 작업 전·중·후 안전확보 상태 지속 확인"
2017-51-11-018,제조업,기계기구·금속·비금속광물제품제조업,각종시멘트제품제조업,2017년 12월경 공장내에서 재해자가 조작판넬의 큐빙기에서 화물이 정상적으로 적재되지 않아 하부에 들어가 블록을 수정하는 순간 큐빙기가 동작되어 클램프와 컨베이어 사이에 상반신이 끼어 사망,자동화설비(큐빙기),비정형 작업(정비·보수),『설비를 정지시키지 않거나 전원을 차단하지 않은 상태』에서 정비·보수·청소 등의 작업을 하다가 끼이거나 말림,"▶ 설비 가동중 이물질 제거 등이 발생할 수 있는 생산작업을 분석하고 근원적 접근방지대책 수립
▶ 끼임재해 우려가 있어 가동정지 후 작업이 필요한 설비 목록화→LOTO(Lock Out,  Tag Out) 대상 확정·시행 
▶ 작업 절차에 대해 근로자 교육실시"
2017-51-31-001,제조업,식료품제조업,육제품또는유제품제조업,2017년 6월 식품공장 내 폐수차리장에서 재해자가 폐수처리설비의 정상작동 유무를 확인하기 위하여 폐수처리장 내부에 들어가 점검 중 반응조 작업발판 위에 쓰러진 상태로 발견됨,유해가스(황화수소),"피트, 맨홀, 오·폐수 처리시설 등 밀폐된 장소에서 작업",『산소·가소농도 미측정 및 송풍기를 이용한 강제환기 미실시』로 불활성 가스 또는 유해가스에 의한 산소결핍·질식·중독,"▶ 가스농도측정기로 적정공기 상태 선 확인
▶ 환기팬 등으로 환기 실시 후 작업을 실시
▶ 밀폐공간 출입금지 위험 표시"
2017-51-51-001,기타의사업,기타의각종사업,건설업본사,2017년 7월경 재해자가 거푸집 상태를 확인하기 위해 콘크리트 판넬 상부에 올라가 강재 거푸집 상태를 확인하던 중 판넬이 뒤집히면서 판넬 사이에 끼어 사망,분류 불가,"설비 위, 지붕 등 높은 장소에서의 작업",『작업을 위해 밟고 있던 구조물이 파손되거나 균형을 잃기 쉬운 불안한 자세』로 작업하여 넘어지거나 떨어짐,"▶ 안전난간이 설치된 작업발판을 설치·사용
▶ 고소작업대 사용 또는 3.5m미만은 A자형 사다리 사용(2인1조) 관리
▶ 안전대 및 안전모 지급·착용 등 관리감독자 확인"
2017-51-51-002,기타의사업,전문·보건·교육·여가관련서비스업,"건축기술,엔지니어링및관련기술서비스업",2017년 9월경 오수처리장에서 재해자가 청소작업을 하던 중 교대반응조에 빠져 익사하여 사망,유해가스,"피트, 맨홀, 오·폐수 처리시설 등 밀폐된 장소에서 작업",『산소·가소농도 미측정 및 송풍기를 이용한 강제환기 미실시』로 불활성 가스 또는 유해가스에 의한 산소결핍·질식·중독,"▶ 가스농도측정기로 적정공기 상태 선 확인
▶ 환기팬 등으로 환기 실시 후 작업을 실시
▶ 밀폐공간 출입금지 위험 표시"
2017-51-51-003,기타의사업,도소매·음식·숙박업,도소매및소비자용품수리업,2017년 12월경 작업장에서 재해자가 화물자동차에서 형강을 하역하기 위해 지게차로 작업 중 형강 고정 밴딩이 풀리면서 형강에 맞아 사망,운반물(ㄱ자형강),지게차를 사용하는 작업,『매달아 올리거나 적재 상태가 불량한 물체』가 떨어지거나 무너지면서 맞거나 깔림,"▶ 주변의 중량물로 인한 깔림 방지를 위해 중량물 제거 후 작업
▶ 중량물 지지대 설치 후 수리·교체작업 실시"
2017-61-11-001,제조업,화학및고무제품제조업,고무제품제조업,2017년 3월경 OO사업장 타이어 제조공정에서 재해자가 작동중인 컨베이어 하부에서 청소 작업 중 점검 중 컨베이어 사이에 끼여 사망,컨베이어,비정형 작업(점검),『설비를 정지시키지 않거나 전원을 차단하지 않은 상태』에서 정비·보수·청소 등의 작업을 하다가 끼이거나 말림,"▶ 설비 가동중 이물질 제거 등이 발생할 수 있는 생산작업을 분석하고 근원적 접근방지대책 수립
▶ 끼임재해 우려가 있어 가동정지 후 작업이 필요한 설비 목록화→LOTO(Lock Out,  Tag Out) 대상 확정·시행 
▶ 작업 절차에 대해 근로자 교육실시"
2017-61-11-002,제조업,식료품제조업,음료제조업,2017년 3월 식품공장 내 제품출하장 도로에서 재해자가 이동 중 공병을 싣고 이동하던 화물차량(14톤)과 부딪힘,화물운반트럭(카고트럭),작업장소 통행/이동,『근로자와 작업차량 간 이동동선(통행로)를 구분하지 않은 상태』에서 근로자가 작업차량에 부딪히거나 깔림 또는 주변 구조물과 차량사이에 끼임,"▶ 주문량 증가로 제품 적재공간 확대에 따라 지게차 작업구역이 확대, 지게차 운행 구역과 근로자 작업장소를 별도로 구획 실시
▶ 지게차 이용 중량물 취급에 대한 작업계획서 작성(작업방법, 운행경로, 근로자와 지게차 혼재 작업 여부 등)
▶ 혼재 작업 시 작업지휘자 또는 유도자 배치"
2017-61-11-003,제조업,기계기구·금속·비금속광물제품제조업,자동차부분품제조업,2017년 7월경 입고장에서 재해자가 화물을 하차하기 위해 화물자동차의 섬유벨트를 푸는 순간 화물이 갑자기 재해자쪽으로 움직이면서 적재함 아래로 떨어져 화물과 바닥사이에 신체가 끼어 사망,이동대차,상하차 작업 또는 적재된 화물,『화물의 무게가 한쪽으로 치우쳐진 상태 등』 적재상태가 불량한 화물이 무너지면서 맞거나 깔림,"▶ 전도·낙하 방지를 위해 중량물 제거 후 작업
▶ 중량물 고정 실시 후 수리작업 실시"
2017-61-11-004,제조업,기계기구·금속·비금속광물제품제조업,건설용점토제품제조업,2017년 8월경 벽돌제조작업공정 양생실에서 문을 개폐하기 위한 윈치와이어로프 보수작업을 하던 중 와이어로프 결속부가 풀려 상부에 있던 문이 하강하면서 재해자를 타격하여 사망,기타 설비(양생실 문/샌드위치 판넬),비정형 작업(정비·보수),『매달아 올리거나 적재 상태가 불량한 물체』가 떨어지거나 무너지면서 맞거나 깔림,"▶ 주변의 중량물로 인한 깔림 방지를 위해 중량물 제거 후 작업
▶ 중량물 지지대 설치 후 수리·교체작업 실시"
2017-61-51-001,기타의사업,기타의각종사업,건설업본사,2017년 2월경 야적장에서 재해자가 H빔 하역작업을 위해 이동식크레인 작업을 하던 중 와이어로프가 파단되면서 H빔이 떨어져 재해자가 맞고 H빔 사이에 끼여 사망,줄걸이기구(와이어로프),"이동식 크레인(카고 크레인, 집게차)을 사용한 작업","『줄걸이 기구의 용접 불량, 마모, 변형, 손상』으로 인해 운반하는 화물이 떨어지면서 부딪히거나 그 아래 깔림","▶ 설비·구조물 상태 정기적 점검 및 예방 관리
▶ 와이어로프 손상 시 즉시 교체하여 사용"
2017-61-51-002,기타의사업,기타의각종사업,개인및가사서비스업,2017년 4월경 화단에서 재해자가 간판 배선을 점검하기 위해 표지석을 잡고 작업하던 중 표지석이 기울어지면서 화단 앞 차량과 표지석 사이에 끼어 사망,적재물(표지석),비정형 작업(점검),『설비 구조물을 밟고 올라서거나 난간이 없는 작업대 위』에서 불안전한 자세로 작업하다 떨어짐,"▶ 추락위험구간에 안전난간 추가 설치
▶ 출하장소를 추락위험이 없는 장소로 위치 변경"
2017-61-51-003,기타의사업,국가및지방자치단체의사업,국가및지방자치단체의사업,2017년 7월경 옥외통로에서 재해자가 폐스트로폼을 운반하는 지게차에 부딪혀 사망,지게차,지게차를 사용하는 작업,『근로자와 작업차량 간 이동동선(통행로)를 구분하지 않은 상태』에서 근로자가 작업차량에 부딪히거나 깔림 또는 주변 구조물과 차량사이에 끼임,"▶ 주문량 증가로 제품 적재공간 확대에 따라 지게차 작업구역이 확대, 지게차 운행 구역과 근로자 작업장소를 별도로 구획 실시
▶ 지게차 이용 중량물 취급에 대한 작업계획서 작성(작업방법, 운행경로, 근로자와 지게차 혼재 작업 여부 등)
▶ 혼재 작업 시 작업지휘자 또는 유도자 배치"
2017-61-51-004,기타의사업,전문·보건·교육·여가관련서비스업,교육서비스업,2016년 7월경 화단에서 재해자가 잡초제거를 위해 띠뿌리를 손으로 뽑다가 뒤로 넘어져 화단 경사로로 떨어져 사망,분류 불가,조경·제초작업,"『주변 위험요소(낭떠러지, 회전체 등)를 파악하지 않고 작업』해 돌발상황에 적절하게 대처하지 못해 사고로 이어질 위험","▶ 같은 장소에서 이루어지는 도급인과 수급인의 작업 혼재 시 재해 발생 예방을 위한 의사 전달 체계 수립
▶ 안전작업허가제도로 작업 전·중·후 안전확보 상태 지속 확인"
2017-61-51-005,기타의사업,시설관리및사업지원서비스업,건물등의종합관리사업,2017년 8월경 아파트 계단에서 재해자가 전단지 수거작업을 하기 위해 계단으로 오르던 중 미끄러져 사망,분류 불가,작업장소 통행/이동,"『미끄러운 상태의 바닥(오일, 빙판 등)을 밟거나 바닥의 요철부』에 걸려 넘어지면서 머리를 부딪히거나 떨어짐","▶ 바닥에 존재하는 기름기 등 제거 조치
▶ 유분 비산을 방지하기 위한 가림판 설치"
2017-61-51-006,기타의사업,국가및지방자치단체의사업,국가및지방자치단체의사업,2017년 9월경 가로수 주변에서 재해자가 칡덩굴 제거를 위해 작업을 하던 중 옹벽 뒤쪽 집수정 바닥 3.3m 아래로 떨어져 사망,분류 불가,조경·제초작업,"『주변 위험요소(낭떠러지, 회전체 등)를 파악하지 않고 작업』해 돌발상황에 적절하게 대처하지 못해 사고로 이어질 위험","▶ 같은 장소에서 이루어지는 도급인과 수급인의 작업 혼재 시 재해 발생 예방을 위한 의사 전달 체계 수립
▶ 안전작업허가제도로 작업 전·중·후 안전확보 상태 지속 확인"
2017-61-51-007,기타의사업,시설관리및사업지원서비스업,위생및유사서비스업,2017년 11월경 도로에서 쓰레기 수거작업을 하던 재해자가 후진하는 쓰레기 수거차량에 충돌 후 쓰러지면서 차량 뒷바퀴에 깔려 사망,화물운반트럭(청소차량/압착식진개차),도로 청소 등 환경미화 작업,『작업자간 상호 소통 없이 차량을 운행』하여 작업차량 후미의 탑승자가 떨어져 깔리거나 작업차량과 주변 구조물 사이에 끼임,"▶ 지정된 탑승 장소 외에 탑승 금지
▶ 차량 이동 시 도보 또는 조수석에 탑승하여 이동 실시"
2017-61-51-008,기타의사업,시설관리및사업지원서비스업,위생및유사서비스업,2017년 11월경 매립장에서 재해자가 쓰레기 수거차량의 잔여물을 제거하기 위해 작업을 하던 중 하강하는 파커와 적재함 사이에 끼어 사망,화물운반트럭(청소차량/압착식진개차),비정형 작업(이물질 제거·청소),『작업자간 상호 소통 없이 차량을 운행』하여 작업차량 후미의 탑승자가 떨어져 깔리거나 작업차량과 주변 구조물 사이에 끼임,"▶ 지정된 탑승 장소 외에 탑승 금지
▶ 차량 이동 시 도보 또는 조수석에 탑승하여 이동 실시"
2017-62-11-001,제조업,목재및종이제품제조업,일반제재및목재약품처리업,2017년 8월 목재가공공장 내 자재보관창고에서 재해자가 지게차를 이용하여 판재묶음 운반작업 중 창고 바닥에 4단으로 쌓인 판재가 무너지면서 깔림,적재물(판재묶음),상하차 작업 또는 적재된 화물,『화물의 무게가 한쪽으로 치우쳐진 상태 등』 적재상태가 불량한 화물이 무너지면서 맞거나 깔림,"▶ 전도·낙하 방지를 위해 중량물 제거 후 작업
▶ 중량물 고정 실시 후 수리작업 실시"
2017-62-11-002,제조업,기계기구·금속·비금속광물제품제조업,건설용금속제품제조업,2017년 10월경 도장공장입구에서 대형출입문 외부에 있던 동료 근로자가 내부에 재해자가 있는 사실을 인지하지 못하고 도어 스위치를 조작하여 재해자가 도어와 도어사이에 끼어 사망,기타 설비(대형출입문/빅도어),비정형 작업(이물질 제거·청소),『정비작업 중 작업자 외 근로자가 설비를 가동』하여 갑자기 작동된 설비에 말리거나 끼임,"▶ 생산 설비의 불시 가동을 방지하기 위한 LOTO(Lock Out_잠금장치, Tag Out_점검 중 꼬리표)제도 시행
▶ 관리감독자 확인 의무 부여"
2017-62-31-001,제조업,의약품·화장품·연탄·석유제품제조업,석유정제품제조업,2017년 12월경 OO사업장 반응공정에서 재해자가 반응기 점검을 위해 내부로 들어가던 중 산소결핍으로 사망,분류 불가,"피트, 맨홀, 오·폐수 처리시설 등 밀폐된 장소에서 작업",『산소·가소농도 미측정 및 송풍기를 이용한 강제환기 미실시』로 불활성 가스 또는 유해가스에 의한 산소결핍·질식·중독,"▶ 가스농도측정기로 적정공기 상태 선 확인
▶ 환기팬 등으로 환기 실시 후 작업을 실시
▶ 밀폐공간 출입금지 위험 표시"
2018-51-11-014,제조업,기계기구·금속·비금속광물제품제조업,건설용금속제품제조업,2018년 7월경 작업장에서 재해자가 H-형강 자동개선기(베벨링머신)로 용접면 개선작업을 하던 중 고정부인 기계 프레임과 자동으로 이동되는 툴 고정대 사이에 끼어 사망,자동화설비(H-형강 자동개선기/베벨링머신),가공 설비를 이용한 작업,"『주변 설비의 움직임을 인지하지 못하거나, 안전거리를 확보하지 않고 작업』 하여 작동하는 설비에 부딪히거나, 말림·끼임","▶ 같은 장소에서 이루어지는 도급인과 수급인의 작업 혼재 시 재해 발생 예방을 위한 의사 전달 체계 수립
▶ 안전작업허가제도로 작업 전·중·후 안전확보 상태 지속 확인"
2017-62-51-003,제조업,화학및고무제품제조업,합성수지제조업,2017년 9월경 OO사업장 중합공정에서 재해자가 설비 상부에 올라가서 점검 작업을 수행 중 17미터 아래로 떨어져 사망,분류 불가,비정형 작업(점검),『작업을 위해 밟고 있던 구조물이 파손되거나 균형을 잃기 쉬운 불안한 자세』로 작업하여 넘어지거나 떨어짐,"▶ 안전난간이 설치된 작업발판을 설치·사용
▶ 고소작업대 사용 또는 3.5m미만은 A자형 사다리 사용(2인1조) 관리
▶ 안전대 및 안전모 지급·착용 등 관리감독자 확인"
2017-62-51-005,기타의사업,국가및지방자치단체의사업,국가및지방자치단체의사업,2017년 9월경 벌목작업장에서 재해자가 기계톱으로 벌목작업을 하던 중 벌목한 소나무에 맞아 사망,나무(벌도목),벌목·조재 작업,"『벌도목이 의도하지 않은 방향으로 쓰러지거나, 주변 장애물에 걸려』 작업자 방향으로 쓰러지면서 안면 또는 머리를 가격(부딪힘)","▶ 벌목 작업 시에는 사전에 대피장소를 정하여 작업 실시
▶ 충분한 안전거리를 확보하여, 다른 작업자와 동시에 작업 금지"
2017-63-11-001,제조업,기계기구·금속·비금속광물제품제조업,철근콘크리트제품제조업,2017년 4월경 야적장에서 지게차운전자가 사각맨홀 하부구체를 포크로 들어올려 주행하는 도중 전방확보가 되지 않아 재해자를 충격하여 사각맨홀 하부구체와 기존 야적물 사이에 끼어 사망,지게차,지게차를 사용하는 작업,운반하는 물체 또는 주변 구조물 등에 의해 『설비 조작자의 시야가 확보되지 않은 상태에서 운반』하여 다른 구조물에 부딪히거나 그 사이에 끼임,"▶ 이송방향 전면에서 조작 및 시야 확보가 가능한 정도의 물량 운반
▶ 신호수를 배치하여 신호에 따라 운반작업 실시"
2017-63-11-002,농업,농업,축산업,2017년 9월경 창고 지붕 보수작업을 하던 재해자가 지붕위에서 각재를 고정하던 중 밟고있던 슬레이트가 파손되면서 4.5미터 아래 바닥으로 떨어져 사망,지붕·대들보(슬레이트),"설비 위, 지붕 등 높은 장소에서의 작업",『작업을 위해 밟고 있던 구조물이 파손되거나 균형을 잃기 쉬운 불안한 자세』로 작업하여 넘어지거나 떨어짐,"▶ 안전난간이 설치된 작업발판을 설치·사용
▶ 고소작업대 사용 또는 3.5m미만은 A자형 사다리 사용(2인1조) 관리
▶ 안전대 및 안전모 지급·착용 등 관리감독자 확인"
2017-63-11-003,제조업,식료품제조업,기타식료품제조업,2017년 11월 생수공장 내 포장공정에서 재해자가 제품 포장 후 이송하는 팔레타이저 리프트가 작동하지 않자 리프트 하부로 진입하여 팔렛트 위치 조정을 하던 중 갑자기 하강하는 리프트 테이블과 고정테이블 사이에 끼임,자동화설비(파렛타이저),비정형 작업(점검),『설비를 정지시키지 않거나 전원을 차단하지 않은 상태』에서 정비·보수·청소 등의 작업을 하다가 끼이거나 말림,"▶ 설비 가동중 이물질 제거 등이 발생할 수 있는 생산작업을 분석하고 근원적 접근방지대책 수립
▶ 끼임재해 우려가 있어 가동정지 후 작업이 필요한 설비 목록화→LOTO(Lock Out,  Tag Out) 대상 확정·시행 
▶ 작업 절차에 대해 근로자 교육실시"
2017-63-21-012,기타의사업,도소매·음식·숙박업,도소매및소비자용품수리업,2017년 9월경 상가 내부에서 재해자가 벽체 도장 작업을 하던 중 사다리가 넘어지면서 2.2m 아래로 떨어져 사망,사다리(이동식/A형),사다리를 이용한 작업 또는 통행,『사다리 위에 올라가 작업』하던 중 균형을 잃고 머리부터 바닥으로 떨어짐,"▶ 3.5m 미만 작업 시 A자형 사다리만 사용(2인1조)
▶ 아웃트리거 설치 및 안전대, 안전모 등 개인보호구 착용"
2019-61-11-010,기타의사업,도소매·음식·숙박업,도소매및소비자용품수리업,"2019년 12월경 재해자가 압출기 호퍼 측면에서 투입된 배합원료를 수공구로 밀어 넣는 작업을 하던 중, 압출기 호퍼와 접근하는 자동이송대차 사이에 흉부가 끼어 사망",이동대차,자동화 설비 작업,"『주변 설비의 움직임을 인지하지 못하거나, 안전거리를 확보하지 않고 작업』 하여 작동하는 설비에 부딪히거나, 말림·끼임","▶ 같은 장소에서 이루어지는 도급인과 수급인의 작업 혼재 시 재해 발생 예방을 위한 의사 전달 체계 수립
▶ 안전작업허가제도로 작업 전·중·후 안전확보 상태 지속 확인"
2017-64-11-004,제조업,식료품제조업,기타식료품제조업,2017년 7월 사료공장에서 재해자가 교반기 내부에 진입하여 삽으로 맥주박 잔여물 제거작업을 하던 중 교반기가 작동하면서 임펠러(회전날개)와 교반기 프레임에 끼임,혼합기(교반기),비정형 작업(이물질 제거·청소),『설비를 정지시키지 않거나 전원을 차단하지 않은 상태』에서 정비·보수·청소 등의 작업을 하다가 끼이거나 말림,"▶ 설비 가동중 이물질 제거 등이 발생할 수 있는 생산작업을 분석하고 근원적 접근방지대책 수립
▶ 끼임재해 우려가 있어 가동정지 후 작업이 필요한 설비 목록화→LOTO(Lock Out,  Tag Out) 대상 확정·시행 
▶ 작업 절차에 대해 근로자 교육실시"
2017-64-11-005,임업,임업,영림업,2017년 7월경 OO산 숲가꾸기현장에서 바닥에 방치된 벌도목 위로 동료작업자가 벌목한 벌도목이 떨어지면서 튀어올라 기계톱을 정비하던 재해자의 얼굴을 강타해 사망,나무(벌도목),벌목·조재 작업,"『주변 구조물에 걸려있던 나무(벌도목, 조재목 등)』 가 작업상황에 의해 무게중심이 변하면서 떨어지거나 지렛대처럼 튀어올라 얼굴을 맞음","▶ 벌목 작업 전 주변 나무에 걸려있는 나무를 확인하여 주변에서 작업 금지
▶ 충분한 안전거리를 확보하여, 다른 작업자와 동시에 작업 금지"
2017-64-11-006,농업,농업,축산업,2017년 7월경 재해자가 축사 지붕 보수작업을 하던 중 밟고있던 선라이트가 파손되면서 7미터 아래 축사 바닥으로 떨어져 사망,지붕·대들보(선라이트/채광창),"설비 위, 지붕 등 높은 장소에서의 작업",『작업을 위해 밟고 있던 구조물이 파손되거나 균형을 잃기 쉬운 불안한 자세』로 작업하여 넘어지거나 떨어짐,"▶ 안전난간이 설치된 작업발판을 설치·사용
▶ 고소작업대 사용 또는 3.5m미만은 A자형 사다리 사용(2인1조) 관리
▶ 안전대 및 안전모 지급·착용 등 관리감독자 확인"
2017-64-11-008,제조업,기계기구·금속·비금속광물제품제조업,건설용금속제품제조업,"2017년 9월경 작업장에서 강구조물에 대한 블라스팅 작업 중, 작업방향으로 넘어지는 강구조물에 깔려 사망",가공물(강구조물),용접·절단·사상 또는 도장 작업,『매달아 올리거나 적재 상태가 불량한 물체』가 떨어지거나 무너지면서 맞거나 깔림,"▶ 주변의 중량물로 인한 깔림 방지를 위해 중량물 제거 후 작업
▶ 중량물 지지대 설치 후 수리·교체작업 실시"
2017-64-11-009,제조업,식료품제조업,조미료(장류포함)제조업및제염업,2017년 12월 농산물 가공 공장에서 재해자가혼합기 내부 잔여물을 주걱으로 제거하던 중 혼합기가 불시에 작동되면서 임펠러(회전날개)와 혼합기 프레임 사이에 끼임,혼합기,비정형 작업(이물질 제거·청소),『설비를 정지시키지 않거나 전원을 차단하지 않은 상태』에서 정비·보수·청소 등의 작업을 하다가 끼이거나 말림,"▶ 설비 가동중 이물질 제거 등이 발생할 수 있는 생산작업을 분석하고 근원적 접근방지대책 수립
▶ 끼임재해 우려가 있어 가동정지 후 작업이 필요한 설비 목록화→LOTO(Lock Out,  Tag Out) 대상 확정·시행 
▶ 작업 절차에 대해 근로자 교육실시"
2020-22-11-012,제조업,수제품및기타제품제조업,"볏짚류,가발,수모등의제품제조업","2020년 10월 볏집류가공공장 소속 재해자 2명이 논에서 볏집을 화물자동차 적재함에 싣고 볏집 위에 앉아 다른 논으로 이동하던 중 표면이 고르지 않은 논바닥으로 인해 차량이 기울면서 지면으로 추락(사망1, 부상1)",화물운반트럭(카고트럭),차량을 이용한 작업,『적재함에 탑승한 상태로 이동』하여 작업자가 떨어짐,"▶ 차량 상부작업 시 작업장소 상부에 안전대 걸이설비 설치·사용
▶ 적재함에 오르내리기 위한 설비 설치·사용
▶ 작업 시 안전대, 안전모 등 보호구 착용"
2017-64-51-002,기타의사업,도소매·음식·숙박업,도소매및소비자용품수리업,2017년 4월경 재해자가 김자반 생산을 위해 원심탈수기 작동 중 원심탈수기가 파손되어 파편에 맞아 사망,생산설비(원심탈수기),전기설비 취급 작업,"『설비에 안전장치가 설치되어 있지 않거나, 설치된 안전장치를 무력화한 상태』로 사용하던 중 말리거나 끼임","▶ 방호장치 작동불량 등 이상시 관리감독자 등에게 선보고 및 조치 후 작업 재개가 당연한 안전문화 구축　
▶ 작업 전 광전자식 방호장치 정상 여부 확인 "
2017-64-51-001,기타의사업,전문·보건·교육·여가관련서비스업,골프장및경마장운영업,2017년 4월경 리조트에서 재하자가 소형 작업차 적재함에 탑승하여 이동중 차량이 넘어지면서 1.7m 아래로 떨어져 사망,기타 차량(전동카트),차량을 이용한 작업,『적재함에 탑승한 상태로 이동』하여 작업자가 떨어짐,"▶ 차량 상부작업 시 작업장소 상부에 안전대 걸이설비 설치·사용
▶ 적재함에 오르내리기 위한 설비 설치·사용
▶ 작업 시 안전대, 안전모 등 보호구 착용"
2017-64-51-004,기타의사업,시설관리및사업지원서비스업,위생및유사서비스업,2017년 5월경 재활용 골재 만드는 작업중 재해자가 컨베이어 벨트와 롤러 사이에 팔이 끼어 절단되면서 과다출혈로 사망,컨베이어,비정형 작업(이물질 제거·청소),『설비를 정지시키지 않거나 전원을 차단하지 않은 상태』에서 정비·보수·청소 등의 작업을 하다가 끼이거나 말림,"▶ 설비 가동중 이물질 제거 등이 발생할 수 있는 생산작업을 분석하고 근원적 접근방지대책 수립
▶ 끼임재해 우려가 있어 가동정지 후 작업이 필요한 설비 목록화→LOTO(Lock Out,  Tag Out) 대상 확정·시행 
▶ 작업 절차에 대해 근로자 교육실시"
2017-71-11-001,제조업,화학및고무제품제조업,고무제품제조업,2017년 2월경 OO사업장 고무 성형공정에서 재해자가 공정 점검 중 이동하는 설비와 구조물 사이에 끼여 사망,자동화설비,작업장소 통행/이동,"『주변 설비의 움직임을 인지하지 못하거나, 안전거리를 확보하지 않고 작업』 하여 작동하는 설비에 부딪히거나, 말림·끼임","▶ 같은 장소에서 이루어지는 도급인과 수급인의 작업 혼재 시 재해 발생 예방을 위한 의사 전달 체계 수립
▶ 안전작업허가제도로 작업 전·중·후 안전확보 상태 지속 확인"
2017-71-11-002,제조업,섬유및섬유제품제조업,화학섬유제조업,2017년 4월 섬유공장에서 재해자가 송풍기 수배전반(3.3kV) 점검 중 충전부 접촉으로 감전,전기충전부,전기설비 취급 작업,『전원을 차단하지 않은 상태』에서 노출된 충전부에 접촉하여 감전,"▶ 정전작업 후 전기점검 및 조작 실시
▶ 활선작업용기구·장치  사용 및 절연용 보호구 착용"
2017-71-11-004,제조업,섬유및섬유제품제조업,표백및염색가공업,2017년 6월 섬유공장 폐수처리장에서 재해자가 침전조 상부에 부상된 슬러지를 침전조 상부에서 빗자루로 제거하던 중 미끄러지면서 침전조 외부 지상으로 떨어짐(약 3.4m),분류 불가,작업장소 통행/이동,"『미끄러운 상태의 바닥(오일, 빙판 등)을 밟거나 바닥의 요철부』에 걸려 넘어지면서 머리를 부딪히거나 떨어짐","▶ 바닥에 존재하는 기름기 등 제거 조치
▶ 유분 비산을 방지하기 위한 가림판 설치"
2017-71-11-005,임업,임업,영림업,2017년 7월 OO산에서 벌목작업을 하던 재해자가 벌도목에 머리를 맞고 사망,나무(벌도목),벌목·조재 작업,"『벌도목이 의도하지 않은 방향으로 쓰러지거나, 주변 장애물에 걸려』 작업자 방향으로 쓰러지면서 안면 또는 머리를 가격(부딪힘)","▶ 벌목 작업 시에는 사전에 대피장소를 정하여 작업 실시
▶ 충분한 안전거리를 확보하여, 다른 작업자와 동시에 작업 금지"
2017-71-11-006,제조업,화학및고무제품제조업,플라스틱가공제품제조업,2017년 8월경 OO사업장 압출 공정에서 재해자가 설비 상부에 올라가 점검을 하고 내려오던 중 2미터 아래로 추락하여 사망,분류 불가,비정형 작업(점검),『작업을 위해 밟고 있던 구조물이 파손되거나 균형을 잃기 쉬운 불안한 자세』로 작업하여 넘어지거나 떨어짐,"▶ 안전난간이 설치된 작업발판을 설치·사용
▶ 고소작업대 사용 또는 3.5m미만은 A자형 사다리 사용(2인1조) 관리
▶ 안전대 및 안전모 지급·착용 등 관리감독자 확인"
2017-71-11-007,임업,임업,벌목업,"2017년 9월경 재해자가 절단한 벌도목(참나무)이 넘어지면서 벌도목(참나무)에 얽혀있던 덩굴이 주변의 다른 나무를 잡아당겨 나뭇가지가 부러졌고, 재해자가 부러져 떨어지는 나뭇가지에 머리를 맞아 사망",나무(벌도목),벌목·조재 작업,작업자 방향으로 『주변에서 작업하던 벌도목 또는 주변 수목에 걸려있던 벌도목』이 떨어(쓰러)지면서 작업자가 벌도목에 머리를 맞거나 그 아래 깔림,"▶ 벌목 작업 전 주변 나무에 걸려있는 나무를 확인하여 주변에서 작업 금지
▶ 충분한 안전거리를 확보하여, 다른 작업자와 동시에 작업 금지"
2017-71-11-008,제조업,섬유및섬유제품제조업,직물업,2017년 11월 섬유공장에서 재해자가 텐터기 내 PU코팅액을 투입하는 작업 중 텐터기 내부 폭발,분류 불가,위험물질 취급 또는 그 장소에서 수행하는 작업,"『작업장소에서 취급하는 위험물질 및 관리되지 않는 점화원(아크, 정전기 등)』으로 인해 화재·폭발","▶ 위험장소 주변 용접 및 사상작업 금지 등 점화원 관리
▶ 용접불티 비산방지덮개 또는 용접방화포 조치"
2017-71-11-009,제조업,기계기구·금속·비금속광물제품제조업,자동차및모터사이클수리업,"2017년 12월경 작업장에서 재해자가 노면청소차의 유압실린더를 작동하여 적재함을 들어올린 후 적재함과 프레임 사이에 들어가 정비하던 중, 적재함이 내려와 적재함과 차체프레임 사이에 끼어 사망",분류 불가,비정형 작업(정비·보수),"『들어올린 설비의 고정상태 불량, 안전블록·지지대 미설치』로 설비 하부에서 작업 중 갑자기 설비가 내려앉아 끼이거나 깔림","▶ 중량물 이동방지용 지지대 추가 설치
▶ 갑작스런 이동방지를 위한 중량물 위치 변경
▶ 낙하물에 대비한 방망 또는 울 설치후 작업"
2017-71-51-002,기타의사업,시설관리및사업지원서비스업,건물등의종합관리사업,2017년 5월경 재해자가 전지작업을 하기 위해 이동식 사다리를 딛고 작업하던 중 떨어져 사망,사다리(이동식/A형),사다리를 이용한 작업 또는 통행,『사다리 위에 올라가 작업』하던 중 균형을 잃고 머리부터 바닥으로 떨어짐,"▶ 3.5m 미만 작업 시 A자형 사다리만 사용(2인1조)
▶ 아웃트리거 설치 및 안전대, 안전모 등 개인보호구 착용"
2017-72-11-001,제조업,기계기구·금속·비금속광물제품제조업,철근콘크리트제품제조업,2017년 2월경 재해자가 시동이 켜진 상태에서 지게차운전석을 이탈하여 야적장 적치장소의 바닥상태를 확인하고 있는 동안 지게차가 스스로 움직이면서 재해자를 충격하여 사망,지게차,지게차를 사용하는 작업,『운전석 이탈 시 작업차량이 움직이는 것을 방지하기 위한 조치를 실시하지 않아』 운전자 없이 움직이는 작업차량에 부딪히거나 깔림,"▶ 운전석에서 이탈 시 확실히 정지 조치 실시
▶ 이탈 시에는 시동키를 분리하여 별도 보관하여 무자격자 등이 운전하지 못하도록 조치"
2017-72-11-002,제조업,기계기구·금속·비금속광물제품제조업,건설용금속제품제조업,2017년 3월경 작업장에서 고소작업대를 이용하여 타워(증류탑)몸체 상부에 내려 이동하다가 미끄러지면서 약 8.2m 지면 아래로 추락하여 사망,분류 불가,작업장소 통행/이동,『설비를 밟고 올라 이동하거나 설비 사이를 뛰어넘어 이동』하다가 구조물에 다리가 걸려 넘어지거나 균형을 잃고 떨어짐,"▶ 추락위험구간에 안전난간 추가 설치
▶ 출하장소를 추락위험이 없는 장소로 위치 변경"
2017-72-11-004,제조업,기계기구·금속·비금속광물제품제조업,각종시멘트제품제조업,2017년 10월경 양생실에서 재해자가 콘크리트하수관 몰드 볼트조립작업을 위해 이동중 후진하는 지게차 후미에 치여 넘어지면서 왼쪽 바퀴에 깔려 사망,지게차,지게차를 사용하는 작업,"『차량운행 중 차량의 진행방향 및 사각지대를 확인하지 않아』근로자가 작업차량에 깔리거나, 주변 구조물과 작업차량 사이에 끼임","▶ 지게차 이용 중량물 취급에 대한 작업계획서 작성(작업방법, 운행경로, 근로자와 지게차 혼재 작업 여부 등)
▶ 혼재 작업 시 작업지휘자 또는 유도자 배치"
2017-72-11-005,제조업,식료품제조업,도정및제분업,2017년 11월 곡물처리장에서 재해자가 집진기 송풍기 후단 수직덕트 보수작업을 위해 송풍기 주변 구조물 상부에 앉아 작업 중 균형을 잃고 지상으로 떨어짐(약 10.8m),분류 불가,"설비 위, 지붕 등 높은 장소에서의 작업",『작업을 위해 밟고 있던 구조물이 파손되거나 균형을 잃기 쉬운 불안한 자세』로 작업하여 넘어지거나 떨어짐,"▶ 안전난간이 설치된 작업발판을 설치·사용
▶ 고소작업대 사용 또는 3.5m미만은 A자형 사다리 사용(2인1조) 관리
▶ 안전대 및 안전모 지급·착용 등 관리감독자 확인"
2017-72-11-006,제조업,식료품제조업,도정및제분업,2017년 12월 사료배합공장에서 재해자가 조사료 절단기 내에 들어가 잔여물 청소 중 동료 근로자가 절단기를 가동하여 절단기 내 스크류와 프레임 사이에 끼임,생산설비(조사료 절단기),비정형 작업(이물질 제거·청소),『설비를 정지시키지 않거나 전원을 차단하지 않은 상태』에서 정비·보수·청소 등의 작업을 하다가 끼이거나 말림,"▶ 설비 가동중 이물질 제거 등이 발생할 수 있는 생산작업을 분석하고 근원적 접근방지대책 수립
▶ 끼임재해 우려가 있어 가동정지 후 작업이 필요한 설비 목록화→LOTO(Lock Out,  Tag Out) 대상 확정·시행 
▶ 작업 절차에 대해 근로자 교육실시"
2017-72-51-002,기타의사업,시설관리및사업지원서비스업,건물등의종합관리사업,2017년 6월경 아파트에서 재해자가 가지치기 작업을 하기 위해 사다리에서 작업을 하던 중 떨어져 사망,사다리(이동식/조경용),사다리를 이용한 작업 또는 통행,『사다리 위에 올라가 작업』하던 중 균형을 잃고 머리부터 바닥으로 떨어짐,"▶ 3.5m 미만 작업 시 A자형 사다리만 사용(2인1조)
▶ 아웃트리거 설치 및 안전대, 안전모 등 개인보호구 착용"
2017-72-51-003,기타의사업,기타의각종사업,건설업본사,2017년 9월경 재해자가 천장주행 크레인 아래로 지나가던 중 인양중인 파이프가 떨어지면서 재해자의 얼굴을 가격해 사망,크레인(천장주행크레인),"크레인(천장주행, 갠트리, 지브 등) 사용 작업",『운반하는 화물의 형태에 적합하지 않은 줄걸이 방법을 사용』하여 화물의 균형이 맞지 않은 상태에서 무리하게 인양하다가 화물이 떨어지면서 부딪히거나 그 아래 깔림,"▶ 섬유슬링 벨트 폐기(관리) 기준을 마련하여 중량물 취급 작업계획서에 포함
▶ 폐기조건 발생 시 근로자가 자발적으로 점검하여 즉시 폐기 요청 할 수 있는 사내 안전문화 정착"
2017-81-11-001,제조업,선박건조및수리업,강선건조또는수리업,2017년 1월경 OO사업장 선박블럭 제조공정에서 재해자가 고정되지 않은 구조물의 절단작업 중 구조물이 넘어지면서 아래에 깔려 사망,구조물(선박 블록),용접·절단·사상 또는 도장 작업,『매달아 올리거나 적재 상태가 불량한 물체』가 떨어지거나 무너지면서 맞거나 깔림,"▶ 주변의 중량물로 인한 깔림 방지를 위해 중량물 제거 후 작업
▶ 중량물 지지대 설치 후 수리·교체작업 실시"
2017-81-11-002,제조업,선박건조및수리업,강선건조또는수리업,2017년 2월경 OO사업장 해양구조물 생산공정에서 재해자가 적재된 제품이 굴러와 제품과 설비사이에 끼여 사망,적재물(브레이스),인력 운반 작업,『화물의 무게가 한쪽으로 치우쳐진 상태 등』 적재상태가 불량한 화물이 무너지면서 맞거나 깔림,"▶ 전도·낙하 방지를 위해 중량물 제거 후 작업
▶ 중량물 고정 실시 후 수리작업 실시"
2017-81-11-003,제조업,기계기구·금속·비금속광물제품제조업,일반산업용기계장치제조업,2017년 2월경 배풍기 모터에 부착된 풀리 교체작업을 하던 중 자동 기동 시간이 설정된 배풍기가 작동하면서 재해자의 좌측 옆구리 부분 옷자락이 말려 들어가 사망,기타 설비(배풍기),비정형 작업(정비·보수),『설비를 정지시키지 않거나 전원을 차단하지 않은 상태』에서 정비·보수·청소 등의 작업을 하다가 끼이거나 말림,"▶ 설비 가동중 이물질 제거 등이 발생할 수 있는 생산작업을 분석하고 근원적 접근방지대책 수립
▶ 끼임재해 우려가 있어 가동정지 후 작업이 필요한 설비 목록화→LOTO(Lock Out,  Tag Out) 대상 확정·시행 
▶ 작업 절차에 대해 근로자 교육실시"
2017-81-11-004,제조업,섬유및섬유제품제조업,기타섬유제품제조업,2017년 2월 섬유공장에서 재해자가 A형 사다리에 올라 작업장 문과 벽 사이 바람막이용 금속판 부착 작업을 하던 중 몸 균형 상실로 떨어짐,사다리(이동식/A형),사다리를 이용한 작업 또는 통행,『사다리 위에 올라가 작업』하던 중 균형을 잃고 머리부터 바닥으로 떨어짐,"▶ 3.5m 미만 작업 시 A자형 사다리만 사용(2인1조)
▶ 아웃트리거 설치 및 안전대, 안전모 등 개인보호구 착용"
2017-81-11-006,제조업,기계기구·금속·비금속광물제품제조업,동력용전기기계기구제조업,"2017년 2월경 사업장에서 초고압 변압기 조립작업 중 양중하던 크레인의 섬유슬링이 무게를 견디지 못하고 파단되면서 변압기가 떨어져 하부에서 작업중이던 재해자를 덮치며 2명 사망, 2명 부상",줄걸이기구(섬유로프/슬링벨트),"크레인(천장주행, 갠트리, 지브 등) 사용 작업","『줄걸이 기구의 용접 불량, 마모, 변형, 손상』으로 인해 운반하는 화물이 떨어지면서 부딪히거나 그 아래 깔림","▶ 설비·구조물 상태 정기적 점검 및 예방 관리
▶ 와이어로프 손상 시 즉시 교체하여 사용"
2017-81-11-007,제조업,기계기구·금속·비금속광물제품제조업,용융도금업,2017년 2월경 도금공정에서 재해자가 랙부스바 가이드 위치 확인 및 조정 등을 위해 도금조에서 이동 중 미끄러져 도금조 내부에 빠져 차료중 사망,분류 불가,작업장소 통행/이동,"『미끄러운 상태의 바닥(오일, 빙판 등)을 밟거나 바닥의 요철부』에 걸려 넘어지면서 머리를 부딪히거나 떨어짐","▶ 바닥에 존재하는 기름기 등 제거 조치
▶ 유분 비산을 방지하기 위한 가림판 설치"
2017-81-11-008,제조업,선박건조및수리업,강선건조또는수리업,2017년 2월경 OO사업장 선박에서 재해자가 인도 예정인 선박을 점검하고 사다리로 내려오던 중 아래로 떨어져 사망,사다리(파일럿래더),사다리를 이용한 작업 또는 통행,사다리 사용 시 『미끄러운 상태의 신발 또는 사다리 발판때문에 실족』하여 떨어짐,"▶ 고정형 계단을 설치하여 통행토록 조치
▶ A자형 사다리 사용 시 2인1조 및 아웃트리거 설치
▶ 운동화 착용 금지 및 안전화 착용"
2017-81-11-009,제조업,수제품및기타제품제조업,기타각종제조업,2017년 3월 아스팔트 제조공장에서 재해자가 작업장을 도보로 이동하던 중 로더 운전자가 재해자를 확인하지 못하여 충돌,건설기계(로더),작업장소 통행/이동,『근로자와 작업차량 간 이동동선(통행로)를 구분하지 않은 상태』에서 근로자가 작업차량에 부딪히거나 깔림 또는 주변 구조물과 차량사이에 끼임,"▶ 주문량 증가로 제품 적재공간 확대에 따라 지게차 작업구역이 확대, 지게차 운행 구역과 근로자 작업장소를 별도로 구획 실시
▶ 지게차 이용 중량물 취급에 대한 작업계획서 작성(작업방법, 운행경로, 근로자와 지게차 혼재 작업 여부 등)
▶ 혼재 작업 시 작업지휘자 또는 유도자 배치"
2017-81-11-011,제조업,선박건조및수리업,강선건조또는수리업,2017년 5월경 OO사업장 선박 제조공정에서 크레인으로 제품을 운반하는 중 타 설비에 간섭되어 설비가 넘어지며 아래에서 작업 중인 근로자를 덮쳐 다수의 근로자가 사망,크레인(갠트리크레인),"크레인(천장주행, 갠트리, 지브 등) 사용 작업",작업자 간 『작업 상황에 대해 의사소통을 하지 않고 작업』을 실시해 운반하는 물체에 부딪히거나 깔림 또는 주변 구조물과 운반하는 물체 사이에 끼임,"▶ 작업자 간 신호체계 통일 및 숙지 조치
▶ 중량물 취급 시 보조운반기구 사용"
2017-81-11-012,제조업,선박건조및수리업,강선건조또는수리업,2017년 6월경 OO사업장 도장 공장에서 재해자가 사다리를 이용하여 페인트를 운반하던 중 약 10미터 아래로 떨어져 사망,사다리(고정식),사다리를 이용한 작업 또는 통행,『무겁거나 부피가 큰 물건을 들고 무리하게 사다리를 오르내려』 균형을 잃고 떨어짐,"▶ 사다리 시용금지 및 고소작업대 사용
▶ 중량물을 소분화하고 체인블럭 등 운반기구 사용하여 운반"
2017-81-11-013,제조업,기계기구·금속·비금속광물제품제조업,철도차량제조또는수리업,2017년 7월경 작업장 내에서 철판을 천장주행 크레인 및 체인슬링을 사용하여 턴오버 하는 과정에서 체인슬링이 철판에서 빠지며 철판이 넘어져 뒤에 있던 재해자를 충격하여 사망,줄걸이기구(체인),"크레인(천장주행, 갠트리, 지브 등) 사용 작업",『운반하는 화물의 형태에 적합하지 않은 줄걸이 방법을 사용』하여 화물의 균형이 맞지 않은 상태에서 무리하게 인양하다가 화물이 떨어지면서 부딪히거나 그 아래 깔림,"▶ 섬유슬링 벨트 폐기(관리) 기준을 마련하여 중량물 취급 작업계획서에 포함
▶ 폐기조건 발생 시 근로자가 자발적으로 점검하여 즉시 폐기 요청 할 수 있는 사내 안전문화 정착"
2020-81-51-003,기타의사업,전문·보건·교육·여가관련서비스업,보건및사회복지사업,"2020년 3월경 쓰레기집하장에서 재해자가 차량 트렁크에 탑승한 상태에서 폐기작업을 하던 중, 운전자(동료 근로자)가 차량을 움직이며 재해자가 경사길 바닥으로 떨어져 사망",기타 차량(승합차),차량을 이용한 작업,『적재함에 탑승한 상태로 이동』하여 작업자가 떨어짐,"▶ 차량 상부작업 시 작업장소 상부에 안전대 걸이설비 설치·사용
▶ 적재함에 오르내리기 위한 설비 설치·사용
▶ 작업 시 안전대, 안전모 등 보호구 착용"
2017-81-11-015,제조업,기계기구·금속·비금속광물제품제조업,전기도금업,2017년 8월경 사업장에서 재해자가일반작업용 리프트에 탑승하여 3층으로 박스를 이송하던중 화물용승강기 운반구와 벽체 사이 개구부로 추락하여 사망,리프트(일반작업용),리프트 관련 작업,『리프트의 출입문(도어)을 해체한 상태』에서 점검 및 수리작업 중 출입금지조치가 되어있지 않은 개구부(승강로)로 떨어짐,"▶ 각층 출입문에 인터록장치 등 연동장치 설치
▶ 승강로 주변은 방호울 등으로 밀폐 조치"
2017-81-11-016,제조업,선박건조및수리업,강선건조또는수리업,2017년 8월경 OO사업장 선박 제조공정에서 재해자가 선박 내부 탱크에서 스프레이 도장작업 중 화재 폭발이 발생하여 다수의 근로자가 사망,분류 불가,위험물질 취급 또는 그 장소에서 수행하는 작업,"『작업장소에서 취급하는 위험물질 및 관리되지 않는 점화원(아크, 정전기 등)』으로 인해 화재·폭발","▶ 위험장소 주변 용접 및 사상작업 금지 등 점화원 관리
▶ 용접불티 비산방지덮개 또는 용접방화포 조치"
2017-81-11-017,제조업,선박건조및수리업,강선건조또는수리업,2017년 9경 OO사업장 선박 제조공정에서 재해자가 작동중인 보링머신에 접근하여 드릴날에 감기면서 설비에 충돌하여 사망,금속가공설비(수평형 NC 보링머신),자동화 설비 작업,"『설비에 안전장치가 설치되어 있지 않거나, 설치된 안전장치를 무력화한 상태』로 사용하던 중 말리거나 끼임","▶ 방호장치 작동불량 등 이상시 관리감독자 등에게 선보고 및 조치 후 작업 재개가 당연한 안전문화 구축　
▶ 작업 전 광전자식 방호장치 정상 여부 확인 "
2017-81-11-019,제조업,선박건조및수리업,강선건조또는수리업,2017년 10경 OO사업장 선박 자재 제조공정에서 재해자가 크레인으로 인양 중인 화물 아래에서 작업 중 마그넷에 부착된 화물이 아래로 떨어지며 아래에 깔려 사망,줄걸이기구(리프팅 마그넷),"크레인(천장주행, 갠트리, 지브 등) 사용 작업",『운반하는 물체의 이동경로에 근로자의 출입을 통제하지 않아』 부딪히거나 주변 구조물과 운반물 사이에 끼임,"▶ 지게차 이용 중량물 취급에 대한 작업계획서 작성(작업방법, 운행경로, 근로자와 지게차 혼재 작업 여부 등)
▶ 혼재 작업 시 작업지휘자 또는 유도자 배치"
2017-81-11-020,제조업,기계기구·금속·비금속광물제품제조업,일반산업용기계장치제조업,"2017년 10월경 염색공장내에서 재해자와 동료가 고소작업대에 탑승하여 천장주행크레인 호이스트 해체작업 중 천장주행크레인이 레일에서 이탈하여 고소작업대와 함께 넘어지면서 2명 사상(1명 사망, 1명 부상)",고소작업대(시저형/렌탈),고소작업대 사용 작업,『작업대를 상승시킨 상태에서 이동하거나 작업중 변하는 무게중심』에 의해 고소작업대가 넘어지면서 작업자가 떨어짐,"▶ 고소작업대 작업발판 주변 안전난간 수리
▶ 작업발판 외부로 신체 이탈작업 금지"
2017-81-31-001,제조업,선박건조및수리업,강선건조또는수리업,2017년 4월경 OO사업장 선박 내부에서 재해자가 선박 내 탱크 점검을 하던 중 사망,분류 불가,비정형 작업(점검),『산소·가소농도 미측정 및 송풍기를 이용한 강제환기 미실시』로 불활성 가스 또는 유해가스에 의한 산소결핍·질식·중독,"▶ 가스농도측정기로 적정공기 상태 선 확인
▶ 환기팬 등으로 환기 실시 후 작업을 실시
▶ 밀폐공간 출입금지 위험 표시"
2017-81-31-002,기타의사업,전문·보건·교육·여가관련서비스업,정보처리및기타컴퓨터운용관련사업,"2017년 5월경 재해자가 제어반, 밸브 점검 등을 위해 고정식 사다리를 이용해 맨홀 내부로 내려가던 중 떨어져 사망",사다리(고정식),사다리를 이용한 작업 또는 통행,사다리 사용 시 『미끄러운 상태의 신발 또는 사다리 발판때문에 실족』하여 떨어짐,"▶ 고정형 계단을 설치하여 통행토록 조치
▶ A자형 사다리 사용 시 2인1조 및 아웃트리거 설치
▶ 운동화 착용 금지 및 안전화 착용"
2017-81-42-001,제조업,기계기구·금속·비금속광물제품제조업,기타금속제품제조업또는금속가공업,2017년 5월경 강관용접공정에서 용접용 수소 분배기를 신규 분배기로 교체하기 위해 철거작업 중 원인미상의 폭발이 발생하여 근로자 2명이 화상,인화성물질(수소),위험물질 취급 또는 그 장소에서 수행하는 작업,『취급하는 물질이 배관·호스·용기 등에서 누출』되어 화학물질 접촉·질식 또는 화재·폭발,"▶ 위험물질에 대한 MSDS 비치 및 근로자 교육
▶ 공급원재료의 종류, 공급되는 설비명 표시
▶ 가스검지 및 경보장치·긴급차단장치 및 방유제 설치"
2017-81-51-003,운수창고통신업,육상및수상운수업,항만운송부대사업,2017년 2월경 부두 안벽에 피해자가 선박을 접안하여 계류중 바다에 빠져 사망,분류 불가,작업장소 통행/이동,『선박 사이를 뛰어넘어 이동편승』하다가 균형을 잃거나 구조물에 걸려 넘어지면서 떨어져 바다에 빠져 익사 위험,"▶ 선박 사이 이동을 위한 통로를 확보하여 안전하게 유지 실시
▶ 확보된 통로 외에는 이용하지 않도록 규정 마련"
2017-81-51-004,기타의사업,도소매·음식·숙박업,도소매및소비자용품수리업,2017년 4월경 어선에서 재해자가 선박 경비작업을 위해 순찰 중 해상에 떨어져 사망,분류 불가,작업장소 통행/이동,『설비 구조물을 밟고 올라서거나 난간이 없는 작업대 위』에서 불안전한 자세로 작업하다 떨어짐,"▶ 추락위험구간에 안전난간 추가 설치
▶ 출하장소를 추락위험이 없는 장소로 위치 변경"
2017-81-51-005,기타의사업,시설관리및사업지원서비스업,건물등의종합관리사업,2016년 3월경 재해자가 전지작업을 마치고 이동식사다리에서 내려오던 중 떨어져 사망,사다리(이동식/A형),사다리를 이용한 작업 또는 통행,『사다리 위에 올라가 작업』하던 중 균형을 잃고 머리부터 바닥으로 떨어짐,"▶ 3.5m 미만 작업 시 A자형 사다리만 사용(2인1조)
▶ 아웃트리거 설치 및 안전대, 안전모 등 개인보호구 착용"
2017-81-51-007,기타의사업,도소매·음식·숙박업,도소매및소비자용품수리업,2017년 7월경 작업장에서 재해자가 폐연료탱크 절단작업을 위해 가스절단 작업을 하던 중 폭발하여 사망,화학물질(등유),용접·절단·사상 또는 도장 작업,『위험물질을 파악 및 제거하지 않은 상태』에서 작업하여 화재·폭발·누출로 인한 재해발생 위험,"▶ 위험물질에 대한 MSDS 비치 및 근로자 교육
▶ 공급원재료의 종류, 공급되는 설비명 표시
▶ 가스검지 및 경보장치·긴급차단장치 및 방유제 설치"
2017-81-51-008,기타의사업,도소매·음식·숙박업,도소매및소비자용품수리업,2017년 8월경 작업장에서 재해자가 액체산소 공급호스 정리 작업을 하던 중 수조에 빠져 사망,분류 불가,비정형 작업(이물질 제거·청소),『작업을 위해 밟고 있던 구조물이 파손되거나 균형을 잃기 쉬운 불안한 자세』로 작업하여 넘어지거나 떨어짐,"▶ 안전난간이 설치된 작업발판을 설치·사용
▶ 고소작업대 사용 또는 3.5m미만은 A자형 사다리 사용(2인1조) 관리
▶ 안전대 및 안전모 지급·착용 등 관리감독자 확인"
2017-82-11-001,제조업,기계기구·금속·비금속광물제품제조업,철도차량제조또는수리업,2017년 1월경 공장동입구에서 동료1이 운전하는 지게차에 화물이 흔들리지 않도록 재해자와 동료2가 화물 양쪽에서 잡고 바닥에 내리던 중 포크에 실린 화물이 넘어지면서 재해자를 충격하여 사망,운반물(SWAGING MACHINE),지게차를 사용하는 작업,『화물의 무게가 한쪽으로 치우쳐진 상태 등』 적재상태가 불량한 화물이 무너지면서 맞거나 깔림,"▶ 전도·낙하 방지를 위해 중량물 제거 후 작업
▶ 중량물 고정 실시 후 수리작업 실시"
2017-82-11-002,제조업,기계기구·금속·비금속광물제품제조업,기타금속제품제조업또는금속가공업,2017년 4월경 작업장에서 재해자가 FIN 코일에 내경 포장 작업을 하던 중 FIN 코일이 넘어지면서 바닥에 깔려 사망,적재물(FIN 코일),인력 운반 작업,『매달아 올리거나 적재 상태가 불량한 물체』가 떨어지거나 무너지면서 맞거나 깔림,"▶ 주변의 중량물로 인한 깔림 방지를 위해 중량물 제거 후 작업
▶ 중량물 지지대 설치 후 수리·교체작업 실시"
2017-82-11-003,제조업,기계기구·금속·비금속광물제품제조업,선재제품제조업,"2017년 6월경 작업장에서 발생된 단락사고에 대한 원인파악, 설비 점검 등을 수행하는 과정에서 감전되어 사망",전기충전부(COS<Cut Out Switch>),전기설비 취급 작업,『전원을 차단하지 않은 상태』에서 노출된 충전부에 접촉하여 감전,"▶ 정전작업 후 전기점검 및 조작 실시
▶ 활선작업용기구·장치  사용 및 절연용 보호구 착용"
2017-82-11-004,제조업,기계기구·금속·비금속광물제품제조업,각종시멘트제품제조업,2017년 7월경 채석장 주변에서 석산 발파 통보를 받고 이동하는 과정에서 발파시 비산되는 암석에 몸통을 맞아 사망,암석,채석장에서의 작업,"『위험지역에 대한 근로자 출입통제를 실시하지 않아』 지반의 붕괴, 낙석, 날라온 발파암 아래 깔리거나 맞음","▶ 발파 시 안전한 피난장소 설치 및 사용
▶ 근로자 대피 확인 후 발파작업 실시
▶ 발파작업 후 일정시간 경과 후 발파장소 접근"
2017-82-11-006,제조업,기계기구·금속·비금속광물제품제조업,일반산업용기계장치제조업,2017년 8월경 주차타워에서 재해자가 보수작업을 위해 리프트에 탑승하여 수동 조작으로 17층으로 올라가는 도중 상부기계실의 권상기의 축이 파단되면서 주차용 리프트가 급 상승하여 재해자가 바닥으로 추락하여 사망,기계식 주차설비,기계식 주차설비 정비·점검 작업,"설비를 정기적으로 유지·관리 및 점검하지 않아 『설비의 주요 구조부분(용접부, 볼트 등)에 균열·변형·부식·마모·탈락 등이 발생』하여 재해발생 위험",▶ 설비·구조물 상태 정기적 점검 및 예방 관리
2017-82-11-007,제조업,화학및고무제품제조업,화학비료제조업,2017년 8월경 OO사업장 생산동 지붕에서 재해자가 노후된 천막을 교체하는 작업 중 아래로 떨어져 사망,지붕·대들보(천막),"설비 위, 지붕 등 높은 장소에서의 작업",『작업을 위해 밟고 있던 구조물이 파손되거나 균형을 잃기 쉬운 불안한 자세』로 작업하여 넘어지거나 떨어짐,"▶ 안전난간이 설치된 작업발판을 설치·사용
▶ 고소작업대 사용 또는 3.5m미만은 A자형 사다리 사용(2인1조) 관리
▶ 안전대 및 안전모 지급·착용 등 관리감독자 확인"
2017-82-11-009,제조업,기계기구·금속·비금속광물제품제조업,각종시멘트제품제조업,2017년 8월경 시멘트 블록 제조공정에서 재해자가 컨베이어벨트 하부 가이드 롤러에 고착된 시멘트 슬러지를 청소중 컨베이어 하부 벨트와 가이드 롤러 사이에 팔이 말려 머리가 끼어 사망,컨베이어,비정형 작업(이물질 제거·청소),『설비를 정지시키지 않거나 전원을 차단하지 않은 상태』에서 정비·보수·청소 등의 작업을 하다가 끼이거나 말림,"▶ 설비 가동중 이물질 제거 등이 발생할 수 있는 생산작업을 분석하고 근원적 접근방지대책 수립
▶ 끼임재해 우려가 있어 가동정지 후 작업이 필요한 설비 목록화→LOTO(Lock Out,  Tag Out) 대상 확정·시행 
▶ 작업 절차에 대해 근로자 교육실시"
2017-82-11-010,제조업,기계기구·금속·비금속광물제품제조업,동력용전기기계기구제조업,2017년 11월경 제작중인 압력용기가 올려져 있는 터닝롤러의 위치를 조정하기 위하여 천장주행 크레인에 체인슬링을 연결하여 들어올리는 과정에서 파단된 체인슬링이 재해자 머리를 강타하여 사망,크레인(천장주행크레인),"크레인(천장주행, 갠트리, 지브 등) 사용 작업",『운반하는 화물의 형태에 적합하지 않은 줄걸이 방법을 사용』하여 화물의 균형이 맞지 않은 상태에서 무리하게 인양하다가 화물이 떨어지면서 부딪히거나 그 아래 깔림,"▶ 섬유슬링 벨트 폐기(관리) 기준을 마련하여 중량물 취급 작업계획서에 포함
▶ 폐기조건 발생 시 근로자가 자발적으로 점검하여 즉시 폐기 요청 할 수 있는 사내 안전문화 정착"
2017-82-11-011,제조업,전기기계기구·정밀기구·전자제품제조업,기타전기기계기구제조업,2017년 11월 사형작업장에서 도형제 도포작업을 하던 중 동료 작업자가 운행하던 지게차가 주변에 4단으로 적재된 주형상자와 부딪혔고 주형상자가 넘어지면서 주변에서 작업중인 재해자를 덮쳐 사망,지게차,혼재작업(작업자-작업차량),근로자와 작업차량 간 『혼재작업 장소에서 근로자 이동과 작업차량 운행을 통제하지 않은 상태』에서 근로자가 작업차량에 부딪히나 깔림 또는 주변 구조물과 작업차량 사이에 끼임,"▶ 지게차 이용 중량물 취급에 대한 작업계획서 작성(작업방법, 운행경로, 근로자와 지게차 혼재 작업 여부 등)
▶ 혼재 작업 시 작업지휘자 또는 유도자 배치"
2017-82-11-012,제조업,기계기구·금속·비금속광물제품제조업,자동차부분품제조업,2017년 12월경 단조공장 내에서 재해자가 금형을 교환하기 위해 고정용 키 제거를 위해 하부 모금형(다이홀더)을 세워 단조기로 타격하는 과정에서 쐐기 분리를 위해 사용한 아대(금형 제거용 피스)가 비산되어 재해자 몸을 강타 하여 사망,생산설비(단조기),비정형 작업(정비·보수),"『설비 내부의 잔여 유·공압을 제거하지 않은 상태』에서 설비를 해체하여 구조물, 부속품 등이 튕겨나와 맞음","▶ 설비 점검 시 내부의 잔여 물질을 배출하여, 작업자에게 영향을 미치지 않도록 확인할 수 있는 근원적 위험방지대책 수립"
2017-82-51-001,기타의사업,시설관리및사업지원서비스업,건물등의종합관리사업,2017년 1월경 레미콘 제조공장에서 재해자가 중량물을 적재하기 위해 체인훅을 해체하던 중 로더 버킷이 떨어져 버킷과 중량물사이에 끼여 3m 아래로 추락하여 사망,건설기계(로더),건설기계를 사용하는 작업,『핀 등을 이용해 작업장치의 연결부를 체결하지 않고 걸쳐놓은 상태』로 작업해 이탈한 작업장치에 맞거나 깔림,"▶ 기계기구의 운전시작 전에는 설비의 설치 상태, 방호장치 등을 점검
▶ 기계기구의 결함이 확인된 경우 관리자에게 알리고, 조치 전에는 사용을 금지하도록 규정 마련"
2017-82-51-003,운수창고통신업,육상및수상운수업,여객자동차운수업,"2017년 2월경 버스 차고지에서 재해자가 주차관리를 위해 경광봉을 사용하여 시내버스에 정지신호를 하던 중, 운전자가 재해자를 미처 발견하지 못하고 진행한 시내버스에 부딪혀 사망",기타 차량(버스),도로에서의 자동차 운전,"『차량운행 중 차량의 진행방향 및 사각지대를 확인하지 않아』근로자가 작업차량에 깔리거나, 주변 구조물과 작업차량 사이에 끼임","▶ 지게차 이용 중량물 취급에 대한 작업계획서 작성(작업방법, 운행경로, 근로자와 지게차 혼재 작업 여부 등)
▶ 혼재 작업 시 작업지휘자 또는 유도자 배치"
2017-82-51-004,기타의사업,국가및지방자치단체의사업,국가및지방자치단체의사업,2017년 1월경 재해자가 도르래를 이용하여 훈증목을 운반하는 작업을 하던 중 지주역할을 하는 소나무가 재해자 방향으로 쓰러지면서 쓰러지는 소나무에 머리를 맞고 깔려 사망,나무,인력 운반 작업,『매달아 올리거나 적재 상태가 불량한 물체』가 떨어지거나 무너지면서 맞거나 깔림,"▶ 주변의 중량물로 인한 깔림 방지를 위해 중량물 제거 후 작업
▶ 중량물 지지대 설치 후 수리·교체작업 실시"
2017-82-51-005,기타의사업,도소매·음식·숙박업,도소매및소비자용품수리업,2017년 4월경 재해자가 철 구조물의 지지대를 절단하기 위해 구조물 하부로 들어가 작업하던 중 구조물에 깔려 사망,가공물(철 구조물),용접·절단·사상 또는 도장 작업,『매달아 올리거나 적재 상태가 불량한 물체』가 떨어지거나 무너지면서 맞거나 깔림,"▶ 주변의 중량물로 인한 깔림 방지를 위해 중량물 제거 후 작업
▶ 중량물 지지대 설치 후 수리·교체작업 실시"
2017-82-51-006,기타의사업,국가및지방자치단체의사업,국가및지방자치단체의사업,2017년 5월경 재해자가 벌도목이 다른 나무(참나무)에 걸린 상태에서 휴식을 취하던 중 벌도목이 걸려있던 가지가 부러지면서 재해자의 머리위로 떨어져 사망,나무,벌목·조재 작업,"『인근에서 작업하던 동료 작업자의 벌도목이나, 주변 나무에 걸려있던 벌도목』 이 작업자 방향으로 떨어져 머리를 맞음","▶ 벌목 작업 시에는 사전에 대피장소를 정하여 작업 실시
▶ 충분한 안전거리를 확보하여, 다른 작업자와 동시에 작업 금지"
2017-82-51-007,운수창고통신업,육상및수상운수업,여객자동차운수업,"2017년 8월경 차고지에서 재해자가 시내버스를 주차한 후 주차브레이크를 작동하지 않은 상태에서 차내 준비물을 챙기던 중, 밀리는 차량을 막기 위해 차량에서 내려 차량 전면을 몸으로 막던 과정에서 버스와 차고지 옹벽 사이에 끼어 사망",기타 차량(버스),도로에서의 자동차 운전,『정기적으로 차량의 상태를 유지·관리 및 점검하지 않아』 제동장치가 작동하지 않아 사고 위험,"▶ 차량 작업에 대한 작업계획서를 작성하여 작업 계획에 따라 작업 실시
▶ 작업계획서에 차량 점검과 상태 유지에 관한 사항을 포함하여 관리 실시"
2021-31-11-004,임업,임업,영림업,2021년 11월경 OO산 조림 예정지 정리 현장에서 재해자가 잡관목 제거 및 건설기계(굴삭기) 통행을 위한 암석 등을 제거하는 중 약 80미터 산비탈 아래로 추락하여 사망,분류 불가,차량을 이용한 작업,"작업차량이 『운행경로 상의 지형(급경사, 커브, 바닥의 요철, 지반 등) 또는 구조물』로 인해 떨어지거나 넘어지면서 그 아래 깔림","▶ 주·정차 시 불시 이동방지를 위한 브레이크, 고임목 체결 철저
▶ 작업장 내 바닥 평탄화 및 제한속도 준수
▶ 지게차 운전자격이 있는 지정자에 한해 운전 및 시동키 관리"
2017-82-51-009,기타의사업,전문·보건·교육·여가관련서비스업,보건및사회복지사업,2016년 8월경 지붕에서 재해자가 작업을 마치고 이동중 옥상 방수턱에 걸려 2.5m 아래로 추락하여 사망,분류 불가,"설비 위, 지붕 등 높은 장소에서의 작업",『안전난간의 설치상태가 불량하거나 없는 상태』에서 주변 구조물 또는 생명줄에 안전대를 체결하지 않아 떨어짐,"▶ 지붕 재질 확인 및 하중 분산용 작업발판 설치 후 작업
▶ 지붕 파손 대비 공장 내부에 추락방호망 설치
▶ 지붕 끝단부에 안전난간 설치"
2017-82-51-010,기타의사업,시설관리및사업지원서비스업,위생및유사서비스업,2017년 5월경 컨베이어 하부에서 재해자가 청소작업을 하던 중 컨베이어 벨트와 롤러사이로 말려들어 사망,컨베이어,비정형 작업(이물질 제거·청소),『설비를 정지시키지 않거나 전원을 차단하지 않은 상태』에서 정비·보수·청소 등의 작업을 하다가 끼이거나 말림,"▶ 설비 가동중 이물질 제거 등이 발생할 수 있는 생산작업을 분석하고 근원적 접근방지대책 수립
▶ 끼임재해 우려가 있어 가동정지 후 작업이 필요한 설비 목록화→LOTO(Lock Out,  Tag Out) 대상 확정·시행 
▶ 작업 절차에 대해 근로자 교육실시"
2017-83-11-001,제조업,전기기계기구·정밀기구·전자제품제조업,전자관또는반도체소자제조업,2017년 7월 전기부품제조공장 내 석축 및 조경작업 현장에서 재해자가 배면 토사 다짐작업을 위하여 3단석축에서 4단석축으로 이동하던 중 중심을 잃고 지면으로 떨어짐(약 2m),분류 불가,작업장소 통행/이동,『설비를 밟고 올라 이동하거나 설비 사이를 뛰어넘어 이동』하다가 구조물에 다리가 걸려 넘어지거나 균형을 잃고 떨어짐,"▶ 추락위험구간에 안전난간 추가 설치
▶ 출하장소를 추락위험이 없는 장소로 위치 변경"
2017-83-11-002,제조업,화학및고무제품제조업,유기화학제품제조업,2017년 10월경 OO사업장 전기실에서 재해자가 계기용 변압기(PT) 교체 중 변압기가 폭발하면서 다수의 근로자가 화상을 입음,분류 불가,전기설비 취급 작업,『정기적으로 전기 설비의 유지·관리 및 점검을 실시하지 않아』 전기로 인한 화재·폭발 위험,"▶ 유자격자가 정비 및 방염처리된 작업복 착용
▶ 해당 전압에 적합한 전기점검장비 사용 "
2017-84-11-005,전기가스증기수도사업,전기가스증기수도사업,전기업,2017년 7월경 OO공원에서 재해자가 동료작업자가 운전하는 카트를 타고 경사진 도로를 올라가던 중 카트가 갑자기 정지되어 밀리면서 카트와 함께 경사로 아래로 굴러 떨어져 사망,기타 차량(전동카트),차량을 이용한 작업,"작업차량이 『운행경로 상의 지형(급경사, 커브, 바닥의 요철, 지반 등) 또는 구조물』로 인해 떨어지거나 넘어지면서 그 아래 깔림","▶ 주·정차 시 불시 이동방지를 위한 브레이크, 고임목 체결 철저
▶ 작업장 내 바닥 평탄화 및 제한속도 준수
▶ 지게차 운전자격이 있는 지정자에 한해 운전 및 시동키 관리"
2017-83-11-004,제조업,기계기구·금속·비금속광물제품제조업,일반산업용기계장치제조업,2017년 11월경 일반작업용 리프트 정기점검을 하던 중 균형추와 브라켓 사이에 끼어 피트에 떨어져 사망,리프트(일반작업용),리프트 관련 작업,『리프트의 출입문(도어)을 해체한 상태』에서 점검 및 수리작업 중 출입금지조치가 되어있지 않은 개구부(승강로)로 떨어짐,"▶ 각층 출입문에 인터록장치 등 연동장치 설치
▶ 승강로 주변은 방호울 등으로 밀폐 조치"
2017-84-11-001,제조업,기계기구·금속·비금속광물제품제조업,철강재제조업,2017년 1월경 철근단면 정렬푸셔 주위의 난단척 및 철근 바인딩용 철선을 청소하던 중 불시에 푸셔가 동작하여 푸셔와 철근 세퍼레이터 프레임 사이에 끼여 사망,자동화설비(철근 단면정렬 푸셔),비정형 작업(이물질 제거·청소),『설비를 정지시키지 않거나 전원을 차단하지 않은 상태』에서 정비·보수·청소 등의 작업을 하다가 끼이거나 말림,"▶ 설비 가동중 이물질 제거 등이 발생할 수 있는 생산작업을 분석하고 근원적 접근방지대책 수립
▶ 끼임재해 우려가 있어 가동정지 후 작업이 필요한 설비 목록화→LOTO(Lock Out,  Tag Out) 대상 확정·시행 
▶ 작업 절차에 대해 근로자 교육실시"
2017-84-11-003,제조업,기계기구·금속·비금속광물제품제조업,자동차부분품제조업,2017년 3월경 재해자가 산업용로봇으로 스폿용접을 하기 위해 로봇을 기동시키는 작업 중 산업용로봇과 지그사이에 머리가 끼인채 사망,산업용로봇,비정형 작업(시운전),보호구를 착용하지 않은 상태에서 『튕겨나온 가공날 또는 가공물』에 눈을 찔리거나 머리를 맞음,"▶ 선반가공 시 척, 방진구 및 심압대 체결상태 확인 및 갇독 철저
▶ 칩 브레이커 등 설치·사용
▶ 보안경/보안면 등 안면보호구 착용"
2017-84-11-004,제조업,기계기구·금속·비금속광물제품제조업,건설용점토제품제조업,"2017년 4월경 쿨링타워(냉각탑)에서 재해자가 이물질을 제거하기위해 청소를 하던 중, 팬모터 누설전류에 감전되어 쓰러져 사망",생산설비(쿨링타워),비정형 작업(이물질 제거·청소),"누전차단기 미설치, 접지 미실시 등으로 『설비에서 누설된 전류』에 감전","▶ 물기 또는 습기가 있는 장소 등 감전의 위험이 있는 기계기구에 접지 실시
▶ 이동형 또는 휴대형 전기기계에 누전차단기를 설치하여 감전위험 방지"
2018-26-51-004,기타의사업,시설관리및사업지원서비스업,건물등의종합관리사업,2018년 7월경 재해자가 청소차에 매달려 경사로를 내려오던 중 청소차가 전도되어 재해자가 청소차와 벽에 끼여 사망,기타 차량(습식 청소차),차량을 이용한 작업,"작업차량이 『운행경로 상의 지형(급경사, 커브, 바닥의 요철, 지반 등) 또는 구조물』로 인해 떨어지거나 넘어지면서 그 아래 깔림","▶ 주·정차 시 불시 이동방지를 위한 브레이크, 고임목 체결 철저
▶ 작업장 내 바닥 평탄화 및 제한속도 준수
▶ 지게차 운전자격이 있는 지정자에 한해 운전 및 시동키 관리"
2017-84-11-006,농업,농업,축산업,2017년 11월경 재해자가 전동수레이 실은 가축 분뇨를 밭(분뇨처리장)에 버리던 중 균형을 잃고 전동수레와 함께 굴러 떨어져 가축 분뇨와 전동수레에 깔려 질식해 사망,분류 불가,인력 운반 작업,무거운 물체를 운반하던 중 『바닥의 요철부』에 걸려 넘어지면서 떨어지거나 바닥에 머리가 부딪힘,"▶ 작업구간 바닥상태 평탄화 조치
▶ 폭 넓은 운반용구로 구입·변경 조치
▶ 이동통로 상 바닥에 이물질 등 제거 조치"
2017-84-51-001,기타의사업,도소매·음식·숙박업,도소매및소비자용품수리업,2017년 7월경 풍력발전기 상부에서 이동 중 중심을 잃고 80m 아래로 떨어져 사망,분류 불가,"설비 위, 지붕 등 높은 장소에서의 작업",『안전난간의 설치상태가 불량하거나 없는 상태』에서 주변 구조물 또는 생명줄에 안전대를 체결하지 않아 떨어짐,"▶ 지붕 재질 확인 및 하중 분산용 작업발판 설치 후 작업
▶ 지붕 파손 대비 공장 내부에 추락방호망 설치
▶ 지붕 끝단부에 안전난간 설치"
2017-85-11-001,제조업,기계기구·금속·비금속광물제품제조업,각종금속의용접또는용단을행하는사업,2017년 2월경 작업장에서 재해자가 CNC가스 절단 하단부에 위치한 스크랩 회수용 박스에 쌓인 스크랩을 처리하기 위해 크레인을 사용하여 박스를 권상하던 중 체인슬링의 훅이 이탈되면서 재해자의 머리를 충격하여 사망,크레인(천장주행크레인),"크레인(천장주행, 갠트리, 지브 등) 사용 작업",훅해지장치가 없는 등 『줄걸이가 훅에서 이탈』해 떨어지는 화물에 부딪히거나 깔림,"▶ 인양하중 및 화물의 형태를 고려하여 체인블록의 훅을 선정
▶ 훅과 훅 해지장치 등을 상시 점검하여 사용하고, 이상 시 폐기 처리"
2017-85-11-002,제조업,식료품제조업,수산식료품제조업,2017년 2월 식품제조공장에서 재해자가 야외 건조장으로 이동 중 동료 근로자가 운전하는 승합차에 부딪힘,기타 차량(승합차),작업장소 통행/이동,"『차량운행 중 차량의 진행방향 및 사각지대를 확인하지 않아』근로자가 작업차량에 깔리거나, 주변 구조물과 작업차량 사이에 끼임","▶ 지게차 이용 중량물 취급에 대한 작업계획서 작성(작업방법, 운행경로, 근로자와 지게차 혼재 작업 여부 등)
▶ 혼재 작업 시 작업지휘자 또는 유도자 배치"
2017-85-11-003,제조업,수제품및기타제품제조업,기타각종제조업,2017년 4월 공장 내 쇼트기 외부 건축구조물 설치공사 현장에서 재해자가 고소작업대를 이용하여 강판을 운반·설치작업을 하던 중 떨어짐(약 10m),고소작업대(시저형/렌탈),고소작업대 사용 작업,『안전난간의 설치상태가 불량하거나 없는 상태』에서 주변 구조물 또는 생명줄에 안전대를 체결하지 않아 떨어짐,"▶ 지붕 재질 확인 및 하중 분산용 작업발판 설치 후 작업
▶ 지붕 파손 대비 공장 내부에 추락방호망 설치
▶ 지붕 끝단부에 안전난간 설치"
2017-85-11-004,제조업,기계기구·금속·비금속광물제품제조업,철강또는비철금속주물제조업,2017년 5월경 창고내에서 재해자가 운전하던 지게차가 적재된 포대에 부딪히자 지게차에서 하차하여 적재된 포대를 확인하던 중 적재된 포대가 무너지면서 재해자를 덮쳐 사망,적재물(주물사 포대),지게차를 사용하는 작업,『화물 또는 화물을 지지하던 물체가 파손』되는 등 화물이 무너지면서 그 아래 깔림,"▶ 깔림 방지를 위해 중량물 제거 후 작업
▶ 중량물 지지대 설치 후 수리·교체작업 실시"
2017-85-11-005,제조업,기계기구·금속·비금속광물제품제조업,일반산업용기계장치제조업,"2017년 6월경 병원 주차타워 감속기 교체작업 중 재해자들이 구동부를 고정하기 위해 설치된 체인이 끊어지면서 케이지가 낙하하여 2명 사망, 2명 부상",기계식 주차설비,기계식 주차설비 정비·점검 작업,"설비를 정기적으로 유지·관리 및 점검하지 않아 『설비의 주요 구조부분(용접부, 볼트 등)에 균열·변형·부식·마모·탈락 등이 발생』하여 재해발생 위험",▶ 설비·구조물 상태 정기적 점검 및 예방 관리
2017-85-11-006,제조업,기계기구·금속·비금속광물제품제조업,용융도금업,2017년 7월경 작업장에서 지게차 포크에 비스듬히 화물을 받친 후 사상작업을 하던 중 갑자기 지게차가 뒤로 후진하여 화물이 포크에서 빠지면서 아래에서 작업중이던 재해자가 깔려 사망,지게차,지게차를 사용하는 작업,『화물의 무게가 한쪽으로 치우쳐진 상태 등』 적재상태가 불량한 화물이 무너지면서 맞거나 깔림,"▶ 전도·낙하 방지를 위해 중량물 제거 후 작업
▶ 중량물 고정 실시 후 수리작업 실시"
2017-85-11-007,제조업,기계기구·금속·비금속광물제품제조업,기타금속제품제조업또는금속가공업,2017년 8월경 작업장에서 재해자가 그라인더를 사용하여 펌프 케이싱 사상 작업을 하던 중 인접에 있던 불류트 케이싱(8톤)이 굴러 넘어지면서 재해자를 충격하여 사망,적재물(볼류트 케이싱),그라인더 등 수공구를 사용하는 작업,『매달아 올리거나 적재 상태가 불량한 물체』가 떨어지거나 무너지면서 맞거나 깔림,"▶ 주변의 중량물로 인한 깔림 방지를 위해 중량물 제거 후 작업
▶ 중량물 지지대 설치 후 수리·교체작업 실시"
2017-85-11-008,제조업,기계기구·금속·비금속광물제품제조업,철강또는비철금속주물제조업,"2017년 9월경 재해자가 알곤용접기를 사용하여 공드럼의 뚜껑을 절단 하던 중, 드럼내부에 남아있던 메탄올 증기에 점화, 폭발되면서 압력에 의해 날아든 뚜껑에 1차 충격, 바닥에 머리를 2차 충격하여 사망",인화성물질(메탄올),위험물질 취급 또는 그 장소에서 수행하는 작업,"『작업장소에서 취급하는 위험물질 및 관리되지 않는 점화원(아크, 정전기 등)』으로 인해 화재·폭발","▶ 위험장소 주변 용접 및 사상작업 금지 등 점화원 관리
▶ 용접불티 비산방지덮개 또는 용접방화포 조치"
2017-85-11-009,제조업,의약품·화장품·연탄·석유제품제조업,석유정제품제조업,2017년 10월경 OO사업장 창고에서 재해자가 드럼을 밟고 올라가 용접작업 중 아래로 떨어져 사망,분류 불가,용접·절단·사상 또는 도장 작업,『설비 구조물을 밟고 올라서거나 난간이 없는 작업대 위』에서 불안전한 자세로 작업하다 떨어짐,"▶ 추락위험구간에 안전난간 추가 설치
▶ 출하장소를 추락위험이 없는 장소로 위치 변경"
2017-85-11-010,제조업,화학및고무제품제조업,플라스틱가공제품제조업,2017년 9월경 OO사업장 공장동에서 재해자가 사다리를 이용하여 전선 정리 작업 중 사다리가 미끄러지면서 4미터 아래로 떨어져 사망,사다리(이동식/일자형),사다리를 이용한 작업 또는 통행,아웃트리거를 사용하지 않는 등 『사다리를 불안정하게 걸쳐놓은 상태』에서 이동(작업)하던 중 사다리가 넘어지면서 떨어짐,"▶ 3.5m 미만 작업 시 A자형 사다리만 사용(2인1조)
▶ 아웃트리거 설치 및 안전대, 안전모 등 개인보호구 착용"
2017-85-11-011,제조업,기계기구·금속·비금속광물제품제조업,각종시멘트제품제조업,2017년 12월경 폐수처리설비 작업장에서 재해자가 콘크리트 믹서 내부에 있는 잔여레미콘을 처리하기 위해 수처리 작업 중 가동중인 스크류 컨베이어 상부 개방된 부위로 넘어지면서 끼임 사망,컨베이어,비정형 작업(이물질 제거·청소),『설비를 정지시키지 않거나 전원을 차단하지 않은 상태』에서 정비·보수·청소 등의 작업을 하다가 끼이거나 말림,"▶ 설비 가동중 이물질 제거 등이 발생할 수 있는 생산작업을 분석하고 근원적 접근방지대책 수립
▶ 끼임재해 우려가 있어 가동정지 후 작업이 필요한 설비 목록화→LOTO(Lock Out,  Tag Out) 대상 확정·시행 
▶ 작업 절차에 대해 근로자 교육실시"
2017-85-11-012,제조업,기계기구·금속·비금속광물제품제조업,자동차부분품제조업,"2017년 12월경 프레스 작업장의 코일 보관장소에서 재해자가 코일 밴드 제거 작업을 하던 중, 코일이 균형을 잃고 넘어지면서 코일과 코일 사이에 끼여 사망",적재물(코일),인력 운반 작업,『화물의 무게가 한쪽으로 치우쳐진 상태 등』 적재상태가 불량한 화물이 무너지면서 맞거나 깔림,"▶ 전도·낙하 방지를 위해 중량물 제거 후 작업
▶ 중량물 고정 실시 후 수리작업 실시"
2017-85-51-001,기타의사업,시설관리및사업지원서비스업,위생및유사서비스업,2017년 3월경 제어실에서 재해자가 스팀인입 메인밸브 개방작업을 하던 중 연결부가 파괴되어 스팀으로 인해 사망,고온물질(스팀),위험물질 취급 또는 그 장소에서 수행하는 작업,『취급하는 물질이 배관·호스·용기 등에서 누출』되어 화학물질 접촉·질식 또는 화재·폭발,"▶ 위험물질에 대한 MSDS 비치 및 근로자 교육
▶ 공급원재료의 종류, 공급되는 설비명 표시
▶ 가스검지 및 경보장치·긴급차단장치 및 방유제 설치"
2017-85-51-002,기타의사업,도소매·음식·숙박업,도소매및소비자용품수리업,2017년 5월경 재해자가 작업장에서 운행중이던 지게차에 부딪혀 중량물(2ton)에 깔려 사망,지게차,지게차를 사용하는 작업,『근로자와 작업차량 간 이동동선(통행로)를 구분하지 않은 상태』에서 근로자가 작업차량에 부딪히거나 깔림 또는 주변 구조물과 차량사이에 끼임,"▶ 주문량 증가로 제품 적재공간 확대에 따라 지게차 작업구역이 확대, 지게차 운행 구역과 근로자 작업장소를 별도로 구획 실시
▶ 지게차 이용 중량물 취급에 대한 작업계획서 작성(작업방법, 운행경로, 근로자와 지게차 혼재 작업 여부 등)
▶ 혼재 작업 시 작업지휘자 또는 유도자 배치"
2017-85-51-004,운수창고통신업,육상및수상운수업,노선화물운수업,"2017년 7월경 야적장에서 재해자가 각파이프 묶음 하차 작업을 위해 약 3.1m 높이의 화물 트럭 적재함에서 하역보조작업을 하던 중, 지게차 포크 끝부분에 불안전하게 적재되어 있던 각파이프 묶음이 떨어지면서 각파이프 묶음 뒤쪽에 있던 재해자가 각파이프 묶음과 같이 약 3.1m 아래로 떨어져 사망",적재물(각파이프 묶음),상하차 작업 또는 적재된 화물,『적재된 제품·재료 또는 화물 적재함 위에 올라 작업』하던 중 균형을 잃고 떨어짐,"▶ 차량 상부작업 시 작업장소 상부에 안전대 걸이설비 설치·사용
▶ 적재함에 오르내리기 위한 설비 설치·사용
▶ 작업 시 안전대, 안전모 등 보호구 착용"
2017-85-51-005,기타의사업,도소매·음식·숙박업,도소매및소비자용품수리업,2017년 12월경 재해자가 청소작업을 하던 중 컨베이어 벨트 회전부에 작업복이 말려들어가 사망,컨베이어,비정형 작업(이물질 제거·청소),『설비를 정지시키지 않거나 전원을 차단하지 않은 상태』에서 정비·보수·청소 등의 작업을 하다가 끼이거나 말림,"▶ 설비 가동중 이물질 제거 등이 발생할 수 있는 생산작업을 분석하고 근원적 접근방지대책 수립
▶ 끼임재해 우려가 있어 가동정지 후 작업이 필요한 설비 목록화→LOTO(Lock Out,  Tag Out) 대상 확정·시행 
▶ 작업 절차에 대해 근로자 교육실시"
2017-91-11-001,제조업,기계기구·금속·비금속광물제품제조업,특수산업용기계제조업,2017년 2월경 고속도로 건설공사현장에서 재해자가 콘크리트 타설을 위해 설치된 배치 플랜트의 설비사용을 해체하기 위해 산소LPG를 이용하여 볼트를 절단하던 중 보도(Walk way 700kg)가 낙하하여 재해자를 충격 사망,구조물(콘크리트 배치 플랜트 워크웨이),용접·절단·사상 또는 도장 작업,『매달아 올리거나 적재 상태가 불량한 물체』가 떨어지거나 무너지면서 맞거나 깔림,"▶ 주변의 중량물로 인한 깔림 방지를 위해 중량물 제거 후 작업
▶ 중량물 지지대 설치 후 수리·교체작업 실시"
2017-91-11-002,제조업,화학및고무제품제조업,화학비료제조업,2017년 3월경 OO사업장 창고에서 재해자가 이동 중 후진하던 페이로더에 깔려 사망,건설기계(로더),작업장소 통행/이동,『근로자와 작업차량 간 이동동선(통행로)를 구분하지 않은 상태』에서 근로자가 작업차량에 부딪히거나 깔림 또는 주변 구조물과 차량사이에 끼임,"▶ 주문량 증가로 제품 적재공간 확대에 따라 지게차 작업구역이 확대, 지게차 운행 구역과 근로자 작업장소를 별도로 구획 실시
▶ 지게차 이용 중량물 취급에 대한 작업계획서 작성(작업방법, 운행경로, 근로자와 지게차 혼재 작업 여부 등)
▶ 혼재 작업 시 작업지휘자 또는 유도자 배치"
2017-91-11-003,기타의사업,국가및지방자치단체의사업,국가및지방자치단체의사업,2017년 3월경 재해자가 인력으로 운반하던 중 경사로에서 운반하던 목재파쇄기가 넘어지면서 재해자가 깔려 사망,분쇄·파쇄기,인력 운반 작업,무거운 물체를 운반하던 중 『바닥의 요철부』에 걸려 넘어지면서 떨어지거나 바닥에 머리가 부딪힘,"▶ 작업구간 바닥상태 평탄화 조치
▶ 폭 넓은 운반용구로 구입·변경 조치
▶ 이동통로 상 바닥에 이물질 등 제거 조치"
2017-91-11-004,임업,임업,벌목업,2016년 1월경 벌목작업 현장에서 재해자 2명이 참나무를 벌목하던 중 참나무가 수구방향 반대로 넘어지면서 참나무에 맞아 부상(2명),나무(벌도목),벌목·조재 작업,"『벌도목이 의도하지 않은 방향으로 쓰러지거나, 주변 장애물에 걸려』 작업자 방향으로 쓰러지면서 안면 또는 머리를 가격(부딪힘)","▶ 벌목 작업 시에는 사전에 대피장소를 정하여 작업 실시
▶ 충분한 안전거리를 확보하여, 다른 작업자와 동시에 작업 금지"
2017-91-11-005,임업,임업,영림업,2017년 9월경 재해자가 예초작업 중 예초기로 말벌집을 건드려 말벌에 머리(2곳)와 양팔(각 1곳)이 쏘여 병원으로 이송 후 치료받던 중 사망,독충(말벌),조경·제초작업,『작업장소 인근 독충·독사·벌·진드기』등에 물릴 위험,"▶ 작업 시 긴소매, 긴바지의 작업복을 착용하여 작업 실시
▶ 작업 시작 전 주변의 위험요소를 확인 후 위험요인을 제거 후 작업 실시"
2017-91-11-006,제조업,전기기계기구·정밀기구·전자제품제조업,절연전선또는케이블제조업,2017년 10월 전기설비제조공장 내 케이블 단말작업장에서 재해자가 사내식당으로 이동하던 중 동료작업자가 운전하는 지게차에 깔려 사망,지게차,지게차를 사용하는 작업,『근로자와 작업차량 간 이동동선(통행로)를 구분하지 않은 상태』에서 근로자가 작업차량에 부딪히거나 깔림 또는 주변 구조물과 차량사이에 끼임,"▶ 주문량 증가로 제품 적재공간 확대에 따라 지게차 작업구역이 확대, 지게차 운행 구역과 근로자 작업장소를 별도로 구획 실시
▶ 지게차 이용 중량물 취급에 대한 작업계획서 작성(작업방법, 운행경로, 근로자와 지게차 혼재 작업 여부 등)
▶ 혼재 작업 시 작업지휘자 또는 유도자 배치"
2017-91-11-007,제조업,식료품제조업,도정및제분업,2017년 12월 곡물가공공장에서 재해자가 22.5톤 화물자동차 적재함 위에 올라 곡물톤백 하차 작업을 도와주던 중 중심을 잃고 지면으로 떨어짐(약 2.35m),화물운반트럭(카고트럭),상하차 작업 또는 적재된 화물,『적재된 제품·재료 또는 화물 적재함 위에 올라 작업』하던 중 균형을 잃고 떨어짐,"▶ 차량 상부작업 시 작업장소 상부에 안전대 걸이설비 설치·사용
▶ 적재함에 오르내리기 위한 설비 설치·사용
▶ 작업 시 안전대, 안전모 등 보호구 착용"
2017-91-51-002,기타의사업,기타의각종사업,건설업본사,2017년 5월경 도로정비현장에서 재해자가 굴착한 나무를 운반하던 작업을 하기 위해 굴착기로 옮기던 중 버킷이 떨어지면서 재해자가 맞아 사망,굴착기(백호우),건설기계를 사용하는 작업,『핀 등을 이용해 작업장치의 연결부를 체결하지 않고 걸쳐놓은 상태』로 작업해 이탈한 작업장치에 맞거나 깔림,"▶ 기계기구의 운전시작 전에는 설비의 설치 상태, 방호장치 등을 점검
▶ 기계기구의 결함이 확인된 경우 관리자에게 알리고, 조치 전에는 사용을 금지하도록 규정 마련"
2017-91-51-004,기타의사업,전문·보건·교육·여가관련서비스업,기타과학기술서비스업,2017년 9월경 재해자가 스크러버 상부에서 가스 성분 분석을 마치고 고정식 사다리에서 내려던 중 1차로 7.5m 아래로 떨어지면서 안전난간 등에 머리를 부딪힌 후 2차로 2.5m 아래로 떨어져 사망,사다리(고정식),사다리를 이용한 작업 또는 통행,『무겁거나 부피가 큰 물건을 들고 무리하게 사다리를 오르내려』 균형을 잃고 떨어짐,"▶ 사다리 시용금지 및 고소작업대 사용
▶ 중량물을 소분화하고 체인블럭 등 운반기구 사용하여 운반"
2017-91-51-005,기타의사업,국가및지방자치단체의사업,국가및지방자치단체의사업,2017년 10월경 재해자가 벌목작업을 하던 중 벌목한 벌도목이 재해자를 덮쳐 사망,나무(벌도목),벌목·조재 작업,"『벌도목이 의도하지 않은 방향으로 쓰러지거나, 주변 장애물에 걸려』 작업자 방향으로 쓰러지면서 안면 또는 머리를 가격(부딪힘)","▶ 벌목 작업 시에는 사전에 대피장소를 정하여 작업 실시
▶ 충분한 안전거리를 확보하여, 다른 작업자와 동시에 작업 금지"
2017-92-11-001,제조업,화학및고무제품제조업,플라스틱가공제품제조업,2016년 7월경 OO사업장 섬유 가공 공정에서 재해자가 섬유원단을 가공하기 위해 롤러에 투입 중 팔이 말려들어가 부상을 입음,생산설비(텐더기 와인더 롤러),원료 투입 작업,"『별도의 수공구 없이 설비의 구동부에 근접하여 작업』하다가 구동부에 끼이거나 말림, 절단","▶ 광전자, 양수조작식 등 방호장치 설치 및 기능유지 철저
▶ 재료투입용 보조기구 및 사용상태 철저 관리"
2017-92-11-002,제조업,화학및고무제품제조업,플라스틱가공제품제조업,2017년 5월경 OO사업장 건조 공정에서 재해자가 건조기 수리 작업 중 이탈되는 설비에 맞아 사망,분류 불가,비정형 작업(정비·보수),『매달아 올리거나 적재 상태가 불량한 물체』가 떨어지거나 무너지면서 맞거나 깔림,"▶ 주변의 중량물로 인한 깔림 방지를 위해 중량물 제거 후 작업
▶ 중량물 지지대 설치 후 수리·교체작업 실시"
2017-92-11-003,제조업,목재및종이제품제조업,목재및나무제품제조업,2017년 6월 목공공장 2층 도장작업장에서 화재가 발생하여 인접 사포작업장에서 작업중이던 재해자가 1층으로 대피하던 중 유해가스 질식,유해가스,위험물질 취급 또는 그 장소에서 수행하는 작업,"『작업장소에서 취급하는 위험물질 및 관리되지 않는 점화원(아크, 정전기 등)』으로 인해 화재·폭발","▶ 위험장소 주변 용접 및 사상작업 금지 등 점화원 관리
▶ 용접불티 비산방지덮개 또는 용접방화포 조치"
2017-92-11-005,제조업,기계기구·금속·비금속광물제품제조업,건설용금속제품제조업,2017년 6월경 옥외작업장에서 재해자가 H-Beam을 파이프형 수공구를 사용하여 눕히는 작업을 하던 중 화물이 반동으로 원 위치로 되돌아 오면서 끼워져 있던 수공구 손잡이에 머리를 맞고 사망,수공구(공구길이 연장용 파이프),그라인더 등 수공구를 사용하는 작업,보호구를 착용하지 않은 상태에서 『튕겨나온 가공날 또는 가공물』에 눈을 찔리거나 머리를 맞음,"▶ 선반가공 시 척, 방진구 및 심압대 체결상태 확인 및 갇독 철저
▶ 칩 브레이커 등 설치·사용
▶ 보안경/보안면 등 안면보호구 착용"
2017-92-11-006,제조업,기계기구·금속·비금속광물제품제조업,제강압연업,2017년 7월경 분쇄공장에서 분리기 상부의 통로를 따라 이동하던 재해자가 바닥에 열려져 있던 여닫이 발판을 밟고 개구부를 넘어가던 중 미끄러져 분리기 내부로 떨어져 회전하던 이송스크류에 끼어 사망,분류 불가,작업장소 통행/이동,『설비를 밟고 올라 이동하거나 설비 사이를 뛰어넘어 이동』하다가 구조물에 다리가 걸려 넘어지거나 균형을 잃고 떨어짐,"▶ 추락위험구간에 안전난간 추가 설치
▶ 출하장소를 추락위험이 없는 장소로 위치 변경"
2017-92-11-007,제조업,기계기구·금속·비금속광물제품제조업,용융도금업,2017년 8월경 작업장에서 폐수 배관을 연결하기 위해 바렐기 후면으로 들어간 재해자가 펌프를 정지시키기 위해 젖은손으로 꽂음접속기(콘센트)를 잡던 중 파손된 절연케이스 내부 충전부에 접촉하여 감전 사망,전기충전부(콘센트),전기설비 취급 작업,"누전차단기 미설치, 접지 미실시 등으로 『설비에서 누설된 전류』에 감전","▶ 물기 또는 습기가 있는 장소 등 감전의 위험이 있는 기계기구에 접지 실시
▶ 이동형 또는 휴대형 전기기계에 누전차단기를 설치하여 감전위험 방지"
2017-92-11-008,임업,임업,영림업,2017년 9월경 OO산 숲가꾸기현장에서 재해자가 벌목작업을 하던 중 벌도목이 인접목에 걸려 의도하지 않은 방향으로 넘어가면서 재해자를 덮쳐 사망,나무(벌도목),벌목·조재 작업,"『벌도목이 의도하지 않은 방향으로 쓰러지거나, 주변 장애물에 걸려』 작업자 방향으로 쓰러지면서 안면 또는 머리를 가격(부딪힘)","▶ 벌목 작업 시에는 사전에 대피장소를 정하여 작업 실시
▶ 충분한 안전거리를 확보하여, 다른 작업자와 동시에 작업 금지"
2017-92-21-008,기타의사업,기타의각종사업,건설업본사,2017년 7월경 폐석면 해체 현장에서 재해자가 지붕 단열 스티로폼 제거하기 위해 당기는 작업을 하던 중 6m 아래로 추락하여 사망,분류 불가,"설비 위, 지붕 등 높은 장소에서의 작업",『안전난간의 설치상태가 불량하거나 없는 상태』에서 주변 구조물 또는 생명줄에 안전대를 체결하지 않아 떨어짐,"▶ 지붕 재질 확인 및 하중 분산용 작업발판 설치 후 작업
▶ 지붕 파손 대비 공장 내부에 추락방호망 설치
▶ 지붕 끝단부에 안전난간 설치"
2017-92-31-001,농업,농업,축산업,"2017년 5월경 재해자가 중간집수조에 남은 축분뇨 슬러지를 양동이로 퍼내던 중 유해가스 중독으로 쓰러졌고, 이를 구하러 들어간 동료 작업자도 유해가스 중독으로 쓰러져 2명이 사망",유해가스(황화수소),"피트, 맨홀, 오·폐수 처리시설 등 밀폐된 장소에서 작업",『산소·가소농도 미측정 및 송풍기를 이용한 강제환기 미실시』로 불활성 가스 또는 유해가스에 의한 산소결핍·질식·중독,"▶ 가스농도측정기로 적정공기 상태 선 확인
▶ 환기팬 등으로 환기 실시 후 작업을 실시
▶ 밀폐공간 출입금지 위험 표시"
2018-41-11-006,광업,석회석·금속·비금속광업및기타광업,쇄석채취업,2018년 5월경 OO사업장에서 살수차의 물탱크(10톤)에 물을 채우기 위해 후진하던 중 경사면 아래로 차량이 서서히 넘어가자 운전석 문을 열고 탈출하려다 넘어가는 차량과 바닥에 몸이 끼어 사망,화물운반트럭(살수차),차량을 이용한 작업,"작업차량이 『운행경로 상의 지형(급경사, 커브, 바닥의 요철, 지반 등) 또는 구조물』로 인해 떨어지거나 넘어지면서 그 아래 깔림","▶ 주·정차 시 불시 이동방지를 위한 브레이크, 고임목 체결 철저
▶ 작업장 내 바닥 평탄화 및 제한속도 준수
▶ 지게차 운전자격이 있는 지정자에 한해 운전 및 시동키 관리"
2017-93-11-002,제조업,기계기구·금속·비금속광물제품제조업,철강또는비철금속주물제조업,2017년 3월경 공장내에서 재해자가 플라스크 퓨셔 주변에서 유압밸브 등 설비 점검 중 후진하는 퓨셔 가이드와 계단(통로)사이에 끼어 사망,자동화설비(자동조형기),비정형 작업(점검),"『주변 설비의 움직임을 인지하지 못하거나, 안전거리를 확보하지 않고 작업』 하여 작동하는 설비에 부딪히거나, 말림·끼임","▶ 같은 장소에서 이루어지는 도급인과 수급인의 작업 혼재 시 재해 발생 예방을 위한 의사 전달 체계 수립
▶ 안전작업허가제도로 작업 전·중·후 안전확보 상태 지속 확인"
2017-93-11-003,제조업,기계기구·금속·비금속광물제품제조업,용융도금업,"2017년 6월경 작업장에서 재해자가 동료가 건네준 갈고리를 호이스트 달기구에 연결하기 위해 냉각조 격벽 상부에 올라가 작업 중 중심을 잃고 냉각조(냉각수 온도: 70℃, 깊이 1.7m)에 빠져 화상을 입고 치료 중 사망",분류 불가,"크레인(천장주행, 갠트리, 지브 등) 사용 작업",『운반하는 물체를 밟고 올라선 상태』에서 줄걸이 체결 또는 줄걸이 상태를 확인하다 균형을 잃고 떨어짐,"▶ 안전난간이 설치된 작업발판을 설치·사용
▶ 적재장소 주변 안전난간 적정 설치상태 관리
▶ 안전대 및 안전모 지급·착용 등 관리감독자 확인"
2017-93-11-004,제조업,섬유및섬유제품제조업,방적제사및화학섬유제품제조업,2017년 5월 섬유공장에서 재해자가 설비(정경기 1호기와 2호기) 사이 공간을 지나가던 중 바지가 설비의(정경기 1호기) 회전축에 말림,생산설비(정경기),작업장소 통행/이동,"『이동동선 주변에 방치된 물체, 구조물 등』을 인지하지 못하고 이동하다가 부딪히거나 떨어짐","▶ 위험장소 출입금지용 방책 설치
▶ 하역운반기계 출입문에 비상등·벨 설치
▶ 위험장소에 안전보건표지 부착"
2017-93-11-005,제조업,섬유및섬유제품제조업,기타섬유제품제조업,2017년 8월 섬유공장 내 방사작업장에서 재해자가 연신기 근처에서 연신롤러 표면에 묻은 이물질을 제거하는 과정에서 신체 일부가 원사에 꼬이면서 연신롤러에 말림,생산설비(연신기),비정형 작업(이물질 제거·청소),『설비를 정지시키지 않거나 전원을 차단하지 않은 상태』에서 정비·보수·청소 등의 작업을 하다가 끼이거나 말림,"▶ 설비 가동중 이물질 제거 등이 발생할 수 있는 생산작업을 분석하고 근원적 접근방지대책 수립
▶ 끼임재해 우려가 있어 가동정지 후 작업이 필요한 설비 목록화→LOTO(Lock Out,  Tag Out) 대상 확정·시행 
▶ 작업 절차에 대해 근로자 교육실시"
2017-93-11-006,제조업,기계기구·금속·비금속광물제품제조업,철강또는비철금속주물제조업,2017년 8월경 작업장에서 재해자가 자동차 브라켓 연마작업 중 숫돌이 파손되어 날아온 파편에 가슴 부위를 맞아 사망,생산설비(연삭기 숫돌),가공 설비를 이용한 작업,보호구를 착용하지 않은 상태에서 『튕겨나온 가공날 또는 가공물』에 눈을 찔리거나 머리를 맞음,"▶ 선반가공 시 척, 방진구 및 심압대 체결상태 확인 및 갇독 철저
▶ 칩 브레이커 등 설치·사용
▶ 보안경/보안면 등 안면보호구 착용"
2019-31-11-001,임업,임업,벌목업,2019년 1월경 OO산 벌목현장에서 재해자가 크롤러 캐리어를 이용해 운재작업을 하던 중 크롤러 캐리어가 가설임도를 벗어나 굴러 떨어져 사망,분류 불가,차량을 이용한 작업,"작업차량이 『운행경로 상의 지형(급경사, 커브, 바닥의 요철, 지반 등) 또는 구조물』로 인해 떨어지거나 넘어지면서 그 아래 깔림","▶ 주·정차 시 불시 이동방지를 위한 브레이크, 고임목 체결 철저
▶ 작업장 내 바닥 평탄화 및 제한속도 준수
▶ 지게차 운전자격이 있는 지정자에 한해 운전 및 시동키 관리"
2017-93-51-003,기타의사업,시설관리및사업지원서비스업,위생및유사서비스업,2017년 2월경 컨베이어 작업장에서 재해자가 덮개를 해체하고 롤러 상태를 점검하던 중 롤러와 벨트 사이에 끼어 사망,컨베이어,비정형 작업(점검),『설비를 정지시키지 않거나 전원을 차단하지 않은 상태』에서 정비·보수·청소 등의 작업을 하다가 끼이거나 말림,"▶ 설비 가동중 이물질 제거 등이 발생할 수 있는 생산작업을 분석하고 근원적 접근방지대책 수립
▶ 끼임재해 우려가 있어 가동정지 후 작업이 필요한 설비 목록화→LOTO(Lock Out,  Tag Out) 대상 확정·시행 
▶ 작업 절차에 대해 근로자 교육실시"
2018-11-11-001,제조업,기계기구·금속·비금속광물제품제조업,일반산업용기계장치제조업,2018년 8월경 보일러실에서 재해자와 동료가 온수가열탱크 내 열교환기 수리작업중 열교환기가 탈락되면서 화상을 입고 치료 중 사망,고온물질(고온수),비정형 작업(정비·보수),"『주변 설비의 움직임을 인지하지 못하거나, 안전거리를 확보하지 않고 작업』 하여 작동하는 설비에 부딪히거나, 말림·끼임","▶ 같은 장소에서 이루어지는 도급인과 수급인의 작업 혼재 시 재해 발생 예방을 위한 의사 전달 체계 수립
▶ 안전작업허가제도로 작업 전·중·후 안전확보 상태 지속 확인"
2018-11-51-001,기타의사업,기타의각종사업,건설업본사,2018년 3월경 차고지에서 재해자가 리더(1.8ton)를 올린 상태로 하단 볼트 체결 작업 중 와이어로프가 풀리면서 떨어지는 리더에 깔려 사망,운반물(리더),비정형 작업(정비·보수),『매달아 올리거나 적재 상태가 불량한 물체』가 떨어지거나 무너지면서 맞거나 깔림,"▶ 주변의 중량물로 인한 깔림 방지를 위해 중량물 제거 후 작업
▶ 중량물 지지대 설치 후 수리·교체작업 실시"
2018-11-51-002,운수창고통신업,통신업,통신업,2018년 5월경 시장 일대에서 재해자가 유선전화 A/S 요청에 따라 옥상에 있는 통신선로(전화단자) 확인을 위해 슬레이트 지붕을 밟고 이동하던 중 슬레이트 지붕이 파손되며 약 5m아래로 떨어져 사망,지붕·대들보(슬레이트),"설비 위, 지붕 등 높은 장소에서의 작업",『작업을 위해 밟고 있던 구조물이 파손되거나 균형을 잃기 쉬운 불안한 자세』로 작업하여 넘어지거나 떨어짐,"▶ 안전난간이 설치된 작업발판을 설치·사용
▶ 고소작업대 사용 또는 3.5m미만은 A자형 사다리 사용(2인1조) 관리
▶ 안전대 및 안전모 지급·착용 등 관리감독자 확인"
2018-11-51-003,기타의사업,시설관리및사업지원서비스업,건물등의종합관리사업,2018년 5월경 아파트에서 경비업무를 하던 재해자가 야간에 순찰하던 중 넘어져 머리를 다쳐 사망,분류 불가,작업장소 통행/이동,이동 중 『어두운 장소의 요철부』에 걸려 넘어지거나 실족하여 떨어짐,"▶ 바닥에 존재하는 기름기 등 제거 조치
▶ 유분 비산을 방지하기 위한 가림판 설치"
2018-11-51-004,기타의사업,기타의각종사업,각급사무소,2018년 5월경 재해자가 천장 연등 부착 작업을 위해 이동식 비계로 작업을 하던 중 중심을 잃고 추락해 사망,분류 불가,"설비 위, 지붕 등 높은 장소에서의 작업",『작업을 위해 밟고 있던 구조물이 파손되거나 균형을 잃기 쉬운 불안한 자세』로 작업하여 넘어지거나 떨어짐,"▶ 안전난간이 설치된 작업발판을 설치·사용
▶ 고소작업대 사용 또는 3.5m미만은 A자형 사다리 사용(2인1조) 관리
▶ 안전대 및 안전모 지급·착용 등 관리감독자 확인"
2018-11-51-005,기타의사업,시설관리및사업지원서비스업,건물등의종합관리사업,2018년 5월경 변전실 내에서 재해자가 온도 측정을 위해 열화상 카메라로 변압기 온도 측정 중 공기 절연 파괴로 아크가 발생에 화상을 입어 사망,분류 불가,전기설비 취급 작업,『정기적으로 전기 설비의 유지·관리 및 점검을 실시하지 않아』 전기로 인한 화재·폭발 위험,"▶ 유자격자가 정비 및 방염처리된 작업복 착용
▶ 해당 전압에 적합한 전기점검장비 사용 "
2018-11-51-006,기타의사업,전문·보건·교육·여가관련서비스업,보건및사회복지사업,2018년 6월경 주차타워에서 재해자가 내부 거울을 닦기 위해 개구부 양단에 발을 딛고 작업 하다 미끄러져 12.7m 아래로 떨어져 사망,분류 불가,기계식 주차설비 정비·점검 작업,『화물용 리프트(또는 기계식 주차장) 운반구에 탑승하여 작업 또는 이동』하다가 승강로 내부 구조물과 운반구 사이에 끼이거나 그 사이 개구부로 떨어짐,"▶ 기동장치에 잠금장치, 표지판 부착
▶ 출입문 연동장치, 비상정지스위치 등 기능 유지 관리
▶ 승강기 이상발생 시 임의 수리 금지"
2018-11-51-007,기타의사업,시설관리및사업지원서비스업,건물등의종합관리사업,2018년 8월경 기계식 주차장에서 재해자가 지하 4층에서 수리를 마치고 차판을 타고 올라오던 중 지상 1층 바닥 구조물과 차판 사이에 끼어 사망,기계식 주차설비,기계식 주차설비 정비·점검 작업,『화물용 리프트(또는 기계식 주차장) 운반구에 탑승하여 작업 또는 이동』하다가 승강로 내부 구조물과 운반구 사이에 끼이거나 그 사이 개구부로 떨어짐,"▶ 기동장치에 잠금장치, 표지판 부착
▶ 출입문 연동장치, 비상정지스위치 등 기능 유지 관리
▶ 승강기 이상발생 시 임의 수리 금지"
2018-11-51-008,기타의사업,시설관리및사업지원서비스업,건물등의종합관리사업,2018년 7월경 기계식 주차기 내에서 재해자가 배수작업을 위해 양수기 설치작업을 하던 중 기계식 주차기가 갑자기 작동되어 내부에 끼여 사망,기계식 주차설비,기계식 주차설비 정비·점검 작업,『설비를 정지시키지 않거나 전원을 차단하지 않은 상태』에서 정비·보수·청소 등의 작업을 하다가 끼이거나 말림,"▶ 설비 가동중 이물질 제거 등이 발생할 수 있는 생산작업을 분석하고 근원적 접근방지대책 수립
▶ 끼임재해 우려가 있어 가동정지 후 작업이 필요한 설비 목록화→LOTO(Lock Out,  Tag Out) 대상 확정·시행 
▶ 작업 절차에 대해 근로자 교육실시"
2018-11-51-009,기타의사업,도소매·음식·숙박업,도소매및소비자용품수리업,2018년 9월경 재해자가 간이 리프트 운반구와 2층 사이 대차 손잡이를 제거하던 중 손잡이 제거 후 운반구가 갑자기 하강하여 바닥과 운반구 상부 구조물 사이에 끼여 사망,리프트(간이리프트),리프트 관련 작업,『설비를 정지시키지 않거나 전원을 차단하지 않은 상태』에서 정비·보수·청소 등의 작업을 하다가 끼이거나 말림,"▶ 설비 가동중 이물질 제거 등이 발생할 수 있는 생산작업을 분석하고 근원적 접근방지대책 수립
▶ 끼임재해 우려가 있어 가동정지 후 작업이 필요한 설비 목록화→LOTO(Lock Out,  Tag Out) 대상 확정·시행 
▶ 작업 절차에 대해 근로자 교육실시"
2018-11-51-010,기타의사업,시설관리및사업지원서비스업,건물등의종합관리사업,2018년 11월경 기계식 주차장 내부에서 재해자가 수리 작업을 마치고 나오던 중 내려오는 출입문에 부딪혀 넘어지면서 20m 아래로 떨어져 사망,기계식 주차설비,기계식 주차설비 정비·점검 작업,『설비를 정지시키지 않거나 전원을 차단하지 않은 상태』에서 정비·보수·청소 등의 작업을 하다가 끼이거나 말림,"▶ 설비 가동중 이물질 제거 등이 발생할 수 있는 생산작업을 분석하고 근원적 접근방지대책 수립
▶ 끼임재해 우려가 있어 가동정지 후 작업이 필요한 설비 목록화→LOTO(Lock Out,  Tag Out) 대상 확정·시행 
▶ 작업 절차에 대해 근로자 교육실시"
2018-11-51-011,기타의사업,시설관리및사업지원서비스업,건물등의종합관리사업,2017년 6월경 재해자가 배수관 뚫기 위한 작업을 위해 사다리 위로 올라가던 중 중심을 잃고 떨어져 사망,사다리(이동식/일자형),사다리를 이용한 작업 또는 통행,『사다리 위에 올라가 작업』하던 중 균형을 잃고 머리부터 바닥으로 떨어짐,"▶ 3.5m 미만 작업 시 A자형 사다리만 사용(2인1조)
▶ 아웃트리거 설치 및 안전대, 안전모 등 개인보호구 착용"
2018-12-11-001,제조업,전기기계기구·정밀기구·전자제품제조업,의료기계기구제조업,2017년 8월 의료기구제조공장에서 재해자가 알콜램프로 수공구를 예열하면서 왁싱패턴작업을 하던 중 램프 내 알콜이 소진되어 보충하는 순간 화재가 발생하여 재해자 및 인근 동료작업자가 동시에 부상,인화성물질(알코올),위험물질 취급 또는 그 장소에서 수행하는 작업,"『작업장소에서 취급하는 위험물질 및 관리되지 않는 점화원(아크, 정전기 등)』으로 인해 화재·폭발","▶ 위험장소 주변 용접 및 사상작업 금지 등 점화원 관리
▶ 용접불티 비산방지덮개 또는 용접방화포 조치"
2018-12-51-001,기타의사업,국가및지방자치단체의사업,국가및지방자치단체의사업,2018년 2월경 락킹장치 이상으로 압롤박스가 트럭에서 분리되지 않자 재해자가 압롤박스 하부에서 락킹레일 절단작업 상태를 보며 작업을 지시하던 중 락킹레일이 절단되어 압롤박스가 하강해 차체와 압롤트럭 사이에 끼어 사망,구조물(갠추리 암),용접·절단·사상 또는 도장 작업,"『들어올린 설비의 고정상태 불량, 안전블록·지지대 미설치』로 설비 하부에서 작업 중 갑자기 설비가 내려앉아 끼이거나 깔림","▶ 중량물 이동방지용 지지대 추가 설치
▶ 갑작스런 이동방지를 위한 중량물 위치 변경
▶ 낙하물에 대비한 방망 또는 울 설치후 작업"
2018-12-51-002,기타의사업,시설관리및사업지원서비스업,건물등의종합관리사업,2018년 4월경 화단에서 재해자가 화단 가장자리 시멘트 보수 작업을 하던 중 균형을 잃고 4.3m 아래로 떨어져 사망,분류 불가,조경·제초작업,『난간이 없는 작업대 사용 또는 임시 구조물(나뭇가지 등)을 밟고 작업』하다가 균형을 잃고 떨어짐,"▶ 안전난간이 설치된 작업발판을 설치·사용
▶ 고소작업대 사용 또는 3.5m미만은 A자형 사다리 사용(2인1조) 관리
▶ 안전대 및 안전모 지급·착용 등 관리감독자 확인"
2018-12-51-003,기타의사업,기타의각종사업,건설업본사,2018년 4월경 재해자가 굴착기 상하차 작업을 하던 중 굴착기 궤도가 발판을 이탈하여 전복되어 뛰어내렸으나 굴착기 깔려 사망,굴착기(백호우),건설기계를 사용하는 작업,『정기적으로 차량의 상태를 유지·관리 및 점검하지 않아』 제동장치가 작동하지 않아 사고 위험,"▶ 차량 작업에 대한 작업계획서를 작성하여 작업 계획에 따라 작업 실시
▶ 작업계획서에 차량 점검과 상태 유지에 관한 사항을 포함하여 관리 실시"
2018-12-51-004,기타의사업,시설관리및사업지원서비스업,건물등의종합관리사업,2018년 5월경 기계실에서 재해자가 방수작업을 하기 위해 옥상에서 작업을 하던 중 5.3m 아래로 떨어져 사망,분류 불가,"설비 위, 지붕 등 높은 장소에서의 작업",『안전난간의 설치상태가 불량하거나 없는 상태』에서 주변 구조물 또는 생명줄에 안전대를 체결하지 않아 떨어짐,"▶ 지붕 재질 확인 및 하중 분산용 작업발판 설치 후 작업
▶ 지붕 파손 대비 공장 내부에 추락방호망 설치
▶ 지붕 끝단부에 안전난간 설치"
2018-12-51-005,기타의사업,도소매·음식·숙박업,도소매및소비자용품수리업,2018년 8월경 하차장에서 재해자가 이동대차를 이용해 쌀포대 운반 작업을 하던 중 일반작업용 리프트의 승강로 개구부로 떨어져(2.8m) 사망,분류 불가,리프트 관련 작업,『리프트의 출입문(도어)을 해체한 상태』에서 점검 및 수리작업 중 출입금지조치가 되어있지 않은 개구부(승강로)로 떨어짐,"▶ 각층 출입문에 인터록장치 등 연동장치 설치
▶ 승강로 주변은 방호울 등으로 밀폐 조치"
2018-12-51-006,기타의사업,국가및지방자치단체의사업,국가및지방자치단체의사업,2017년 7월경 경사로에서 재해자가 낙석 제거 작업을 위해 암반 위를 이동 중 암반에서 미끄러져 7m 아래로 떨어져 사망,분류 불가,작업장소 통행/이동,『안전난간의 설치상태가 불량하거나 없는 상태』에서 주변 구조물 또는 생명줄에 안전대를 체결하지 않아 떨어짐,"▶ 지붕 재질 확인 및 하중 분산용 작업발판 설치 후 작업
▶ 지붕 파손 대비 공장 내부에 추락방호망 설치
▶ 지붕 끝단부에 안전난간 설치"
2018-12-51-007,기타의사업,시설관리및사업지원서비스업,위생및유사서비스업,2018년 10월경 재해자가 외벽 유리 청소작업을 위해 달비계 작업을 하던 중 외벽 모서리에 의해 로프가 파단되어 2m 아래로 떨어져 사망,달비계 로프,"설비 위, 지붕 등 높은 장소에서의 작업",『달비계 지지로프의 결속·파손 및 고정부 접속 상태를 확인하지 않은 상태』에서 안전대를 생명줄(수직 구명줄)에 체결하지 않아 떨어짐,"▶ 지붕 재질 확인 및 하중 분산용 작업발판 설치 후 작업
▶ 지붕 파손 대비 공장 내부에 추락방호망 설치
▶ 지붕 끝단부에 안전난간 설치"
2018-21-11-001,제조업,수제품및기타제품제조업,기타각종제조업,2018년 1월 골재공장에서 재해자가 모래이송용 컨베이어벨트를 수리하며 이동하던 중 작업발판에 있는 개구부로 추락(약 7.5m),분류 불가,작업장소 통행/이동,『이동경로에 방치된 개구부』로 떨어짐,"▶ 추락위험구간에 안전난간 추가 설치
▶ 출하장소를 추락위험이 없는 장소로 위치 변경"
2018-21-11-003,제조업,기계기구·금속·비금속광물제품제조업,철강또는비철금속주물제조업,2018년 2월경 주물공장 내에서 재해자가 작업장 바닥의 정리정도 및 청소를 하던 중 4단으로 적재된 주형틀이 무너지면서 깔려 사망,적재물(주형상자/주형틀),비정형 작업(이물질 제거·청소),"『주변 설비의 움직임을 인지하지 못하거나, 안전거리를 확보하지 않고 작업』 하여 작동하는 설비에 부딪히거나, 말림·끼임","▶ 같은 장소에서 이루어지는 도급인과 수급인의 작업 혼재 시 재해 발생 예방을 위한 의사 전달 체계 수립
▶ 안전작업허가제도로 작업 전·중·후 안전확보 상태 지속 확인"
2018-21-11-004,제조업,기계기구·금속·비금속광물제품제조업,기타금속제품제조업또는금속가공업,2018년 2월경 작업장내에서 재해자가 절단작업 중 점검을 위해 설비 도어 안쪽으로 몸을 숙이던 중 그리퍼(파이프 이송설비)와 도아 사이에 몸이 끼여 사망,자동화설비(파이프 이송설비),비정형 작업(점검),"『주변 설비의 움직임을 인지하지 못하거나, 안전거리를 확보하지 않고 작업』 하여 작동하는 설비에 부딪히거나, 말림·끼임","▶ 같은 장소에서 이루어지는 도급인과 수급인의 작업 혼재 시 재해 발생 예방을 위한 의사 전달 체계 수립
▶ 안전작업허가제도로 작업 전·중·후 안전확보 상태 지속 확인"
2018-21-11-005,제조업,기계기구·금속·비금속광물제품제조업,일반산업용기계장치제조업,2018년 4월경 열처리로 수리완료 후 출구에 몸을 넣고 레일 고정판을 용접하던 중 출구 문이 갑자기 내려오면서 문에 머리가 깔려 사망,생산설비(열처리로),용접·절단·사상 또는 도장 작업,『매달아 올리거나 적재 상태가 불량한 물체』가 떨어지거나 무너지면서 맞거나 깔림,"▶ 주변의 중량물로 인한 깔림 방지를 위해 중량물 제거 후 작업
▶ 중량물 지지대 설치 후 수리·교체작업 실시"
2018-21-11-006,제조업,기계기구·금속·비금속광물제품제조업,전기도금업,2018년 7월경 사업장내에서 재해자가 탈지조에 탈지제(수산화나트륨 25%)를 투입하던 증 의식을 잃고 쓰러져 사망,분류 불가,위험물질 취급 또는 그 장소에서 수행하는 작업,『위험물질을 파악 및 제거하지 않은 상태』에서 작업하여 화재·폭발·누출로 인한 재해발생 위험,"▶ 위험물질에 대한 MSDS 비치 및 근로자 교육
▶ 공급원재료의 종류, 공급되는 설비명 표시
▶ 가스검지 및 경보장치·긴급차단장치 및 방유제 설치"
2018-21-11-007,제조업,기계기구·금속·비금속광물제품제조업,자동차부분품제조업,"2018년 11월경 작업장에서 재해자가 적재함 테일 게이트에 크레인 훅 걸이용 러그를 용접하고, 크레인으로 인상 후 적재함 내 작업용구를 꺼내려던 중 용접부위가 파단되면서 닫히는 테일 게이트에 머리를 맞아 사망",줄걸이기구(리프팅 러그),용접·절단·사상 또는 도장 작업,"『줄걸이 기구의 용접 불량, 마모, 변형, 손상』으로 인해 운반하는 화물이 떨어지면서 부딪히거나 그 아래 깔림","▶ 설비·구조물 상태 정기적 점검 및 예방 관리
▶ 와이어로프 손상 시 즉시 교체하여 사용"
2018-21-11-008,제조업,수제품및기타제품제조업,기타각종제조업,2018년 7월 폐기물처리장에서 재해자가 컨베이어 하부 게이트 개폐장치를 설치하던 중 작업 중이던 철문에 신체가 끼임,기타 설비(철문),비정형 작업(정비·보수),"『들어올린 설비의 고정상태 불량, 안전블록·지지대 미설치』로 설비 하부에서 작업 중 갑자기 설비가 내려앉아 끼이거나 깔림","▶ 중량물 이동방지용 지지대 추가 설치
▶ 갑작스런 이동방지를 위한 중량물 위치 변경
▶ 낙하물에 대비한 방망 또는 울 설치후 작업"
2018-21-11-009,제조업,기계기구·금속·비금속광물제품제조업,건설용금속제품제조업,2018년 12월경 작업장에서 재해자가 포장기의 리프트 하부에 떨어진 수공구를 주우려다 이동하는 움직이는 리프트와 설비 프레임 사이에 몸이 끼어 사망,자동화설비(포장기),비정형 작업(이물질 제거·청소),『설비를 정지시키지 않거나 전원을 차단하지 않은 상태』에서 정비·보수·청소 등의 작업을 하다가 끼이거나 말림,"▶ 설비 가동중 이물질 제거 등이 발생할 수 있는 생산작업을 분석하고 근원적 접근방지대책 수립
▶ 끼임재해 우려가 있어 가동정지 후 작업이 필요한 설비 목록화→LOTO(Lock Out,  Tag Out) 대상 확정·시행 
▶ 작업 절차에 대해 근로자 교육실시"
2018-21-11-010,제조업,전기기계기구·정밀기구·전자제품제조업,계측기또는시험기제조업,2018년 12월 가스기기 제조공장에서 재해자가 퇴근을 하기 위해 주차장으로 이동 중 옥외 바닥 빙판에 미끄러져 넘어짐,분류 불가,작업장소 통행/이동,"『미끄러운 상태의 바닥(오일, 빙판 등)을 밟거나 바닥의 요철부』에 걸려 넘어지면서 머리를 부딪히거나 떨어짐","▶ 바닥에 존재하는 기름기 등 제거 조치
▶ 유분 비산을 방지하기 위한 가림판 설치"
2018-21-21-012,제조업,섬유및섬유제품제조업,기타섬유제품제조업,2018년 7월 섬유제품 제조업체 소속 재해자가 타 사업장의 집진시설 필터교체를 위해 집진설비 상부에서 작업 중 안전난간이 탈락되며 지면으로 떨어짐(약 11.8m),분류 불가,"설비 위, 지붕 등 높은 장소에서의 작업",『작업을 위해 밟고 있던 구조물이 파손되거나 균형을 잃기 쉬운 불안한 자세』로 작업하여 넘어지거나 떨어짐,"▶ 안전난간이 설치된 작업발판을 설치·사용
▶ 고소작업대 사용 또는 3.5m미만은 A자형 사다리 사용(2인1조) 관리
▶ 안전대 및 안전모 지급·착용 등 관리감독자 확인"
2018-21-31-001,제조업,기계기구·금속·비금속광물제품제조업,전기도금업,2018년 5월경 작업장에서 재해자가 보호구를 착용하고 약품창고에서 시안화나트륨을 가져와 후처리조에 투입하였고 6분 후 출입구 안쪽에 쓰러져 있는 걸 발견하였으며 병원 후송 후 사망,화학물질(시안화나트륨),"피트, 맨홀, 오·폐수 처리시설 등 밀폐된 장소에서 작업","『순간적으로 다량의 유해가스, 화학물질, 낮은 산소농도에 노출』되어 산소결핍·질식·중독 위험","▶ 가스농도측정기로 적정공기 상태 선 확인
▶ 환기팬 등으로 환기 실시 후 작업을 실시
▶ 밀폐공간 출입금지 위험 표시"
2018-21-42-001,제조업,화학및고무제품제조업,기타화학제품제조업,2018년 8월경 OO사업장 화학제품 제조공정에서 재해자가 교반기 내에 원료를 투입하던 중 실내에 체류한 솔벤트 유증기에 의한 폭발이 발생하여 화상을 입음,인화성물질,위험물질 취급 또는 그 장소에서 수행하는 작업,"『작업장소에서 취급하는 위험물질 및 관리되지 않는 점화원(아크, 정전기 등)』으로 인해 화재·폭발","▶ 위험장소 주변 용접 및 사상작업 금지 등 점화원 관리
▶ 용접불티 비산방지덮개 또는 용접방화포 조치"
2018-21-42-002,전기가스증기수도사업,전기가스증기수도사업,전기업,"2018년 10월경 재해자가 황산탱크의 누출을 막기위해 수동밸브를 잠그려했으나, 오조작하여 개방되면서 누출된 황산에 화상을 입음",화학물질(황산),위험물질 취급 또는 그 장소에서 수행하는 작업,『취급하는 물질이 배관·호스·용기 등에서 누출』되어 화학물질 접촉·질식 또는 화재·폭발,"▶ 위험물질에 대한 MSDS 비치 및 근로자 교육
▶ 공급원재료의 종류, 공급되는 설비명 표시
▶ 가스검지 및 경보장치·긴급차단장치 및 방유제 설치"
2018-21-51-002,제조업,출판·인쇄·제본업,인쇄업,2018년 3월 철거업체 소속 재해자가 철거장소(빌딩)에 설치된 가벽(석고보드)을 휴대용 핸드그라인더로 절단하던 중 톱날이 왼쪽 허벅지에 접촉되어 베임,수공구(핸드그라인더),그라인더 등 수공구를 사용하는 작업,"『설비에 안전장치가 설치되어 있지 않거나, 설치된 안전장치를 무력화한 상태』로 사용하던 중 말리거나 끼임","▶ 방호장치 작동불량 등 이상시 관리감독자 등에게 선보고 및 조치 후 작업 재개가 당연한 안전문화 구축　
▶ 작업 전 광전자식 방호장치 정상 여부 확인 "
2018-21-51-003,기타의사업,시설관리및사업지원서비스업,건물등의종합관리사업,2018년 1월경 출입문 상부에서 재해자가 유리창 청소를 위해 사다라로 올라가던 중 떨어져 1.7m 아래로 떨어져 사망,사다리(이동식/A형),사다리를 이용한 작업 또는 통행,『사다리 위에 올라가 작업』하던 중 균형을 잃고 머리부터 바닥으로 떨어짐,"▶ 3.5m 미만 작업 시 A자형 사다리만 사용(2인1조)
▶ 아웃트리거 설치 및 안전대, 안전모 등 개인보호구 착용"
2018-21-51-004,기타의사업,시설관리및사업지원서비스업,위생및유사서비스업,2018년 4월경 폐기물 처리장에서 재해자가 선별작업을 하던 중 강풍에 의해 누수방지용 지붕 합판이 날라와 재해자가 맞아 사망,분류 불가,폐기물 수거·선별 작업,『바람·눈·비 등 기상상황』에 의해 적재물 또는 구조물 등이 무너저 그 아래 깔림 ,"▶ 비, 눈, 그 밖의 기상상태의 불안정한 경우 영향을 받을 수 있는 옥외 작업 등을 금지
▶ 위험한 기상상황 발생 시 근로자 공지, 필요 시 대피방법 마련"
2018-21-51-005,기타의사업,시설관리및사업지원서비스업,건물등의종합관리사업,2018년 3월경 도로 화단에서 재해자가 전지작업을 위해 이동식 사다리에서 작업을 하던 중 떨어져 사망,사다리(이동식/조경용),사다리를 이용한 작업 또는 통행,『사다리 위에 올라가 작업』하던 중 균형을 잃고 머리부터 바닥으로 떨어짐,"▶ 3.5m 미만 작업 시 A자형 사다리만 사용(2인1조)
▶ 아웃트리거 설치 및 안전대, 안전모 등 개인보호구 착용"
2018-21-51-006,운수창고통신업,철도·항공·창고·운수관련서비스업,항만내의육상하역업,"2018년 10월경 인천내항 야적장에서 재해자가 차량을 주차하고 작업을 위해 작업현장으로 돌아가던 중, 갑자기 불어온 돌풍으로 인해 주변의 3단으로 적재되어 있던 공컨테이너 중 2, 3단 컨테이너가 떨어지며 3단 컨테이너에 깔려서 사망",적재물(컨테이너),작업장소 통행/이동,『바람·눈·비 등 기상상황』에 의해 적재물 또는 구조물 등이 무너저 그 아래 깔림 ,"▶ 비, 눈, 그 밖의 기상상태의 불안정한 경우 영향을 받을 수 있는 옥외 작업 등을 금지
▶ 위험한 기상상황 발생 시 근로자 공지, 필요 시 대피방법 마련"
2017-62-51-002,기타의사업,전문·보건·교육·여가관련서비스업,골프장및경마장운영업,2017년 8월경 골프장에서 재해자가 고장난 골프카를 옮기기 위해 지게차 운전을 하던 중 경사로에서 지게차가 전도되면서 헤드가드와 지면사이에 끼어 사망,지게차,차량을 이용한 작업,"작업차량이 『운행경로 상의 지형(급경사, 커브, 바닥의 요철, 지반 등) 또는 구조물』로 인해 떨어지거나 넘어지면서 그 아래 깔림","▶ 주·정차 시 불시 이동방지를 위한 브레이크, 고임목 체결 철저
▶ 작업장 내 바닥 평탄화 및 제한속도 준수
▶ 지게차 운전자격이 있는 지정자에 한해 운전 및 시동키 관리"
2018-22-11-002,제조업,수제품및기타제품제조업,기타각종제조업,"2018년 3월 공장 내 야적장에서 근로자 2명이 집게차에 탑승하여 폐지를 분류·투입하던 중 작업장소 인근에 야적된 압축폐지가 근로자 2명 쪽으로 쓰러지면서 깔림(1명 사망, 1명 부상)",적재물(압축폐지),상하차 작업 또는 적재된 화물,『매달아 올리거나 적재 상태가 불량한 물체』가 떨어지거나 무너지면서 맞거나 깔림,"▶ 주변의 중량물로 인한 깔림 방지를 위해 중량물 제거 후 작업
▶ 중량물 지지대 설치 후 수리·교체작업 실시"
2018-22-11-003,제조업,화학및고무제품제조업,플라스틱가공제품제조업,2018년 4월경 OO사업장 접착제 제조공정에서 재해자가 청소 작업 중 회전하는 롤러에 말려 들어가 사망,생산설비(라미네이터),비정형 작업(이물질 제거·청소),『설비를 정지시키지 않거나 전원을 차단하지 않은 상태』에서 정비·보수·청소 등의 작업을 하다가 끼이거나 말림,"▶ 설비 가동중 이물질 제거 등이 발생할 수 있는 생산작업을 분석하고 근원적 접근방지대책 수립
▶ 끼임재해 우려가 있어 가동정지 후 작업이 필요한 설비 목록화→LOTO(Lock Out,  Tag Out) 대상 확정·시행 
▶ 작업 절차에 대해 근로자 교육실시"
2018-22-11-004,제조업,식료품제조업,육제품또는유제품제조업,2018년 5월 식품제조공장 내 냉동창고에서 재해자가 대차에 냉동정육상자를 탑재한 뒤 바퀴 결빙을 풀기 위해 대차를 흔들던 중 대차가 재해자 쪽으로 넘어지면서 냉동정육상자에 머리를 맞음,적재물(냉동정육상자),인력 운반 작업,『화물의 무게가 한쪽으로 치우쳐진 상태 등』 적재상태가 불량한 화물이 무너지면서 맞거나 깔림,"▶ 전도·낙하 방지를 위해 중량물 제거 후 작업
▶ 중량물 고정 실시 후 수리작업 실시"
2018-22-11-005,제조업,기계기구·금속·비금속광물제품제조업,기타금속제품제조업또는금속가공업,2018년 6월경 신축공사 현장에서 재해자가 철골 구조부 상부에서 데크플레이트 설치작업을 하던 중 약 6.8m 높이에서 바닥으로 떨어져 사망,분류 불가,"설비 위, 지붕 등 높은 장소에서의 작업",『작업을 위해 밟고 있던 구조물이 파손되거나 균형을 잃기 쉬운 불안한 자세』로 작업하여 넘어지거나 떨어짐,"▶ 안전난간이 설치된 작업발판을 설치·사용
▶ 고소작업대 사용 또는 3.5m미만은 A자형 사다리 사용(2인1조) 관리
▶ 안전대 및 안전모 지급·착용 등 관리감독자 확인"
2018-22-11-006,제조업,기계기구·금속·비금속광물제품제조업,특수산업용기계제조업,2018년 6월경 도로에서 재해자가 도로위 버려진 쓰레기를 청소하던 중 옆 공장으로 진입하려던 트럭이 재해자 방향으로 갑자기 후진하면서 부딪혀 사망,화물운반트럭(트레일러),혼재작업(작업자-작업차량),근로자와 작업차량 간 『혼재작업 장소에서 근로자 이동과 작업차량 운행을 통제하지 않은 상태』에서 근로자가 작업차량에 부딪히나 깔림 또는 주변 구조물과 작업차량 사이에 끼임,"▶ 지게차 이용 중량물 취급에 대한 작업계획서 작성(작업방법, 운행경로, 근로자와 지게차 혼재 작업 여부 등)
▶ 혼재 작업 시 작업지휘자 또는 유도자 배치"
2018-22-11-007,제조업,기계기구·금속·비금속광물제품제조업,석재및석공품제조업,2018년 6월경 축대에서 재해자가 톱을 사용하여 제초작업을 하던 중 약 5m 바닥으로 떨어져 사망,분류 불가,"설비 위, 지붕 등 높은 장소에서의 작업",『작업을 위해 밟고 있던 구조물이 파손되거나 균형을 잃기 쉬운 불안한 자세』로 작업하여 넘어지거나 떨어짐,"▶ 안전난간이 설치된 작업발판을 설치·사용
▶ 고소작업대 사용 또는 3.5m미만은 A자형 사다리 사용(2인1조) 관리
▶ 안전대 및 안전모 지급·착용 등 관리감독자 확인"
2018-22-11-008,제조업,전기기계기구·정밀기구·전자제품제조업,전자관또는반도체소자제조업,2014년 7월 전자부품제조공장 내 시험실에서 재해자가 열충격 시험을 끝낸 제품을 꺼내기 위하여 열충격 시험기 내부 챔버에 신체 일부를 넣던 중 시험기 전원이 차단되면서 챔버가 하강하여 챔버상부와 본체 사이에 끼임 ,생산설비(열충격 시험기),가공 설비를 이용한 작업,"『설비에 안전장치가 설치되어 있지 않거나, 설치된 안전장치를 무력화한 상태』로 사용하던 중 말리거나 끼임","▶ 방호장치 작동불량 등 이상시 관리감독자 등에게 선보고 및 조치 후 작업 재개가 당연한 안전문화 구축　
▶ 작업 전 광전자식 방호장치 정상 여부 확인 "
2018-22-11-009,농업,농업,축산업,"2018년 6월경 OO농장 지붕에서 누수 공사를 하던 중 밟고있던 선라이트가 파손되면서 2명이 5.6미터 높이에서 추락해 2명 사상(1명 사망, 1명 부상)",지붕·대들보(선라이트/채광창),"설비 위, 지붕 등 높은 장소에서의 작업",『작업을 위해 밟고 있던 구조물이 파손되거나 균형을 잃기 쉬운 불안한 자세』로 작업하여 넘어지거나 떨어짐,"▶ 안전난간이 설치된 작업발판을 설치·사용
▶ 고소작업대 사용 또는 3.5m미만은 A자형 사다리 사용(2인1조) 관리
▶ 안전대 및 안전모 지급·착용 등 관리감독자 확인"
2018-22-11-010,제조업,기계기구·금속·비금속광물제품제조업,각종기계또는동부속품제조업,"2018년 7월경 사업장내에서 재해자가 장비 세정작업 중, 완제품 취출부 내부 워크테이블 하부에 들어간 상태에서 동료가 설비를 가동하여 워크테이블이 하강하여 가슴이 협착되어 사망",생산설비(LLO<Laser Lift Off>),비정형 작업(이물질 제거·청소),『정비작업 중 작업자 외 근로자가 설비를 가동』하여 갑자기 작동된 설비에 말리거나 끼임,"▶ 생산 설비의 불시 가동을 방지하기 위한 LOTO(Lock Out_잠금장치, Tag Out_점검 중 꼬리표)제도 시행
▶ 관리감독자 확인 의무 부여"
2018-22-11-011,제조업,기계기구·금속·비금속광물제품제조업,기타금속제품제조업또는금속가공업,"2018년 7월경 사업장에서 천정크레인을 사용하여 금형을 운반하던 중, 재해자가 운반하는 금형에 부딪혀 사망",운반물(금형),"크레인(천장주행, 갠트리, 지브 등) 사용 작업",『운반하는 물체의 이동경로에 근로자의 출입을 통제하지 않아』 부딪히거나 주변 구조물과 운반물 사이에 끼임,"▶ 지게차 이용 중량물 취급에 대한 작업계획서 작성(작업방법, 운행경로, 근로자와 지게차 혼재 작업 여부 등)
▶ 혼재 작업 시 작업지휘자 또는 유도자 배치"
2018-22-11-013,제조업,기계기구·금속·비금속광물제품제조업,석재및석공품제조업,2018년 10월경 파쇄한 석재를 운반하는 컨베이의 체인전동장치(스프로킷)을 교체 후 최종점검을 하던 중 4.4m 높이의 컨베이어에서 추락하여 사망,컨베이어,비정형 작업(점검),『작업을 위해 밟고 있던 구조물이 파손되거나 균형을 잃기 쉬운 불안한 자세』로 작업하여 넘어지거나 떨어짐,"▶ 안전난간이 설치된 작업발판을 설치·사용
▶ 고소작업대 사용 또는 3.5m미만은 A자형 사다리 사용(2인1조) 관리
▶ 안전대 및 안전모 지급·착용 등 관리감독자 확인"
2018-22-11-014,제조업,수제품및기타제품제조업,기타각종제조업,2018년 11월 화학공장 내 창고동에서 재해자가 천막지붕 선라이트 보강 작업을 위해 지붕에 올라 작업현장을 살피던 중 천막이 찢어지면서 떨어짐(약 7m),지붕·대들보(천막),작업장소 통행/이동,『설비를 밟고 올라 이동하거나 설비 사이를 뛰어넘어 이동』하다가 구조물에 다리가 걸려 넘어지거나 균형을 잃고 떨어짐,"▶ 추락위험구간에 안전난간 추가 설치
▶ 출하장소를 추락위험이 없는 장소로 위치 변경"
2018-22-51-001,운수창고통신업,철도·항공·창고·운수관련서비스업,운수부대서비스업,2016년 7월경 고속도로에서 재해자가 공구차(화물자동차) 화물칸에 탑승하여 이동중 고속도로 바닥으로 떨어져 사망,화물운반트럭(화물트럭),도로에서의 자동차 운전,『적재된 제품·재료 또는 화물 적재함 위에 올라 작업』하던 중 균형을 잃고 떨어짐,"▶ 차량 상부작업 시 작업장소 상부에 안전대 걸이설비 설치·사용
▶ 적재함에 오르내리기 위한 설비 설치·사용
▶ 작업 시 안전대, 안전모 등 보호구 착용"
2018-22-51-004,기타의사업,국가및지방자치단체의사업,국가및지방자치단체의사업,2018년 9월경 휴게실 입구에서 재해자가 청소작업을 하던 중 계단에서 넘어져 1.6m 아래로 굴러 사망,분류 불가,작업장소 통행/이동,"『미끄러운 상태의 바닥(오일, 빙판 등)을 밟거나 바닥의 요철부』에 걸려 넘어지면서 머리를 부딪히거나 떨어짐","▶ 바닥에 존재하는 기름기 등 제거 조치
▶ 유분 비산을 방지하기 위한 가림판 설치"
2018-22-51-006,기타의사업,도소매·음식·숙박업,음식및숙박업,2018년 11월경 재해자가 이륜자동차로 앞서가는 차량을 추월하려 하던 중 도로 연석에 부딪혀 넘어져 사망,기타 차량(오토바이),도로에서의 자동차 운전,『본인 또는 타인의 교통법규 위반』으로 사고발생 위험,"▶ 운전자는 작업 전 충분한 휴식을 취하고 운전 작업 실시
▶ 도로 상에서 운전 시 교통신호 등을 철저히 준수하여 운전 실시"
2018-23-11-002,제조업,섬유및섬유제품제조업,기타섬유제품제조업,2018년 8월 섬유공장 내에서 재해자가 카렌다기 방열판 및 전기설비 설치공사를 하던 중 히터가동부 외함에 흐르는 미세전류가 통전하여 쓰러짐(추정),생산설비(벨트카렌더),전기설비 취급 작업,"누전차단기 미설치, 접지 미실시 등으로 『설비에서 누설된 전류』에 감전","▶ 물기 또는 습기가 있는 장소 등 감전의 위험이 있는 기계기구에 접지 실시
▶ 이동형 또는 휴대형 전기기계에 누전차단기를 설치하여 감전위험 방지"
2018-23-11-003,제조업,기계기구·금속·비금속광물제품제조업,유리제품가공업,2018년 10월경 작업장에서 2층 룸파티션 스테인리스 설치 작업 중 약 3m 아래 1층으로 떨어져 사망,분류 불가,"설비 위, 지붕 등 높은 장소에서의 작업",『작업을 위해 밟고 있던 구조물이 파손되거나 균형을 잃기 쉬운 불안한 자세』로 작업하여 넘어지거나 떨어짐,"▶ 안전난간이 설치된 작업발판을 설치·사용
▶ 고소작업대 사용 또는 3.5m미만은 A자형 사다리 사용(2인1조) 관리
▶ 안전대 및 안전모 지급·착용 등 관리감독자 확인"
2018-23-31-002,기타의사업,기타의각종사업,건설업본사,2018년 9월경 맨홀 내부에서 재해자가 케이블 정리작업을 하던 중 의식을 잃고 쓰러져 사망,분류 불가,"피트, 맨홀, 오·폐수 처리시설 등 밀폐된 장소에서 작업",『산소·가소농도 미측정 및 송풍기를 이용한 강제환기 미실시』로 불활성 가스 또는 유해가스에 의한 산소결핍·질식·중독,"▶ 가스농도측정기로 적정공기 상태 선 확인
▶ 환기팬 등으로 환기 실시 후 작업을 실시
▶ 밀폐공간 출입금지 위험 표시"
2018-23-51-001,기타의사업,시설관리및사업지원서비스업,사업서비스업,2017년 5월경 골프장에서 재해자가 작업장소로 이동 중 차량이 중심을 잃고 넘어져 도로에 떨어져 사망,기타 차량(전동카트),차량을 이용한 작업,"작업차량이 『운행경로 상의 지형(급경사, 커브, 바닥의 요철, 지반 등) 또는 구조물』로 인해 떨어지거나 넘어지면서 그 아래 깔림","▶ 주·정차 시 불시 이동방지를 위한 브레이크, 고임목 체결 철저
▶ 작업장 내 바닥 평탄화 및 제한속도 준수
▶ 지게차 운전자격이 있는 지정자에 한해 운전 및 시동키 관리"
2018-23-51-002,기타의사업,도소매·음식·숙박업,도소매및소비자용품수리업,2018년 3월경 재해자가 냉동창고 지붕 틈새 조정 작업을 위해 이동식 사다리에서 작업 후 내려오다가 2.5m 아래로 떨어져 사망,사다리(이동식/A형),사다리를 이용한 작업 또는 통행,『사다리 위에 올라가 작업』하던 중 균형을 잃고 머리부터 바닥으로 떨어짐,"▶ 3.5m 미만 작업 시 A자형 사다리만 사용(2인1조)
▶ 아웃트리거 설치 및 안전대, 안전모 등 개인보호구 착용"
2018-23-51-004,제조업,기계기구·금속·비금속광물제품제조업,기타금속제품제조업또는금속가공업,2018년 4월경 사업장에서 CNC선반 가공도중 조각이 튀어 재해자의 목에 박혀 치료중 사망,금속가공기계(CNC선반),가공 설비를 이용한 작업,보호구를 착용하지 않은 상태에서 『튕겨나온 가공날 또는 가공물』에 눈을 찔리거나 머리를 맞음,"▶ 선반가공 시 척, 방진구 및 심압대 체결상태 확인 및 갇독 철저
▶ 칩 브레이커 등 설치·사용
▶ 보안경/보안면 등 안면보호구 착용"
2018-23-51-005,기타의사업,시설관리및사업지원서비스업,하수도업,2018년 4월경 재해자가 폐수유입장 상부 개구부에서 재해자가 물호스를 하부 작업자에게 전달하다가 중심을 잃고 떨어져 수심 1.8m 폐수 유입조에 떨어져 사망,분류 불가,"설비 위, 지붕 등 높은 장소에서의 작업",『작업을 위해 밟고 있던 구조물이 파손되거나 균형을 잃기 쉬운 불안한 자세』로 작업하여 넘어지거나 떨어짐,"▶ 안전난간이 설치된 작업발판을 설치·사용
▶ 고소작업대 사용 또는 3.5m미만은 A자형 사다리 사용(2인1조) 관리
▶ 안전대 및 안전모 지급·착용 등 관리감독자 확인"
2018-23-51-006,기타의사업,도소매·음식·숙박업,도소매및소비자용품수리업,2018년 4월경 재해자가 이물질제거작업을 하던 중 적재되어있는 고철제거용 자석이 떨어져 깔려 사망,기타 설비(고철제거용 자석),폐기물 수거·선별 작업,『화물의 무게가 한쪽으로 치우쳐진 상태 등』 적재상태가 불량한 화물이 무너지면서 맞거나 깔림,"▶ 전도·낙하 방지를 위해 중량물 제거 후 작업
▶ 중량물 고정 실시 후 수리작업 실시"
2018-23-51-007,기타의사업,시설관리및사업지원서비스업,건물등의종합관리사업,2018년 4월경 옥상 주차장에서 재해자가 지붕 누수 확인을 위해 사다리로 올라가 작업을 하던 중 사다리 힌지 파손으로 7.7m 아래로 떨어져 사망,사다리(이동식/A형),사다리를 이용한 작업 또는 통행,『노후된 사다리의 유지·보수를 실시하지 않아』 구조물이 파손되어 떨어짐,"▶ 운전자는 작업 전 충분한 휴식을 취하고 운전 작업 실시
▶ 도로 상에서 운전 시 교통신호 등을 철저히 준수하여 운전 실시"
2018-23-51-008,기타의사업,기타의각종사업,건설업본사,2018년 5월경 소각장에서 배관 교체를 위해 사다리로 상부에 올라가 작업 후 내려오다가 9m 아래로 떨어져 사망,사다리(고정식),사다리를 이용한 작업 또는 통행,『사다리 위에 올라가 작업』하던 중 균형을 잃고 머리부터 바닥으로 떨어짐,"▶ 3.5m 미만 작업 시 A자형 사다리만 사용(2인1조)
▶ 아웃트리거 설치 및 안전대, 안전모 등 개인보호구 착용"
2018-23-51-009,기타의사업,도소매·음식·숙박업,도소매및소비자용품수리업,2017년 7월경 재해자가 리프트를 이용해 화물운반 작업을 하던 중 운반물(타이어)이 벽면 돌출부(파이프)에 걸리자 이를 제거하던 중 리프트 운반구와 함께 2.8m 아래로 떨어져 사망,리프트(일반작업용),리프트 관련 작업,"『설비에 안전장치가 설치되어 있지 않거나, 설치된 안전장치를 무력화한 상태』로 사용하던 중 말리거나 끼임","▶ 방호장치 작동불량 등 이상시 관리감독자 등에게 선보고 및 조치 후 작업 재개가 당연한 안전문화 구축　
▶ 작업 전 광전자식 방호장치 정상 여부 확인 "
2018-23-51-010,기타의사업,시설관리및사업지원서비스업,건물등의종합관리사업,2018년 6월경 아파르 펌프실에서 재해자가 사다리로 환풍기 수리작업 후 내려오다가 4.1m 아래로 떨어져 사망,사다리(이동식/A형),사다리를 이용한 작업 또는 통행,『사다리 위에 올라가 작업』하던 중 균형을 잃고 머리부터 바닥으로 떨어짐,"▶ 3.5m 미만 작업 시 A자형 사다리만 사용(2인1조)
▶ 아웃트리거 설치 및 안전대, 안전모 등 개인보호구 착용"
2018-23-51-012,기타의사업,시설관리및사업지원서비스업,위생및유사서비스업,2018년 11월경 오일탱크 청소작업을 위해 일반작업용리프트로 자재를 내리는 작업을 하던 중 장비가 걸려 제거하던 중 리프트가 떨어지면서 운반구 하단에 있던 재해자가 운반구에 맞아 사망,리프트(일반작업용),리프트 관련 작업,"『설비에 안전장치가 설치되어 있지 않거나, 설치된 안전장치를 무력화한 상태』로 사용하던 중 말리거나 끼임","▶ 방호장치 작동불량 등 이상시 관리감독자 등에게 선보고 및 조치 후 작업 재개가 당연한 안전문화 구축　
▶ 작업 전 광전자식 방호장치 정상 여부 확인 "
2018-23-51-013,기타의사업,시설관리및사업지원서비스업,위생및유사서비스업,2018년 10월경 옥상에서 재해자가 벽면 청소를 위해 사다리에서 작업을 하던 중 2.7m 아래로 떨어져 사망,사다리(이동식/A형),사다리를 이용한 작업 또는 통행,『사다리 위에 올라가 작업』하던 중 균형을 잃고 머리부터 바닥으로 떨어짐,"▶ 3.5m 미만 작업 시 A자형 사다리만 사용(2인1조)
▶ 아웃트리거 설치 및 안전대, 안전모 등 개인보호구 착용"
2018-24-11-001,제조업,기계기구·금속·비금속광물제품제조업,일반산업용기계장치제조업,"2018년 1월경 사업장에서 재해자가 동료와 함께 7층에서 리프트(2호기) 수리작업 후 사용한 공구를 1층으로 내리던 중, 옆 리프트(1호기)의 커플링에 재해자의 안전대가 말려 신체가 절단되어 사망",리프트(일반작업용),리프트 관련 작업,"『주변 설비의 움직임을 인지하지 못하거나, 안전거리를 확보하지 않고 작업』 하여 작동하는 설비에 부딪히거나, 말림·끼임","▶ 같은 장소에서 이루어지는 도급인과 수급인의 작업 혼재 시 재해 발생 예방을 위한 의사 전달 체계 수립
▶ 안전작업허가제도로 작업 전·중·후 안전확보 상태 지속 확인"
2018-24-11-002,제조업,화학및고무제품제조업,플라스틱가공제품제조업,2018년 2월경 OO사업장 사출성형 공정에서 재해자가 사출성형기 상부에 올라가 원료투입 작업 중 중심을 잃고 아래로 떨어져 사망,사출성형기,"설비 위, 지붕 등 높은 장소에서의 작업",『작업을 위해 밟고 있던 구조물이 파손되거나 균형을 잃기 쉬운 불안한 자세』로 작업하여 넘어지거나 떨어짐,"▶ 안전난간이 설치된 작업발판을 설치·사용
▶ 고소작업대 사용 또는 3.5m미만은 A자형 사다리 사용(2인1조) 관리
▶ 안전대 및 안전모 지급·착용 등 관리감독자 확인"
2018-24-11-003,제조업,기계기구·금속·비금속광물제품제조업,일반산업용기계장치제조업,2018년 3월경 무빙워크의 파렛트 일부를 제거한 상태에서 동료와 핸드레일 장력 조정 확인작업 중 개구부로 떨어져 파렛트와 트러스 내부 구조물 사이에 끼어 사망,분류 불가,비정형 작업(시운전),『작업을 위해 밟고 있던 구조물이 파손되거나 균형을 잃기 쉬운 불안한 자세』로 작업하여 넘어지거나 떨어짐,"▶ 안전난간이 설치된 작업발판을 설치·사용
▶ 고소작업대 사용 또는 3.5m미만은 A자형 사다리 사용(2인1조) 관리
▶ 안전대 및 안전모 지급·착용 등 관리감독자 확인"
2018-24-11-004,제조업,섬유및섬유제품제조업,표백및염색가공업,2018년 4월 섬유공장에서 재해자가 회수시설소각로 청소작업 중 폐기물 투입용 개폐장치의 문과 소각로 구조물 사이에 끼임,생산설비(소각열 회수시설/소각로)),비정형 작업(이물질 제거·청소),『설비를 정지시키지 않거나 전원을 차단하지 않은 상태』에서 정비·보수·청소 등의 작업을 하다가 끼이거나 말림,"▶ 설비 가동중 이물질 제거 등이 발생할 수 있는 생산작업을 분석하고 근원적 접근방지대책 수립
▶ 끼임재해 우려가 있어 가동정지 후 작업이 필요한 설비 목록화→LOTO(Lock Out,  Tag Out) 대상 확정·시행 
▶ 작업 절차에 대해 근로자 교육실시"
2018-24-11-005,제조업,화학및고무제품제조업,플라스틱가공제품제조업,2018년 5월경 OO사업장에서 재해자가 작업장 바닥에 고인 빗물을 제거하는 작업 중 건조기에서 누전된 전기에 감전되어 사망,생산설비(호퍼건조기),비정형 작업(이물질 제거·청소),"누전차단기 미설치, 접지 미실시 등으로 『설비에서 누설된 전류』에 감전","▶ 물기 또는 습기가 있는 장소 등 감전의 위험이 있는 기계기구에 접지 실시
▶ 이동형 또는 휴대형 전기기계에 누전차단기를 설치하여 감전위험 방지"
2018-24-11-006,농업,농업,축산업,2018년 5월경 OO농장 사료 배합장에서 로더 운전자가 집게를 상승시킨 상태에서 기울어진 설비를 바로잡기 위해 밀던 중 기울어진 설비가 완전히 넘어가면서 재해자를 덮쳐 사망,적재물(설비),건설기계를 사용하는 작업,『화물의 무게가 한쪽으로 치우쳐진 상태 등』 적재상태가 불량한 화물이 무너지면서 맞거나 깔림,"▶ 전도·낙하 방지를 위해 중량물 제거 후 작업
▶ 중량물 고정 실시 후 수리작업 실시"
2018-24-11-007,제조업,수제품및기타제품제조업,포류및기타피혁제품제조업,2018년 4월 가죽공장에서 재해자가 건조가 완료된 가죽제품을 일반작업용 리프트로 옮기기 위해 승강기 안전문(방호울)을 열고 진입하였으나 운반구가 해당 층에 도착하지 않아 운반구 상부로 떨어짐(약 6.2m),리프트(일반작업용),리프트 관련 작업,『리프트의 출입문(도어)을 해체한 상태』에서 점검 및 수리작업 중 출입금지조치가 되어있지 않은 개구부(승강로)로 떨어짐,"▶ 각층 출입문에 인터록장치 등 연동장치 설치
▶ 승강로 주변은 방호울 등으로 밀폐 조치"
2018-24-11-008,제조업,수제품및기타제품제조업,포류및기타피혁제품제조업,2018년 6월 가죽공장 이전현장에서 재해자가 지게차를 운전하여 신규공장으로 이동하던 중 내리막길에서 지게차의 브레이크 제동능력 상실로 도로변 옹벽을 들이받아 전복되는 지게차 프레임에 깔림,지게차,지게차를 사용하는 작업,『정기적으로 차량의 상태를 유지·관리 및 점검하지 않아』 제동장치가 작동하지 않아 사고 위험,"▶ 차량 작업에 대한 작업계획서를 작성하여 작업 계획에 따라 작업 실시
▶ 작업계획서에 차량 점검과 상태 유지에 관한 사항을 포함하여 관리 실시"
2018-84-51-002,기타의사업,도소매·음식·숙박업,도소매및소비자용품수리업,"2018년 9월경 재해자와 동료작업자가 화물자동차로 경사로를 이동하던 중 벽면에 충돌하여 2명 사상(사망 1명, 부상 1명)",화물운반트럭(카고트럭),차량을 이용한 작업,"작업차량이 『운행경로 상의 지형(급경사, 커브, 바닥의 요철, 지반 등) 또는 구조물』로 인해 떨어지거나 넘어지면서 그 아래 깔림","▶ 주·정차 시 불시 이동방지를 위한 브레이크, 고임목 체결 철저
▶ 작업장 내 바닥 평탄화 및 제한속도 준수
▶ 지게차 운전자격이 있는 지정자에 한해 운전 및 시동키 관리"
2018-24-11-010,제조업,목재및종이제품제조업,목재및나무제품제조업,2018년 7월 목재포장공장에서 재해자가 목재가공용 둥근톱기계로 합판을 재단하던 중 합판이 반달하면서 재해자의 복부를 가격,생산설비(목재가공용기계/둥근톱기계),가공 설비를 이용한 작업,"『설비에 안전장치가 설치되어 있지 않거나, 설치된 안전장치를 무력화한 상태』로 사용하던 중 말리거나 끼임","▶ 방호장치 작동불량 등 이상시 관리감독자 등에게 선보고 및 조치 후 작업 재개가 당연한 안전문화 구축　
▶ 작업 전 광전자식 방호장치 정상 여부 확인 "
2018-24-11-011,제조업,기계기구·금속·비금속광물제품제조업,건설용점토제품제조업,2018년 8월경 골재 야적장에서 재해자가 굴삭기를 운전하여 작업하던 중 골재 사면이 붕괴되면서 굴삭기를 덮쳐 사망,암석,채석장에서의 작업,"『사면에 붙어있던 암석(부석이나 전석)이 풍화 침식, 발파 진동 등에 의해 떨어지면서 굴러와』 작업자가 맞거나 그 아래 깔림","▶ 발파 시 안전한 피난장소 설치 및 사용
▶ 근로자 대피 확인 후 발파작업 실시
▶ 발파작업 후 일정시간 경과 후 발파장소 접근"
2018-24-11-012,제조업,기계기구·금속·비금속광물제품제조업,각종기계또는동부속품제조업,2018년 9월경 작업장에서 재해자가 파티션 분리 작업 중 붕괴된 ABS적재 톤백에 깔려 사망,적재물(톤백),상하차 작업 또는 적재된 화물,『화물의 무게가 한쪽으로 치우쳐진 상태 등』 적재상태가 불량한 화물이 무너지면서 맞거나 깔림,"▶ 전도·낙하 방지를 위해 중량물 제거 후 작업
▶ 중량물 고정 실시 후 수리작업 실시"
2018-24-11-013,제조업,화학및고무제품제조업,고무제품제조업,2018년 10월경 OO사업장 생산 공정에서 재해자가 지게차 포크를 이용하여 배관 설치 고소작업을 하던 중 아래로 떨여져 사망,지게차,지게차를 사용하는 작업,"지게차 포크, 파렛트, 굴삭기 버킷에 탑승하여 높은 장소로 승강하는 등 『설비를 주용도(하역운반장치) 외로 사용』하여 떨어짐","▶ 중량물 제작 작업 등 생산용도에 사용금지
▶ 전동교체 시 고소작업대 사용 및 운전석 외 탑승금지"
2018-24-51-001,기타의사업,국가및지방자치단체의사업,국가및지방자치단체의사업,2018년 1월경 도로에서 재해자가 청소를 하던 중 공사현장에서 떨어진 보조철물에 맞아 사망,분류 불가,작업장소 통행/이동,『이동동선 상부의 물체』가 떨어져 머리를 맞음,"▶ 위험장소 출입금지용 방책 설치
▶ 하역운반기계 출입문에 비상등·벨 설치
▶ 위험장소에 안전보건표지 부착"
2018-24-51-002,기타의사업,도소매·음식·숙박업,도소매및소비자용품수리업,2018년 3월경 재해자가 중량물 적재를 위해 지게차 작업을 하던 중 지게차가 컨테이너 옆 논밭으로 넘어지며 지게차에 깔려 사망,지게차,지게차를 사용하는 작업,"작업차량이 『운행경로 상의 지형(급경사, 커브, 바닥의 요철, 지반 등) 또는 구조물』로 인해 떨어지거나 넘어지면서 그 아래 깔림","▶ 주·정차 시 불시 이동방지를 위한 브레이크, 고임목 체결 철저
▶ 작업장 내 바닥 평탄화 및 제한속도 준수
▶ 지게차 운전자격이 있는 지정자에 한해 운전 및 시동키 관리"
2018-24-51-003,기타의사업,시설관리및사업지원서비스업,위생및유사서비스업,2018년 4월경 재해자가 컨베이어 모터 밸브 점검을 하기 위해 발판을 딛고 작업을 하던 중 4.1m 아래로 떨어져 사망,분류 불가,비정형 작업(점검),『작업을 위해 밟고 있던 구조물이 파손되거나 균형을 잃기 쉬운 불안한 자세』로 작업하여 넘어지거나 떨어짐,"▶ 안전난간이 설치된 작업발판을 설치·사용
▶ 고소작업대 사용 또는 3.5m미만은 A자형 사다리 사용(2인1조) 관리
▶ 안전대 및 안전모 지급·착용 등 관리감독자 확인"
2018-24-51-004,기타의사업,시설관리및사업지원서비스업,하수도업,2018년 4월경 재해자가 폐기물 투입구 내부를 점검하던 중 밸브가 열려 투입구 안으로 빨려 들어가 사망,자동화설비(쓰레기 자동집하시설<Auto Clean Net>),비정형 작업(점검),『설비를 정지시키지 않거나 전원을 차단하지 않은 상태』에서 정비·보수·청소 등의 작업을 하다가 끼이거나 말림,"▶ 설비 가동중 이물질 제거 등이 발생할 수 있는 생산작업을 분석하고 근원적 접근방지대책 수립
▶ 끼임재해 우려가 있어 가동정지 후 작업이 필요한 설비 목록화→LOTO(Lock Out,  Tag Out) 대상 확정·시행 
▶ 작업 절차에 대해 근로자 교육실시"
2018-24-51-005,기타의사업,도소매·음식·숙박업,도소매및소비자용품수리업,2018년 5월경 재해자가 중량물 이동을 위해 천장주행 크레인 작업을 하던 중 결속 밸트에서 중량물(2.8ton)이 이탈하며 재해자가 맞아 사망,줄걸이기구(섬유로프/슬링벨트),"크레인(천장주행, 갠트리, 지브 등) 사용 작업",『운반하는 화물에 적합하지 않은 줄걸이 기구』를 사용해 화물이 줄걸이에서 이탈해 떨어져 깔림,"▶ 최대 중량물 기준 안전율을 고려한 달기구 사용
▶ 자체제작 달기구 폐기 및 손상된 제품은 즉시 폐기"
2018-24-51-006,운수창고통신업,철도·항공·창고·운수관련서비스업,육상화물취급업,"2018년 4월경 아파트에서 재해자가 주인 없이 잠겨있는 집에 이삿짐을 운반 하려고, 현관문을 열기 위해 사다리차(이삿짐운반용 리프트) 운반구에 탑승하여 올라가던 중 레일과 연결된 운반구가 꺾이면서 5층 높이에서 떨어져 사망",기타 차량(사다리차/이삿짐운반용 차량),사다리차(이삿짐 운반용 차량) 사용 작업,"설비를 정기적으로 유지·관리 및 점검하지 않아 『설비의 주요 구조부분(용접부, 볼트 등)에 균열·변형·부식·마모·탈락 등이 발생』하여 재해발생 위험",▶ 설비·구조물 상태 정기적 점검 및 예방 관리
2018-24-51-007,기타의사업,도소매·음식·숙박업,도소매및소비자용품수리업,2018년 5월경 재해자가 중량물 운반을 위해 일반작업용리프트 작업을 하던 중 리프트가 작동하지 않아 리프트 운반구에 대차를 밀어 넣는 순간 리프트가 하강하여 운반구 상부에 끼여 사망,리프트(일반작업용),리프트 관련 작업,『설비를 정지시키지 않거나 전원을 차단하지 않은 상태』에서 정비·보수·청소 등의 작업을 하다가 끼이거나 말림,"▶ 설비 가동중 이물질 제거 등이 발생할 수 있는 생산작업을 분석하고 근원적 접근방지대책 수립
▶ 끼임재해 우려가 있어 가동정지 후 작업이 필요한 설비 목록화→LOTO(Lock Out,  Tag Out) 대상 확정·시행 
▶ 작업 절차에 대해 근로자 교육실시"
2018-24-51-008,기타의사업,도소매·음식·숙박업,도소매및소비자용품수리업,2018년 6월경 수거한 탄산가스통에 연결된 밸브를 제거하기 위해 드라이버로 밸브에 충격을 가하자 탄산가스통 내부의 가스가 분출되며서 날라가 재해자가의 머리를 가격해 사망,기타 설비(탄산가스통),용접·절단·사상 또는 도장 작업,"『설비 내부의 잔여 유·공압을 제거하지 않은 상태』에서 설비를 해체하여 구조물, 부속품 등이 튕겨나와 맞음","▶ 설비 점검 시 내부의 잔여 물질을 배출하여, 작업자에게 영향을 미치지 않도록 확인할 수 있는 근원적 위험방지대책 수립"
2018-24-51-009,기타의사업,시설관리및사업지원서비스업,사업서비스업,2018년 6월경 건조실에서 재해자가 중량물을 운반하기 위해 일반작업용리프트 운반구에 넣던 중 운반구 진입 통로 끝부분에서 2층에서 1층으로 떨어져 사망,분류 불가,리프트 관련 작업,『리프트의 출입문(도어)을 해체한 상태』에서 점검 및 수리작업 중 출입금지조치가 되어있지 않은 개구부(승강로)로 떨어짐,"▶ 각층 출입문에 인터록장치 등 연동장치 설치
▶ 승강로 주변은 방호울 등으로 밀폐 조치"
2018-24-51-010,기타의사업,도소매·음식·숙박업,도소매및소비자용품수리업,2018년 6월역 재해자가 환풍구 개구부에서 냉방기의 통신선 교체작업을 하던 중 20m 아래로 떨어져 사망,분류 불가,비정형 작업(정비·보수),『설비 구조물을 밟고 올라서거나 난간이 없는 작업대 위』에서 불안전한 자세로 작업하다 떨어짐,"▶ 추락위험구간에 안전난간 추가 설치
▶ 출하장소를 추락위험이 없는 장소로 위치 변경"
2018-92-51-001,기타의사업,시설관리및사업지원서비스업,위생및유사서비스업,"2017년 9월경 재해자가 중량물 운반을 위해 화물자동차로 이동 중, 경사로에서 정차하고 탑승하던 중 차량과 주택담장 사이에 끼어 사망",화물운반트럭(카고트럭),차량을 이용한 작업,"작업차량이 『운행경로 상의 지형(급경사, 커브, 바닥의 요철, 지반 등) 또는 구조물』로 인해 떨어지거나 넘어지면서 그 아래 깔림","▶ 주·정차 시 불시 이동방지를 위한 브레이크, 고임목 체결 철저
▶ 작업장 내 바닥 평탄화 및 제한속도 준수
▶ 지게차 운전자격이 있는 지정자에 한해 운전 및 시동키 관리"
2018-24-51-012,기타의사업,도소매·음식·숙박업,도소매및소비자용품수리업,2018년 7월경 재해자가 실외기 설치작업을 하던 중 옥상으로 올라가던 중 계단 측면으로 넘어져 3.8m 높이에서 떨어져 사망,분류 불가,작업장소 통행/이동,"『미끄러운 상태의 바닥(오일, 빙판 등)을 밟거나 바닥의 요철부』에 걸려 넘어지면서 머리를 부딪히거나 떨어짐","▶ 바닥에 존재하는 기름기 등 제거 조치
▶ 유분 비산을 방지하기 위한 가림판 설치"
2018-24-51-013,기타의사업,시설관리및사업지원서비스업,건물등의종합관리사업,2018년 8월경 상부의 조명 점검을 위해 올라가 확인하던 중 사다리에서 떨어져 사망,사다리(이동식/A형),사다리를 이용한 작업 또는 통행,『사다리 위에 올라가 작업』하던 중 균형을 잃고 머리부터 바닥으로 떨어짐,"▶ 3.5m 미만 작업 시 A자형 사다리만 사용(2인1조)
▶ 아웃트리거 설치 및 안전대, 안전모 등 개인보호구 착용"
2018-24-51-014,기타의사업,시설관리및사업지원서비스업,건물등의종합관리사업,2018년 8월경 전기실에서 재해자가 변압기 교체작업을 위해 건물 전원 차단 후 엘리베이터를 수동으로 작동시키기 위해 승강기 문을 강제로 열던 중 개구부로 떨어져 사망,분류 불가,리프트 관련 작업,『설비 구조물을 밟고 올라서거나 난간이 없는 작업대 위』에서 불안전한 자세로 작업하다 떨어짐,"▶ 추락위험구간에 안전난간 추가 설치
▶ 출하장소를 추락위험이 없는 장소로 위치 변경"
2018-24-51-015,기타의사업,도소매·음식·숙박업,도소매및소비자용품수리업,2018년 6월경 재해자가 목재 가공을 위해 공기압축기를 수공구로 점검하던 중 공기압축기가 폭발하여 탱크 및 모터에 맞아 사망,기타 설비(공기압축기),비정형 작업(점검),"『설비 내부의 잔여 유·공압을 제거하지 않은 상태』에서 설비를 해체하여 구조물, 부속품 등이 튕겨나와 맞음","▶ 설비 점검 시 내부의 잔여 물질을 배출하여, 작업자에게 영향을 미치지 않도록 확인할 수 있는 근원적 위험방지대책 수립"
2018-24-51-017,기타의사업,기타의각종사업,건설업본사,2018년 9월경 재해자가 조경작업을 위해 사다리에 올라가 작업을 확인하던 중 떨어져 사망,사다리(이동식/조경용),사다리를 이용한 작업 또는 통행,『사다리 위에 올라가 작업』하던 중 균형을 잃고 머리부터 바닥으로 떨어짐,"▶ 3.5m 미만 작업 시 A자형 사다리만 사용(2인1조)
▶ 아웃트리거 설치 및 안전대, 안전모 등 개인보호구 착용"
2018-24-51-018,기타의사업,시설관리및사업지원서비스업,건물등의종합관리사업,2018년 4월경 재해자가 내벽 작업을 하기 위해 이동식 사다리에 올라가 작업을 하던중 떨어져 사망,사다리(이동식/A형),사다리를 이용한 작업 또는 통행,『사다리 위에 올라가 작업』하던 중 균형을 잃고 머리부터 바닥으로 떨어짐,"▶ 3.5m 미만 작업 시 A자형 사다리만 사용(2인1조)
▶ 아웃트리거 설치 및 안전대, 안전모 등 개인보호구 착용"
2018-24-51-019,기타의사업,도소매·음식·숙박업,도소매및소비자용품수리업,2018년 11월경 재해자가 도금조 해체작업을 하기 위해 전동그라인더로 철판을 절단하던 중 폭발로 인해 철판에 맞아 사망,인화성물질,용접·절단·사상 또는 도장 작업,『위험물질을 파악 및 제거하지 않은 상태』에서 작업하여 화재·폭발·누출로 인한 재해발생 위험,"▶ 위험물질에 대한 MSDS 비치 및 근로자 교육
▶ 공급원재료의 종류, 공급되는 설비명 표시
▶ 가스검지 및 경보장치·긴급차단장치 및 방유제 설치"
2018-24-51-020,기타의사업,시설관리및사업지원서비스업,위생및유사서비스업,2018년 11월경 재해자가 후진하는 덤프트럭에 깔려 사망,화물운반트럭(덤프트럭),작업장소 통행/이동,『근로자와 작업차량 간 이동동선(통행로)를 구분하지 않은 상태』에서 근로자가 작업차량에 부딪히거나 깔림 또는 주변 구조물과 차량사이에 끼임,"▶ 주문량 증가로 제품 적재공간 확대에 따라 지게차 작업구역이 확대, 지게차 운행 구역과 근로자 작업장소를 별도로 구획 실시
▶ 지게차 이용 중량물 취급에 대한 작업계획서 작성(작업방법, 운행경로, 근로자와 지게차 혼재 작업 여부 등)
▶ 혼재 작업 시 작업지휘자 또는 유도자 배치"
2018-24-51-021,제조업,화학및고무제품제조업,플라스틱가공제품제조업,2018년 11월경 OO사업장 사출 공정에서 재해자가 금형 조정 작업 중 금형이 넘어지며 부딪혀 사망,적재물(금형),비정형 작업(점검),『매달아 올리거나 적재 상태가 불량한 물체』가 떨어지거나 무너지면서 맞거나 깔림,"▶ 주변의 중량물로 인한 깔림 방지를 위해 중량물 제거 후 작업
▶ 중량물 지지대 설치 후 수리·교체작업 실시"
2018-24-51-022,기타의사업,시설관리및사업지원서비스업,위생및유사서비스업,2018년 12월경 재해자가 컨베이어 안쪽 토사물 제거 중 밸트와 풀리 사이에 작업복이 말려 9.7m 아래로 떨어져 사망,컨베이어,비정형 작업(이물질 제거·청소),『설비를 정지시키지 않거나 전원을 차단하지 않은 상태』에서 정비·보수·청소 등의 작업을 하다가 끼이거나 말림,"▶ 설비 가동중 이물질 제거 등이 발생할 수 있는 생산작업을 분석하고 근원적 접근방지대책 수립
▶ 끼임재해 우려가 있어 가동정지 후 작업이 필요한 설비 목록화→LOTO(Lock Out,  Tag Out) 대상 확정·시행 
▶ 작업 절차에 대해 근로자 교육실시"
2018-24-51-023,운수창고통신업,철도·항공·창고·운수관련서비스업,창고업,"2018년 12월경 물류 창고 현장에서 재해자가 지게차를 이용하여 화물차에서 화물 하역작업 중, 지게차 포크가 결속된 상태에서 화물차가 전진 이동하여 지게차와 함께 넘어지며 바닥에 부딪혀 사망",지게차,지게차를 사용하는 작업,작업자 간 『작업 상황에 대해 의사소통을 하지 않고 작업』을 실시해 운반하는 물체에 부딪히거나 깔림 또는 주변 구조물과 운반하는 물체 사이에 끼임,"▶ 작업자 간 신호체계 통일 및 숙지 조치
▶ 중량물 취급 시 보조운반기구 사용"
2018-24-51-024,기타의사업,시설관리및사업지원서비스업,위생및유사서비스업,2018년 12월경 재해자가 중량물 이동 중 차량 적재함이 중량물(폐 전신주) 무게를 버티지 못하고 파손되면서 떨어지는 중량물(폐 전신주)에 깔려 사망,분류 불가,상하차 작업 또는 적재된 화물,"『과도한 힘(하중)으로 인해 설비, 재료 등이 파손·파단』되어 날라와 맞음","▶ 기계, 기구 등의 사용 시 정격하중을 확인하여, 적합한 기계, 기구를 선정하여 사용할 수 있는 절차 마련
▶ 설비 사용 전 점검을 실시하여 이상 시 적시에 조치 후 작업 실시"
2018-25-11-001,제조업,화학및고무제품제조업,플라스틱가공제품제조업,2018년 1월경 OO사업장 블로우 성형공정에서 재해자가 방호장치를 해제하고 사출성형기(블로우몰딩머신) 내부에서 작업 중 불시에 동작하는 설비 사이에 끼여 사망,사출성형기(블로우몰딩머신),비정형 작업(점검),"『설비에 안전장치가 설치되어 있지 않거나, 설치된 안전장치를 무력화한 상태』로 사용하던 중 말리거나 끼임","▶ 방호장치 작동불량 등 이상시 관리감독자 등에게 선보고 및 조치 후 작업 재개가 당연한 안전문화 구축　
▶ 작업 전 광전자식 방호장치 정상 여부 확인 "
2018-25-11-002,제조업,기계기구·금속·비금속광물제품제조업,코팅사업,2018년 2월경 작업장내에서 재해자가 롤러기계의 표면에 페인트가 흘러 내려 있는 것을 확인하고 이를 제거하기 위해 청소 작업 중 가동중인 롤러기계 사이에 손이 끼어 사망,생산설비(목재 도장용 코팅기),비정형 작업(이물질 제거·청소),『설비를 정지시키지 않거나 전원을 차단하지 않은 상태』에서 정비·보수·청소 등의 작업을 하다가 끼이거나 말림,"▶ 설비 가동중 이물질 제거 등이 발생할 수 있는 생산작업을 분석하고 근원적 접근방지대책 수립
▶ 끼임재해 우려가 있어 가동정지 후 작업이 필요한 설비 목록화→LOTO(Lock Out,  Tag Out) 대상 확정·시행 
▶ 작업 절차에 대해 근로자 교육실시"
2018-25-11-004,제조업,식료품제조업,기타식료품제조업,2018년 4월 식품공장 내 원료창고에서 재해자가 지게차에 올라 곡물을 옮기던 중 곡물의 종류를 확인하기 위하여 운전석과 마스트 사이 공간을 통하여 인양물을 확인하는 순간 신체 일부가 운전용 레버를 건드려 마스트와 헤드가드 프레임 사이에 끼임,지게차,지게차를 사용하는 작업,『설비를 정지시키지 않거나 전원을 차단하지 않은 상태』에서 정비·보수·청소 등의 작업을 하다가 끼이거나 말림,"▶ 설비 가동중 이물질 제거 등이 발생할 수 있는 생산작업을 분석하고 근원적 접근방지대책 수립
▶ 끼임재해 우려가 있어 가동정지 후 작업이 필요한 설비 목록화→LOTO(Lock Out,  Tag Out) 대상 확정·시행 
▶ 작업 절차에 대해 근로자 교육실시"
2018-25-11-005,제조업,기계기구·금속·비금속광물제품제조업,각종기계또는동부속품제조업,2018년 4월경 작업장에서 재해자가 건물 지붕에서 누수지점을 확인하던 중 옆 물류센터(재해발생 사업장과 인접한 사업장)지붕에 설치된 선라이트를 밟아 바닥으로 추락하여 사망,지붕·대들보(선라이트/채광창),"설비 위, 지붕 등 높은 장소에서의 작업",『작업을 위해 밟고 있던 구조물이 파손되거나 균형을 잃기 쉬운 불안한 자세』로 작업하여 넘어지거나 떨어짐,"▶ 안전난간이 설치된 작업발판을 설치·사용
▶ 고소작업대 사용 또는 3.5m미만은 A자형 사다리 사용(2인1조) 관리
▶ 안전대 및 안전모 지급·착용 등 관리감독자 확인"
2018-25-11-006,제조업,기계기구·금속·비금속광물제품제조업,건설용금속제품제조업,"2017년 6월경 작업장에서 재해자가 사각파이프 다발을 절단하던 중, 보조테이블의 높이 조절용 고임목이 갑자기 빠지면서 적재되어 있던 다발이 떨어지는 것을 재해자가 몸으로 막아보려 하였으나 무게를 이기지 못하고 사망",적재물(파이프다발),인력 운반 작업,무거운 물체를 운반하던 중 『바닥의 요철부』에 걸려 넘어지면서 떨어지거나 바닥에 머리가 부딪힘,"▶ 작업구간 바닥상태 평탄화 조치
▶ 폭 넓은 운반용구로 구입·변경 조치
▶ 이동통로 상 바닥에 이물질 등 제거 조치"
2018-25-11-007,제조업,기계기구·금속·비금속광물제품제조업,기타금속재료품제조업,2018년 5월경 작업장에서 재해자가 퇴근 전 정리를 위해 호퍼와 컨베이어 지지대 사이를 지나 고속분쇄기 설치정소로 몸을 트는 순간 고속분쇄기에서 원인 미상의 점화원에 의해 폭발로 화상입고 치료중 사망,분류 불가,위험물질 취급 또는 그 장소에서 수행하는 작업,"『작업장소에서 취급하는 위험물질 및 관리되지 않는 점화원(아크, 정전기 등)』으로 인해 화재·폭발","▶ 위험장소 주변 용접 및 사상작업 금지 등 점화원 관리
▶ 용접불티 비산방지덮개 또는 용접방화포 조치"
2018-25-51-001,기타의사업,시설관리및사업지원서비스업,위생및유사서비스업,2018년 1월경 재해자가 폐기물 선별작업을 위해 컨베이어 계단으로 올라가다 떨어져 사망,분류 불가,폐기물 수거·선별 작업,『설비를 밟고 올라 이동하거나 설비 사이를 뛰어넘어 이동』하다가 구조물에 다리가 걸려 넘어지거나 균형을 잃고 떨어짐,"▶ 추락위험구간에 안전난간 추가 설치
▶ 출하장소를 추락위험이 없는 장소로 위치 변경"
2018-25-51-003,기타의사업,시설관리및사업지원서비스업,위생및유사서비스업,2018년 5월경 재해자가 외벽청소를 위해 달비계 작업을 하던 중 로프가 끊어져 16m 아래로 떨어져 사망,달비계 로프,"설비 위, 지붕 등 높은 장소에서의 작업",『달비계 지지로프의 결속·파손 및 고정부 접속 상태를 확인하지 않은 상태』에서 안전대를 생명줄(수직 구명줄)에 체결하지 않아 떨어짐,"▶ 지붕 재질 확인 및 하중 분산용 작업발판 설치 후 작업
▶ 지붕 파손 대비 공장 내부에 추락방호망 설치
▶ 지붕 끝단부에 안전난간 설치"
2018-25-51-004,기타의사업,시설관리및사업지원서비스업,건물등의종합관리사업,2018년 5월경 재해자가 환풍기 교체작업을 하기 위해 지붕에 올라가서 작업하던 중 68m 아래로 떨어져 사망,분류 불가,"설비 위, 지붕 등 높은 장소에서의 작업",『안전난간의 설치상태가 불량하거나 없는 상태』에서 주변 구조물 또는 생명줄에 안전대를 체결하지 않아 떨어짐,"▶ 지붕 재질 확인 및 하중 분산용 작업발판 설치 후 작업
▶ 지붕 파손 대비 공장 내부에 추락방호망 설치
▶ 지붕 끝단부에 안전난간 설치"
2018-25-51-005,기타의사업,시설관리및사업지원서비스업,위생및유사서비스업,2018년 8월경 재해자가 물탱크 청소를 마치고 상부로 이동 중 6m 아래로 떨어져 사망,분류 불가,작업장소 통행/이동,『설비 구조물을 밟고 올라서거나 난간이 없는 작업대 위』에서 불안전한 자세로 작업하다 떨어짐,"▶ 추락위험구간에 안전난간 추가 설치
▶ 출하장소를 추락위험이 없는 장소로 위치 변경"
2018-25-51-007,운수창고통신업,통신업,통신업,"2018년 10월경 건물옥상에서 재해자가 통신 AS업무를 하던 중, 옥상의 경사진 지붕(샌드위치판넬)에서 발이 미끄러지며 약9m 아래로 추락하여 사망",분류 불가,"설비 위, 지붕 등 높은 장소에서의 작업",『안전난간의 설치상태가 불량하거나 없는 상태』에서 주변 구조물 또는 생명줄에 안전대를 체결하지 않아 떨어짐,"▶ 지붕 재질 확인 및 하중 분산용 작업발판 설치 후 작업
▶ 지붕 파손 대비 공장 내부에 추락방호망 설치
▶ 지붕 끝단부에 안전난간 설치"
2018-26-11-001,임업,임업,영림업,2018년 2월경 OO산에서 재해자가 벌목작업을 하던 중 벌도목이 넘어지면서 주변 수목에 부딪힌 후 대피하는 재해자 방향으로 쓰러지면서 깔려 사망,나무(벌도목),벌목·조재 작업,"『벌도목이 의도하지 않은 방향으로 쓰러지거나, 주변 장애물에 걸려』 작업자 방향으로 쓰러지면서 안면 또는 머리를 가격(부딪힘)","▶ 벌목 작업 시에는 사전에 대피장소를 정하여 작업 실시
▶ 충분한 안전거리를 확보하여, 다른 작업자와 동시에 작업 금지"
2019-26-51-001,기타의사업,시설관리및사업지원서비스업,위생및유사서비스업,2019년 1월경 경사로에서 재해자가 경사로( 약 3°)에 주차되어 있던 살수차에 끼여 사망,화물운반트럭(살수차),차량을 이용한 작업,"작업차량이 『운행경로 상의 지형(급경사, 커브, 바닥의 요철, 지반 등) 또는 구조물』로 인해 떨어지거나 넘어지면서 그 아래 깔림","▶ 주·정차 시 불시 이동방지를 위한 브레이크, 고임목 체결 철저
▶ 작업장 내 바닥 평탄화 및 제한속도 준수
▶ 지게차 운전자격이 있는 지정자에 한해 운전 및 시동키 관리"
2018-26-11-003,임업,임업,벌목업,2018년 3월경 OO산에서 재해자가 조재작업을 하던 중 동료작업자가 벌목한 벌도목에 머리를 맞아 사망,나무(벌도목),벌목·조재 작업,작업자 방향으로 『주변에서 작업하던 벌도목 또는 주변 수목에 걸려있던 벌도목』이 떨어(쓰러)지면서 작업자가 벌도목에 머리를 맞거나 그 아래 깔림,"▶ 벌목 작업 전 주변 나무에 걸려있는 나무를 확인하여 주변에서 작업 금지
▶ 충분한 안전거리를 확보하여, 다른 작업자와 동시에 작업 금지"
2018-26-11-004,제조업,화학및고무제품제조업,화학비료제조업,2018년 4월경 OO사업장 생산동 지붕에서 재해자가 지붕교체 작업 중 아래로 떨어져 사망,분류 불가,"설비 위, 지붕 등 높은 장소에서의 작업",『작업을 위해 밟고 있던 구조물이 파손되거나 균형을 잃기 쉬운 불안한 자세』로 작업하여 넘어지거나 떨어짐,"▶ 안전난간이 설치된 작업발판을 설치·사용
▶ 고소작업대 사용 또는 3.5m미만은 A자형 사다리 사용(2인1조) 관리
▶ 안전대 및 안전모 지급·착용 등 관리감독자 확인"
2018-26-11-005,제조업,수제품및기타제품제조업,기타각종제조업,2018년 7월 폐기물처리장에서 사업주가 굴삭기에 탑승하여 굴삭기 주변 고철 잔재물을 정리하던 중 굴삭기 근처에서 작업을 보조하던 재해자에게 고철 잔재물(약 4.5톤)이 떨어지면서 깔림,굴착기(백호우),건설기계를 사용하는 작업,『차량 작업 구역에 근로자 출입을 통제하지 않은 상태』에서 근로자가 작업차량 또는 운반하는 화물에 부딪히거나 깔림 또는 주변 구조물과 그 사이에 끼임,▶ 차량을 사용하는 작업하는 구역과 차량 이동 경로를 근로자 이동 통로와 구분 실시
2018-26-11-006,제조업,수제품및기타제품제조업,기타각종제조업,2018년 8월 폐차공장에서 철 스크랩 이물질 선별작업을 하던 재해자가 비철금속 수거함에 선별물품을 넣던 중 발생한 스파크로 인해 분진폭발 발생,인화성물질(금속분진),위험물질 취급 또는 그 장소에서 수행하는 작업,"『작업장소에서 취급하는 위험물질 및 관리되지 않는 점화원(아크, 정전기 등)』으로 인해 화재·폭발","▶ 위험장소 주변 용접 및 사상작업 금지 등 점화원 관리
▶ 용접불티 비산방지덮개 또는 용접방화포 조치"
2018-26-11-007,제조업,기계기구·금속·비금속광물제품제조업,판유리제조업,"2018년 8월경 물류창고에서 재해자와 동료가 화물을 지게차로 적재하던 중, 지게차 운전원이 판유리 한쪽에 걸려 있던 슬링벨트를 푸는 것을 잊고 후진시켜 유리판이 지게차 방향으로 넘어지면서 재해자를 덮쳐 사망",분류 불가,혼재작업(작업자-작업차량),근로자와 작업차량 간 『혼재작업 장소에서 근로자 이동과 작업차량 운행을 통제하지 않은 상태』에서 근로자가 작업차량에 부딪히나 깔림 또는 주변 구조물과 작업차량 사이에 끼임,"▶ 지게차 이용 중량물 취급에 대한 작업계획서 작성(작업방법, 운행경로, 근로자와 지게차 혼재 작업 여부 등)
▶ 혼재 작업 시 작업지휘자 또는 유도자 배치"
2018-26-11-008,제조업,수제품및기타제품제조업,기타각종제조업,2018년 10월 골재공장 내 야적장에서 재해자가 지붕천막 덧씌위기 작업을 위하여 지붕 위로 올라 이동하던 중 천막이 찢어지면서 떨어짐(약 7.2m),지붕·대들보(천막),작업장소 통행/이동,『설비를 밟고 올라 이동하거나 설비 사이를 뛰어넘어 이동』하다가 구조물에 다리가 걸려 넘어지거나 균형을 잃고 떨어짐,"▶ 추락위험구간에 안전난간 추가 설치
▶ 출하장소를 추락위험이 없는 장소로 위치 변경"
2020-31-51-001,기타의사업,기타의각종사업,개인및가사서비스업,"2020년 2월경 공원묘 내에서 재해자가 화물자동차(1톤)에 탑승하고 있던 중, 동료작업자가 바퀴에 설치된 고임목을 제거하는 순간 화물자동차가 고임목을 넘어 경사로(24º)로 직진하여 약 11m 아래로 떨어져 사망",화물운반트럭(카고트럭),차량을 이용한 작업,"작업차량이 『운행경로 상의 지형(급경사, 커브, 바닥의 요철, 지반 등) 또는 구조물』로 인해 떨어지거나 넘어지면서 그 아래 깔림","▶ 주·정차 시 불시 이동방지를 위한 브레이크, 고임목 체결 철저
▶ 작업장 내 바닥 평탄화 및 제한속도 준수
▶ 지게차 운전자격이 있는 지정자에 한해 운전 및 시동키 관리"
2018-26-51-002,기타의사업,도소매·음식·숙박업,음식및숙박업,2018년 3월경 재해자가 이륜자동차로 직진 하던 중 좌회전 신호를 받고 오는 버스와 부딪혀 사망,기타 차량(오토바이),도로에서의 자동차 운전,『본인 또는 타인의 교통법규 위반』으로 사고발생 위험,"▶ 운전자는 작업 전 충분한 휴식을 취하고 운전 작업 실시
▶ 도로 상에서 운전 시 교통신호 등을 철저히 준수하여 운전 실시"
2016-22-51-004,기타의사업,전문·보건·교육·여가관련서비스업,골프장및경마장운영업,"2016년 3월경 골프장내 카트 이동도로에서 재해자 2명이 카트를 운전하여 경사진 도로를 내려가던 중 카트가 전도되면서 1명 사망, 1명 부상",기타 차량(전동카트),차량을 이용한 작업,"작업차량이 『운행경로 상의 지형(급경사, 커브, 바닥의 요철, 지반 등) 또는 구조물』로 인해 떨어지거나 넘어지면서 그 아래 깔림","▶ 주·정차 시 불시 이동방지를 위한 브레이크, 고임목 체결 철저
▶ 작업장 내 바닥 평탄화 및 제한속도 준수
▶ 지게차 운전자격이 있는 지정자에 한해 운전 및 시동키 관리"
2017-31-51-001,기타의사업,전문·보건·교육·여가관련서비스업,골프장및경마장운영업,2017년 4월경 골프장에서 재해자가 전동카트에 탑승하여 이동하던 중 내리막길 커브에서 균형을 잃고 떨어져 사망,기타 차량(전동카트),차량을 이용한 작업,"작업차량이 『운행경로 상의 지형(급경사, 커브, 바닥의 요철, 지반 등) 또는 구조물』로 인해 떨어지거나 넘어지면서 그 아래 깔림","▶ 주·정차 시 불시 이동방지를 위한 브레이크, 고임목 체결 철저
▶ 작업장 내 바닥 평탄화 및 제한속도 준수
▶ 지게차 운전자격이 있는 지정자에 한해 운전 및 시동키 관리"
2018-26-51-005,기타의사업,시설관리및사업지원서비스업,위생및유사서비스업,2018년 9월경 재해자가 외벽청소를 하던 중 고정된 달비계가 풀리면서 15m 아래로 떨어져 사망,달비계 로프,"설비 위, 지붕 등 높은 장소에서의 작업",『달비계 지지로프의 결속·파손 및 고정부 접속 상태를 확인하지 않은 상태』에서 안전대를 생명줄(수직 구명줄)에 체결하지 않아 떨어짐,"▶ 지붕 재질 확인 및 하중 분산용 작업발판 설치 후 작업
▶ 지붕 파손 대비 공장 내부에 추락방호망 설치
▶ 지붕 끝단부에 안전난간 설치"
2018-31-11-001,제조업,기계기구·금속·비금속광물제품제조업,자동차및모터사이클수리업,2018년 3월경 정비공장에서 재해자가 대형트럭 수리작업 중 하강하는 캡과 차체(캡 슈)에 끼어 사망,화물운반트럭(카고트럭),비정형 작업(정비·보수),"『설비에 안전장치가 설치되어 있지 않거나, 설치된 안전장치를 무력화한 상태』로 사용하던 중 말리거나 끼임","▶ 방호장치 작동불량 등 이상시 관리감독자 등에게 선보고 및 조치 후 작업 재개가 당연한 안전문화 구축　
▶ 작업 전 광전자식 방호장치 정상 여부 확인 "
2018-31-11-002,제조업,화학및고무제품제조업,플라스틱가공제품제조업,2018년 11월경 OO사업장 탱크 제조공정에서 재해자가 탱크 내부에 접착제 도포 작업 중 체류된 인화성 증기에 의해 폭발이 발생하여 다수의 근로자가 사망,인화성물질,위험물질 취급 또는 그 장소에서 수행하는 작업,"『작업장소에서 취급하는 위험물질 및 관리되지 않는 점화원(아크, 정전기 등)』으로 인해 화재·폭발","▶ 위험장소 주변 용접 및 사상작업 금지 등 점화원 관리
▶ 용접불티 비산방지덮개 또는 용접방화포 조치"
2018-31-11-003,임업,임업,벌목업,2018년 12월경 OO산 벌목현장에서 재해자가 벌목작업을 하던 중 쓰러지는 벌도목에 맞아 사망,나무(벌도목),벌목·조재 작업,"『벌도목이 의도하지 않은 방향으로 쓰러지거나, 주변 장애물에 걸려』 작업자 방향으로 쓰러지면서 안면 또는 머리를 가격(부딪힘)","▶ 벌목 작업 시에는 사전에 대피장소를 정하여 작업 실시
▶ 충분한 안전거리를 확보하여, 다른 작업자와 동시에 작업 금지"
2018-31-51-002,기타의사업,시설관리및사업지원서비스업,사업서비스업,2018년 3월경 재해자가 형광등 교체를 위해 사다리에서 작업하던 중 떨어져 사망,사다리(이동식/A형),사다리를 이용한 작업 또는 통행,『사다리 위에 올라가 작업』하던 중 균형을 잃고 머리부터 바닥으로 떨어짐,"▶ 3.5m 미만 작업 시 A자형 사다리만 사용(2인1조)
▶ 아웃트리거 설치 및 안전대, 안전모 등 개인보호구 착용"
2018-31-51-005,운수창고통신업,육상및수상운수업,여객자동차운수업,"2018년 9월경 정비고에서 재해자가 차량 지붕 누수 보수작업 상황 확인을 위해 사다리(일자형)를 올라가던 중, 약 3.3m 높이에서 균형을 잃고 사다리와 함께 떨어져 사망",사다리(이동식/일자형),사다리를 이용한 작업 또는 통행,아웃트리거를 사용하지 않는 등 『사다리를 불안정하게 걸쳐놓은 상태』에서 이동(작업)하던 중 사다리가 넘어지면서 떨어짐,"▶ 3.5m 미만 작업 시 A자형 사다리만 사용(2인1조)
▶ 아웃트리거 설치 및 안전대, 안전모 등 개인보호구 착용"
2018-32-11-001,임업,임업,벌목업,2018년 2월경 OO산 벌목현장에서 이동하던 재해자가 동료작업자가 벌목한 벌도목에 머리를 맞아 사망,나무(벌도목),벌목·조재 작업,작업자 방향으로 『주변에서 작업하던 벌도목 또는 주변 수목에 걸려있던 벌도목』이 떨어(쓰러)지면서 작업자가 벌도목에 머리를 맞거나 그 아래 깔림,"▶ 벌목 작업 전 주변 나무에 걸려있는 나무를 확인하여 주변에서 작업 금지
▶ 충분한 안전거리를 확보하여, 다른 작업자와 동시에 작업 금지"
2018-32-11-002,제조업,식료품제조업,수산식료품제조업,2018년 4월 식품공장 내 폐수처리장에서 재해자가 A형 사다리에 올라 천장에 구조물(c형강)을 거는 작업을 하던 중 떨어짐,사다리(이동식/A형),사다리를 이용한 작업 또는 통행,『무겁거나 부피가 큰 물건을 들고 무리하게 사다리를 오르내려』 균형을 잃고 떨어짐,"▶ 사다리 시용금지 및 고소작업대 사용
▶ 중량물을 소분화하고 체인블럭 등 운반기구 사용하여 운반"
2018-32-11-003,임업,임업,벌목업,2018년 9월경 OO산 벌목현장에서 재해자가 벌목 후 기울어진 벌도목 아래로 이동하던 중 기울어진 벌도목이 완전히 쓰러지면서 재해자의 머리를 가격해 사망,나무(벌도목),벌목·조재 작업,"『벌도목이 의도하지 않은 방향으로 쓰러지거나, 주변 장애물에 걸려』 작업자 방향으로 쓰러지면서 안면 또는 머리를 가격(부딪힘)","▶ 벌목 작업 시에는 사전에 대피장소를 정하여 작업 실시
▶ 충분한 안전거리를 확보하여, 다른 작업자와 동시에 작업 금지"
2018-32-11-004,제조업,기계기구·금속·비금속광물제품제조업,각종기계또는동부속품제조업,2018년 10월경 사업장에서 재해자가 파손된 지붕을 수리 중 지붕위에 선라이트를 밟고 10m 아래로 떨어지면서 사망,지붕·대들보(선라이트/채광창),"설비 위, 지붕 등 높은 장소에서의 작업",『작업을 위해 밟고 있던 구조물이 파손되거나 균형을 잃기 쉬운 불안한 자세』로 작업하여 넘어지거나 떨어짐,"▶ 안전난간이 설치된 작업발판을 설치·사용
▶ 고소작업대 사용 또는 3.5m미만은 A자형 사다리 사용(2인1조) 관리
▶ 안전대 및 안전모 지급·착용 등 관리감독자 확인"
2018-32-51-001,운수창고통신업,철도·항공·창고·운수관련서비스업,철도·궤도운수업,2018년 2월경 철도역에서 재해자가 전철주 고압배전선로 피뢰기 교체작업 중 실족하여 약 9m아래로 떨어져 사망,분류 불가,"설비 위, 지붕 등 높은 장소에서의 작업",『안전난간의 설치상태가 불량하거나 없는 상태』에서 주변 구조물 또는 생명줄에 안전대를 체결하지 않아 떨어짐,"▶ 지붕 재질 확인 및 하중 분산용 작업발판 설치 후 작업
▶ 지붕 파손 대비 공장 내부에 추락방호망 설치
▶ 지붕 끝단부에 안전난간 설치"
2018-32-51-002,기타의사업,국가및지방자치단체의사업,국가및지방자치단체의사업,2018년 2월경 재해자가 벌목작업을 하던 중 벌도목에 맞아 사망,나무(벌도목),벌목·조재 작업,"『벌도목이 의도하지 않은 방향으로 쓰러지거나, 주변 장애물에 걸려』 작업자 방향으로 쓰러지면서 안면 또는 머리를 가격(부딪힘)","▶ 벌목 작업 시에는 사전에 대피장소를 정하여 작업 실시
▶ 충분한 안전거리를 확보하여, 다른 작업자와 동시에 작업 금지"
2018-41-11-001,제조업,기계기구·금속·비금속광물제품제조업,자동차부분품제조업,"2018년 1월경 사업장에서 재해자가 도금조를 점검하던 중 도금조(황산, 크롬산)에 빠져 전신화상을 입고 사망",분류 불가,비정형 작업(점검),『작업을 위해 밟고 있던 구조물이 파손되거나 균형을 잃기 쉬운 불안한 자세』로 작업하여 넘어지거나 떨어짐,"▶ 안전난간이 설치된 작업발판을 설치·사용
▶ 고소작업대 사용 또는 3.5m미만은 A자형 사다리 사용(2인1조) 관리
▶ 안전대 및 안전모 지급·착용 등 관리감독자 확인"
2018-41-11-002,제조업,기계기구·금속·비금속광물제품제조업,철강또는비철금속주물제조업,"2018년 4월경 사업장에서 지게차를 이용하여 화물을 이송하던 중, 화물이 벗어나면서 보행중이던 작업과 관계없는 재해자가 화물과 기둥 사이에 끼어 사망",지게차,작업장소 통행/이동,『화물의 무게가 한쪽으로 치우쳐진 상태 등』 적재상태가 불량한 화물이 무너지면서 맞거나 깔림,"▶ 전도·낙하 방지를 위해 중량물 제거 후 작업
▶ 중량물 고정 실시 후 수리작업 실시"
2018-41-11-003,제조업,기계기구·금속·비금속광물제품제조업,각종기계또는동부속품제조업,2015년 9월경 지하주차장에 화물차를 주차한 후 엘리베이터 유지보수작업에 필요한 부품과 자재를 화물차에 상하차 하던 중 기계식 주차설비 개구부로 동시에 떨어져 사망,분류 불가,작업장소 통행/이동,『리프트의 출입문(도어)을 해체한 상태』에서 점검 및 수리작업 중 출입금지조치가 되어있지 않은 개구부(승강로)로 떨어짐,"▶ 각층 출입문에 인터록장치 등 연동장치 설치
▶ 승강로 주변은 방호울 등으로 밀폐 조치"
2018-41-11-004,제조업,전기기계기구·정밀기구·전자제품제조업,일상생활용전기기계기구제조업,2014년 7월 전자부품제조공장에서 재해자가 2층 작업장 내 쓰레기를 일반작업용 리프트의 운반구에 올려 반출하는 작업을 하던 중 일반작업용 리프트가 작동하지 않아 운반구에 올라 확인하는 순간 운반구와 함께 1층으로 떨어짐,리프트(일반작업용),리프트 관련 작업,"설비를 정기적으로 유지·관리 및 점검하지 않아 『설비의 주요 구조부분(용접부, 볼트 등)에 균열·변형·부식·마모·탈락 등이 발생』하여 재해발생 위험",▶ 설비·구조물 상태 정기적 점검 및 예방 관리
2018-41-11-005,제조업,섬유및섬유제품제조업,의복및장신품등의제조업,2018년 5월 섬유공장에서 재해자가 일반작업용 리프트와 베란다 사이에 끼인 부직포심지를 빼던 중 운반구가 떨어지면서 운반구와 베란다 사이에 끼임,리프트(일반작업용),리프트 관련 작업,"설비를 정기적으로 유지·관리 및 점검하지 않아 『설비의 주요 구조부분(용접부, 볼트 등)에 균열·변형·부식·마모·탈락 등이 발생』하여 재해발생 위험",▶ 설비·구조물 상태 정기적 점검 및 예방 관리
2017-21-11-005,제조업,기계기구·금속·비금속광물제품제조업,철강또는비철금속주물제조업,2017년 6월경 주형틀에 주입작업을 위해 대기하던 재해자가 주입대야를 받치고 있던 주형틀 구조물이 무너지면서 약 5.85m 아래 피트로 떨어지고 흘러내린 용탕에 접촉되어 사망,적재물(주형틀),용해로를 이용한 작업,『매달아 올리거나 적재 상태가 불량한 물체』가 떨어지거나 무너지면서 맞거나 깔림,"▶ 주변의 중량물로 인한 깔림 방지를 위해 중량물 제거 후 작업
▶ 중량물 지지대 설치 후 수리·교체작업 실시"
2018-41-11-007,제조업,전기기계기구·정밀기구·전자제품제조업,이화학기계기구제조업,"2018년 6월 전자부품제조공장에서 재해자가 3층 창고에서 일반작업용 리프트를 호출했으나, 리프트의 운반구가 3층에 도착하지 않았으나 인지하지 못하고 운반구에 탑승하려는 순간 개구부로 빠져 2층 운반구 상부로 떨어짐(약 3.7m)",리프트(일반작업용),리프트 관련 작업,『리프트의 출입문(도어)을 해체한 상태』에서 점검 및 수리작업 중 출입금지조치가 되어있지 않은 개구부(승강로)로 떨어짐,"▶ 각층 출입문에 인터록장치 등 연동장치 설치
▶ 승강로 주변은 방호울 등으로 밀폐 조치"
2018-41-11-008,제조업,화학및고무제품제조업,화학비료제조업,2018년 6월경 OO사업장 혼합 공정에서 재해자가 혼합기 내부에서 점검 작업 중 동료 근로자가 혼합기를 가동하여 혼합기 날에 말려 사망,혼합기,비정형 작업(점검),『정비작업 중 작업자 외 근로자가 설비를 가동』하여 갑자기 작동된 설비에 말리거나 끼임,"▶ 생산 설비의 불시 가동을 방지하기 위한 LOTO(Lock Out_잠금장치, Tag Out_점검 중 꼬리표)제도 시행
▶ 관리감독자 확인 의무 부여"
2018-41-11-009,기타의사업,도소매·음식·숙박업,도소매및소비자용품수리업,2018년 7월경 재해자가 등유저장탱크를 산소절단기로 절단하던 중 탱크 내부 인화성 증기가 폭발하면서 화상을 입고 사망,인화성물질,용접·절단·사상 또는 도장 작업,『위험물질을 파악 및 제거하지 않은 상태』에서 작업하여 화재·폭발·누출로 인한 재해발생 위험,"▶ 위험물질에 대한 MSDS 비치 및 근로자 교육
▶ 공급원재료의 종류, 공급되는 설비명 표시
▶ 가스검지 및 경보장치·긴급차단장치 및 방유제 설치"
2018-41-11-010,광업,석회석·금속·비금속광업및기타광업,금속광업,2018년 8월경 OO현장에서 재해자가 약 22미터 지하에서 미니 굴삭기로 되메우기 작업을 하던 중 상부에서 낙하한 암석에 등을 맞고 치료하던 중 사망,굴착기(백호우),건설기계를 사용하는 작업,"『사면에 붙어있던 암석(부석이나 전석)이 풍화 침식, 발파 진동 등에 의해 떨어지면서 굴러와』 작업자가 맞거나 그 아래 깔림","▶ 발파 시 안전한 피난장소 설치 및 사용
▶ 근로자 대피 확인 후 발파작업 실시
▶ 발파작업 후 일정시간 경과 후 발파장소 접근"
2018-41-21-031,전기가스증기수도사업,전기가스증기수도사업,전기업,2018년 12월경 OO발전소에서 재해자가 컨베이어벨트를 점검하던 중 구동부에 머리가 끼어 사망,컨베이어,비정형 작업(점검),『설비를 정지시키지 않거나 전원을 차단하지 않은 상태』에서 정비·보수·청소 등의 작업을 하다가 끼이거나 말림,"▶ 설비 가동중 이물질 제거 등이 발생할 수 있는 생산작업을 분석하고 근원적 접근방지대책 수립
▶ 끼임재해 우려가 있어 가동정지 후 작업이 필요한 설비 목록화→LOTO(Lock Out,  Tag Out) 대상 확정·시행 
▶ 작업 절차에 대해 근로자 교육실시"
2018-41-42-001,제조업,화학및고무제품제조업,화약및성냥제조업,2018년 1월경 OO사업장 화약류 제조공정에서 재해자가 제조중인 화약을 운반하는 중 화재가 발생하여 화상을 입음,화학물질(화약),위험물질 취급 또는 그 장소에서 수행하는 작업,"『작업장소에서 취급하는 위험물질 및 관리되지 않는 점화원(아크, 정전기 등)』으로 인해 화재·폭발","▶ 위험장소 주변 용접 및 사상작업 금지 등 점화원 관리
▶ 용접불티 비산방지덮개 또는 용접방화포 조치"
2018-41-42-002,제조업,화학및고무제품제조업,도료제품또는유지가공제품제조업,2018년 4월경 OO사업장 반응공정에서 재해자가 반응기에 투입된 원료를 조정하는 작업 중 반응기 내부에서 화재가 발생하여 화상을 입음,인화성물질,위험물질 취급 또는 그 장소에서 수행하는 작업,"『작업장소에서 취급하는 위험물질 및 관리되지 않는 점화원(아크, 정전기 등)』으로 인해 화재·폭발","▶ 위험장소 주변 용접 및 사상작업 금지 등 점화원 관리
▶ 용접불티 비산방지덮개 또는 용접방화포 조치"
2018-41-42-004,제조업,화학및고무제품제조업,화약및성냥제조업,2018년 4월경 OO사업장 추진체 제조공정에서 재해자가 혼합기에 원료를 투입하는 중 내부에서 급격하게 화재가 발생하여 다수의 근로자가 사망,화학물질(추진체),위험물질 취급 또는 그 장소에서 수행하는 작업,"『작업장소에서 취급하는 위험물질 및 관리되지 않는 점화원(아크, 정전기 등)』으로 인해 화재·폭발","▶ 위험장소 주변 용접 및 사상작업 금지 등 점화원 관리
▶ 용접불티 비산방지덮개 또는 용접방화포 조치"
2018-41-42-005,제조업,화학및고무제품제조업,기타화학제품제조업,2018년 11월경 OO사업장 혼합공정에서 재해자가 인화성물질이 포함된 혼합기에 충진제를 투입하던 중 폭발 및 화재가 발생하여 사망,인화성물질,위험물질 취급 또는 그 장소에서 수행하는 작업,"『작업장소에서 취급하는 위험물질 및 관리되지 않는 점화원(아크, 정전기 등)』으로 인해 화재·폭발","▶ 위험장소 주변 용접 및 사상작업 금지 등 점화원 관리
▶ 용접불티 비산방지덮개 또는 용접방화포 조치"
2018-41-42-006,제조업,기계기구·금속·비금속광물제품제조업,철강또는비철금속주물제조업,2018년 12월경 작업장에서 용해로에 공급되는 액화석유가스(LPG)공급이 불시 차단되었다가 버너를 재점화하는 과정에서 역화(Flask Back)가 발생되어 배관부품이 파손되면서 LPG가 누출 화재 폭발 발생되었으며 이로 인해 인근 근로자 1명 사망 1명 화상 발생,인화성물질(LPG),위험물질 취급 또는 그 장소에서 수행하는 작업,"『작업장소에서 취급하는 위험물질 및 관리되지 않는 점화원(아크, 정전기 등)』으로 인해 화재·폭발","▶ 위험장소 주변 용접 및 사상작업 금지 등 점화원 관리
▶ 용접불티 비산방지덮개 또는 용접방화포 조치"
2018-41-51-001,기타의사업,기타의각종사업,건설업본사,"2018년 2월경 엘리베이터에서 재해자가 내부 핸드레일 설치를 위해 승강로 내부 중간 부에서 작업하던 중, 엘리베이터가 하강하여 재해자가 끼어 사망",엘리베이터,리프트 관련 작업,『설비를 정지시키지 않거나 전원을 차단하지 않은 상태』에서 정비·보수·청소 등의 작업을 하다가 끼이거나 말림,"▶ 설비 가동중 이물질 제거 등이 발생할 수 있는 생산작업을 분석하고 근원적 접근방지대책 수립
▶ 끼임재해 우려가 있어 가동정지 후 작업이 필요한 설비 목록화→LOTO(Lock Out,  Tag Out) 대상 확정·시행 
▶ 작업 절차에 대해 근로자 교육실시"
2018-41-51-002,기타의사업,도소매·음식·숙박업,도소매및소비자용품수리업,2018년 2월경 재해자가 중량물 상하차 작업을 위해 차량 적재함에서 작업 중 차량이 출발하여 재해자가 1.84m 아래로 떨어져 사망,화물운반트럭(카고트럭),상하차 작업 또는 적재된 화물,『적재된 제품·재료 또는 화물 적재함 위에 올라 작업』하던 중 균형을 잃고 떨어짐,"▶ 차량 상부작업 시 작업장소 상부에 안전대 걸이설비 설치·사용
▶ 적재함에 오르내리기 위한 설비 설치·사용
▶ 작업 시 안전대, 안전모 등 보호구 착용"
2018-41-51-003,기타의사업,도소매·음식·숙박업,도소매및소비자용품수리업,2018년 2월경 재해자가 지붕에 있는 계단에서 내려오던 중 2m 아래로 떨어져 사망,분류 불가,작업장소 통행/이동,무거운 물체를 운반하던 중 『바닥의 요철부』에 걸려 넘어지면서 떨어지거나 바닥에 머리가 부딪힘,"▶ 작업구간 바닥상태 평탄화 조치
▶ 폭 넓은 운반용구로 구입·변경 조치
▶ 이동통로 상 바닥에 이물질 등 제거 조치"
2016-32-51-003,기타의사업,전문·보건·교육·여가관련서비스업,보건및사회복지사업,2016년 11월경 OO병원 주차장에서 굴삭기를 이용해 나무심기 작업을 하던 재해자가 버킷에 나무를 매달아 올린 상태에서 그 아래로 들어가 나무뿌리에 붙은 흙을 제거하던 중 굴삭기 버킷이 떨어지면서 깔려 사망,굴착기(백호우),건설기계를 사용하는 작업,『핀 등을 이용해 작업장치의 연결부를 체결하지 않고 걸쳐놓은 상태』로 작업해 이탈한 작업장치에 맞거나 깔림,"▶ 기계기구의 운전시작 전에는 설비의 설치 상태, 방호장치 등을 점검
▶ 기계기구의 결함이 확인된 경우 관리자에게 알리고, 조치 전에는 사용을 금지하도록 규정 마련"
2018-41-51-005,기타의사업,기타의각종사업,각급사무소,2018년 5월경 재해자가 냉각탑 상부에 약품 투입을 하기 위해 작업을 하던 중 밟고있던 그레이팅의 지지대가 파괴되어 5.1m 아래로 떨어져 사망,분류 불가,"설비 위, 지붕 등 높은 장소에서의 작업",『작업을 위해 밟고 있던 구조물이 파손되거나 균형을 잃기 쉬운 불안한 자세』로 작업하여 넘어지거나 떨어짐,"▶ 안전난간이 설치된 작업발판을 설치·사용
▶ 고소작업대 사용 또는 3.5m미만은 A자형 사다리 사용(2인1조) 관리
▶ 안전대 및 안전모 지급·착용 등 관리감독자 확인"
2018-41-51-006,운수창고통신업,철도·항공·창고·운수관련서비스업,육상화물취급업,"2018년 8월경 물류운송 사업장 내에서 재해자가 화물 이송 컨베이어 하부의 바닥청소를 위해 하부에 들어가 청소작업 중, 컨베이어 누설전류에 감전되어 사망",컨베이어,비정형 작업(이물질 제거·청소),"누전차단기 미설치, 접지 미실시 등으로 『설비에서 누설된 전류』에 감전","▶ 물기 또는 습기가 있는 장소 등 감전의 위험이 있는 기계기구에 접지 실시
▶ 이동형 또는 휴대형 전기기계에 누전차단기를 설치하여 감전위험 방지"
2018-41-51-007,운수창고통신업,철도·항공·창고·운수관련서비스업,육상화물취급업,"2018년 10월경 물류운송 사업장 내에서 재해자가 상차가 완료된 화물 컨테이너의 후문을 닫고 잠그던 중, 상차 작업을 위해 후진하는 트레일러 뒷바퀴에 충돌·협착하여 사망",화물운반트럭(트레일러),혼재작업(작업자-작업차량),작업자 간 『작업 상황에 대해 의사소통을 하지 않고 작업』을 실시해 운반하는 물체에 부딪히거나 깔림 또는 주변 구조물과 운반하는 물체 사이에 끼임,"▶ 작업자 간 신호체계 통일 및 숙지 조치
▶ 중량물 취급 시 보조운반기구 사용"
2018-43-11-001,농업,농업,작물생산업,2017년 11월경 OO리 조경작업 현장에서 재해자가 이동식 사다리(A형)를 이용해 전지작업 후 내려오던 중 사다리가 넘어져 1.5미터 높이에서 떨어지면서 바닥에 머리를 부딪혀 사망,사다리(이동식/A형),사다리를 이용한 작업 또는 통행,『사다리 위에 올라가 작업』하던 중 균형을 잃고 머리부터 바닥으로 떨어짐,"▶ 3.5m 미만 작업 시 A자형 사다리만 사용(2인1조)
▶ 아웃트리거 설치 및 안전대, 안전모 등 개인보호구 착용"
2018-43-11-002,제조업,섬유및섬유제품제조업,기타섬유제품제조업,2018년 1월 섬유공장에서 야간작업에 투입된 재해자가 근처 프레스에서 이상소음이 확인되어 신체를 넣어 확인하던 중 이를 인지하지 못한 동료 근로자가 프레스를 작동시켜 끼임,생산설비(프레스),비정형 작업(점검),『설비를 정지시키지 않거나 전원을 차단하지 않은 상태』에서 정비·보수·청소 등의 작업을 하다가 끼이거나 말림,"▶ 설비 가동중 이물질 제거 등이 발생할 수 있는 생산작업을 분석하고 근원적 접근방지대책 수립
▶ 끼임재해 우려가 있어 가동정지 후 작업이 필요한 설비 목록화→LOTO(Lock Out,  Tag Out) 대상 확정·시행 
▶ 작업 절차에 대해 근로자 교육실시"
2018-43-11-003,제조업,전기기계기구·정밀기구·전자제품제조업,계측기또는시험기제조업,2018년 3월 정밀기구제조공장에서 재해자가 지게차를 운전하여 자재창고에서 조립동으로 이동하던 중 경사로에서 지게차가 멈추자 브레이크를 걸지 않은 상태에서 지게차를 점검하기 위해 하차하는 순간 밀려내려가는 지게차를 후면부에서 저지하다가 창고외벽과 지게차 사이에 끼임,지게차,지게차를 사용하는 작업,"작업차량이 『운행경로 상의 지형(급경사, 커브, 바닥의 요철, 지반 등) 또는 구조물』로 인해 떨어지거나 넘어지면서 그 아래 깔림","▶ 주·정차 시 불시 이동방지를 위한 브레이크, 고임목 체결 철저
▶ 작업장 내 바닥 평탄화 및 제한속도 준수
▶ 지게차 운전자격이 있는 지정자에 한해 운전 및 시동키 관리"
2018-43-11-004,제조업,화학및고무제품제조업,합성수지제조업,"2018년 4월경 OO사업장 스티로폼 제조공정에서 재해자가 발포성형 작업 후 충분한 냉각과정을 거치지 않고 덮개를 개방하여, 내부 압력으로 인해 작동한 레버에 맞아 사망",생산설비(발포성형기),위험물질 취급 또는 그 장소에서 수행하는 작업,"『작업장소에서 취급하는 위험물질 및 관리되지 않는 점화원(아크, 정전기 등)』으로 인해 화재·폭발","▶ 위험장소 주변 용접 및 사상작업 금지 등 점화원 관리
▶ 용접불티 비산방지덮개 또는 용접방화포 조치"
2018-43-11-005,제조업,기계기구·금속·비금속광물제품제조업,건설용금속제품제조업,2018년 5월경 사업장에 적재되어 있는 철구조물을 이동시키는 작업 중 무너지는 철구조물에 머리를 맞아 사망,운반물(철굴조물),인력 운반 작업,『화물의 무게가 한쪽으로 치우쳐진 상태 등』 적재상태가 불량한 화물이 무너지면서 맞거나 깔림,"▶ 전도·낙하 방지를 위해 중량물 제거 후 작업
▶ 중량물 고정 실시 후 수리작업 실시"
2018-43-11-006,제조업,기계기구·금속·비금속광물제품제조업,일반산업용기계장치제조업,"2018년 8월경 작업장에서 재해자가 냉각수조에 채워진 파유리를 배출하기 위해 맨홀 덮개를 개방하던 중, 고온수가 일시에 밖으로 쏟아져 재해자가 작업장 배수구에 빠져 화상을 입고 사망",고온물질(고온수),비정형 작업(이물질 제거·청소),"『설비에 안전장치가 설치되어 있지 않거나, 설치된 안전장치를 무력화한 상태』로 사용하던 중 말리거나 끼임","▶ 방호장치 작동불량 등 이상시 관리감독자 등에게 선보고 및 조치 후 작업 재개가 당연한 안전문화 구축　
▶ 작업 전 광전자식 방호장치 정상 여부 확인 "
2018-43-11-007,제조업,기계기구·금속·비금속광물제품제조업,철근콘크리트제품제조업,2018년 8월경 야적장에서 천정크레인을 이용하여 자재 하역 운반작업 중 재해자 옆에 쌓아 올린 콘크리트 부재 4단이 넘어지면서 재해자가 깔려 사망,크레인(천장주행크레인),"크레인(천장주행, 갠트리, 지브 등) 사용 작업",운반하는 물체 또는 주변 구조물 등에 의해 『설비 조작자의 시야가 확보되지 않은 상태에서 운반』하여 다른 구조물에 부딪히거나 그 사이에 끼임,"▶ 이송방향 전면에서 조작 및 시야 확보가 가능한 정도의 물량 운반
▶ 신호수를 배치하여 신호에 따라 운반작업 실시"
2018-43-11-008,제조업,기계기구·금속·비금속광물제품제조업,자동차부분품제조업,2018년 10월경 재해자가 융착공정에 문제가 있어 해당 설비를 점검하던 중 융착기 상부 유닛이 갑자기 하강하여 하부 안착 지그 사이에 끼어 사망,생산설비(융착기),비정형 작업(점검),『작업을 위해 밟고 있던 구조물이 파손되거나 균형을 잃기 쉬운 불안한 자세』로 작업하여 넘어지거나 떨어짐,"▶ 안전난간이 설치된 작업발판을 설치·사용
▶ 고소작업대 사용 또는 3.5m미만은 A자형 사다리 사용(2인1조) 관리
▶ 안전대 및 안전모 지급·착용 등 관리감독자 확인"
2018-43-11-009,제조업,화학및고무제품제조업,플라스틱가공제품제조업,2018년 11월경 OO사업장 시트지 제조공정에서 재해자가 설비 내부에서 이탈된 제품을 수정하는 작업 중 설비에 끼여 사망,생산설비(롤러),비정형 작업(점검),『설비를 정지시키지 않거나 전원을 차단하지 않은 상태』에서 정비·보수·청소 등의 작업을 하다가 끼이거나 말림,"▶ 설비 가동중 이물질 제거 등이 발생할 수 있는 생산작업을 분석하고 근원적 접근방지대책 수립
▶ 끼임재해 우려가 있어 가동정지 후 작업이 필요한 설비 목록화→LOTO(Lock Out,  Tag Out) 대상 확정·시행 
▶ 작업 절차에 대해 근로자 교육실시"
2020-99-11-010,기타의사업,전문·보건·교육·여가관련서비스업,기타과학기술서비스업,"2020년 11월경 산소공장에서 재해자 3명이 차단밸브 조작 작업을 하던 중에, 고압(약 22kgf/cm2) 산소배관 차단밸브(볼밸브)를 여는(open) 과정에서 화재가 발생하여 폭발적으로 연소하면서 작업중이던 재해자 3명 사망",화학물질(고압 산소),위험물질 취급 또는 그 장소에서 수행하는 작업,"『작업장소에서 취급하는 위험물질 및 관리되지 않는 점화원(아크, 정전기 등)』으로 인해 화재·폭발","▶ 위험장소 주변 용접 및 사상작업 금지 등 점화원 관리
▶ 용접불티 비산방지덮개 또는 용접방화포 조치"
2018-43-11-012,제조업,식료품제조업,빵및과자류제조업,2018년 12월 식품가공공자에서 재해자가 포장공정 내 롤러 컨베이어의 모터를 수리하기 위하여 가동 중인 산업용로봇 방책 안으로 진입 후 수리작업을 하던 중 산업용 로봇 작동부와 롤러 컨베이어 사이에 끼임,산업용로봇,비정형 작업(정비·보수),『설비를 정지시키지 않거나 전원을 차단하지 않은 상태』에서 정비·보수·청소 등의 작업을 하다가 끼이거나 말림,"▶ 설비 가동중 이물질 제거 등이 발생할 수 있는 생산작업을 분석하고 근원적 접근방지대책 수립
▶ 끼임재해 우려가 있어 가동정지 후 작업이 필요한 설비 목록화→LOTO(Lock Out,  Tag Out) 대상 확정·시행 
▶ 작업 절차에 대해 근로자 교육실시"
2018-43-21-015,제조업,기계기구·금속·비금속광물제품제조업,일반산업용기계장치제조업,2018년 9월경 갠트리크레인의 노후화된 전기설배를 교체하기 위해 횡행트롤리선 레일을 배열하던 중 몸의 중심을 잃고 11m 바닥으로 떨어져 사망,크레인(갠트리크레인),"설비 위, 지붕 등 높은 장소에서의 작업",『작업을 위해 밟고 있던 구조물이 파손되거나 균형을 잃기 쉬운 불안한 자세』로 작업하여 넘어지거나 떨어짐,"▶ 안전난간이 설치된 작업발판을 설치·사용
▶ 고소작업대 사용 또는 3.5m미만은 A자형 사다리 사용(2인1조) 관리
▶ 안전대 및 안전모 지급·착용 등 관리감독자 확인"
2018-43-51-002,기타의사업,도소매·음식·숙박업,도소매및소비자용품수리업,2018년 5월경 재해자가 중량물을 운반하기 위해 천장주행 크레인 작업을 하던 중 크레인에 매달린 중량물과 주변 적재물 사이에 끼어 사망,크레인(천장주행크레인),"크레인(천장주행, 갠트리, 지브 등) 사용 작업",운반하는 물체 또는 주변 구조물 등에 의해 『설비 조작자의 시야가 확보되지 않은 상태에서 운반』하여 다른 구조물에 부딪히거나 그 사이에 끼임,"▶ 이송방향 전면에서 조작 및 시야 확보가 가능한 정도의 물량 운반
▶ 신호수를 배치하여 신호에 따라 운반작업 실시"
2018-43-51-003,제조업,전기기계기구·정밀기구·전자제품제조업,전자관또는반도체소자제조업,2018년 10월 반도체 공장에서 기중기를 이용하여 5층 반입구에 있는 설비를 반출하는 작업을 하던 중 인양 중인 설비(약 23.5톤)가 지면으로 떨어지면서 하부에서 작업 중이던 근로자 2명 사상,건설기계(기중기),"이동식 크레인(카고 크레인, 집게차)을 사용한 작업",『운반하는 물체의 이동경로에 근로자의 출입을 통제하지 않아』 부딪히거나 주변 구조물과 운반물 사이에 끼임,"▶ 지게차 이용 중량물 취급에 대한 작업계획서 작성(작업방법, 운행경로, 근로자와 지게차 혼재 작업 여부 등)
▶ 혼재 작업 시 작업지휘자 또는 유도자 배치"
2018-43-51-004,제조업,금속제련업,비철금속의제련또는정련업,"2018년 11월경 집진덕트 내부에서 재해자가 청소작업을 단독으로 실시하던 중, 피트로 추락한 상태를 동료가 발견하고 병원으로 후송하였으나 사망",분류 불가,"설비 위, 지붕 등 높은 장소에서의 작업",『작업을 위해 밟고 있던 구조물이 파손되거나 균형을 잃기 쉬운 불안한 자세』로 작업하여 넘어지거나 떨어짐,"▶ 안전난간이 설치된 작업발판을 설치·사용
▶ 고소작업대 사용 또는 3.5m미만은 A자형 사다리 사용(2인1조) 관리
▶ 안전대 및 안전모 지급·착용 등 관리감독자 확인"
2018-51-11-001,제조업,목재및종이제품제조업,지류제조업,2018년 1월 제지공장에서 일반작업용 리프트 하부 피트 내 승강기 구동모터 교체작업을 하던 재해자가 모터를 들어내는 순간 고정기능이 해제된 운반구가 떨어져 깔림,리프트(일반작업용),리프트 관련 작업,"『들어올린 설비의 고정상태 불량, 안전블록·지지대 미설치』로 설비 하부에서 작업 중 갑자기 설비가 내려앉아 끼이거나 깔림","▶ 중량물 이동방지용 지지대 추가 설치
▶ 갑작스런 이동방지를 위한 중량물 위치 변경
▶ 낙하물에 대비한 방망 또는 울 설치후 작업"
2018-51-11-002,제조업,전기기계기구·정밀기구·전자제품제조업,일상생활용전기기계기구제조업,2017년 1월 전기기기제조공장에서 재해자가 지게차 포크에 파렛트를 끼우고 그 위에 올라 건물 외벽 샌드위치 판넬 지지용 각관 제거작업을 하던 중 떨어짐,지게차,지게차를 사용하는 작업,"지게차 포크, 파렛트, 굴삭기 버킷에 탑승하여 높은 장소로 승강하는 등 『설비를 주용도(하역운반장치) 외로 사용』하여 떨어짐","▶ 중량물 제작 작업 등 생산용도에 사용금지
▶ 전동교체 시 고소작업대 사용 및 운전석 외 탑승금지"
2018-51-11-003,제조업,섬유및섬유제품제조업,기타섬유제품제조업,"2018년 1월 섬유공장 코팅공정에서 작업 중이던 재해자의 발이 근처에 놓인 이동용 믹서드릴의 전선에 걸려 넘어지면서 인근 메틸에톤케톤(MEK, 인화성 물질) 보관용기를 건드려 바닥에 쏟아진 MEK 로 인한 화재",인화성물질(메틸에틸케톤/MEK),위험물질 취급 또는 그 장소에서 수행하는 작업,"『작업장소에서 취급하는 위험물질 및 관리되지 않는 점화원(아크, 정전기 등)』으로 인해 화재·폭발","▶ 위험장소 주변 용접 및 사상작업 금지 등 점화원 관리
▶ 용접불티 비산방지덮개 또는 용접방화포 조치"
2018-51-11-004,제조업,기계기구·금속·비금속광물제품제조업,철근콘크리트제품제조업,2018년 2월경 사업장에서 작업장과 방호벽 사이 통로를 지나가던 재해자가 인장작업중 빠진 강선에 옆구리를 강타당해 사망,가공물(강선),작업장소 통행/이동,"『이동동선 주변에 방치된 물체, 구조물 등』을 인지하지 못하고 이동하다가 부딪히거나 떨어짐","▶ 위험장소 출입금지용 방책 설치
▶ 하역운반기계 출입문에 비상등·벨 설치
▶ 위험장소에 안전보건표지 부착"
2018-51-11-005,제조업,수제품및기타제품제조업,기타각종제조업,2018년 3월 아스콘공장에서 재해자가 골재를 콜드빈에 야적하기 위해 로더에 탑승하여 작업하던 중 이동경로 측면 경사로로 떨어짐(약 13m),건설기계(로더),건설기계를 사용하는 작업,"작업차량이 『운행경로 상의 지형(급경사, 커브, 바닥의 요철, 지반 등) 또는 구조물』로 인해 떨어지거나 넘어지면서 그 아래 깔림","▶ 주·정차 시 불시 이동방지를 위한 브레이크, 고임목 체결 철저
▶ 작업장 내 바닥 평탄화 및 제한속도 준수
▶ 지게차 운전자격이 있는 지정자에 한해 운전 및 시동키 관리"
2018-51-11-006,제조업,수제품및기타제품제조업,기타각종제조업,"2018년 3월 알루미늄 제품 제조공장 내 알루미늄 필름 접착 공정에서 사용하는 경화제 등 인화성물질에서 발생한 증기와 정전기 방전에너지로 인한 화재가 발생하여 사망1명, 부상 1명",인화성물질(경화제),위험물질 취급 또는 그 장소에서 수행하는 작업,"『작업장소에서 취급하는 위험물질 및 관리되지 않는 점화원(아크, 정전기 등)』으로 인해 화재·폭발","▶ 위험장소 주변 용접 및 사상작업 금지 등 점화원 관리
▶ 용접불티 비산방지덮개 또는 용접방화포 조치"
2018-51-11-007,제조업,기계기구·금속·비금속광물제품제조업,건설용금속제품제조업,2018년 4월경 사업장에서 스키드(코일을 올려 놓는 적재대)에 적재된 코일을 조관기로 투입하기 위해 재해자가 천장주행크레인을 이용해 코일 위치를 바꾸던 중 코일이 넘어져 재해자가 코일 아래 깔려 사망,크레인(천장주행크레인),"크레인(천장주행, 갠트리, 지브 등) 사용 작업",『매달아 올리거나 적재 상태가 불량한 물체』가 떨어지거나 무너지면서 맞거나 깔림,"▶ 주변의 중량물로 인한 깔림 방지를 위해 중량물 제거 후 작업
▶ 중량물 지지대 설치 후 수리·교체작업 실시"
2020-99-51-002,기타의사업,전문·보건·교육·여가관련서비스업,연구및개발사업,"2019년 11월경 추진연소실험실에서 유량조절밸브의 성능확인실험을 위해 젤 추진제 충전탱크에 내부 압력을 가하는 순간, 탱크 내부에서 폭발이 발생하여 1명 사망, 5명 부상",인화성물질,위험물질 취급 또는 그 장소에서 수행하는 작업,"『작업장소에서 취급하는 위험물질 및 관리되지 않는 점화원(아크, 정전기 등)』으로 인해 화재·폭발","▶ 위험장소 주변 용접 및 사상작업 금지 등 점화원 관리
▶ 용접불티 비산방지덮개 또는 용접방화포 조치"
2018-51-11-009,제조업,기계기구·금속·비금속광물제품제조업,일반산업용기계장치제조업,2018년 4월경 야적장에서 재해자가 동료와 함께 물탱크 해체 작업을 하던 중 해체된 부재를 옆 물탱크 벽면에 기대놓고 맞은편에서 용단작업을 하다가 편심으로 넘어진 철판에 머리를 맞고 사망,구조물(철판),용접·절단·사상 또는 도장 작업,『매달아 올리거나 적재 상태가 불량한 물체』가 떨어지거나 무너지면서 맞거나 깔림,"▶ 주변의 중량물로 인한 깔림 방지를 위해 중량물 제거 후 작업
▶ 중량물 지지대 설치 후 수리·교체작업 실시"
2018-51-11-010,제조업,기계기구·금속·비금속광물제품제조업,건설용금속제품제조업,2018년 4월경 재해자가 강판 다발을 크레인으로 운반하던 중 강판 일부가 재해자쪽으로 떨어져 이를 피하려다 뒤로 넘어지면서 머리를 바닥에 부딪혀 사망,운반물(강판 다발),"크레인(천장주행, 갠트리, 지브 등) 사용 작업",『화물의 무게가 한쪽으로 치우쳐진 상태 등』 적재상태가 불량한 화물이 무너지면서 맞거나 깔림,"▶ 전도·낙하 방지를 위해 중량물 제거 후 작업
▶ 중량물 고정 실시 후 수리작업 실시"
2018-51-11-011,제조업,기계기구·금속·비금속광물제품제조업,선재제품제조업,2018년 5월경 작업장에서 재해자가 지게차 포크에 걸린 선재보빈기를 크레인 후크에 걸어 뺴내는 작업을 하던 중 크레인 작동이 멈추자 크레인 상부에 올라가 조치하고 내려오다 바닥으로 추락하여 사망,사다리(고정식),사다리를 이용한 작업 또는 통행,『작업을 위해 밟고 있던 구조물이 파손되거나 균형을 잃기 쉬운 불안한 자세』로 작업하여 넘어지거나 떨어짐,"▶ 안전난간이 설치된 작업발판을 설치·사용
▶ 고소작업대 사용 또는 3.5m미만은 A자형 사다리 사용(2인1조) 관리
▶ 안전대 및 안전모 지급·착용 등 관리감독자 확인"
2018-51-11-013,제조업,기계기구·금속·비금속광물제품제조업,건설용금속제품제조업,"2018년 7월경 공장동에서 용접작업을 하던 재해자와 동료작업자가 H-Beam 사이에서 H-Beam을 들어올려 뒤집던 중 H-Beam이 작업자 방향으로 움직이면서 H-Beam 사이에 끼어 2명 사상(1명 사망, 1명 부상)",운반물(H빔),"크레인(천장주행, 갠트리, 지브 등) 사용 작업",『운반하는 화물의 형태에 적합하지 않은 줄걸이 방법을 사용』하여 화물의 균형이 맞지 않은 상태에서 무리하게 인양하다가 화물이 떨어지면서 부딪히거나 그 아래 깔림,"▶ 섬유슬링 벨트 폐기(관리) 기준을 마련하여 중량물 취급 작업계획서에 포함
▶ 폐기조건 발생 시 근로자가 자발적으로 점검하여 즉시 폐기 요청 할 수 있는 사내 안전문화 정착"
2019-81-51-006,운수창고통신업,철도·항공·창고·운수관련서비스업,항만내의육상하역업,"2019년 12월경 항만 내에서 재해자가 컨테이너의 봉인번호 확인을 위해 2기의 컨테이너 사이에서 확인작업을 하던 중, 스트래들 캐리어가 앞쪽 컨테이너상부와 충돌하여로 두 컨테이너 사이에 끼어서 사망",분류 불가,상하차 작업 또는 적재된 화물,작업자 간 『작업 상황에 대해 의사소통을 하지 않고 작업』을 실시해 운반하는 물체에 부딪히거나 깔림 또는 주변 구조물과 운반하는 물체 사이에 끼임,"▶ 작업자 간 신호체계 통일 및 숙지 조치
▶ 중량물 취급 시 보조운반기구 사용"
2018-51-11-015,광업,석회석·금속·비금속광업및기타광업,쇄석채취업,2018년 7월경 OO사업장 원석 채취 현장에서 재해자가 굴삭기에 장착된 브레이커(쁘레카)로 원석 분할작업을 하던 중 굴삭기 측면 상부에 있던 바위가 무너지면서 굴러와 운전석을 덮쳐 사망,굴착기(백호우),채석장에서의 작업,"『사면에 붙어있던 암석(부석이나 전석)이 풍화 침식, 발파 진동 등에 의해 떨어지면서 굴러와』 작업자가 맞거나 그 아래 깔림","▶ 발파 시 안전한 피난장소 설치 및 사용
▶ 근로자 대피 확인 후 발파작업 실시
▶ 발파작업 후 일정시간 경과 후 발파장소 접근"
2018-51-11-016,제조업,목재및종이제품제조업,지류제조업,2018년 7월 제지공장 내 조약공정에서 재해자가 첨가되는 약품을 변경하기 위하여 교반탱크 내로 진입하여 청소작업을 하던 중 갑자기 교반기가 작동하면서 임펠러(회전날개)와 교반기 몸체 사이에 끼임,혼합기(교반기),비정형 작업(이물질 제거·청소),『설비를 정지시키지 않거나 전원을 차단하지 않은 상태』에서 정비·보수·청소 등의 작업을 하다가 끼이거나 말림,"▶ 설비 가동중 이물질 제거 등이 발생할 수 있는 생산작업을 분석하고 근원적 접근방지대책 수립
▶ 끼임재해 우려가 있어 가동정지 후 작업이 필요한 설비 목록화→LOTO(Lock Out,  Tag Out) 대상 확정·시행 
▶ 작업 절차에 대해 근로자 교육실시"
2018-51-11-017,임업,임업,영림업,2018년 8월경 OO리 조림지 풀베기작업 현장에서 재해자가 예초기를 이용해 작업 중 벌을 피하려다 넘어지면서 예초기 절단날에 맞아 머리에 상해를 입고 사망,기타 설비(예초기),조경·제초작업,『작업장소 인근 독충·독사·벌·진드기』등에 물릴 위험,"▶ 작업 시 긴소매, 긴바지의 작업복을 착용하여 작업 실시
▶ 작업 시작 전 주변의 위험요소를 확인 후 위험요인을 제거 후 작업 실시"
2018-51-11-018,제조업,섬유및섬유제품제조업,기타섬유제품제조업,2018년 8월 섬유공장에서 재해자가 면 분리기에 설치된 이송덕트가 막힌 것을 발견하여 이동식 사다리(일자형)에 올라 막힌부분을 뚫던 중 떨어짐,사다리(이동식/일자형),사다리를 이용한 작업 또는 통행,『사다리 위에 올라가 작업』하던 중 균형을 잃고 머리부터 바닥으로 떨어짐,"▶ 3.5m 미만 작업 시 A자형 사다리만 사용(2인1조)
▶ 아웃트리거 설치 및 안전대, 안전모 등 개인보호구 착용"
2018-51-11-019,제조업,화학및고무제품제조업,플라스틱가공제품제조업,2018년 10월경 OO사업장 압출 공정에서 재해자가 압출 성형기에 폐비닐을 투입하기 위해 작업대 위에 올라가서 작업 지시를 하던 중 아래로 떨어져 사망,분류 불가,"설비 위, 지붕 등 높은 장소에서의 작업",『작업을 위해 밟고 있던 구조물이 파손되거나 균형을 잃기 쉬운 불안한 자세』로 작업하여 넘어지거나 떨어짐,"▶ 안전난간이 설치된 작업발판을 설치·사용
▶ 고소작업대 사용 또는 3.5m미만은 A자형 사다리 사용(2인1조) 관리
▶ 안전대 및 안전모 지급·착용 등 관리감독자 확인"
2018-51-11-020,제조업,기계기구·금속·비금속광물제품제조업,건설용금속제품제조업,2018년 11월경 아파트 신촉공사현장에서 재해자가 트럭에 적재된 화물을 타워크레인으로 하역하는 작업 중 매단 슬링벨트가 절단되면서 화물이 떨어져 머리를 충격하여 사망,줄걸이기구(섬유로프/슬링벨트),"크레인(천장주행, 갠트리, 지브 등) 사용 작업","『줄걸이 기구의 용접 불량, 마모, 변형, 손상』으로 인해 운반하는 화물이 떨어지면서 부딪히거나 그 아래 깔림","▶ 설비·구조물 상태 정기적 점검 및 예방 관리
▶ 와이어로프 손상 시 즉시 교체하여 사용"
2018-51-31-001,기타의사업,시설관리및사업지원서비스업,위생및유사서비스업,2018년 4월경 재해자가 탱크 내부 이물질 제거 작업을 하던 중 산소결핍으로 인해 사망,분류 불가,"피트, 맨홀, 오·폐수 처리시설 등 밀폐된 장소에서 작업",『산소·가소농도 미측정 및 송풍기를 이용한 강제환기 미실시』로 불활성 가스 또는 유해가스에 의한 산소결핍·질식·중독,"▶ 가스농도측정기로 적정공기 상태 선 확인
▶ 환기팬 등으로 환기 실시 후 작업을 실시
▶ 밀폐공간 출입금지 위험 표시"
2018-51-51-001,기타의사업,도소매·음식·숙박업,도소매및소비자용품수리업,2018년 1월경 재해자가 사다리에서 진열대 설치작업을 하던 중 3.9m 아래로 떨어져 사망,사다리(이동식/A형),사다리를 이용한 작업 또는 통행,『사다리 위에 올라가 작업』하던 중 균형을 잃고 머리부터 바닥으로 떨어짐,"▶ 3.5m 미만 작업 시 A자형 사다리만 사용(2인1조)
▶ 아웃트리거 설치 및 안전대, 안전모 등 개인보호구 착용"
2018-51-51-003,기타의사업,도소매·음식·숙박업,도소매및소비자용품수리업,2018년 7월경 재해자가 유리창을 철거하기 위해 사다리 작업을 하다가 2.5m 아래로 떨어져 사망,사다리(이동식/A형),사다리를 이용한 작업 또는 통행,『사다리 위에 올라가 작업』하던 중 균형을 잃고 머리부터 바닥으로 떨어짐,"▶ 3.5m 미만 작업 시 A자형 사다리만 사용(2인1조)
▶ 아웃트리거 설치 및 안전대, 안전모 등 개인보호구 착용"
2018-51-51-005,기타의사업,시설관리및사업지원서비스업,위생및유사서비스업,2018년 11월경 재해자가 소각로 내부 청소작업을 하던 중 산소결핍으로 사망,분류 불가,"피트, 맨홀, 오·폐수 처리시설 등 밀폐된 장소에서 작업",『산소·가소농도 미측정 및 송풍기를 이용한 강제환기 미실시』로 불활성 가스 또는 유해가스에 의한 산소결핍·질식·중독,"▶ 가스농도측정기로 적정공기 상태 선 확인
▶ 환기팬 등으로 환기 실시 후 작업을 실시
▶ 밀폐공간 출입금지 위험 표시"
2018-61-11-001,제조업,화학및고무제품제조업,고무제품제조업,2018년 2월경 OO사업장 타이어 재단공정에서 재해자가 회전하는 기계에 원료를 밀어넣는 중 설비에 끼여 사망,생산설비,가공 설비를 이용한 작업,"『별도의 수공구 없이 설비의 구동부에 근접하여 작업』하다가 구동부에 끼이거나 말림, 절단","▶ 광전자, 양수조작식 등 방호장치 설치 및 기능유지 철저
▶ 재료투입용 보조기구 및 사용상태 철저 관리"
2018-61-11-002,제조업,기계기구·금속·비금속광물제품제조업,철강또는비철금속주물제조업,2018년 5월경 사업장에서 재해자가 지붕을 보수하기 위해 지붕위에서 이동 중 강도가 약한 채광용 선라이트를 밟아 10m 아래 바닥으로 떨어져 사망,지붕·대들보(선라이트/채광창),"설비 위, 지붕 등 높은 장소에서의 작업",『작업을 위해 밟고 있던 구조물이 파손되거나 균형을 잃기 쉬운 불안한 자세』로 작업하여 넘어지거나 떨어짐,"▶ 안전난간이 설치된 작업발판을 설치·사용
▶ 고소작업대 사용 또는 3.5m미만은 A자형 사다리 사용(2인1조) 관리
▶ 안전대 및 안전모 지급·착용 등 관리감독자 확인"
2019-71-11-001,기타의사업,도소매·음식·숙박업,음식및숙박업,2019년 1월경 스키장에서 재해자가 스노우모빌을 타고 이동하던 중 슬로프에 설치된 설비(정설차)를 고정하기 위한 와이어로프에 가슴을 부딪혀 떨어져 사망,기타 차량(스노우모빌),작업장소 통행/이동,"『이동동선 주변에 방치된 물체, 구조물 등』을 인지하지 못하고 이동하다가 부딪히거나 떨어짐","▶ 위험장소 출입금지용 방책 설치
▶ 하역운반기계 출입문에 비상등·벨 설치
▶ 위험장소에 안전보건표지 부착"
2018-61-11-004,제조업,기계기구·금속·비금속광물제품제조업,기타금속제품제조업또는금속가공업,2017년 7월경 원자재보관장소에서 재해자가 동료2명과 함께 중량물을 인력으로 운반 중 몸의 중심을 잃고 넘어지면서 중량물(복합판넬)에 깔려 사망,분류 불가,인력 운반 작업,『화물의 무게가 한쪽으로 치우쳐진 상태 등』 적재상태가 불량한 화물이 무너지면서 맞거나 깔림,"▶ 전도·낙하 방지를 위해 중량물 제거 후 작업
▶ 중량물 고정 실시 후 수리작업 실시"
2019-85-11-007,기타의사업,시설관리및사업지원서비스업,건물등의종합관리사업,"2019년 5월경 창고에서 재해자가 방역소독 작업을 하던 중, 통로 끝 단부에서 떨어져(약 3.3m) 사망",분류 불가,작업장소 통행/이동,『이동경로에 방치된 개구부』로 떨어짐,"▶ 추락위험구간에 안전난간 추가 설치
▶ 출하장소를 추락위험이 없는 장소로 위치 변경"
2018-61-11-006,임업,임업,벌목업,2018년 7월경 OO산 벌목현장에서 재해자가 조재작업을 하던 중 기계톱이 튕겨나와 흉부외 왼쪽 허벅지를 베어 과다 출혈로 사망,기타 설비(기계톱),벌목·조재 작업,『기계톱에 설치된 안전장치를 해제·무력화하거나 파손된 상태로 사용』 하다가 기계톱이 작업자 방향으로 튀어 올라(킥백) 베이거나 잘림,"▶ 기계톱 등의 사용 시 부재를 단단히 고정하여 작업 실시
▶ 톱날을 예리하게 지속 관리하고, 사용 시 과도한 압력으로 작업 금지
▶ 적절한 작업 방법 및 부여 압력에 대한 기준을 교육 실시"
2018-61-11-007,제조업,수제품및기타제품제조업,기타각종제조업,2018년 8월 폐기물처리장에서 재해자가 작업 전 선별기 내 이물질을 제거하기 위하여 선별기 내부로 진입한 상태에서 이를 인지하지 못한 동료 근로자가 선별기를 가동하여 몸의 중심을 잃고 지면으로 떨어짐(약 3.3m),생산설비(선별기),비정형 작업(이물질 제거·청소),『정비작업 중 작업자 외 근로자가 설비를 가동』하여 갑자기 작동된 설비에 말리거나 끼임,"▶ 생산 설비의 불시 가동을 방지하기 위한 LOTO(Lock Out_잠금장치, Tag Out_점검 중 꼬리표)제도 시행
▶ 관리감독자 확인 의무 부여"
2018-61-11-008,제조업,전기기계기구·정밀기구·전자제품제조업,기타전기기계기구제조업,2018년 8월 전기제품제조공장에서 재해자가 제품생산설비의 공압실리더 고장을 발견하고 수리하던 중 설비가 갑자기 가동되어 신체 일부가 끼임,생산설비(LAY-UP 설비),비정형 작업(정비·보수),『설비를 정지시키지 않거나 전원을 차단하지 않은 상태』에서 정비·보수·청소 등의 작업을 하다가 끼이거나 말림,"▶ 설비 가동중 이물질 제거 등이 발생할 수 있는 생산작업을 분석하고 근원적 접근방지대책 수립
▶ 끼임재해 우려가 있어 가동정지 후 작업이 필요한 설비 목록화→LOTO(Lock Out,  Tag Out) 대상 확정·시행 
▶ 작업 절차에 대해 근로자 교육실시"
2018-61-11-009,제조업,선박건조및수리업,강선건조또는수리업,2018년 8월경 OO사업장 선박 블록 제조공정에서 재해자가 블록 하부에서 높이 조정작업 중 블록을 지지하는 설비의 용접부가 파단되면서 아래에 깔려 사망,생산설비(블록성형기),용접·절단·사상 또는 도장 작업,『매달아 올리거나 적재 상태가 불량한 물체』가 떨어지거나 무너지면서 맞거나 깔림,"▶ 주변의 중량물로 인한 깔림 방지를 위해 중량물 제거 후 작업
▶ 중량물 지지대 설치 후 수리·교체작업 실시"
2018-61-11-010,제조업,기계기구·금속·비금속광물제품제조업,철근콘크리트제품제조업,2018년 10월경 사업장에서 재해자가 지붕위에서 이동 중 채광용 선라이트를 밟는 순간 7.2m 아래의 바닥으로 추락하여 사망,지붕·대들보(선라이트/채광창),"설비 위, 지붕 등 높은 장소에서의 작업",『작업을 위해 밟고 있던 구조물이 파손되거나 균형을 잃기 쉬운 불안한 자세』로 작업하여 넘어지거나 떨어짐,"▶ 안전난간이 설치된 작업발판을 설치·사용
▶ 고소작업대 사용 또는 3.5m미만은 A자형 사다리 사용(2인1조) 관리
▶ 안전대 및 안전모 지급·착용 등 관리감독자 확인"
2018-61-51-001,기타의사업,도소매·음식·숙박업,도소매및소비자용품수리업,2015년 1월경 재해자가 철구조물을 철거하던 작업을 위해 철구조물 상부를 밟고 작업을 하던 중 1.37m 아래로 떨어져 사망,분류 불가,"설비 위, 지붕 등 높은 장소에서의 작업",『설비 구조물을 밟고 올라서거나 난간이 없는 작업대 위』에서 불안전한 자세로 작업하다 떨어짐,"▶ 추락위험구간에 안전난간 추가 설치
▶ 출하장소를 추락위험이 없는 장소로 위치 변경"
2018-61-51-002,기타의사업,시설관리및사업지원서비스업,위생및유사서비스업,2018년 12월경 재해자가 벌목작업을 하던 중 벌도목에 머리를 맞고 사망,나무(벌도목),벌목·조재 작업,"『벌도목이 의도하지 않은 방향으로 쓰러지거나, 주변 장애물에 걸려』 작업자 방향으로 쓰러지면서 안면 또는 머리를 가격(부딪힘)","▶ 벌목 작업 시에는 사전에 대피장소를 정하여 작업 실시
▶ 충분한 안전거리를 확보하여, 다른 작업자와 동시에 작업 금지"
2018-62-11-001,제조업,기계기구·금속·비금속광물제품제조업,건설용금속제품제조업,"2018년 1월경 사업장에서 재해자와 동료1명이 교량용 강재 블록 제작 중 고정되지 않은 강재 수직판넬이 넘어지면서 1명 사망, 1명 부상",가공물(강제판넬<WL>),상하차 작업 또는 적재된 화물,『매달아 올리거나 적재 상태가 불량한 물체』가 떨어지거나 무너지면서 맞거나 깔림,"▶ 주변의 중량물로 인한 깔림 방지를 위해 중량물 제거 후 작업
▶ 중량물 지지대 설치 후 수리·교체작업 실시"
2018-62-11-002,제조업,기계기구·금속·비금속광물제품제조업,원동기제조업,2018년 1월경 사업장에서 재해자가 천장크레인을 이용하여 선박구조물을 인양하던 중 연결되어 있던 섬유벨트에서 체인슬링후크가 이탈되면서 구조물이 낙하하여 재해자를 충격하여 사망,줄걸이기구(훅),"크레인(천장주행, 갠트리, 지브 등) 사용 작업",훅해지장치가 없는 등 『줄걸이가 훅에서 이탈』해 떨어지는 화물에 부딪히거나 깔림,"▶ 인양하중 및 화물의 형태를 고려하여 체인블록의 훅을 선정
▶ 훅과 훅 해지장치 등을 상시 점검하여 사용하고, 이상 시 폐기 처리"
2018-62-11-003,제조업,금속제련업,금속의제련또는정련업,2018년 6월경 작업장에서 재해자가 천장크레인 후크에 부착된 그랩버켓이 열려 있는 것을 확인하고 쇠막대를 이용해 그랩버켓과 스케일 박스를 분리하는 과정에서 그랩버켓이 닫히면서 머리가 그랩버켓 사이에 끼어 사망,크레인(천장주행크레인),비정형 작업(점검),『설비를 정지시키지 않거나 전원을 차단하지 않은 상태』에서 정비·보수·청소 등의 작업을 하다가 끼이거나 말림,"▶ 설비 가동중 이물질 제거 등이 발생할 수 있는 생산작업을 분석하고 근원적 접근방지대책 수립
▶ 끼임재해 우려가 있어 가동정지 후 작업이 필요한 설비 목록화→LOTO(Lock Out,  Tag Out) 대상 확정·시행 
▶ 작업 절차에 대해 근로자 교육실시"
2018-62-11-004,제조업,기계기구·금속·비금속광물제품제조업,각종기계또는동부속품제조업,2018년 7월경 작업장에서 재해자가 성형기 상부에서 센서 교체작업과 동시에 근처에서 천장크레인을 조작하던 동료가 크레인을 성형기 방향으로 이동하는 과정 중 천장크레인 하부와 성형가 상부의 안전난간대 사이에 재해자가 끼어 사망,분류 불가,"크레인(천장주행, 갠트리, 지브 등) 사용 작업",작업자 간 『작업 상황에 대해 의사소통을 하지 않고 작업』을 실시해 운반하는 물체에 부딪히거나 깔림 또는 주변 구조물과 운반하는 물체 사이에 끼임,"▶ 작업자 간 신호체계 통일 및 숙지 조치
▶ 중량물 취급 시 보조운반기구 사용"
2018-62-51-001,운수창고통신업,철도·항공·창고·운수관련서비스업,육상화물취급업,"2018년 3월경 사업장 내에서 재해자가 생산품 포장 라인의 포장박스 이송용 컨베이어 청소 작업을 위해 작업 중, 산업용 로봇에 맞아 사망",산업용로봇,비정형 작업(이물질 제거·청소),『설비를 정지시키지 않거나 전원을 차단하지 않은 상태』에서 정비·보수·청소 등의 작업을 하다가 끼이거나 말림,"▶ 설비 가동중 이물질 제거 등이 발생할 수 있는 생산작업을 분석하고 근원적 접근방지대책 수립
▶ 끼임재해 우려가 있어 가동정지 후 작업이 필요한 설비 목록화→LOTO(Lock Out,  Tag Out) 대상 확정·시행 
▶ 작업 절차에 대해 근로자 교육실시"
2018-63-11-001,제조업,기계기구·금속·비금속광물제품제조업,건설용점토제품제조업,"2018년 8월경 작업장에서 재해자가 믹서기 내부에 콘크리트 잔재물을 제거하는 작업을 하던 도중, 동료가 바닥에 방치된 믹서기 기동스위치를 밟아버려 믹서기가 가동되었으며 화전날개에 재해자가 끼어 사망",혼합기(콘크리트 믹서),비정형 작업(이물질 제거·청소),『정비작업 중 작업자 외 근로자가 설비를 가동』하여 갑자기 작동된 설비에 말리거나 끼임,"▶ 생산 설비의 불시 가동을 방지하기 위한 LOTO(Lock Out_잠금장치, Tag Out_점검 중 꼬리표)제도 시행
▶ 관리감독자 확인 의무 부여"
2018-63-11-002,제조업,식료품제조업,음료제조업,2018년 10월 음료공장에서 재해자가 제품이송장치 센서의 에러를 해결하기 위한 수리작업 중 설비가 갑자기 가동되어 이송장치 지지대와 상부 프레임 사이에 신체 일부가 끼임,자동화설비(제병기),비정형 작업(정비·보수),『설비를 정지시키지 않거나 전원을 차단하지 않은 상태』에서 정비·보수·청소 등의 작업을 하다가 끼이거나 말림,"▶ 설비 가동중 이물질 제거 등이 발생할 수 있는 생산작업을 분석하고 근원적 접근방지대책 수립
▶ 끼임재해 우려가 있어 가동정지 후 작업이 필요한 설비 목록화→LOTO(Lock Out,  Tag Out) 대상 확정·시행 
▶ 작업 절차에 대해 근로자 교육실시"
2016-91-11-002,기타의사업,전문·보건·교육·여가관련서비스업,골프장및경마장운영업,2016년 4월경 OO골프장에서 조경작업을 하는 재해자가 경사로에 1톤 트럭을 세워두고 작업장소로 이동하던 중 정차한 1톤 트럭이 움직여 재해자를 치어 사망,화물운반트럭(화물트럭),차량을 이용한 작업,『운전석 이탈 시 작업차량이 움직이는 것을 방지하기 위한 조치를 실시하지 않아』 운전자 없이 움직이는 작업차량에 부딪히거나 깔림,"▶ 운전석에서 이탈 시 확실히 정지 조치 실시
▶ 이탈 시에는 시동키를 분리하여 별도 보관하여 무자격자 등이 운전하지 못하도록 조치"
2018-63-51-002,운수창고통신업,통신업,통신업,2018년 7월경 통신주 주위에서 재해자가가 통신주 케이블 포설 작업을 위한 주변 수목 전지작업을 위해 이동식 사다리(일자형)를 타고 올라가다가 떨어져 사망,사다리(이동식/일자형),사다리를 이용한 작업 또는 통행,사다리 사용 시 『미끄러운 상태의 신발 또는 사다리 발판때문에 실족』하여 떨어짐,"▶ 고정형 계단을 설치하여 통행토록 조치
▶ A자형 사다리 사용 시 2인1조 및 아웃트리거 설치
▶ 운동화 착용 금지 및 안전화 착용"
2018-64-11-001,임업,임업,벌목업,2017년 11월경 OO리 임야에서 재해자가 동료 작업자가 벌목한 벌도목에 머리를 맞아 사망,나무(벌도목),벌목·조재 작업,작업자 방향으로 『주변에서 작업하던 벌도목 또는 주변 수목에 걸려있던 벌도목』이 떨어(쓰러)지면서 작업자가 벌도목에 머리를 맞거나 그 아래 깔림,"▶ 벌목 작업 전 주변 나무에 걸려있는 나무를 확인하여 주변에서 작업 금지
▶ 충분한 안전거리를 확보하여, 다른 작업자와 동시에 작업 금지"
2018-64-51-001,기타의사업,도소매·음식·숙박업,도소매및소비자용품수리업,2018년 1월경 재해자가 경사로에서 굴착기 운전을 하던 중 5m 아래로 떨어져 사망,굴착기(백호우),건설기계를 사용하는 작업,"작업차량이 『운행경로 상의 지형(급경사, 커브, 바닥의 요철, 지반 등) 또는 구조물』로 인해 떨어지거나 넘어지면서 그 아래 깔림","▶ 주·정차 시 불시 이동방지를 위한 브레이크, 고임목 체결 철저
▶ 작업장 내 바닥 평탄화 및 제한속도 준수
▶ 지게차 운전자격이 있는 지정자에 한해 운전 및 시동키 관리"
2018-71-11-001,광업,석회석·금속·비금속광업및기타광업,쇄석채취업,2018년 1월경 OO사업장 석산에서 재해자가 굴삭기를 이용해 골재 채취작업을 하던 중 석산이 무너지면서 떨어진 암석이 운전석을 덮쳐 사망,굴착기(백호우),채석장에서의 작업,"『사면에 붙어있던 암석(부석이나 전석)이 풍화 침식, 발파 진동 등에 의해 떨어지면서 굴러와』 작업자가 맞거나 그 아래 깔림","▶ 발파 시 안전한 피난장소 설치 및 사용
▶ 근로자 대피 확인 후 발파작업 실시
▶ 발파작업 후 일정시간 경과 후 발파장소 접근"
2018-71-11-002,제조업,섬유및섬유제품제조업,방적제사및화학섬유제품제조업,2018년 3월 섬유공장 내 연구소 창고에서 지게차를 이용하여 톤백을 3단적재하던 재해자가 작업 중 찢어진 톤백의 손상부위를 확인하기 위해 지게차에서 내려 접근하자 3단 적재된 톤백이 무너지며 깔림,적재물(톤백),상하차 작업 또는 적재된 화물,『화물의 무게가 한쪽으로 치우쳐진 상태 등』 적재상태가 불량한 화물이 무너지면서 맞거나 깔림,"▶ 전도·낙하 방지를 위해 중량물 제거 후 작업
▶ 중량물 고정 실시 후 수리작업 실시"
2018-71-11-003,광업,석회석·금속·비금속광업및기타광업,쇄석채취업,2018년 3월경 OO사업장 골재생산 현장에서 크러셔 공정을 운전하던 재해자가 컨베이어 지지대에 올라가 오일(구리스+폐유)를 체인에 주유하던 중 몸의 균형을 잃고 컨베이어 벨트 위로 넘어지면서 골재 이탈방지용 가드에 목이 베여 사망,컨베이어,비정형 작업(점검),『설비를 정지시키지 않거나 전원을 차단하지 않은 상태』에서 정비·보수·청소 등의 작업을 하다가 끼이거나 말림,"▶ 설비 가동중 이물질 제거 등이 발생할 수 있는 생산작업을 분석하고 근원적 접근방지대책 수립
▶ 끼임재해 우려가 있어 가동정지 후 작업이 필요한 설비 목록화→LOTO(Lock Out,  Tag Out) 대상 확정·시행 
▶ 작업 절차에 대해 근로자 교육실시"
2018-71-11-004,임업,임업,벌목업,2018년 11월경 OO산 벌목현장에서 재해자가 조재작업을 하던 중 동료근로자가 벌목한 벌도목에 머리를 맞아 사망,나무(벌도목),벌목·조재 작업,작업자 방향으로 『주변에서 작업하던 벌도목 또는 주변 수목에 걸려있던 벌도목』이 떨어(쓰러)지면서 작업자가 벌도목에 머리를 맞거나 그 아래 깔림,"▶ 벌목 작업 전 주변 나무에 걸려있는 나무를 확인하여 주변에서 작업 금지
▶ 충분한 안전거리를 확보하여, 다른 작업자와 동시에 작업 금지"
2018-72-11-001,제조업,기계기구·금속·비금속광물제품제조업,자동차부분품제조업,2018년 1월경 작업장에서 재해자가 사상설비에서 비래된 연삭숫돌의 파편에 맞아 (약 13m거리) 사망,생산설비(툴사상기) ,가공 설비를 이용한 작업,보호구를 착용하지 않은 상태에서 『튕겨나온 가공날 또는 가공물』에 눈을 찔리거나 머리를 맞음,"▶ 선반가공 시 척, 방진구 및 심압대 체결상태 확인 및 갇독 철저
▶ 칩 브레이커 등 설치·사용
▶ 보안경/보안면 등 안면보호구 착용"
2018-93-51-001,기타의사업,시설관리및사업지원서비스업,위생및유사서비스업,2018년 6월경 재해자가 스팀보일러에 폐의류 투입작업을 하던 중 과압에 의해 폭발하여 사망,기타 설비(소각스팀보일러),원료 투입 작업,안전장치의 노후화·파손 등 『설비에 설치된 안전장치가 작동하지 않아』 사고 발생 위험,"▶ 방호장치 작동불량 등 이상시 관리감독자 등에게 선보고 및 조치 후 작업 재개가 당연한 안전문화 구축　
▶ 작업 전 광전자식 방호장치 정상 여부 확인 "
2018-72-11-004,제조업,기계기구·금속·비금속광물제품제조업,건설용점토제품제조업,2018년 8월경 청소 점검 등의 작업 중 재해자가 맨홀성형기 원료공급호퍼의 측면 사다리를 이용하여 이동 중 동료가 맨홀성형기를 작동시키면서 성형기 프레임과 호퍼 사이에 몸이 끼어 사망,생산설비(맨홀성형기),비정형 작업(점검),『정비작업 중 작업자 외 근로자가 설비를 가동』하여 갑자기 작동된 설비에 말리거나 끼임,"▶ 생산 설비의 불시 가동을 방지하기 위한 LOTO(Lock Out_잠금장치, Tag Out_점검 중 꼬리표)제도 시행
▶ 관리감독자 확인 의무 부여"
2018-72-11-005,농업,농업,작물생산업,2016년 5월경 OO농장에서 재해자가 화물자동차 적재함에서 내리던 중 발이 걸려 넘어지면서 떨어져 머리를 다쳐 치료 중 사망,화물운반트럭(카고트럭),상하차 작업 또는 적재된 화물,『적재된 제품·재료 또는 화물 적재함 위에 올라 작업』하던 중 균형을 잃고 떨어짐,"▶ 차량 상부작업 시 작업장소 상부에 안전대 걸이설비 설치·사용
▶ 적재함에 오르내리기 위한 설비 설치·사용
▶ 작업 시 안전대, 안전모 등 보호구 착용"
2021-22-11-061,제조업,화학및고무제품제조업,플라스틱가공제품제조업,2021년 12월 비닐제조공장에서 재해자가 비닐압출기 상부에 올라 인출되는 필름상태를 확인하던 중 노출된 충전부에 접촉하여 감전되어 떨어짐,전기충전부(밴드히터접속부),비정형 작업(점검),"아크릴판, 소켓 등 『충전부 방호조치가 미흡하거나 없이 노출된 충전부』에 접촉하여 감전","▶ 정전작업 후 전기점검 및 조작 실시
▶ 활선작업용기구·장치  사용 및 절연용 보호구 착용"
2018-72-11-008,제조업,기계기구·금속·비금속광물제품제조업,건설용금속제품제조업,2018년 10월경 사업장에서 재해자가 쇼트 작업 중 철판이 넘어져 철판과 바닥사이에 끼어있는 것을 동료가 발견하고 병원으로 후송하였으나 사망,가공물(철판),용접·절단·사상 또는 도장 작업,『매달아 올리거나 적재 상태가 불량한 물체』가 떨어지거나 무너지면서 맞거나 깔림,"▶ 주변의 중량물로 인한 깔림 방지를 위해 중량물 제거 후 작업
▶ 중량물 지지대 설치 후 수리·교체작업 실시"
2018-72-11-009,제조업,화학및고무제품제조업,플라스틱가공제품제조업,2018년 11월경 OO사업장 플라스틱 제조공정에서 재해자가 분쇄기 정비 중 회전부에 끼어 사망,분쇄·파쇄기,비정형 작업(정비·보수),『설비를 정지시키지 않거나 전원을 차단하지 않은 상태』에서 정비·보수·청소 등의 작업을 하다가 끼이거나 말림,"▶ 설비 가동중 이물질 제거 등이 발생할 수 있는 생산작업을 분석하고 근원적 접근방지대책 수립
▶ 끼임재해 우려가 있어 가동정지 후 작업이 필요한 설비 목록화→LOTO(Lock Out,  Tag Out) 대상 확정·시행 
▶ 작업 절차에 대해 근로자 교육실시"
2018-72-11-012,제조업,기계기구·금속·비금속광물제품제조업,기타금속제품제조업또는금속가공업,"2018년 12월경 야적장에서 바닥에 철근 원곡 라인에 가공한 철근을 확인하기 위해 앉아 있던 중, 이를 확인하지 못한 동료가 지게차를 이용하여 후진하며 재해자를 충격",지게차,지게차를 사용하는 작업,"『차량운행 중 차량의 진행방향 및 사각지대를 확인하지 않아』근로자가 작업차량에 깔리거나, 주변 구조물과 작업차량 사이에 끼임","▶ 지게차 이용 중량물 취급에 대한 작업계획서 작성(작업방법, 운행경로, 근로자와 지게차 혼재 작업 여부 등)
▶ 혼재 작업 시 작업지휘자 또는 유도자 배치"
2018-72-31-002,운수창고통신업,철도·항공·창고·운수관련서비스업,항만내의육상하역업,"2018년 11월경 사이로 BIN 상부에서 재해자가 옥수수 샘플을 채취하기 위한 작업 중, BIN 내부에 쓰러져 있는 채로 발견되어 동료 근로자에게 구출 되었으나 사망",분류 불가,"피트, 맨홀, 오·폐수 처리시설 등 밀폐된 장소에서 작업","『순간적으로 다량의 유해가스, 화학물질, 낮은 산소농도에 노출』되어 산소결핍·질식·중독 위험","▶ 가스농도측정기로 적정공기 상태 선 확인
▶ 환기팬 등으로 환기 실시 후 작업을 실시
▶ 밀폐공간 출입금지 위험 표시"
2018-72-51-002,기타의사업,시설관리및사업지원서비스업,사업서비스업,2018년 6월경 냉동창고에서 재해자가 지게차로 중량물을 운반하던 중 운전석 정면으로 몸을 내밀어 중량물을 정리하던 중 지게차 레버를 오조작 하여 헤드가드와 마스트 사이에 끼여 사망함,지게차,지게차를 사용하는 작업,"『설비를 오조작』하여 갑자기 작동한 설비의 구동부에 끼이거나 말림, 절단","▶ 설비 조작스위치, 판넬 등에 조작 스위치의 기능(정지, 작동, 수동, 반자동, 자동, 역회전 등) 표시
▶ 생산 설비의 불시 가동을 방지하기 위한 LOTO(Lock Out_잠금장치, Tag Out_점검 중 꼬리표)제도 시행
▶ 작업자간 의사소통 방안 수립 및 실시"
2018-72-51-003,기타의사업,시설관리및사업지원서비스업,건물등의종합관리사업,2018년 9월경 재해자가 중량물을 적재하던 중 무너진 중량물에 맞아 사망,적재물,상하차 작업 또는 적재된 화물,『매달아 올리거나 적재 상태가 불량한 물체』가 떨어지거나 무너지면서 맞거나 깔림,"▶ 주변의 중량물로 인한 깔림 방지를 위해 중량물 제거 후 작업
▶ 중량물 지지대 설치 후 수리·교체작업 실시"
2018-72-51-004,기타의사업,기타의각종사업,건설업본사,2018년 10월경 재해자가 불도저 점검 중 불도저가 후진하자 시동을 끄기 위해 운전석으로 탑승 시도 중 불도저에 깔려 사망,건설기계(불도저),비정형 작업(점검),『설비를 정지시키지 않거나 전원을 차단하지 않은 상태』에서 정비·보수·청소 등의 작업을 하다가 끼이거나 말림,"▶ 설비 가동중 이물질 제거 등이 발생할 수 있는 생산작업을 분석하고 근원적 접근방지대책 수립
▶ 끼임재해 우려가 있어 가동정지 후 작업이 필요한 설비 목록화→LOTO(Lock Out,  Tag Out) 대상 확정·시행 
▶ 작업 절차에 대해 근로자 교육실시"
2018-81-11-001,제조업,선박건조및수리업,강선건조또는수리업,2018년 1월경 OO사업장 선박 제조공정에서 재해자가 용접작업 중 몸에 불이 붙어 사망,분류 불가,용접·절단·사상 또는 도장 작업,『불티비산 방지조치가 안된 상태에서 작업』하여 용접·절단 불똥이 주변의 적재물 또는 인화성 물질에 옮겨 붙어 화재 폭발,"▶ 절단기에서 발생하는 불티의 비산 거리 등 비산 반경 분석
▶ 작업구역 내 불티가 비산되지 않도록 절단기 등에 비산방지덮개 및 가연물에 용접방화포 설치"
2018-81-11-002,제조업,선박건조및수리업,강선건조또는수리업,2018년 2월경 OO사업장 선박 제조공정에서 재해자가 탱크내부 도장작업을 위해 작업발판을 설치하는 중 19미터 아래로 떨어져 사망,분류 불가,용접·절단·사상 또는 도장 작업,『설비 구조물을 밟고 올라서거나 난간이 없는 작업대 위』에서 불안전한 자세로 작업하다 떨어짐,"▶ 추락위험구간에 안전난간 추가 설치
▶ 출하장소를 추락위험이 없는 장소로 위치 변경"
2018-81-11-004,제조업,기계기구·금속·비금속광물제품제조업,건설용금속제품제조업,2018년 3월경 투명방음판 설치현장에서 재해자가 방음판 고정을 위한 가압고정바 볼트 조립작업을 앉아서 뒤로 이동하며 진행하던 중 설계상 방음판 미설치 구간의 철골 구조물 단부를 인지하지 못하고 9.3m 바닥으로 추락하여 사망,분류 불가,"설비 위, 지붕 등 높은 장소에서의 작업",『작업을 위해 밟고 있던 구조물이 파손되거나 균형을 잃기 쉬운 불안한 자세』로 작업하여 넘어지거나 떨어짐,"▶ 안전난간이 설치된 작업발판을 설치·사용
▶ 고소작업대 사용 또는 3.5m미만은 A자형 사다리 사용(2인1조) 관리
▶ 안전대 및 안전모 지급·착용 등 관리감독자 확인"
2018-81-11-005,제조업,기계기구·금속·비금속광물제품제조업,철강재제조업,2018년 4월경 쉿물을 몰드에 주입하는 작업을 하던 재해자가 쇳물을 운반하는 래들 하부 배출구가 열리지 않아 강제로 개방하는 과정에서 배출된 쇳물이 재해자에게 튀어 화상을 입고 치료하던 중 사망,생산설비(용해로 래들),용해로를 이용한 작업,『보호구를 착용하지 않은 상태에서 뜨거운 물체를 취급』 하다 화상 위험,▶ 방열복 등 보호구 지급 및 착용상태 확인
2018-81-11-006,제조업,목재및종이제품제조업,목재및나무제품제조업,2018년 4월 목재가공공장에서 재해자가 해외수입한 원목을 야적(3단) 후 구름멈춤대를 설치하던 중 적재된 원목이 재해자 쪽으로 구르면서 무너져 깔림,적재물(원목),상하차 작업 또는 적재된 화물,『화물의 무게가 한쪽으로 치우쳐진 상태 등』 적재상태가 불량한 화물이 무너지면서 맞거나 깔림,"▶ 전도·낙하 방지를 위해 중량물 제거 후 작업
▶ 중량물 고정 실시 후 수리작업 실시"
2018-81-11-007,제조업,기계기구·금속·비금속광물제품제조업,열처리사업,2018년 4월경 작업장에서 재해자가 파이프의 저부 셩형작업을 위해 스피닝 기계를 이용하여 작업하던 중 고주파 열처리 된 파이프를 자동으로 스피닝기에 안착시켜주는 대차와 성형 프레스 요닛을 받치는 기둥 사이에 몸이 끼어 사망,금속가공설비[스피닝기(Spinning M/C)],가공 설비를 이용한 작업,"『설비에 안전장치가 설치되어 있지 않거나, 설치된 안전장치를 무력화한 상태』로 사용하던 중 말리거나 끼임","▶ 방호장치 작동불량 등 이상시 관리감독자 등에게 선보고 및 조치 후 작업 재개가 당연한 안전문화 구축　
▶ 작업 전 광전자식 방호장치 정상 여부 확인 "
2018-81-11-008,제조업,화학및고무제품제조업,플라스틱가공제품제조업,2018년 5월경 OO사업장 사출 성형공정에서 재해자가 사출성형기 점검 수행 중 동작하는 설비사이에 끼여 사망,사출성형기,비정형 작업(점검),『설비를 정지시키지 않거나 전원을 차단하지 않은 상태』에서 정비·보수·청소 등의 작업을 하다가 끼이거나 말림,"▶ 설비 가동중 이물질 제거 등이 발생할 수 있는 생산작업을 분석하고 근원적 접근방지대책 수립
▶ 끼임재해 우려가 있어 가동정지 후 작업이 필요한 설비 목록화→LOTO(Lock Out,  Tag Out) 대상 확정·시행 
▶ 작업 절차에 대해 근로자 교육실시"
2018-81-11-009,제조업,기계기구·금속·비금속광물제품제조업,건설용금속제품제조업,2018년 5월경 작업장에서 재해자가 지붕 보수공사 중 선라이트 판넬이 파손되어 17.5m 아래로 떨어져 사망,지붕·대들보(선라이트/채광창),"설비 위, 지붕 등 높은 장소에서의 작업",『작업을 위해 밟고 있던 구조물이 파손되거나 균형을 잃기 쉬운 불안한 자세』로 작업하여 넘어지거나 떨어짐,"▶ 안전난간이 설치된 작업발판을 설치·사용
▶ 고소작업대 사용 또는 3.5m미만은 A자형 사다리 사용(2인1조) 관리
▶ 안전대 및 안전모 지급·착용 등 관리감독자 확인"
2018-81-11-010,제조업,섬유및섬유제품제조업,표백및염색가공업,2018년 6월 염색공장에서 재해자가 원단이 적재된 대차에 올라 동료 작업자가 운전하는 지게차 포크에 들어올려진 상태로 이동하던 중 운반하던 대차가 뒤집어지면서 바닥으로 떨어지면서 재해자가 대차 및 원단에 깔림,지게차,지게차를 사용하는 작업,"지게차 포크, 파렛트, 굴삭기 버킷에 탑승하여 높은 장소로 승강하는 등 『설비를 주용도(하역운반장치) 외로 사용』하여 떨어짐","▶ 중량물 제작 작업 등 생산용도에 사용금지
▶ 전동교체 시 고소작업대 사용 및 운전석 외 탑승금지"
2018-81-11-011,제조업,기계기구·금속·비금속광물제품제조업,열처리사업,"2018년 7월경 공장내에서 재해자가 지게차 위 철판에서 용접 작업을 위해 이동 중 균형을 잃고 냉각수조(약 3.7m, 수심2m)로 떨여져 사망",분류 불가,작업장소 통행/이동,"지게차 포크, 파렛트, 굴삭기 버킷에 탑승하여 높은 장소로 승강하는 등 『설비를 주용도(하역운반장치) 외로 사용』하여 떨어짐","▶ 중량물 제작 작업 등 생산용도에 사용금지
▶ 전동교체 시 고소작업대 사용 및 운전석 외 탑승금지"
2018-81-11-012,제조업,식료품제조업,도정및제분업,2018년 7월 곡물가공공장 저온창고에서 지게차를 이용한 곡물톤백을 적재하는 작업 중 적재된 톤백이 재해자 쪽으로 무너지면서 깔림,적재물(톤백),상하차 작업 또는 적재된 화물,『화물의 무게가 한쪽으로 치우쳐진 상태 등』 적재상태가 불량한 화물이 무너지면서 맞거나 깔림,"▶ 전도·낙하 방지를 위해 중량물 제거 후 작업
▶ 중량물 고정 실시 후 수리작업 실시"
2020-26-21-017,기타의사업,시설관리및사업지원서비스업,하수도업,"2020년 9월경 송전선로 이설공사 현장에서 재해자가 자재를 운반하기 위해 운반차(경운기 엔진과 콤바인 변속기를 결합한 개조형태)를 운전하던 중, 경사지(11º)에서 조작실수 등으로 운반차가 후진하게 되어 운반차에 깔려 사망",기타 차량(개조 운반차),차량을 이용한 작업,"『설비를 오조작』하여 갑자기 작동한 설비의 구동부에 끼이거나 말림, 절단","▶ 설비 조작스위치, 판넬 등에 조작 스위치의 기능(정지, 작동, 수동, 반자동, 자동, 역회전 등) 표시
▶ 생산 설비의 불시 가동을 방지하기 위한 LOTO(Lock Out_잠금장치, Tag Out_점검 중 꼬리표)제도 시행
▶ 작업자간 의사소통 방안 수립 및 실시"
2018-81-11-014,제조업,기계기구·금속·비금속광물제품제조업,용융도금업,2018년 7월경 공장내에서 재해자가 밸브 점검 및 조작 중 신축관이음이 파열되면서 전해액(70 ~ 75℃)이 비산되어 전신화상으로 사망,기타 설비(벨로우즈 밸브),비정형 작업(점검),『설비를 정지시키지 않거나 전원을 차단하지 않은 상태』에서 정비·보수·청소 등의 작업을 하다가 끼이거나 말림,"▶ 설비 가동중 이물질 제거 등이 발생할 수 있는 생산작업을 분석하고 근원적 접근방지대책 수립
▶ 끼임재해 우려가 있어 가동정지 후 작업이 필요한 설비 목록화→LOTO(Lock Out,  Tag Out) 대상 확정·시행 
▶ 작업 절차에 대해 근로자 교육실시"
2018-81-11-015,제조업,기계기구·금속·비금속광물제품제조업,기타수송용기계기구제조업,2018년 11월경 작업장에서 용접작업을 하려던 재해자가 테이블 리프트가 불시에 하강하면서 보강재 사이에 머리가 끼어 사망,기타 설비(테이블 리프트),비정형 작업(정비·보수),"『들어올린 설비의 고정상태 불량, 안전블록·지지대 미설치』로 설비 하부에서 작업 중 갑자기 설비가 내려앉아 끼이거나 깔림","▶ 중량물 이동방지용 지지대 추가 설치
▶ 갑작스런 이동방지를 위한 중량물 위치 변경
▶ 낙하물에 대비한 방망 또는 울 설치후 작업"
2018-81-11-017,제조업,기계기구·금속·비금속광물제품제조업,일반산업용기계장치제조업,2018년 12월경 작업장에서 재해자가 기계식 주차타워 수리작업 중 카 파렛트 상부에서 주차타워 바닥으로 추락하여 사망,기계식 주차설비,기계식 주차설비 정비·점검 작업,『화물용 리프트(또는 기계식 주차장) 운반구에 탑승하여 작업 또는 이동』하다가 승강로 내부 구조물과 운반구 사이에 끼이거나 그 사이 개구부로 떨어짐,"▶ 기동장치에 잠금장치, 표지판 부착
▶ 출입문 연동장치, 비상정지스위치 등 기능 유지 관리
▶ 승강기 이상발생 시 임의 수리 금지"
2018-81-31-001,제조업,선박건조및수리업,강선건조또는수리업,2018년 4월경 OO사업장 배관 제조공정에서 재해자가 용접 작업 후 배관내부의 용접상태를 확인하는 중 산소결핍으로 사망,분류 불가,"피트, 맨홀, 오·폐수 처리시설 등 밀폐된 장소에서 작업",『산소·가소농도 미측정 및 송풍기를 이용한 강제환기 미실시』로 불활성 가스 또는 유해가스에 의한 산소결핍·질식·중독,"▶ 가스농도측정기로 적정공기 상태 선 확인
▶ 환기팬 등으로 환기 실시 후 작업을 실시
▶ 밀폐공간 출입금지 위험 표시"
2018-81-31-002,운수창고통신업,철도·항공·창고·운수관련서비스업,육상화물취급업,2018년 7월경 아파트에서 재해자가 이삿짐 보관이사 작업(08:30~12:00)을 하고 휴식을 취하던 중 쓰러진 채로 발견되어 병원으로 후송되었으나 열사병으로 사망,분류 불가,인력 운반 작업,『더운 날씨에 적절한 휴식을 취하지 않고 무리하게 작업』 해 열사병 위험,"▶ 폭염에 노출되는 옥외 장소에서 작업을 하는 경우 휴게시설을 설치하고, 휴식시간을 부여
▶ 폭염 등 날씨에 대한 정보를 근로자에게 제공하고, 날씨의 변화에 따른 작업시간 변경 기준 마련(단축 등)"
2018-81-31-003,기타의사업,시설관리및사업지원서비스업,하수도업,2018년 11월경 폐수처리장에서 재해자가 맨홀로 활성탄을 투입하는 작업을 하던 중 황화수소에 중독되어 사망,유해가스(황화수소),"피트, 맨홀, 오·폐수 처리시설 등 밀폐된 장소에서 작업","『순간적으로 다량의 유해가스, 화학물질, 낮은 산소농도에 노출』되어 산소결핍·질식·중독 위험","▶ 가스농도측정기로 적정공기 상태 선 확인
▶ 환기팬 등으로 환기 실시 후 작업을 실시
▶ 밀폐공간 출입금지 위험 표시"
2018-81-42-001,제조업,화학및고무제품제조업,도료제품또는유지가공제품제조업,2017년 12월경 OO사업장 혼합공정에서 재해자가 인화성물질이 포함된 혼합기에 분말상태의 원료(탄산칼슘)를 투입하던 중 폭발 및 화재가 발생하여 사망,인화성물질,위험물질 취급 또는 그 장소에서 수행하는 작업,"『작업장소에서 취급하는 위험물질 및 관리되지 않는 점화원(아크, 정전기 등)』으로 인해 화재·폭발","▶ 위험장소 주변 용접 및 사상작업 금지 등 점화원 관리
▶ 용접불티 비산방지덮개 또는 용접방화포 조치"
2018-81-42-002,제조업,화학및고무제품제조업,플라스틱가공제품제조업,2018년 5월경 OO사업장 염소가스 하역장에서 재해자가 염소가스 하역작업 중 이동식 배관이 파손되어 가스가 누출되어 사망,유해가스(염소),위험물질 취급 또는 그 장소에서 수행하는 작업,『취급하는 물질이 배관·호스·용기 등에서 누출』되어 화학물질 접촉·질식 또는 화재·폭발,"▶ 위험물질에 대한 MSDS 비치 및 근로자 교육
▶ 공급원재료의 종류, 공급되는 설비명 표시
▶ 가스검지 및 경보장치·긴급차단장치 및 방유제 설치"
2018-81-51-001,운수창고통신업,철도·항공·창고·운수관련서비스업,항만내의육상하역업,2018년 1월경 부두에서 재해자가 코일 양하작업 중인 선박 내부에서 코일 와이어에 걸린 작업용 갈고리 제거 작업중 20톤 원형 압연 코일 사이에 끼어 사망,적재물(원형 압연 코일),비정형 작업(이물질 제거·청소),『매달아 올리거나 적재 상태가 불량한 물체』가 떨어지거나 무너지면서 맞거나 깔림,"▶ 주변의 중량물로 인한 깔림 방지를 위해 중량물 제거 후 작업
▶ 중량물 지지대 설치 후 수리·교체작업 실시"
2018-81-51-003,운수창고통신업,철도·항공·창고·운수관련서비스업,운수부대서비스업,"2018년 1월경 도로에서 재해자가 빈 섀시에 트랙터 헤드를 연결하기 위해 연결 작업 중, 트랙터가 경사진 도로 아래로 움직이는 것을 인지하고 정지를 시도하던 중 트랙터 바퀴에 깔려 사망",기타 차량(농기계/트랙터),도로에서의 자동차 운전,『정기적으로 차량의 상태를 유지·관리 및 점검하지 않아』 제동장치가 작동하지 않아 사고 위험,"▶ 차량 작업에 대한 작업계획서를 작성하여 작업 계획에 따라 작업 실시
▶ 작업계획서에 차량 점검과 상태 유지에 관한 사항을 포함하여 관리 실시"
2018-81-51-004,운수창고통신업,육상및수상운수업,특수화물운수업,"2018년 1월경 컨테이너터미널 내 냉동블록에서 재해자가 냉동컨테이너 야드로 진입하여 이동하던 중, 트랜스퍼크레인 장비기사가 재해자를 인지하지 못하고 권하작업을 진행하여 재해자가 냉동컨테이너에 깔려 사망",크레인(기타/트랜스퍼크레인),"크레인(천장주행, 갠트리, 지브 등) 사용 작업",운반하는 물체 또는 주변 구조물 등에 의해 『설비 조작자의 시야가 확보되지 않은 상태에서 운반』하여 다른 구조물에 부딪히거나 그 사이에 끼임,"▶ 이송방향 전면에서 조작 및 시야 확보가 가능한 정도의 물량 운반
▶ 신호수를 배치하여 신호에 따라 운반작업 실시"
2018-81-51-005,기타의사업,도소매·음식·숙박업,도소매및소비자용품수리업,"2018년 2월경 경사로에서 재해자가 중량물을 운반하던 중 지게차가 뒤로 밀리자 운전석 밖으로 대피하였으나, 넘어지는 지게차에 깔려 사망",지게차,지게차를 사용하는 작업,"작업차량이 『운행경로 상의 지형(급경사, 커브, 바닥의 요철, 지반 등) 또는 구조물』로 인해 떨어지거나 넘어지면서 그 아래 깔림","▶ 주·정차 시 불시 이동방지를 위한 브레이크, 고임목 체결 철저
▶ 작업장 내 바닥 평탄화 및 제한속도 준수
▶ 지게차 운전자격이 있는 지정자에 한해 운전 및 시동키 관리"
2018-81-51-006,기타의사업,도소매·음식·숙박업,도소매및소비자용품수리업,2018년 1월경 재해자가 일반작업용 리프트로 화물을 내리면서 적재상태를 확인하던 중 내려가는 운반구와 2층 승강장 사이에 몸이 끼어 사망,리프트(일반작업용),리프트 관련 작업,"『설비에 안전장치가 설치되어 있지 않거나, 설치된 안전장치를 무력화한 상태』로 사용하던 중 말리거나 끼임","▶ 방호장치 작동불량 등 이상시 관리감독자 등에게 선보고 및 조치 후 작업 재개가 당연한 안전문화 구축　
▶ 작업 전 광전자식 방호장치 정상 여부 확인 "
2018-81-51-007,기타의사업,도소매·음식·숙박업,음식및숙박업,2018년 3월경 재해자가 상부 청소 작업을 위해 사다리로 작업 후 내려오던 중 1.03m 아래로 떨어져 사망,사다리(이동식/일자형),사다리를 이용한 작업 또는 통행,『무겁거나 부피가 큰 물건을 들고 무리하게 사다리를 오르내려』 균형을 잃고 떨어짐,"▶ 사다리 시용금지 및 고소작업대 사용
▶ 중량물을 소분화하고 체인블럭 등 운반기구 사용하여 운반"
2018-81-51-008,운수창고통신업,철도·항공·창고·운수관련서비스업,운수부대서비스업,"2018년 4월경 선박계류장에서 재해자가 계류 중인 선박의 경비작업 중, 선박에서 해상으로 추락하여 사망(익사)",분류 불가,작업장소 통행/이동,『선박 사이를 뛰어넘어 이동편승』하다가 균형을 잃거나 구조물에 걸려 넘어지면서 떨어져 바다에 빠져 익사 위험,"▶ 선박 사이 이동을 위한 통로를 확보하여 안전하게 유지 실시
▶ 확보된 통로 외에는 이용하지 않도록 규정 마련"
2018-81-51-009,기타의사업,시설관리및사업지원서비스업,건물등의종합관리사업,2018년 4월경 기계식주차설비에서 재해자가 배수펌프 점검을 하던 중 차량 이송용 대차와 바닥 사이에 끼여 사망,기계식 주차설비,기계식 주차설비 정비·점검 작업,『설비를 정지시키지 않거나 전원을 차단하지 않은 상태』에서 정비·보수·청소 등의 작업을 하다가 끼이거나 말림,"▶ 설비 가동중 이물질 제거 등이 발생할 수 있는 생산작업을 분석하고 근원적 접근방지대책 수립
▶ 끼임재해 우려가 있어 가동정지 후 작업이 필요한 설비 목록화→LOTO(Lock Out,  Tag Out) 대상 확정·시행 
▶ 작업 절차에 대해 근로자 교육실시"
2018-81-51-010,기타의사업,도소매·음식·숙박업,음식및숙박업,2018년 4월경 재해자가 이륜자동차로 3차로에서 1차로로 차선을 변경하던 중에 1차로에서 주행중인 버스와 부딪혀 사망,기타 차량(오토바이),도로에서의 자동차 운전,『본인 또는 타인의 교통법규 위반』으로 사고발생 위험,"▶ 운전자는 작업 전 충분한 휴식을 취하고 운전 작업 실시
▶ 도로 상에서 운전 시 교통신호 등을 철저히 준수하여 운전 실시"
2018-81-51-011,기타의사업,시설관리및사업지원서비스업,사업서비스업,2018년 8월결 재해자가 승강기 점검을 위해 승강기 잠금 장치 해제 및 수동 개방 후 승강로로 떨어져 사망,분류 불가,리프트 관련 작업,『리프트의 출입문(도어)을 해체한 상태』에서 점검 및 수리작업 중 출입금지조치가 되어있지 않은 개구부(승강로)로 떨어짐,"▶ 각층 출입문에 인터록장치 등 연동장치 설치
▶ 승강로 주변은 방호울 등으로 밀폐 조치"
2018-81-51-012,운수창고통신업,철도·항공·창고·운수관련서비스업,항만내의육상하역업,"2018년 9월경 컨테이너 터미널 선석의 에이프런에서 재해자가 수레에 짐을 싣고 이동하던 중, 야드 트랙터에 충돌하여 사망",화물운반트럭(야드트랙터),작업장소 통행/이동,『근로자와 작업차량 간 이동동선(통행로)를 구분하지 않은 상태』에서 근로자가 작업차량에 부딪히거나 깔림 또는 주변 구조물과 차량사이에 끼임,"▶ 주문량 증가로 제품 적재공간 확대에 따라 지게차 작업구역이 확대, 지게차 운행 구역과 근로자 작업장소를 별도로 구획 실시
▶ 지게차 이용 중량물 취급에 대한 작업계획서 작성(작업방법, 운행경로, 근로자와 지게차 혼재 작업 여부 등)
▶ 혼재 작업 시 작업지휘자 또는 유도자 배치"
2018-81-51-014,운수창고통신업,철도·항공·창고·운수관련서비스업,항만내의육상하역업,"2018년 11월경 컨테이너 터미널에서 재해자가 컨테이너 양하작업의 지상작업을 위해 대기 중, 컨테이너 크레인의 스프레더 지지용 와이어로프가 갑자기 풀리면서 낙하하여 지상작업 대기중이던 재해자를 덮쳐 사망",줄걸이기구(와이어로프),"크레인(천장주행, 갠트리, 지브 등) 사용 작업","설비를 정기적으로 유지·관리 및 점검하지 않아 『설비의 주요 구조부분(용접부, 볼트 등)에 균열·변형·부식·마모·탈락 등이 발생』하여 재해발생 위험",▶ 설비·구조물 상태 정기적 점검 및 예방 관리
2018-82-11-001,제조업,기계기구·금속·비금속광물제품제조업,항공기제조또는수리업,2018년 3월중 도장작업장에서 재해자가 지게차 틸트 실린더에 올라서서 비닐막 설치작업을 수행하던 중 재해자의 오른발이 마스트 조작레버에 접촉되면서 헤드가드와 마스트 사이에 몸이 끼어 사망,지게차,지게차를 사용하는 작업,"『설비를 오조작』하여 갑자기 작동한 설비의 구동부에 끼이거나 말림, 절단","▶ 설비 조작스위치, 판넬 등에 조작 스위치의 기능(정지, 작동, 수동, 반자동, 자동, 역회전 등) 표시
▶ 생산 설비의 불시 가동을 방지하기 위한 LOTO(Lock Out_잠금장치, Tag Out_점검 중 꼬리표)제도 시행
▶ 작업자간 의사소통 방안 수립 및 실시"
2018-82-11-003,제조업,기계기구·금속·비금속광물제품제조업,각종기계또는동부속품제조업,2018년 3월경 작업장에서 재해자가 로봇작동영역 내부로 진입하여 CNC선반의 인서트 교체작업을 하던 중 로봇이 작동하여 그리퍼와 CNC선반 사이에 끼어 사망,산업용로봇,비정형 작업(정비·보수),『설비를 정지시키지 않거나 전원을 차단하지 않은 상태』에서 정비·보수·청소 등의 작업을 하다가 끼이거나 말림,"▶ 설비 가동중 이물질 제거 등이 발생할 수 있는 생산작업을 분석하고 근원적 접근방지대책 수립
▶ 끼임재해 우려가 있어 가동정지 후 작업이 필요한 설비 목록화→LOTO(Lock Out,  Tag Out) 대상 확정·시행 
▶ 작업 절차에 대해 근로자 교육실시"
2018-82-11-004,제조업,기계기구·금속·비금속광물제품제조업,기타금속제품제조업또는금속가공업,2018년 4월경 작업장내에서 재해자가 덕트의 추가 보온작업을 수행하기 위해 이동식 사다리를 이용하여 이동 중 사다리와 함께 넘어지면서 높이 3m 아래로 추락하여 사망,사다리(이동식/일자형),사다리를 이용한 작업 또는 통행,아웃트리거를 사용하지 않는 등 『사다리를 불안정하게 걸쳐놓은 상태』에서 이동(작업)하던 중 사다리가 넘어지면서 떨어짐,"▶ 3.5m 미만 작업 시 A자형 사다리만 사용(2인1조)
▶ 아웃트리거 설치 및 안전대, 안전모 등 개인보호구 착용"
2018-82-11-005,제조업,기계기구·금속·비금속광물제품제조업,일반산업용기계장치제조업,2018년 4월 OO공장에서 사업장 내 도로를 건너던 재해자가 주변 메탄올 저장탱크에 충전을 완료하고 우회전 중이던 탱크로리 전륜 두 번째 바퀴에 깔려 사망.,화물운반트럭(탱크로리),작업장소 통행/이동,『근로자와 작업차량 간 이동동선(통행로)를 구분하지 않은 상태』에서 근로자가 작업차량에 부딪히거나 깔림 또는 주변 구조물과 차량사이에 끼임,"▶ 주문량 증가로 제품 적재공간 확대에 따라 지게차 작업구역이 확대, 지게차 운행 구역과 근로자 작업장소를 별도로 구획 실시
▶ 지게차 이용 중량물 취급에 대한 작업계획서 작성(작업방법, 운행경로, 근로자와 지게차 혼재 작업 여부 등)
▶ 혼재 작업 시 작업지휘자 또는 유도자 배치"
2018-82-11-006,제조업,목재및종이제품제조업,지류제조업,2018년 4월 제지공장에서 재해자가 권상되어 작업대기 중인 초지롤과 초지롤 사이에서 재료의 상태를 확인하던 동료 근로자가 크레인으로 들어올려 옮기던 다른 초지롤과 재해자 옆의 초지롤이 충돌하면서 초지롤 사이에 머리가 끼임 ,크레인(천장주행크레인),"크레인(천장주행, 갠트리, 지브 등) 사용 작업",운반하는 물체 또는 주변 구조물 등에 의해 『설비 조작자의 시야가 확보되지 않은 상태에서 운반』하여 다른 구조물에 부딪히거나 그 사이에 끼임,"▶ 이송방향 전면에서 조작 및 시야 확보가 가능한 정도의 물량 운반
▶ 신호수를 배치하여 신호에 따라 운반작업 실시"
2018-82-11-007,임업,임업,벌목업,2018년 3월경 OO산 경사지에서 벌목작업을 하던 재해자가 경사지 위에서 굴러 떨어진 조재목(낙엽송)에 깔려 사망,나무(조재목),벌목·조재 작업,『능선·경사로에 적재 또는 쓰러진 벌도목』 이 작업장소로 굴러내려와 부딪히거나 맞음,"▶ 벌도목 적재 시 굴러내려오지 않도록 철저히 고정 실시
▶ 적재된 벌도목이 굴러내려올 수 있는 장소를 피해서 벌목 작업 실시"
2018-82-11-008,제조업,기계기구·금속·비금속광물제품제조업,철강또는비철금속주물제조업,2018년 4월 OO공장에서 재해자가 천장크레인을 이용하여 선박엔진부품을 바닥에 눕히던 중 제품에 체결되어 있던 보조 달기체인이 이탈되면서 넘어지는 제품에 깔려 사망,줄걸이기구(체인),"크레인(천장주행, 갠트리, 지브 등) 사용 작업",『운반하는 화물의 형태에 적합하지 않은 줄걸이 방법을 사용』하여 화물의 균형이 맞지 않은 상태에서 무리하게 인양하다가 화물이 떨어지면서 부딪히거나 그 아래 깔림,"▶ 섬유슬링 벨트 폐기(관리) 기준을 마련하여 중량물 취급 작업계획서에 포함
▶ 폐기조건 발생 시 근로자가 자발적으로 점검하여 즉시 폐기 요청 할 수 있는 사내 안전문화 정착"
2018-82-11-009,제조업,식료품제조업,수산식료품제조업,2018년 3월 수산물제조공장 소속으로 화물자동차를 이용하여 운송업무를 수행하던 재해자가 도로 갓길에서 화물자동차 적재함 근처 지면에 쓰러진 채로 발견(적재함에 적재된 물품의 결속을 위해 적재함 상부에서 작업 중 떨어진 것으로 추정),화물운반트럭(카고트럭),상하차 작업 또는 적재된 화물,『화물의 무게가 한쪽으로 치우쳐진 상태 등』 적재상태가 불량한 화물이 무너지면서 맞거나 깔림,"▶ 전도·낙하 방지를 위해 중량물 제거 후 작업
▶ 중량물 고정 실시 후 수리작업 실시"
2018-82-11-010,제조업,기계기구·금속·비금속광물제품제조업,제강압연업,2018년 6월 OO공장 재해자가 피막탱크의 수위를 확인하던 중 자동화 시스템에 의해 동작되는 전동대차와 탱크 상부 사이에 머리가 끼여 사망,이동대차,비정형 작업(점검),『설비를 정지시키지 않거나 전원을 차단하지 않은 상태』에서 정비·보수·청소 등의 작업을 하다가 끼이거나 말림,"▶ 설비 가동중 이물질 제거 등이 발생할 수 있는 생산작업을 분석하고 근원적 접근방지대책 수립
▶ 끼임재해 우려가 있어 가동정지 후 작업이 필요한 설비 목록화→LOTO(Lock Out,  Tag Out) 대상 확정·시행 
▶ 작업 절차에 대해 근로자 교육실시"
2018-82-11-011,제조업,기계기구·금속·비금속광물제품제조업,동력용전기기계기구제조업,"2018년 7월 OO공장에서 재해자가 고소작업대(높이:1.7m) 위에서 사상작업 중 사상 작업중인 구조물이 이탈하여 고소작업대에 부딪혔고, 구조물에 밀려 고소작업대가 넘어지면서 탑승해있던 재해자도 같이 넘어져 바닥에 머리를 부딪혀 사망",가공물,용접·절단·사상 또는 도장 작업,『매달아 올리거나 적재 상태가 불량한 물체』가 떨어지거나 무너지면서 맞거나 깔림,"▶ 주변의 중량물로 인한 깔림 방지를 위해 중량물 제거 후 작업
▶ 중량물 지지대 설치 후 수리·교체작업 실시"
2018-82-11-013,제조업,기계기구·금속·비금속광물제품제조업,각종기계또는동부속품제조업,2018년 10월 OO공장 가공작업장 내 재해자가 CNC Turning M/C을 사용하여 가공물(Valve body)의 상부 단면을 절삭가공 하던 중 가공물이 튕겨 나오면서 재해자의 흉부 등을 가격하여 사망.,금속가공기계(CNC터닝 머신),가공 설비를 이용한 작업,보호구를 착용하지 않은 상태에서 『튕겨나온 가공날 또는 가공물』에 눈을 찔리거나 머리를 맞음,"▶ 선반가공 시 척, 방진구 및 심압대 체결상태 확인 및 갇독 철저
▶ 칩 브레이커 등 설치·사용
▶ 보안경/보안면 등 안면보호구 착용"
2018-82-11-014,제조업,기계기구·금속·비금속광물제품제조업,원동기제조업,2018년 11월 OO공장에서 운반용 지그와 파이프(5단) 사이에 들어가 크레인을 무선 리모컨으로 조작하는 순간 걸려있던 운반용 지그가 흔들려 재해자가 운반용 지그와 파이프 사이에 끼여 사망,크레인(천장주행크레인),"크레인(천장주행, 갠트리, 지브 등) 사용 작업",『운반하는 화물의 형태에 적합하지 않은 줄걸이 방법을 사용』하여 화물의 균형이 맞지 않은 상태에서 무리하게 인양하다가 화물이 떨어지면서 부딪히거나 그 아래 깔림,"▶ 섬유슬링 벨트 폐기(관리) 기준을 마련하여 중량물 취급 작업계획서에 포함
▶ 폐기조건 발생 시 근로자가 자발적으로 점검하여 즉시 폐기 요청 할 수 있는 사내 안전문화 정착"
2018-82-11-015,제조업,기계기구·금속·비금속광물제품제조업,코팅사업,2018년 12월 OO공장 내 선반가공작업장에서 재해자가 선반에 밸브스핀들을 장착하고 연마작업을 하던 중 밸브스핀들에 임시 설치된 보조치구에 작업복이 말려들어가 재해자의 왼팔 및 상체 일부가 선반 베드와 밸브스핀들 사이에 끼여 사망,생산설비(선반),가공 설비를 이용한 작업,『말릴 위험이 있는 옷이나 장갑을 착용하고 회전축에 근접하여 작업』해 손이나 팔이 말려 절단,"▶ 목장갑 등 사용 시 손이 말려 들어갈 위험이 있음을 근로자에게 교육하고, 밀착형 가죽장갑 등을 지급하여 착용하도록 조치"
2018-82-31-001,농업,농업,축산업,2018년 4월경 OO농장에서 재해자가 분뇨 방류구의 방류배관을 인력으로 들어올린 후 방류관을 닫는 작업을 하던 중 황화수소 중독으로 사망,유해가스(황화수소),"피트, 맨홀, 오·폐수 처리시설 등 밀폐된 장소에서 작업","『순간적으로 다량의 유해가스, 화학물질, 낮은 산소농도에 노출』되어 산소결핍·질식·중독 위험","▶ 가스농도측정기로 적정공기 상태 선 확인
▶ 환기팬 등으로 환기 실시 후 작업을 실시
▶ 밀폐공간 출입금지 위험 표시"
2018-82-51-001,운수창고통신업,철도·항공·창고·운수관련서비스업,육상화물취급업,"2017년 7월결 야적장에서 지게차 운전자가 창고의 제품을 컨테이너로 옮기기 위해 지게차 작업을 하던 중, 지게차와 재해자가 충돌하여 재해자의 좌우족이 지게차 앞바퀴에 깔려 골정 발생 후, 치료 중 사망",지게차,지게차를 사용하는 작업,작업자 간 『작업 상황에 대해 의사소통을 하지 않고 작업』을 실시해 운반하는 물체에 부딪히거나 깔림 또는 주변 구조물과 운반하는 물체 사이에 끼임,"▶ 작업자 간 신호체계 통일 및 숙지 조치
▶ 중량물 취급 시 보조운반기구 사용"
2018-82-51-002,임업,임업,영림업,"2018년 OO읍에서 재해자가 예초기로 풀을 베는 작업을 하던 중 땅벌에 쏘였고, 휴식을 취하다 의식을 잃고 병원으로 이송된 후 사망",독충(땅벌),조경·제초작업,『작업장소 인근 독충·독사·벌·진드기』등에 물릴 위험,"▶ 작업 시 긴소매, 긴바지의 작업복을 착용하여 작업 실시
▶ 작업 시작 전 주변의 위험요소를 확인 후 위험요인을 제거 후 작업 실시"
2018-82-51-004,기타의사업,국가및지방자치단체의사업,국가및지방자치단체의사업,2018년 11월경 재해자가 칡 넝쿨 제거작업을 위해 사다리로 하천 제방 아래로 내려가던 중 3.2m 아래로 떨어져 사망,사다리(고정식),사다리를 이용한 작업 또는 통행,사다리 사용 시 『미끄러운 상태의 신발 또는 사다리 발판때문에 실족』하여 떨어짐,"▶ 고정형 계단을 설치하여 통행토록 조치
▶ A자형 사다리 사용 시 2인1조 및 아웃트리거 설치
▶ 운동화 착용 금지 및 안전화 착용"
2018-83-11-001,제조업,기계기구·금속·비금속광물제품제조업,열처리사업,2017년 09월 OO공장내 열처리공정에서 재해자가 진공열처리로의 도어 유압실린더를 점검하기 위해 내부로 진입하던 중 제품 이송용 엘리베이터의 상부 앵글에서 발이 미끄러지면서 소입조에 빠져 2도 화상(하반신)을 입은 후 사망,분류 불가,비정형 작업(점검),『작업을 위해 밟고 있던 구조물이 파손되거나 균형을 잃기 쉬운 불안한 자세』로 작업하여 넘어지거나 떨어짐,"▶ 안전난간이 설치된 작업발판을 설치·사용
▶ 고소작업대 사용 또는 3.5m미만은 A자형 사다리 사용(2인1조) 관리
▶ 안전대 및 안전모 지급·착용 등 관리감독자 확인"
2018-83-11-003,제조업,기계기구·금속·비금속광물제품제조업,자동차부분품제조업,2018년 4월 OO공장 재해자가 리크테스트 작업 중 이상이 발생하여 안전방책에 설치된 안전플러그의 연결을 해제한 후 확인하는 과정에서 갠트리로더의 그리퍼와 하부 리크테스트기의 마스터 사이에 끼어 사망함.,자동화설비(갠트리로더<자동이송장치>),비정형 작업(점검),"『설비에 안전장치가 설치되어 있지 않거나, 설치된 안전장치를 무력화한 상태』로 사용하던 중 말리거나 끼임","▶ 방호장치 작동불량 등 이상시 관리감독자 등에게 선보고 및 조치 후 작업 재개가 당연한 안전문화 구축　
▶ 작업 전 광전자식 방호장치 정상 여부 확인 "
2018-83-11-004,제조업,섬유및섬유제품제조업,화학섬유제조업,2018년 7월 화학섬유공장 내 원료를 용융조에 자동투입하는 설비의 오류메세지를 확인한 재해자가 이물질 등을 제거하기 위하여 자동투입설비에 진입 후 이물질을 제거하는 순간 설비가 가동되어 원료 포장 제거 칼날에 다수 베임 ,자동화설비(자동투입설비),비정형 작업(이물질 제거·청소),『설비를 정지시키지 않거나 전원을 차단하지 않은 상태』에서 정비·보수·청소 등의 작업을 하다가 끼이거나 말림,"▶ 설비 가동중 이물질 제거 등이 발생할 수 있는 생산작업을 분석하고 근원적 접근방지대책 수립
▶ 끼임재해 우려가 있어 가동정지 후 작업이 필요한 설비 목록화→LOTO(Lock Out,  Tag Out) 대상 확정·시행 
▶ 작업 절차에 대해 근로자 교육실시"
2018-83-11-005,제조업,금속제련업,비철금속의제련또는정련업,2018년 8월경 재해자가 컨테이너를 운반하기 위해 천정크레인으로 권상하던 중 드로스 컨테이너가 재해자 방향으로 흔들리면서 컨테이너와 연괴 더미 사이에 깔려 사망,운반물(컨테이너),"크레인(천장주행, 갠트리, 지브 등) 사용 작업",『운반하는 화물의 형태에 적합하지 않은 줄걸이 방법을 사용』하여 화물의 균형이 맞지 않은 상태에서 무리하게 인양하다가 화물이 떨어지면서 부딪히거나 그 아래 깔림,"▶ 섬유슬링 벨트 폐기(관리) 기준을 마련하여 중량물 취급 작업계획서에 포함
▶ 폐기조건 발생 시 근로자가 자발적으로 점검하여 즉시 폐기 요청 할 수 있는 사내 안전문화 정착"
2018-83-11-007,제조업,기계기구·금속·비금속광물제품제조업,각종금속의용접또는용단을행하는사업,2018년 10월 OO에서 재해자가 용접 제품(체인로커)에 용접 백업 테이프를 부착하기 위해 터닝롤러를 조작하던 중 용접 제품(체인로커)이 떨어지면서 그 아래 깔려 사망._x000D_,가공물(체인로커(Chain Locker)),용접·절단·사상 또는 도장 작업,『매달아 올리거나 적재 상태가 불량한 물체』가 떨어지거나 무너지면서 맞거나 깔림,"▶ 주변의 중량물로 인한 깔림 방지를 위해 중량물 제거 후 작업
▶ 중량물 지지대 설치 후 수리·교체작업 실시"
2018-83-11-008,제조업,기계기구·금속·비금속광물제품제조업,기타금속제품제조업또는금속가공업,2018년 10월 OO제조공장에서 재해자가 FRP 파이프 연결 플랜지 천정크레인으로 권상하던 중 플랜지가 재해자를 강타하여 사망.,크레인(천장주행크레인),"크레인(천장주행, 갠트리, 지브 등) 사용 작업",『운반하는 물체의 이동경로에 근로자의 출입을 통제하지 않아』 부딪히거나 주변 구조물과 운반물 사이에 끼임,"▶ 지게차 이용 중량물 취급에 대한 작업계획서 작성(작업방법, 운행경로, 근로자와 지게차 혼재 작업 여부 등)
▶ 혼재 작업 시 작업지휘자 또는 유도자 배치"
2018-83-51-001,기타의사업,시설관리및사업지원서비스업,건물등의종합관리사업,2018년 8월경 재해자가 천장 누수를 확인하기 위해 이동식 사다리 작업을 하던 중 3.1m 아래로 떨어져 사망,사다리(이동식/A형),사다리를 이용한 작업 또는 통행,『사다리 위에 올라가 작업』하던 중 균형을 잃고 머리부터 바닥으로 떨어짐,"▶ 3.5m 미만 작업 시 A자형 사다리만 사용(2인1조)
▶ 아웃트리거 설치 및 안전대, 안전모 등 개인보호구 착용"
2018-83-51-002,운수창고통신업,철도·항공·창고·운수관련서비스업,항만내의육상하역업,2018년 10월경 부두에서 재해자가 Feed 컨베이어 하부 벨트에 협착되어 있는 채로 발견되어 병원으로 이송되었으나 사망,컨베이어,작업장소 통행/이동,"『이동동선 주변에 방치된 물체, 구조물 등』을 인지하지 못하고 이동하다가 부딪히거나 떨어짐","▶ 위험장소 출입금지용 방책 설치
▶ 하역운반기계 출입문에 비상등·벨 설치
▶ 위험장소에 안전보건표지 부착"
2018-83-51-003,기타의사업,도소매·음식·숙박업,도소매및소비자용품수리업,2018년 11월경 철판 하역작업을 하고있는 이동식 크레인의 구조물(컬럼 하단부)이 파단되면서 지나가던 재해자가 떨어지는 붐대에 맞아 사망,크레인(이동식크레인/카고크레인),"이동식 크레인(카고 크레인, 집게차)을 사용한 작업","설비를 정기적으로 유지·관리 및 점검하지 않아 『설비의 주요 구조부분(용접부, 볼트 등)에 균열·변형·부식·마모·탈락 등이 발생』하여 재해발생 위험",▶ 설비·구조물 상태 정기적 점검 및 예방 관리
2018-84-11-001,제조업,기계기구·금속·비금속광물제품제조업,각종시멘트제품제조업,2018년 1월 OO공장 재해자가 방호덮개를 해체한 뒤 전원을 차단하지 않은 상태로 컨베이어 내부에 들어가 작업 중 스크류가 가동되어 끼어 사망함,컨베이어,비정형 작업(점검),『설비를 정지시키지 않거나 전원을 차단하지 않은 상태』에서 정비·보수·청소 등의 작업을 하다가 끼이거나 말림,"▶ 설비 가동중 이물질 제거 등이 발생할 수 있는 생산작업을 분석하고 근원적 접근방지대책 수립
▶ 끼임재해 우려가 있어 가동정지 후 작업이 필요한 설비 목록화→LOTO(Lock Out,  Tag Out) 대상 확정·시행 
▶ 작업 절차에 대해 근로자 교육실시"
2018-84-11-004,제조업,기계기구·금속·비금속광물제품제조업,자동차부분품제조업,2018년 5월 OO공장 하청업체 근로자가 리프트 체인 이탈로 포크가 내려오지 않는 지게차를 수리하던 중 포크가 불시 하강하여 작업장바닥과 포크사이에 끼여 사망,지게차,비정형 작업(정비·보수),『매달아 올리거나 적재 상태가 불량한 물체』가 떨어지거나 무너지면서 맞거나 깔림,"▶ 주변의 중량물로 인한 깔림 방지를 위해 중량물 제거 후 작업
▶ 중량물 지지대 설치 후 수리·교체작업 실시"
2018-84-11-005,제조업,기계기구·금속·비금속광물제품제조업,일반산업용기계장치제조업,"2018년 6월 OO공장에서 근로자들이 저장탱크 철거 작업 중 탱크 내부의 인화성 증기에 의한 화재, 폭발로 사망 및 부상을 당_x000D_함",인화성물질(정제유증기),위험물질 취급 또는 그 장소에서 수행하는 작업,『취급하는 물질이 배관·호스·용기 등에서 누출』되어 화학물질 접촉·질식 또는 화재·폭발,"▶ 위험물질에 대한 MSDS 비치 및 근로자 교육
▶ 공급원재료의 종류, 공급되는 설비명 표시
▶ 가스검지 및 경보장치·긴급차단장치 및 방유제 설치"
2018-84-11-008,제조업,기계기구·금속·비금속광물제품제조업,석재및석공품제조업,2018년 12월 벨트컨베이어로 운반되는 파쇄 콘크리트에서 이물질 제거 작업 중이던 재해자가 구동용 모터 지지대와 벨트컨베이어 사이에 끼여 사망.,컨베이어,비정형 작업(이물질 제거·청소),『설비를 정지시키지 않거나 전원을 차단하지 않은 상태』에서 정비·보수·청소 등의 작업을 하다가 끼이거나 말림,"▶ 설비 가동중 이물질 제거 등이 발생할 수 있는 생산작업을 분석하고 근원적 접근방지대책 수립
▶ 끼임재해 우려가 있어 가동정지 후 작업이 필요한 설비 목록화→LOTO(Lock Out,  Tag Out) 대상 확정·시행 
▶ 작업 절차에 대해 근로자 교육실시"
2018-84-31-001,제조업,금속제련업,금속의제련또는정련업,2018년 1월 OO공장 냉각탑 내부에서 근로자들이 내장재 교체작업을 하던 중 냉각탑 내부로 유입된 질소에 의한 산소결핍으로 모두 사망,유해가스(질소),"피트, 맨홀, 오·폐수 처리시설 등 밀폐된 장소에서 작업",『산소·가소농도 미측정 및 송풍기를 이용한 강제환기 미실시』로 불활성 가스 또는 유해가스에 의한 산소결핍·질식·중독,"▶ 가스농도측정기로 적정공기 상태 선 확인
▶ 환기팬 등으로 환기 실시 후 작업을 실시
▶ 밀폐공간 출입금지 위험 표시"
2018-84-51-001,운수창고통신업,철도·항공·창고·운수관련서비스업,운수부대서비스업,"2018년 4월경 항구에서 재해자가 계류 중인 선박의 관리·경비 작업 중, 미끄러지면서 바다에 추락하여 사망",분류 불가,작업장소 통행/이동,『선박 사이를 뛰어넘어 이동편승』하다가 균형을 잃거나 구조물에 걸려 넘어지면서 떨어져 바다에 빠져 익사 위험,"▶ 선박 사이 이동을 위한 통로를 확보하여 안전하게 유지 실시
▶ 확보된 통로 외에는 이용하지 않도록 규정 마련"
2019-82-11-020,제조업,식료품제조업,음료제조업,2019년 12월경 자동화라인(파렛타이져)에서 재해자가 쓰러진 자재(공병)를 세우려고 하던 중 하강하는 파렛타이져의 가이드 암에 끼어 사망,자동화설비(파렛타이저),자동화 설비 작업,"『설비에 안전장치가 설치되어 있지 않거나, 설치된 안전장치를 무력화한 상태』로 사용하던 중 말리거나 끼임","▶ 방호장치 작동불량 등 이상시 관리감독자 등에게 선보고 및 조치 후 작업 재개가 당연한 안전문화 구축　
▶ 작업 전 광전자식 방호장치 정상 여부 확인 "
2018-84-51-003,운수창고통신업,철도·항공·창고·운수관련서비스업,육상화물취급업,"2018년 10월경 아파트에서 재해자가 이삿짐을 화물용 탑차의 적재함 바닥(높이 106cm)과 높이를 맞춘 이삿짐운반용 리프트 운반구 위에서 화물용 탑차로 옮기는 작업을 하던 중, 이삿짐운반용 리프트 운반구가 갑자기 올라가면서 운반구에서 추락하여 사망",기타 차량(사다리차/이삿짐운반용 차량),사다리차(이삿짐 운반용 차량) 사용 작업,작업자 간 『작업 상황에 대해 의사소통을 하지 않고 작업』을 실시해 운반하는 물체에 부딪히거나 깔림 또는 주변 구조물과 운반하는 물체 사이에 끼임,"▶ 작업자 간 신호체계 통일 및 숙지 조치
▶ 중량물 취급 시 보조운반기구 사용"
2018-85-11-001,제조업,수제품및기타제품제조업,기타각종제조업,2018년 1월 폐기물처리장에서 재해자가 폐 변압기 해체작업 중 변압기가 재해자 쪽으로 넘어지면서 깔림,적재물(변압기),상하차 작업 또는 적재된 화물,『매달아 올리거나 적재 상태가 불량한 물체』가 떨어지거나 무너지면서 맞거나 깔림,"▶ 주변의 중량물로 인한 깔림 방지를 위해 중량물 제거 후 작업
▶ 중량물 지지대 설치 후 수리·교체작업 실시"
2018-85-11-002,제조업,섬유및섬유제품제조업,화학섬유제조업,2018년 1월 섬유공장에서 재해자가 연신기 방호덮개를 해제하고 점검 작업 중 연신기 조인트의 회전체 사이에 끼임,생산설비(연신기),비정형 작업(점검),『설비를 정지시키지 않거나 전원을 차단하지 않은 상태』에서 정비·보수·청소 등의 작업을 하다가 끼이거나 말림,"▶ 설비 가동중 이물질 제거 등이 발생할 수 있는 생산작업을 분석하고 근원적 접근방지대책 수립
▶ 끼임재해 우려가 있어 가동정지 후 작업이 필요한 설비 목록화→LOTO(Lock Out,  Tag Out) 대상 확정·시행 
▶ 작업 절차에 대해 근로자 교육실시"
2018-85-11-003,제조업,기계기구·금속·비금속광물제품제조업,원동기제조업,2018년 2월 OO공장에서 재해자가 주형틀을 천장크레인을 이용하여 주입피트로 운반작업 중 동료 작업자가 다른 천장크레인을 주행 작동시켜 재해자가 주형틀과 안전난간 사이에 협착되어 사망.,운반물(주형틀),"크레인(천장주행, 갠트리, 지브 등) 사용 작업",작업자 간 『작업 상황에 대해 의사소통을 하지 않고 작업』을 실시해 운반하는 물체에 부딪히거나 깔림 또는 주변 구조물과 운반하는 물체 사이에 끼임,"▶ 작업자 간 신호체계 통일 및 숙지 조치
▶ 중량물 취급 시 보조운반기구 사용"
2018-85-11-004,제조업,기계기구·금속·비금속광물제품제조업,기타금속제품제조업또는금속가공업,2018년 1월 OO공장에서 재해자가 환봉 절단기의 부품을을 교체하던 중 환봉절단기가 놓인 작업장 상단 바닥에서 작업장 하단 바닥으로 떨어지면서(0.6m) 바닥에 머리를 부딪혀 사망,분류 불가,"설비 위, 지붕 등 높은 장소에서의 작업",『작업을 위해 밟고 있던 구조물이 파손되거나 균형을 잃기 쉬운 불안한 자세』로 작업하여 넘어지거나 떨어짐,"▶ 안전난간이 설치된 작업발판을 설치·사용
▶ 고소작업대 사용 또는 3.5m미만은 A자형 사다리 사용(2인1조) 관리
▶ 안전대 및 안전모 지급·착용 등 관리감독자 확인"
2018-85-11-005,제조업,화학및고무제품제조업,플라스틱가공제품제조업,2018년 5월경 OO사업장 사출 성형공정에서 재해자가 작업 중 크레인으로 금형을 인양하던 중 주변의 화물을 건드려 화물이 넘어져 재해자가 그 아래 깔려 사망,적재물,"크레인(천장주행, 갠트리, 지브 등) 사용 작업",운반하는 물체 또는 주변 구조물 등에 의해 『설비 조작자의 시야가 확보되지 않은 상태에서 운반』하여 다른 구조물에 부딪히거나 그 사이에 끼임,"▶ 이송방향 전면에서 조작 및 시야 확보가 가능한 정도의 물량 운반
▶ 신호수를 배치하여 신호에 따라 운반작업 실시"
2018-85-11-006,제조업,기계기구·금속·비금속광물제품제조업,각종기계또는동부속품제조업,2018년 6월 재해자가 보일러 상부드럼 내에서 수관 확관 작업을 하던 중 드럼 상부 배관으로 역류된 고온·고압의 스팀에 접촉하여 전신 화상을 입고 사망한 재해,고온물질(스팀),비정형 작업(정비·보수),『취급하는 물질이 배관·호스·용기 등에서 누출』되어 화학물질 접촉·질식 또는 화재·폭발,"▶ 위험물질에 대한 MSDS 비치 및 근로자 교육
▶ 공급원재료의 종류, 공급되는 설비명 표시
▶ 가스검지 및 경보장치·긴급차단장치 및 방유제 설치"
2020-99-11-001,제조업,수제품및기타제품제조업,포류및기타피혁제품제조업,"2020년 1월 피혁제품공장에서 가동 중이던 보일러가 폭발하여 폭발비산물에 의해 7명 사상(2명 사망, 5명 부상)",기타 설비(노통연관 보일러),위험물질 취급 또는 그 장소에서 수행하는 작업,"『설비에 안전장치가 설치되어 있지 않거나, 설치된 안전장치를 무력화한 상태』로 사용하던 중 말리거나 끼임","▶ 방호장치 작동불량 등 이상시 관리감독자 등에게 선보고 및 조치 후 작업 재개가 당연한 안전문화 구축　
▶ 작업 전 광전자식 방호장치 정상 여부 확인 "
2018-85-51-001,기타의사업,도소매·음식·숙박업,도소매및소비자용품수리업,2018년 6월경 작업장에서 포탄 탄체를 절단하던 중 내부의 작약이 불꽃에 점화되어 폭발하면서 재해자가 맞아 사망,화학물질(작약),용접·절단·사상 또는 도장 작업,『위험물질을 파악 및 제거하지 않은 상태』에서 작업하여 화재·폭발·누출로 인한 재해발생 위험,"▶ 위험물질에 대한 MSDS 비치 및 근로자 교육
▶ 공급원재료의 종류, 공급되는 설비명 표시
▶ 가스검지 및 경보장치·긴급차단장치 및 방유제 설치"
2018-85-51-002,운수창고통신업,철도·항공·창고·운수관련서비스업,창고업,2018년 10월경 양곡보관창고에서 재해자가 정부양곡 이송을 위해 5톤 트럭 적재함에서 적재작업 중 추락하여 사망,화물운반트럭(카고트럭),상하차 작업 또는 적재된 화물,『적재된 제품·재료 또는 화물 적재함 위에 올라 작업』하던 중 균형을 잃고 떨어짐,"▶ 차량 상부작업 시 작업장소 상부에 안전대 걸이설비 설치·사용
▶ 적재함에 오르내리기 위한 설비 설치·사용
▶ 작업 시 안전대, 안전모 등 보호구 착용"
2018-91-11-002,제조업,기계기구·금속·비금속광물제품제조업,코팅사업,"2018년 1월 공장에서 롤(Roll)청소 작업을 준비하던 중, 재해자가 청소용 철판더미와 롤 사이에 오른쪽 팔이 끼이면서 사망",분류 불가,비정형 작업(이물질 제거·청소),『설비를 정지시키지 않거나 전원을 차단하지 않은 상태』에서 정비·보수·청소 등의 작업을 하다가 끼이거나 말림,"▶ 설비 가동중 이물질 제거 등이 발생할 수 있는 생산작업을 분석하고 근원적 접근방지대책 수립
▶ 끼임재해 우려가 있어 가동정지 후 작업이 필요한 설비 목록화→LOTO(Lock Out,  Tag Out) 대상 확정·시행 
▶ 작업 절차에 대해 근로자 교육실시"
2018-91-11-003,농업,농업,축산업,"2018년 2월경 OO목장 왕겨 저장소에서 재해자가 로더를 이용해 왕겨를 싣던 중 주변의 톱밥 톤백에 로더가 스쳐 구멍이 났고, 재해자가 구멍을 확인하던 중 톤백이 무너지면서 깔려 사망",적재물(톤백),상하차 작업 또는 적재된 화물,『화물을 지지하던 물체가 파손』되어 화물이 무너지면서 그 아래 깔림,"▶ 깔림 방지를 위해 중량물 제거 후 작업
▶ 중량물 지지대 설치 후 수리·교체작업 실시"
2018-91-11-004,제조업,섬유및섬유제품제조업,방적제사및화학섬유제품제조업,2018년 3월 화학섬유공장에서 재해자가 실이 끊겨 작동이 멈춘 환편기의 방호울을 열고 조작작업을 하던 중 가동버튼 오조작으로 환편기 프레임과 턴업장치 사이에 끼임,생산설비(환편기),비정형 작업(시운전),"『설비에 안전장치가 설치되어 있지 않거나, 설치된 안전장치를 무력화한 상태』로 사용하던 중 말리거나 끼임","▶ 방호장치 작동불량 등 이상시 관리감독자 등에게 선보고 및 조치 후 작업 재개가 당연한 안전문화 구축　
▶ 작업 전 광전자식 방호장치 정상 여부 확인 "
2018-91-11-005,임업,임업,영림업,2018년 3월경 재선충병 방재사업 현장에서 재해자가 덤프트럭을 운전해 임도를 오르던 중 덤프트럭이 임도를 이탈해 경사지 17미터 아래로 떨어져 사망,화물운반트럭(덤프트럭),건설기계를 사용하는 작업,『차량의 지지면 등 지반』이 무너지면서 차량이 넘어가거나 떨어짐,▶ 차량 작업구역과 이동 경로를 점검하여 안전하게 작업할 수 있는 구역 확보
2021-41-11-003,제조업,기계기구·금속·비금속광물제품제조업,자동차부분품제조업,2021년 5월경 OO사업장 차체 조립공정에서 재해자가 로봇이 운전하는 범위 내에서 제품을 운반하는 도중 작동한 로봇과 제품사이에 끼여 사망,산업용로봇,자동화 설비 작업,"『설비에 안전장치가 설치되어 있지 않거나, 설치된 안전장치를 무력화한 상태』로 사용하던 중 말리거나 끼임","▶ 방호장치 작동불량 등 이상시 관리감독자 등에게 선보고 및 조치 후 작업 재개가 당연한 안전문화 구축　
▶ 작업 전 광전자식 방호장치 정상 여부 확인 "
2018-91-11-007,제조업,전기기계기구·정밀기구·전자제품제조업,절연전선또는케이블제조업,2018년 6월 전기부품공장에서 작업자가 천장크레인으로 철제보빈(약 20톤)을 들어올려 이송하던 중 철체보빈에 체결관 후크가 이탈하면서 떨어지는 철제보빈에 근처를 지나던 재해자가 깔림,섬유로프(슬링벨트),"크레인(천장주행, 갠트리, 지브 등) 사용 작업",훅해지장치가 없는 등 『줄걸이가 훅에서 이탈』해 떨어지는 화물에 부딪히거나 깔림,"▶ 인양하중 및 화물의 형태를 고려하여 체인블록의 훅을 선정
▶ 훅과 훅 해지장치 등을 상시 점검하여 사용하고, 이상 시 폐기 처리"
2018-91-11-008,농업,농업,축산업,2018년 6월경 OO사업장 2층에서 파렛트 랩핑작업을 수행하던 재해자가 작업 중 안전난간이 설치 안된 단부에서 4미터 아래 1층으로 추락하여 사망,분류 불가,작업장소 통행/이동,『안전난간의 설치상태가 불량하거나 없는 상태』에서 주변 구조물 또는 생명줄에 안전대를 체결하지 않아 떨어짐,"▶ 지붕 재질 확인 및 하중 분산용 작업발판 설치 후 작업
▶ 지붕 파손 대비 공장 내부에 추락방호망 설치
▶ 지붕 끝단부에 안전난간 설치"
2018-91-11-009,제조업,화학및고무제품제조업,플라스틱가공제품제조업,2018년 6월경 OO사업장 필름 생산공정에서 재해자가 파열된 제품을 제거하는 작업 중 이를 밝고 넘어지면서 머리를 부딪혀 사망,생산설비(와인더/권취기),작업장소 통행/이동,"『미끄러운 상태의 바닥(오일, 빙판 등)을 밟거나 바닥의 요철부』에 걸려 넘어지면서 머리를 부딪히거나 떨어짐","▶ 바닥에 존재하는 기름기 등 제거 조치
▶ 유분 비산을 방지하기 위한 가림판 설치"
2018-91-11-010,농업,농업,작물생산업,2018년 8월경 OO농원에서 트랙터로 제조작업을 하던 재해자가 농로를 지나 농원 창고로 이동하던 중 농로에서 트랙터가 이탈면서 넘어가 재해자가 그 아래 깔려 사망,기타 차량(농기계/트랙터),작업장소 통행/이동,"작업차량이 『운행경로 상의 지형(급경사, 커브, 바닥의 요철, 지반 등) 또는 구조물』로 인해 떨어지거나 넘어지면서 그 아래 깔림","▶ 주·정차 시 불시 이동방지를 위한 브레이크, 고임목 체결 철저
▶ 작업장 내 바닥 평탄화 및 제한속도 준수
▶ 지게차 운전자격이 있는 지정자에 한해 운전 및 시동키 관리"
2018-91-11-011,제조업,식료품제조업,도정및제분업,2018년 10월 곡물가공공장에서 재해자와 동료작업자가 지게차를 이용하여 경유탱크를 옮기던 중 지게차 포크의 경유탱크가 떨어지면서 옆에 있던 재해자가 뒤로 밀려 근처 조선기 후드 모서리에 머리를 부딪힘,운반물(경유탱크),지게차를 사용하는 작업,『화물의 무게가 한쪽으로 치우쳐진 상태 등』 적재상태가 불량한 화물이 무너지면서 맞거나 깔림,"▶ 전도·낙하 방지를 위해 중량물 제거 후 작업
▶ 중량물 고정 실시 후 수리작업 실시"
2018-91-51-001,기타의사업,전문·보건·교육·여가관련서비스업,오락·문화및운동관련사업,2018년 1월경 재해자가 빔프로젝트 수리작업을 위해 이동식사다리에 올라 작업을 하던 중 1.67m 아래로 떨어져 사망,사다리(이동식/A형),사다리를 이용한 작업 또는 통행,『사다리 위에 올라가 작업』하던 중 균형을 잃고 머리부터 바닥으로 떨어짐,"▶ 3.5m 미만 작업 시 A자형 사다리만 사용(2인1조)
▶ 아웃트리거 설치 및 안전대, 안전모 등 개인보호구 착용"
2018-91-51-003,기타의사업,국가및지방자치단체의사업,국가및지방자치단체의사업,2018년 9월경 공연장에서 무대 세트 덧칠작업을 하던 중 이동하다가 무대리프트 바닥으로 떨어져(6.5m) 사망,분류 불가,작업장소 통행/이동,『이동경로에 방치된 개구부』로 떨어짐,"▶ 추락위험구간에 안전난간 추가 설치
▶ 출하장소를 추락위험이 없는 장소로 위치 변경"
2018-91-51-004,기타의사업,국가및지방자치단체의사업,국가및지방자치단체의사업,2018년 10월경 재해자가 벌목작업 중 벌도목에 머리를 맞아 사망,나무(벌도목),벌목·조재 작업,"『벌도목이 의도하지 않은 방향으로 쓰러지거나, 주변 장애물에 걸려』 작업자 방향으로 쓰러지면서 안면 또는 머리를 가격(부딪힘)","▶ 벌목 작업 시에는 사전에 대피장소를 정하여 작업 실시
▶ 충분한 안전거리를 확보하여, 다른 작업자와 동시에 작업 금지"
2018-92-11-002,제조업,기계기구·금속·비금속광물제품제조업,일반산업용기계장치제조업,2018년 1월 OO작업장에서 재해자가 스폿 용접기로 부품을 용접하는 과정에서 발생된 불티가 의복에 옮겨 붙은 화염에 휩싸여 전신 화상을 입고 사망.,용접기(스폿용접기),용접·절단·사상 또는 도장 작업,『불티비산 방지조치가 안된 상태에서 작업』하여 용접·절단 불똥이 주변의 적재물 또는 인화성 물질에 옮겨 붙어 화재 폭발,"▶ 절단기에서 발생하는 불티의 비산 거리 등 비산 반경 분석
▶ 작업구역 내 불티가 비산되지 않도록 절단기 등에 비산방지덮개 및 가연물에 용접방화포 설치"
2021-43-11-004,제조업,기계기구·금속·비금속광물제품제조업,일반산업용기계장치제조업,2021년 4월경 OO사업장 제조동에서 재해자가 아크 용접 자동설비의 연동장치를 해지하고 내부에서 작업 중 동작하는 설비에 끼여 사망,생산설비(용접장치),자동화 설비 작업,"『설비에 안전장치가 설치되어 있지 않거나, 설치된 안전장치를 무력화한 상태』로 사용하던 중 말리거나 끼임","▶ 방호장치 작동불량 등 이상시 관리감독자 등에게 선보고 및 조치 후 작업 재개가 당연한 안전문화 구축　
▶ 작업 전 광전자식 방호장치 정상 여부 확인 "
2018-92-11-004,제조업,기계기구·금속·비금속광물제품제조업,자동차부분품제조업,2018년 9월 OO 작업장에서 하청업체인 재해자가 프레스 자동송급장치의 언코일러에 코일을 장착하던 중 넘어지는 코일에 상체가 사망.,자동화설비[자동송급장치(NC Leveller Feeder)],상하차 작업 또는 적재된 화물,『화물의 무게가 한쪽으로 치우쳐진 상태 등』 적재상태가 불량한 화물이 무너지면서 맞거나 깔림,"▶ 전도·낙하 방지를 위해 중량물 제거 후 작업
▶ 중량물 고정 실시 후 수리작업 실시"
2018-92-11-005,제조업,목재및종이제품제조업,골판지및종이용기제조업,2018년 10월 포장지공장 인쇄작업장에서 재해자가 지게차를 후진운전하던 중 후면 연석과 부딪치면서 넘어지는 지게차의 프레임과 지면 사이에 깔림,지게차,지게차를 사용하는 작업,"작업차량이 『운행경로 상의 지형(급경사, 커브, 바닥의 요철, 지반 등) 또는 구조물』로 인해 떨어지거나 넘어지면서 그 아래 깔림","▶ 주·정차 시 불시 이동방지를 위한 브레이크, 고임목 체결 철저
▶ 작업장 내 바닥 평탄화 및 제한속도 준수
▶ 지게차 운전자격이 있는 지정자에 한해 운전 및 시동키 관리"
2018-92-11-006,제조업,기계기구·금속·비금속광물제품제조업,자동차부분품제조업,2018년 10월 프레스 작업장에서 재해자가 프레스 하부 금형에서 이탈된 부속품에 타격을 받고 사망,분류 불가,가공 설비를 이용한 작업,보호구를 착용하지 않은 상태에서 『튕겨나온 가공날 또는 가공물』에 눈을 찔리거나 머리를 맞음,"▶ 선반가공 시 척, 방진구 및 심압대 체결상태 확인 및 갇독 철저
▶ 칩 브레이커 등 설치·사용
▶ 보안경/보안면 등 안면보호구 착용"
2018-92-11-007,제조업,기계기구·금속·비금속광물제품제조업,자동차부분품제조업,2018년 10월 OO공장 재해자가 용접로봇 교시작업 중 로봇이 불시 작동하여 매니퓰레이터 선단에 설치된 그립퍼와 제품이 장착된 용접지그 사이에 끼여 사망.,산업용로봇,비정형 작업(시운전),『설비를 정지시키지 않거나 전원을 차단하지 않은 상태』에서 정비·보수·청소 등의 작업을 하다가 끼이거나 말림,"▶ 설비 가동중 이물질 제거 등이 발생할 수 있는 생산작업을 분석하고 근원적 접근방지대책 수립
▶ 끼임재해 우려가 있어 가동정지 후 작업이 필요한 설비 목록화→LOTO(Lock Out,  Tag Out) 대상 확정·시행 
▶ 작업 절차에 대해 근로자 교육실시"
2018-92-11-008,제조업,화학및고무제품제조업,플라스틱가공제품제조업,2018년 6월경 OO사업장 사출 성형공정에서 재해자가 사출성형기 상부에 올라가서 설비 조정작업 중 설비에 끼인 후 1미터 아래로 떨어져 사망,사출성형기,"설비 위, 지붕 등 높은 장소에서의 작업",『작업을 위해 밟고 있던 구조물이 파손되거나 균형을 잃기 쉬운 불안한 자세』로 작업하여 넘어지거나 떨어짐,"▶ 안전난간이 설치된 작업발판을 설치·사용
▶ 고소작업대 사용 또는 3.5m미만은 A자형 사다리 사용(2인1조) 관리
▶ 안전대 및 안전모 지급·착용 등 관리감독자 확인"
2018-92-11-009,제조업,화학및고무제품제조업,합성수지제조업,2018년 6월경 OO사업장 스티로폼 제조공정에서 재해자가 발포성형기 내부에 들어가 점검 중 설비가 불시에 가동하여 사망,생산설비(발포성형기),비정형 작업(점검),『정비작업 중 작업자 외 근로자가 설비를 가동』하여 갑자기 작동된 설비에 말리거나 끼임,"▶ 생산 설비의 불시 가동을 방지하기 위한 LOTO(Lock Out_잠금장치, Tag Out_점검 중 꼬리표)제도 시행
▶ 관리감독자 확인 의무 부여"
2018-92-31-001,제조업,기계기구·금속·비금속광물제품제조업,기타금속재료품제조업,2018년 5월 OO 소속 재해자가 아토마이저 내부 청소를 위해 질소를 주입하여 챔버 하단부를 개방한 후 내부로 들어갔다가 질소에 의한 산소결핍으로 질식 사망한 재해,유해가스(질소),"피트, 맨홀, 오·폐수 처리시설 등 밀폐된 장소에서 작업",『산소·가소농도 미측정 및 송풍기를 이용한 강제환기 미실시』로 불활성 가스 또는 유해가스에 의한 산소결핍·질식·중독,"▶ 가스농도측정기로 적정공기 상태 선 확인
▶ 환기팬 등으로 환기 실시 후 작업을 실시
▶ 밀폐공간 출입금지 위험 표시"
2021-51-11-004,제조업,전기기계기구·정밀기구·전자제품제조업,전자관또는반도체소자제조업,2021년 8월 반도체공장에서 재해자가 재단된 OLED필름 표면 접착제 도포상태 확인을 위해 이동식 전자현미경으로 육안검사 중 근처에 가동 중인 이재기의 하단부와 컨베이어 프레인 사이에 끼임,자동화설비(이재기),자동화 설비 작업,"『설비에 안전장치가 설치되어 있지 않거나, 설치된 안전장치를 무력화한 상태』로 사용하던 중 말리거나 끼임","▶ 방호장치 작동불량 등 이상시 관리감독자 등에게 선보고 및 조치 후 작업 재개가 당연한 안전문화 구축　
▶ 작업 전 광전자식 방호장치 정상 여부 확인 "
2018-92-51-002,기타의사업,시설관리및사업지원서비스업,위생및유사서비스업,2017년 12월경 쓰레기 적재작업을 하기 위해 압착식진개차 적재함 발판에서생활폐기물 적재작업을 하던 중 주행중이던 승용차가 차량 후방을 충돌하여 재해자가 끼여 사망함,기타 차량(승용차),도로 청소 등 환경미화 작업,『본인 또는 타인의 교통법규 위반』으로 사고발생 위험,"▶ 운전자는 작업 전 충분한 휴식을 취하고 운전 작업 실시
▶ 도로 상에서 운전 시 교통신호 등을 철저히 준수하여 운전 실시"
2018-93-11-001,제조업,화학및고무제품제조업,합성수지제조업,2018년 1월경 OO사업장 폐비닐 적재장에서 재해자가 이동 중 적재된 제품이 넘어지면서 아래에 깔려 사망,적재물,상하차 작업 또는 적재된 화물,『매달아 올리거나 적재 상태가 불량한 물체』가 떨어지거나 무너지면서 맞거나 깔림,"▶ 주변의 중량물로 인한 깔림 방지를 위해 중량물 제거 후 작업
▶ 중량물 지지대 설치 후 수리·교체작업 실시"
2018-93-11-002,제조업,기계기구·금속·비금속광물제품제조업,제강압연업,2018년 1월 OO작업장에서 재해자가 전처리공정 통로에서 작동 중인 피막소재 전용이송장치의 행거와 피막 전처리공정 표면부식조 사이에 머리가 끼여 사망,자동화설비(이송장치),비정형 작업(점검),『설비를 정지시키지 않거나 전원을 차단하지 않은 상태』에서 정비·보수·청소 등의 작업을 하다가 끼이거나 말림,"▶ 설비 가동중 이물질 제거 등이 발생할 수 있는 생산작업을 분석하고 근원적 접근방지대책 수립
▶ 끼임재해 우려가 있어 가동정지 후 작업이 필요한 설비 목록화→LOTO(Lock Out,  Tag Out) 대상 확정·시행 
▶ 작업 절차에 대해 근로자 교육실시"
2018-93-11-003,제조업,식료품제조업,육제품또는유제품제조업,2018년 2월 식품공장에서 재해자가 닭발 탕적기 내부 청소 중 작동 중인 스크류 컨베이어에 끼임,컨베이어,비정형 작업(이물질 제거·청소),『설비를 정지시키지 않거나 전원을 차단하지 않은 상태』에서 정비·보수·청소 등의 작업을 하다가 끼이거나 말림,"▶ 설비 가동중 이물질 제거 등이 발생할 수 있는 생산작업을 분석하고 근원적 접근방지대책 수립
▶ 끼임재해 우려가 있어 가동정지 후 작업이 필요한 설비 목록화→LOTO(Lock Out,  Tag Out) 대상 확정·시행 
▶ 작업 절차에 대해 근로자 교육실시"
2018-93-11-004,제조업,섬유및섬유제품제조업,방적제사및화학섬유제품제조업,2018년 2월 섬유공장에서 마당에 3단적재된 원사 적재물을 보호하고 있던 비닐천막을 제거하기 위하여 재해자가 2단 적재물 상부에 올라 작업 후 내려오던 중 미끄러져 떨어짐(약 2.2m),적재물(원사),작업장소 통행/이동,『설비를 밟고 올라 이동하거나 설비 사이를 뛰어넘어 이동』하다가 구조물에 다리가 걸려 넘어지거나 균형을 잃고 떨어짐,"▶ 추락위험구간에 안전난간 추가 설치
▶ 출하장소를 추락위험이 없는 장소로 위치 변경"
2018-93-11-005,제조업,기계기구·금속·비금속광물제품제조업,각종기계또는동부속품제조업,2018년 4월 OO공장 근로자가 빈 지게차를 운전하여 내리막길을 내려가던 중 지게차가 급선회되면서 전복되어 지게차에 깔려 사망,지게차,지게차를 사용하는 작업,"작업차량이 『운행경로 상의 지형(급경사, 커브, 바닥의 요철, 지반 등) 또는 구조물』로 인해 떨어지거나 넘어지면서 그 아래 깔림","▶ 주·정차 시 불시 이동방지를 위한 브레이크, 고임목 체결 철저
▶ 작업장 내 바닥 평탄화 및 제한속도 준수
▶ 지게차 운전자격이 있는 지정자에 한해 운전 및 시동키 관리"
2018-93-11-006,제조업,기계기구·금속·비금속광물제품제조업,철강또는비철금속주물제조업,2018년 2월 OO 작업장에서 근로자가 용해작업장 고주파 유도로의 출탕구 내화물 보수작업 중 몸의 균형을 잃고 넘어지면서 슬래그 피트로 추락하여 전신에 화상을 입고 사망,분류 불가,"설비 위, 지붕 등 높은 장소에서의 작업",『작업을 위해 밟고 있던 구조물이 파손되거나 균형을 잃기 쉬운 불안한 자세』로 작업하여 넘어지거나 떨어짐,"▶ 안전난간이 설치된 작업발판을 설치·사용
▶ 고소작업대 사용 또는 3.5m미만은 A자형 사다리 사용(2인1조) 관리
▶ 안전대 및 안전모 지급·착용 등 관리감독자 확인"
2018-93-11-007,제조업,기계기구·금속·비금속광물제품제조업,일반산업용기계장치제조업,2018년 5월 OO공장 재해자가 일반작업용 리프트를 수리하기 위해 일반작업용 리프트 상부로 진입하려다가 운반구와 승강로 사이에 끼여 사망.,리프트(일반작업용),리프트 관련 작업,『리프트의 출입문(도어)을 해체한 상태』에서 점검 및 수리작업 중 출입금지조치가 되어있지 않은 개구부(승강로)로 떨어짐,"▶ 각층 출입문에 인터록장치 등 연동장치 설치
▶ 승강로 주변은 방호울 등으로 밀폐 조치"
2018-93-11-008,제조업,섬유및섬유제품제조업,방적제사및화학섬유제품제조업,2018년 6월 섬유고장에서 재해자가 생산품(약 1.6톤)을 화물자동차 적재함에 상차하는 작업을 하던 중 작업공간 내에 진입하는 다른 화물자동차와 재해자가 운전하는 지게차가 충돌하여 넘어지면서 지게차 프레임과 지면 사이에 깔림,지게차,지게차를 사용하는 작업,"『차량운행 중 차량의 진행방향 및 사각지대를 확인하지 않아』근로자가 작업차량에 깔리거나, 주변 구조물과 작업차량 사이에 끼임","▶ 지게차 이용 중량물 취급에 대한 작업계획서 작성(작업방법, 운행경로, 근로자와 지게차 혼재 작업 여부 등)
▶ 혼재 작업 시 작업지휘자 또는 유도자 배치"
2018-93-11-009,제조업,의약품·화장품·연탄·석유제품제조업,석유정제품제조업,2017년 11월경 OO사업장 제품 포장공정에서 재해자가 제품저장탱크 맨홀을 체결하는 중 내부의 압력으로 인해 맨홀에 맞아 사망,분류 불가,위험물질 취급 또는 그 장소에서 수행하는 작업,"『과도한 힘(하중)으로 인해 설비, 재료 등이 파손·파단』되어 날라와 맞음","▶ 기계, 기구 등의 사용 시 정격하중을 확인하여, 적합한 기계, 기구를 선정하여 사용할 수 있는 절차 마련
▶ 설비 사용 전 점검을 실시하여 이상 시 적시에 조치 후 작업 실시"
2018-93-11-010,제조업,섬유및섬유제품제조업,표백및염색가공업,2018년 7월 염색공장에서 재해자가 원단을 해포기에 연결하는 작업 중 해포기 롤과 원단 사이에 신체 일부가 끼임,생산설비(해포기),비정형 작업(정비·보수),『설비를 정지시키지 않거나 전원을 차단하지 않은 상태』에서 정비·보수·청소 등의 작업을 하다가 끼이거나 말림,"▶ 설비 가동중 이물질 제거 등이 발생할 수 있는 생산작업을 분석하고 근원적 접근방지대책 수립
▶ 끼임재해 우려가 있어 가동정지 후 작업이 필요한 설비 목록화→LOTO(Lock Out,  Tag Out) 대상 확정·시행 
▶ 작업 절차에 대해 근로자 교육실시"
2018-93-11-011,제조업,기계기구·금속·비금속광물제품제조업,자동차부분품제조업,2018년 11월 OO공장 용접라인에서 근로자가 자동 스폿 용접 작업 중 로봇의 에러 원인을 확인하다가 로봇이 작동되어 매뉴퓰레이터와 지그 사이에 가슴부위가 끼여 사망.,산업용로봇,비정형 작업(점검),『설비를 정지시키지 않거나 전원을 차단하지 않은 상태』에서 정비·보수·청소 등의 작업을 하다가 끼이거나 말림,"▶ 설비 가동중 이물질 제거 등이 발생할 수 있는 생산작업을 분석하고 근원적 접근방지대책 수립
▶ 끼임재해 우려가 있어 가동정지 후 작업이 필요한 설비 목록화→LOTO(Lock Out,  Tag Out) 대상 확정·시행 
▶ 작업 절차에 대해 근로자 교육실시"
2018-93-11-012,제조업,화학및고무제품제조업,합성수지제조업,2018년 12월경 OO사업장 재생원료 야적장에서 재해자가 폐비닐이 담긴 톤백을 이동하던 중 지게차가 넘어지면서 그 아래에 깔려 사망,지게차,지게차를 사용하는 작업,"작업차량이 『운행경로 상의 지형(급경사, 커브, 바닥의 요철, 지반 등) 또는 구조물』로 인해 떨어지거나 넘어지면서 그 아래 깔림","▶ 주·정차 시 불시 이동방지를 위한 브레이크, 고임목 체결 철저
▶ 작업장 내 바닥 평탄화 및 제한속도 준수
▶ 지게차 운전자격이 있는 지정자에 한해 운전 및 시동키 관리"
2020-43-11-007,농업,농업,축산업,2020년 6월경 OO사업장 분만동(돈사)에서 재해자가 소독작업을 실시하던 중 소독기의 동력전달부에 착용하고 있던 앞치마가 말리면서 목이 졸려 질식해 사망,기타 설비(소독기),작업장소 통행/이동,"『주변 설비의 움직임을 인지하지 못하거나, 안전거리를 확보하지 않고 작업』 하여 작동하는 설비에 부딪히거나, 말림·끼임","▶ 같은 장소에서 이루어지는 도급인과 수급인의 작업 혼재 시 재해 발생 예방을 위한 의사 전달 체계 수립
▶ 안전작업허가제도로 작업 전·중·후 안전확보 상태 지속 확인"
2019-11-51-001,운수창고통신업,철도·항공·창고·운수관련서비스업,창고업,"2018년 11월경 물류센터에서 재해자가 정지된 수직반송기를 점검하기 위해 1.5층으로 올라가 수직반송기의 배출구 내부를 확인하던 중, 갑자기 작동된 수직반송기의 회전봉과 적재판 사이에 끼어 사망",자동화설비(수직반송기),비정형 작업(점검),『설비를 정지시키지 않거나 전원을 차단하지 않은 상태』에서 정비·보수·청소 등의 작업을 하다가 끼이거나 말림,"▶ 설비 가동중 이물질 제거 등이 발생할 수 있는 생산작업을 분석하고 근원적 접근방지대책 수립
▶ 끼임재해 우려가 있어 가동정지 후 작업이 필요한 설비 목록화→LOTO(Lock Out,  Tag Out) 대상 확정·시행 
▶ 작업 절차에 대해 근로자 교육실시"
2019-11-51-002,기타의사업,도소매·음식·숙박업,도소매및소비자용품수리업,2018년 6월경 재해자가 청소작업을 하기 위해 계단에서 작업 중 떨어져 사망,분류 불가,작업장소 통행/이동,"『미끄러운 상태의 바닥(오일, 빙판 등)을 밟거나 바닥의 요철부』에 걸려 넘어지면서 머리를 부딪히거나 떨어짐","▶ 바닥에 존재하는 기름기 등 제거 조치
▶ 유분 비산을 방지하기 위한 가림판 설치"
2019-11-51-003,기타의사업,시설관리및사업지원서비스업,위생및유사서비스업,2019년 5월경 재해자가 외벽 청소작업을 하기 위해 달비계 매달려 작업을 하던 중 중심을 잃고 22m 아래로 떨어져 사망,분류 불가,"설비 위, 지붕 등 높은 장소에서의 작업",『달비계 지지로프의 결속·파손 및 고정부 접속 상태를 확인하지 않은 상태』에서 안전대를 생명줄(수직 구명줄)에 체결하지 않아 떨어짐,"▶ 지붕 재질 확인 및 하중 분산용 작업발판 설치 후 작업
▶ 지붕 파손 대비 공장 내부에 추락방호망 설치
▶ 지붕 끝단부에 안전난간 설치"
2019-11-51-004,기타의사업,전문·보건·교육·여가관련서비스업,오락·문화및운동관련사업,2019년 1월경 주차장에서 재해자가 의자에 올라가 버스 유리를 닦던 중 균형을 잃고 떨어져 사망,분류 불가,"설비 위, 지붕 등 높은 장소에서의 작업",『설비 구조물을 밟고 올라서거나 난간이 없는 작업대 위』에서 불안전한 자세로 작업하다 떨어짐,"▶ 추락위험구간에 안전난간 추가 설치
▶ 출하장소를 추락위험이 없는 장소로 위치 변경"
2019-11-51-005,기타의사업,부동산업및임대업,부동산업,2019년 2월경 재해자가 실외 계단 상부 난간을 닦으며 내려오더 중 발을 헛디뎌 중심을 잃고 떨어지면서 바닥에 머리를 부딪혀 사망,분류 불가,작업장소 통행/이동,"『미끄러운 상태의 바닥(오일, 빙판 등)을 밟거나 바닥의 요철부』에 걸려 넘어지면서 머리를 부딪히거나 떨어짐","▶ 바닥에 존재하는 기름기 등 제거 조치
▶ 유분 비산을 방지하기 위한 가림판 설치"
2019-11-51-009,기타의사업,시설관리및사업지원서비스업,건물등의종합관리사업,2019년 9월중 재해자가 건물 외벽에서 고소작업대 위에서 청소작업을 하던 중 바닥으로 떨어져 사망,고소작업대(차량탑재형/스카이),고소작업대 사용 작업,『안전난간의 설치상태가 불량하거나 없는 상태』에서 주변 구조물 또는 생명줄에 안전대를 체결하지 않아 떨어짐,"▶ 지붕 재질 확인 및 하중 분산용 작업발판 설치 후 작업
▶ 지붕 파손 대비 공장 내부에 추락방호망 설치
▶ 지붕 끝단부에 안전난간 설치"
2019-11-51-010,기타의사업,기타의각종사업,건설업본사,2019년 11월경 재해자가 냉매 정제작업을 하던 중 의식을 잃고 사망,화학물질(냉매<HCFC-123>),"피트, 맨홀, 오·폐수 처리시설 등 밀폐된 장소에서 작업",『산소·가소농도 미측정 및 송풍기를 이용한 강제환기 미실시』로 불활성 가스 또는 유해가스에 의한 산소결핍·질식·중독,"▶ 가스농도측정기로 적정공기 상태 선 확인
▶ 환기팬 등으로 환기 실시 후 작업을 실시
▶ 밀폐공간 출입금지 위험 표시"
2019-12-11-001,기타의사업,기타의각종사업,개인및가사서비스업,2019년 9월경 재해자가 천장을 점검하기 위해 이동식 사다리에 올라가 작업중 1.6m 아래로 떨어져 사망,사다리(이동식/A형),사다리를 이용한 작업 또는 통행,『사다리 위에 올라가 작업』하던 중 균형을 잃고 머리부터 바닥으로 떨어짐,"▶ 3.5m 미만 작업 시 A자형 사다리만 사용(2인1조)
▶ 아웃트리거 설치 및 안전대, 안전모 등 개인보호구 착용"
2019-12-51-001,기타의사업,도소매·음식·숙박업,음식및숙박업,2018년 12월경 재해자가 이륜자동차를 이용해 과속으로 좌회전 중 넘어지면서 사망,기타 차량(오토바이),도로에서의 자동차 운전,"『과속, 도로의 노면상태(빗길, 결빙, 포트홀 등)』 로 인해 차량을 제어하지 못해 사고 위험","▶ 운전자는 작업 전 충분한 휴식을 취하고 운전 작업 실시
▶ 도로 상에서 운전 시 교통신호 등을 철저히 준수하여 운전 실시"
2019-12-51-002,기타의사업,도소매·음식·숙박업,도소매및소비자용품수리업,2017년 11월경 전기실에서 재해자가 차단기 교체작업을 하던 중 전압 상간 단락에 의해 화상을 입어 사망,기타 설비(배선용 차단기),전기설비 취급 작업,『전원을 차단하지 않은 상태』에서 노출된 충전부에 접촉하여 감전,"▶ 정전작업 후 전기점검 및 조작 실시
▶ 활선작업용기구·장치  사용 및 절연용 보호구 착용"
2019-12-51-003,기타의사업,도소매·음식·숙박업,도소매및소비자용품수리업,2019년 1월경 재해자가 중량물을 크레인으로 인양하여 운반하던 중 화단 단부 2.5m 아래로 떨어져 사망,분류 불가,작업장소 통행/이동,『이동경로에 방치된 개구부』로 떨어짐,"▶ 추락위험구간에 안전난간 추가 설치
▶ 출하장소를 추락위험이 없는 장소로 위치 변경"
2019-12-51-004,기타의사업,부동산업및임대업,부동산업,2019년 10월경 재해자가 기계식주차장 점검을 위해 설비 내부에서 점검을 하던 중 주차설비의 작동으로 설비 내 구조물에 끼여 사망,기계식 주차설비,기계식 주차설비 정비·점검 작업,『정비작업 중 작업자 외 근로자가 설비를 가동』하여 갑자기 작동된 설비에 말리거나 끼임,"▶ 생산 설비의 불시 가동을 방지하기 위한 LOTO(Lock Out_잠금장치, Tag Out_점검 중 꼬리표)제도 시행
▶ 관리감독자 확인 의무 부여"
2019-12-51-005,기타의사업,전문·보건·교육·여가관련서비스업,오락·문화및운동관련사업,2019년 10월 재해자가 베란다 창호 턱에 올라가 베란다 외부로 허리를 숙여 케이블 연결 작업부위를 사진으로 찍다가 31.2m 아래로 떨어져 사망,분류 불가,"설비 위, 지붕 등 높은 장소에서의 작업",『안전난간의 설치상태가 불량하거나 없는 상태』에서 주변 구조물 또는 생명줄에 안전대를 체결하지 않아 떨어짐,"▶ 지붕 재질 확인 및 하중 분산용 작업발판 설치 후 작업
▶ 지붕 파손 대비 공장 내부에 추락방호망 설치
▶ 지붕 끝단부에 안전난간 설치"
2019-21-11-001,제조업,화학및고무제품제조업,플라스틱가공제품제조업,2019년 1월경 OO사업장 사출 성형공정에서 재해자가 금형 교환 작업 중 크레인에 매달려 있던 금형의 아이볼트가 이탈되면서 떨어지는 금형에 맞아 사망,줄걸이기구(아이볼트),"크레인(천장주행, 갠트리, 지브 등) 사용 작업","『줄걸이 기구의 용접 불량, 마모, 변형, 손상』으로 인해 운반하는 화물이 떨어지면서 부딪히거나 그 아래 깔림","▶ 설비·구조물 상태 정기적 점검 및 예방 관리
▶ 와이어로프 손상 시 즉시 교체하여 사용"
2019-24-51-007,기타의사업,시설관리및사업지원서비스업,위생및유사서비스업,"2019년 11월경 재해자가 컨베이어 헤드 풀리의 이물질을 제거 후 설비의 전원을 켜고 위치로 이동하던 중, 컨베이어 테일 풀리 부위에 끼여 사망",컨베이어,비정형 작업(이물질 제거·청소),"『설비에 안전장치가 설치되어 있지 않거나, 설치된 안전장치를 무력화한 상태』로 사용하던 중 말리거나 끼임","▶ 방호장치 작동불량 등 이상시 관리감독자 등에게 선보고 및 조치 후 작업 재개가 당연한 안전문화 구축　
▶ 작업 전 광전자식 방호장치 정상 여부 확인 "
2019-21-11-003,제조업,기계기구·금속·비금속광물제품제조업,제강압연업,2019년 2월 OO공장에서 외주업체 근로자가 천장크레인 해체작업을 위해 워크웨이에서 이동식크레인 매달린 천장크레인의 거더를 지상으로 내리기 위한 신호작업 중 워크웨이 단부에서 바닥으로 떨어져 사망.,분류 불가,"크레인(천장주행, 갠트리, 지브 등) 사용 작업",작업자 간 『작업 상황에 대해 의사소통을 하지 않고 작업』을 실시해 운반하는 물체에 부딪히거나 깔림 또는 주변 구조물과 운반하는 물체 사이에 끼임,"▶ 작업자 간 신호체계 통일 및 숙지 조치
▶ 중량물 취급 시 보조운반기구 사용"
2019-21-11-004,기타의사업,시설관리및사업지원서비스업,위생및유사서비스업,2019년 3월경 재해자가 원심기 점검을 하던 중 회전중인 원심기와 고정프레임 사이에 끼여 사망,생산설비(원심기),비정형 작업(점검),『설비를 정지시키지 않거나 전원을 차단하지 않은 상태』에서 정비·보수·청소 등의 작업을 하다가 끼이거나 말림,"▶ 설비 가동중 이물질 제거 등이 발생할 수 있는 생산작업을 분석하고 근원적 접근방지대책 수립
▶ 끼임재해 우려가 있어 가동정지 후 작업이 필요한 설비 목록화→LOTO(Lock Out,  Tag Out) 대상 확정·시행 
▶ 작업 절차에 대해 근로자 교육실시"
2019-21-11-005,제조업,기계기구·금속·비금속광물제품제조업,일반산업용기계장치제조업,2019년 3월 OO공장에서 재해자가 전원이 미차단된 상태에서 변압기 누유부 청소를 위해 청소작업을 하려는 순간 전기 충전부에 감전되어 사망,전기충전부,전기설비 취급 작업,『전원을 차단하지 않은 상태』에서 노출된 충전부에 접촉하여 감전,"▶ 정전작업 후 전기점검 및 조작 실시
▶ 활선작업용기구·장치  사용 및 절연용 보호구 착용"
2019-21-11-006,제조업,목재및종이제품제조업,목재및나무제품제조업,2019년 3월 목재공장에서 재해자가 야적된 원목더미에 방수포를 씌우기 위하여 원목더미 위에 올라 작업 중 떨어짐(약 2.5m),적재물(원목더미),"설비 위, 지붕 등 높은 장소에서의 작업",『작업을 위해 밟고 있던 구조물이 파손되거나 균형을 잃기 쉬운 불안한 자세』로 작업하여 넘어지거나 떨어짐,"▶ 안전난간이 설치된 작업발판을 설치·사용
▶ 고소작업대 사용 또는 3.5m미만은 A자형 사다리 사용(2인1조) 관리
▶ 안전대 및 안전모 지급·착용 등 관리감독자 확인"
2019-21-11-007,제조업,기계기구·금속·비금속광물제품제조업,원동기제조업,2019년 6월 OO 작업장 내에서 재해자가 지붕공사를 위해 지붕 판넬 위에 올라가 이동하던 중 판넬 일부가 파손되면서 약 4.5m 아래로 떨어져 사망.,분류 불가,"설비 위, 지붕 등 높은 장소에서의 작업",『작업을 위해 밟고 있던 구조물이 파손되거나 균형을 잃기 쉬운 불안한 자세』로 작업하여 넘어지거나 떨어짐,"▶ 안전난간이 설치된 작업발판을 설치·사용
▶ 고소작업대 사용 또는 3.5m미만은 A자형 사다리 사용(2인1조) 관리
▶ 안전대 및 안전모 지급·착용 등 관리감독자 확인"
2019-21-11-008,제조업,기계기구·금속·비금속광물제품제조업,철강또는비철금속주물제조업,2019년 7월 OO 공장에서 재해자가 지게차의 버킷에 금속제 파이프 다발을 담는 과정에서 정지해 놓은 지게차가 갑자기 재해자에게 이동하면서 지게차의 버킷과 적재물 사이에 끼어 사망.,운반물(파이프 더미),지게차를 사용하는 작업,『운전석 이탈 시 작업차량이 움직이는 것을 방지하기 위한 조치를 실시하지 않아』 운전자 없이 움직이는 작업차량에 부딪히거나 깔림,"▶ 운전석에서 이탈 시 확실히 정지 조치 실시
▶ 이탈 시에는 시동키를 분리하여 별도 보관하여 무자격자 등이 운전하지 못하도록 조치"
2019-21-11-009,제조업,기계기구·금속·비금속광물제품제조업,일반산업용기계장치제조업,2019년 9월 OO작업장에서 재해자가 파손된 천막 해체를 위해 천막 지지용 파이프를 밟고 이동 중 파이프의 용접부위가 일부 파단되면서 약 3.2m 아래로 추락하여 사망.,지붕·대들보(파이프),"설비 위, 지붕 등 높은 장소에서의 작업",『작업을 위해 밟고 있던 구조물이 파손되거나 균형을 잃기 쉬운 불안한 자세』로 작업하여 넘어지거나 떨어짐,"▶ 안전난간이 설치된 작업발판을 설치·사용
▶ 고소작업대 사용 또는 3.5m미만은 A자형 사다리 사용(2인1조) 관리
▶ 안전대 및 안전모 지급·착용 등 관리감독자 확인"
2019-21-11-010,기타의사업,시설관리및사업지원서비스업,위생및유사서비스업,2019년 11월경 재해자가 야적장을 순찰하던 중 슬러지를 운반중이던 로더에 부딪혀 바퀴에 깔려 사망,건설기계(로더),건설기계를 사용하는 작업,『근로자와 작업차량 간 이동동선(통행로)를 구분하지 않은 상태』에서 근로자가 작업차량에 부딪히거나 깔림 또는 주변 구조물과 차량사이에 끼임,"▶ 주문량 증가로 제품 적재공간 확대에 따라 지게차 작업구역이 확대, 지게차 운행 구역과 근로자 작업장소를 별도로 구획 실시
▶ 지게차 이용 중량물 취급에 대한 작업계획서 작성(작업방법, 운행경로, 근로자와 지게차 혼재 작업 여부 등)
▶ 혼재 작업 시 작업지휘자 또는 유도자 배치"
2019-21-11-011,제조업,기계기구·금속·비금속광물제품제조업,각종시멘트제품제조업,2019년 12월 OO 골재 저장소에서 재해자가 도보 순찰 중 골재 정리를 위해 후진하던 로더의 바퀴에 깔려서 사망.,건설기계(로더),건설기계를 사용하는 작업,『근로자와 작업차량 간 이동동선(통행로)를 구분하지 않은 상태』에서 근로자가 작업차량에 부딪히거나 깔림 또는 주변 구조물과 차량사이에 끼임,"▶ 주문량 증가로 제품 적재공간 확대에 따라 지게차 작업구역이 확대, 지게차 운행 구역과 근로자 작업장소를 별도로 구획 실시
▶ 지게차 이용 중량물 취급에 대한 작업계획서 작성(작업방법, 운행경로, 근로자와 지게차 혼재 작업 여부 등)
▶ 혼재 작업 시 작업지휘자 또는 유도자 배치"
2019-21-11-012,제조업,전기기계기구·정밀기구·전자제품제조업,기타전기기계기구제조업,2019년 12월 전기부품공장에서 재해자 2명이 일반작업용 리프트에 탑승하여 층간 이동 중 운반구가 추락하여 부상,리프트(일반작업용),리프트 관련 작업,"설비를 정기적으로 유지·관리 및 점검하지 않아 『설비의 주요 구조부분(용접부, 볼트 등)에 균열·변형·부식·마모·탈락 등이 발생』하여 재해발생 위험",▶ 설비·구조물 상태 정기적 점검 및 예방 관리
2019-21-21-016,기타의사업,도소매·음식·숙박업,도소매및소비자용품수리업,2019년 6월경 재해자가 비닐하우스 설치 작업을 하기 위해 철재 선반 상단에 올라가 작업 중 떨어져 사망,분류 불가,"설비 위, 지붕 등 높은 장소에서의 작업",『설비 구조물을 밟고 올라서거나 난간이 없는 작업대 위』에서 불안전한 자세로 작업하다 떨어짐,"▶ 추락위험구간에 안전난간 추가 설치
▶ 출하장소를 추락위험이 없는 장소로 위치 변경"
2019-21-51-001,농업,농업,농업서비스업,2019년 6월경 OO빌라에서 조경 작업을 수행하던 재해자가 전지작업을 하기 위해 고소작업대(스카이) 작업대에 탑승하여 나무를 자르던 중 균형을 잃고 2미터 아래 바닥으로 추락해 사망,고소작업대(차량탑재형/스카이),고소작업대 사용 작업,『안전난간의 설치상태가 불량하거나 없는 상태』에서 주변 구조물 또는 생명줄에 안전대를 체결하지 않아 떨어짐,"▶ 지붕 재질 확인 및 하중 분산용 작업발판 설치 후 작업
▶ 지붕 파손 대비 공장 내부에 추락방호망 설치
▶ 지붕 끝단부에 안전난간 설치"
2019-21-51-003,기타의사업,시설관리및사업지원서비스업,건물등의종합관리사업,2019년 11월경 재해자가 전지작업을 위해 고소작업대에 탑승하여 작업을 하던 중 3.5m 아래로 떨어져 사망,고소작업대(차량탑재형/스카이),고소작업대 사용 작업,『안전난간의 설치상태가 불량하거나 없는 상태』에서 주변 구조물 또는 생명줄에 안전대를 체결하지 않아 떨어짐,"▶ 지붕 재질 확인 및 하중 분산용 작업발판 설치 후 작업
▶ 지붕 파손 대비 공장 내부에 추락방호망 설치
▶ 지붕 끝단부에 안전난간 설치"
2019-22-11-001,제조업,기계기구·금속·비금속광물제품제조업,각종기계또는동부속품제조업,2019년 1월 OO공장 작업자 2명이 재해자가 고소작업대에서(약 5m) 배선작업 중 자동문 본체와 고소작업대 안전난간 사이에 가슴이 끼어 사망함,고소작업대(시저형/렌탈),고소작업대 사용 작업,"『설비를 오조작』하여 갑자기 작동한 설비의 구동부에 끼이거나 말림, 절단","▶ 설비 조작스위치, 판넬 등에 조작 스위치의 기능(정지, 작동, 수동, 반자동, 자동, 역회전 등) 표시
▶ 생산 설비의 불시 가동을 방지하기 위한 LOTO(Lock Out_잠금장치, Tag Out_점검 중 꼬리표)제도 시행
▶ 작업자간 의사소통 방안 수립 및 실시"
2019-22-11-002,제조업,화학및고무제품제조업,플라스틱가공제품제조업,2019년 1월경 OO사업장 분쇄 공정에서 재해자가 분쇄기에 폐플라스틱을 투입하는 중 분쇄기 내부에서 화재 폭발이 발생하여 사망,인화성물질,위험물질 취급 또는 그 장소에서 수행하는 작업,『위험물질을 파악 및 제거하지 않은 상태』에서 작업하여 화재·폭발·누출로 인한 재해발생 위험,"▶ 위험물질에 대한 MSDS 비치 및 근로자 교육
▶ 공급원재료의 종류, 공급되는 설비명 표시
▶ 가스검지 및 경보장치·긴급차단장치 및 방유제 설치"
2019-22-11-003,제조업,기계기구·금속·비금속광물제품제조업,각종금속의용접또는용단을행하는사업,2019년 1월 OO공장 연마공정의 작업준비 중 코일을 감기 위하여 동료작업자가 벨트래퍼를 조작하는 순간 재해자가 벨트래퍼 하단부에 머리부분을 맞아 사망,생산설비(광택연마기/BM/Brushing Machine),가공 설비를 이용한 작업,"『설비를 오조작』하여 갑자기 작동한 설비의 구동부에 끼이거나 말림, 절단","▶ 설비 조작스위치, 판넬 등에 조작 스위치의 기능(정지, 작동, 수동, 반자동, 자동, 역회전 등) 표시
▶ 생산 설비의 불시 가동을 방지하기 위한 LOTO(Lock Out_잠금장치, Tag Out_점검 중 꼬리표)제도 시행
▶ 작업자간 의사소통 방안 수립 및 실시"
2019-22-11-004,제조업,기계기구·금속·비금속광물제품제조업,특수산업용기계제조업,2019년 3월 OO 작업장 재해자가 OO 소속 작업자 2명과 함께 생산설비 내부에서 산업용로봇 티칭 작업중 생산설비 내부 기둥과 주행중인 산업용 로봇 사이에 협착되어 사망.,산업용로봇,비정형 작업(시운전),『설비를 정지시키지 않거나 전원을 차단하지 않은 상태』에서 정비·보수·청소 등의 작업을 하다가 끼이거나 말림,"▶ 설비 가동중 이물질 제거 등이 발생할 수 있는 생산작업을 분석하고 근원적 접근방지대책 수립
▶ 끼임재해 우려가 있어 가동정지 후 작업이 필요한 설비 목록화→LOTO(Lock Out,  Tag Out) 대상 확정·시행 
▶ 작업 절차에 대해 근로자 교육실시"
2019-22-11-005,운수창고통신업,육상및수상운수업,여객자동차운수업,2019년 4월경 고속버스 영업소 사업장내에서 보행중인 재해자가 식당앞 주차장에서 46인승 버스에 충돌하여 사망,기타 차량(버스),도로에서의 자동차 운전,"『차량운행 중 차량의 진행방향 및 사각지대를 확인하지 않아』근로자가 작업차량에 깔리거나, 주변 구조물과 작업차량 사이에 끼임","▶ 지게차 이용 중량물 취급에 대한 작업계획서 작성(작업방법, 운행경로, 근로자와 지게차 혼재 작업 여부 등)
▶ 혼재 작업 시 작업지휘자 또는 유도자 배치"
2019-22-11-006,제조업,기계기구·금속·비금속광물제품제조업,건설용금속제품제조업,2019년 4월 포장라인 천장크레인에서 지그가 떨어지면서 재해자 머리를 가격하여 사망,섬유로프(슬링벨트),"크레인(천장주행, 갠트리, 지브 등) 사용 작업",훅해지장치가 없는 등 『줄걸이가 훅에서 이탈』해 떨어지는 화물에 부딪히거나 깔림,"▶ 인양하중 및 화물의 형태를 고려하여 체인블록의 훅을 선정
▶ 훅과 훅 해지장치 등을 상시 점검하여 사용하고, 이상 시 폐기 처리"
2019-22-11-007,제조업,수제품및기타제품제조업,기타각종제조업,2019년 4월 물류센터에서 건물 외벽에 간판을 설치하기 위하여 건물 옥상의 건축물 위에서 작업 중이던 재해자가 몸 균형 상실로 옥상 바닥으로 떨어짐(약 2.9m),분류 불가,"설비 위, 지붕 등 높은 장소에서의 작업",『작업을 위해 밟고 있던 구조물이 파손되거나 균형을 잃기 쉬운 불안한 자세』로 작업하여 넘어지거나 떨어짐,"▶ 안전난간이 설치된 작업발판을 설치·사용
▶ 고소작업대 사용 또는 3.5m미만은 A자형 사다리 사용(2인1조) 관리
▶ 안전대 및 안전모 지급·착용 등 관리감독자 확인"
2019-22-11-008,제조업,전기기계기구·정밀기구·전자제품제조업,금형제조업,2019년 4월 금형공장에서 재해자가 조립한 금형(약 5톤) 마감작업을 하던 중 금형을 지탱하던 고임목이 부서지면서 금형과 측면 적재대 사이에 끼임,적재물(금형),상하차 작업 또는 적재된 화물,『화물을 지지하던 물체가 파손』되어 화물이 무너지면서 그 아래 깔림,"▶ 깔림 방지를 위해 중량물 제거 후 작업
▶ 중량물 지지대 설치 후 수리·교체작업 실시"
2019-22-11-012,제조업,수제품및기타제품제조업,기타각종제조업,2018년 12월 도장공장에서 재해자가 물탱크 온수히터를 교체하기 위하여 이동식 사다리(일자형)에 올라 작업하고 내려오던 중 떨어짐(약 2.5m),사다리(이동식/일자형),사다리를 이용한 작업 또는 통행,『사다리 위에 올라가 작업』하던 중 균형을 잃고 머리부터 바닥으로 떨어짐,"▶ 3.5m 미만 작업 시 A자형 사다리만 사용(2인1조)
▶ 아웃트리거 설치 및 안전대, 안전모 등 개인보호구 착용"
2019-22-11-013,제조업,기계기구·금속·비금속광물제품제조업,철근콘크리트제품제조업,2019년 6월 재해자가 병렬로 설치된 천장크레인 레일 점검중 주행중인 천장주행크레인과 건축물 사이에 끼여 사망.,크레인(천장주행크레인),비정형 작업(점검),『설비를 정지시키지 않거나 전원을 차단하지 않은 상태』에서 정비·보수·청소 등의 작업을 하다가 끼이거나 말림,"▶ 설비 가동중 이물질 제거 등이 발생할 수 있는 생산작업을 분석하고 근원적 접근방지대책 수립
▶ 끼임재해 우려가 있어 가동정지 후 작업이 필요한 설비 목록화→LOTO(Lock Out,  Tag Out) 대상 확정·시행 
▶ 작업 절차에 대해 근로자 교육실시"
2019-22-11-014,제조업,기계기구·금속·비금속광물제품제조업,각종시멘트제품제조업,2019년 6월 OO 사업장 내 기계실에서 재해자가 블록성형기와 진동기의 링크를 확인하던 중 블록성형기 작업자가 기계를 작동하여 재해자의 머리가 끼여 사망,생산설비(블록성형기),비정형 작업(점검),『설비를 정지시키지 않거나 전원을 차단하지 않은 상태』에서 정비·보수·청소 등의 작업을 하다가 끼이거나 말림,"▶ 설비 가동중 이물질 제거 등이 발생할 수 있는 생산작업을 분석하고 근원적 접근방지대책 수립
▶ 끼임재해 우려가 있어 가동정지 후 작업이 필요한 설비 목록화→LOTO(Lock Out,  Tag Out) 대상 확정·시행 
▶ 작업 절차에 대해 근로자 교육실시"
2019-22-11-015,제조업,화학및고무제품제조업,플라스틱가공제품제조업,2019년 7월경 OO사업장 압출 공정에서 재해자가 작업 중 압출 설비에 감전되어 사망,생산설비(압출기),전기설비 취급 작업,"누전차단기 미설치, 접지 미실시 등으로 『설비에서 누설된 전류』에 감전","▶ 물기 또는 습기가 있는 장소 등 감전의 위험이 있는 기계기구에 접지 실시
▶ 이동형 또는 휴대형 전기기계에 누전차단기를 설치하여 감전위험 방지"
2019-22-11-016,제조업,기계기구·금속·비금속광물제품제조업,자동차및모터사이클수리업,2019년 7월 OO공장에서 화물자동차 점검 중 재해자가 차량 하부에 있는 실린더 밸브를 조작하여 순간적으로 차량이 후진하면서 차량 바퀴에 깔려 사망,화물운반트럭(카고트럭),비정형 작업(점검),『설비를 정지시키지 않거나 전원을 차단하지 않은 상태』에서 정비·보수·청소 등의 작업을 하다가 끼이거나 말림,"▶ 설비 가동중 이물질 제거 등이 발생할 수 있는 생산작업을 분석하고 근원적 접근방지대책 수립
▶ 끼임재해 우려가 있어 가동정지 후 작업이 필요한 설비 목록화→LOTO(Lock Out,  Tag Out) 대상 확정·시행 
▶ 작업 절차에 대해 근로자 교육실시"
2019-22-11-017,기타의사업,도소매·음식·숙박업,도소매및소비자용품수리업,2019년 7월경 재해자가 중량물 무게중심을 맞추기 위해 지게차에 인양된 중량물에 앉아 있는 상태에서 포크를 상승시켜 바닥으로 떨어져 사망,지게차,지게차를 사용하는 작업,"지게차 포크, 파렛트, 굴삭기 버킷에 탑승하여 높은 장소로 승강하는 등 『설비를 주용도(하역운반장치) 외로 사용』하여 떨어짐","▶ 중량물 제작 작업 등 생산용도에 사용금지
▶ 전동교체 시 고소작업대 사용 및 운전석 외 탑승금지"
2019-22-11-018,운수창고통신업,철도·항공·창고·운수관련서비스업,항만내의육상하역업,"2019년 8월경 선내에서 재해자가 중고 굴삭기 선적을 완료 한 후 하차하던 중, 굴삭기 운전실(캐빈)이 회전하면서 선내 기둥 사이에 머리가 끼어 사망",굴착기(백호우),건설기계를 사용하는 작업,"설비를 정기적으로 유지·관리 및 점검하지 않아 『설비의 주요 구조부분(용접부, 볼트 등)에 균열·변형·부식·마모·탈락 등이 발생』하여 재해발생 위험",▶ 설비·구조물 상태 정기적 점검 및 예방 관리
2019-22-11-019,운수창고통신업,철도·항공·창고·운수관련서비스업,창고업,"2019년 8월경 사업장 내 작업장에서 재해자가 동료작업자들과 함께 지게차를 이용하여 화물 하역작업을 하던 중, 화물도크의 벽과 화물 사이에 끼어 사망",지게차,혼재작업(작업자-작업차량),작업자 간 『작업 상황에 대해 의사소통을 하지 않고 작업』을 실시해 운반하는 물체에 부딪히거나 깔림 또는 주변 구조물과 운반하는 물체 사이에 끼임,"▶ 작업자 간 신호체계 통일 및 숙지 조치
▶ 중량물 취급 시 보조운반기구 사용"
2019-22-11-020,제조업,기계기구·금속·비금속광물제품제조업,원동기제조업,2019년 9월 OO공장 재해자가 강관비계에서 이동하는 중 균형을 잃고 바닥으로 떨어져 사망,비계(강관비계),작업장소 통행/이동,『설비를 밟고 올라 이동하거나 설비 사이를 뛰어넘어 이동』하다가 구조물에 다리가 걸려 넘어지거나 균형을 잃고 떨어짐,"▶ 추락위험구간에 안전난간 추가 설치
▶ 출하장소를 추락위험이 없는 장소로 위치 변경"
2019-22-11-022,제조업,기계기구·금속·비금속광물제품제조업,일반산업용기계장치제조업,2019년 11월 OO 공장내 범용 선반에서 가공중인 샤프트가 회전에 의해 휘어지면서 투입구 측에 위치한 밀링 작업자의 안면을 가격해 사망,가공물(샤프트),가공 설비를 이용한 작업,『고속회전하면서 갑자기 휘어진 가공물』 에 머리를 맞음,"▶ 회전체에 방호덮개 설치 또는 근로자 접근금지용 울타리 설치
▶ 방호장치 기능유지 및 해당 설비 운전 정지 조치
▶ 말릴 위험이 없는 작업모 및 작업복 착용"
2019-22-11-023,제조업,기계기구·금속·비금속광물제품제조업,자동차부분품제조업,2019년 12월 OO공장 재해자가 동료작업자와 프레스 금형 교체 작업 중 동료작업자가 조작반 운전 스위치를 조작하여 재해자가 프레스 슬라이드와 금형 사이에 머리가 끼어 사망_x000D_,생산설비(프레스),비정형 작업(정비·보수),『설비를 정지시키지 않거나 전원을 차단하지 않은 상태』에서 정비·보수·청소 등의 작업을 하다가 끼이거나 말림,"▶ 설비 가동중 이물질 제거 등이 발생할 수 있는 생산작업을 분석하고 근원적 접근방지대책 수립
▶ 끼임재해 우려가 있어 가동정지 후 작업이 필요한 설비 목록화→LOTO(Lock Out,  Tag Out) 대상 확정·시행 
▶ 작업 절차에 대해 근로자 교육실시"
2019-22-11-024,기타의사업,전문·보건·교육·여가관련서비스업,교육서비스업,"2019년 11월경 경사로에서 재해자가 방전된 버스의 시동을 걸기 위해 배터리 점프선 연결을 하고, 해제를 위해 시동을 걸고 버스 사이로 들어가던 중 버스가 경사로 아래로 내려와 버스에 끼여 사망",기타 차량(버스),비정형 작업(정비·보수),『운전석 이탈 시 작업차량이 움직이는 것을 방지하기 위한 조치를 실시하지 않아』 운전자 없이 움직이는 작업차량에 부딪히거나 깔림,"▶ 운전석에서 이탈 시 확실히 정지 조치 실시
▶ 이탈 시에는 시동키를 분리하여 별도 보관하여 무자격자 등이 운전하지 못하도록 조치"
2019-22-11-025,제조업,식료품제조업,기타식료품제조업,2019년 12월 식품공장에서 재해자가 지게차를 운전하여 톤백을 3단으로 야적하던 중 톤백이 재해자 쪽으로 무너지면서 지게차와 함께 깔림,적재물(톤백),상하차 작업 또는 적재된 화물,『화물의 무게가 한쪽으로 치우쳐진 상태 등』 적재상태가 불량한 화물이 무너지면서 맞거나 깔림,"▶ 전도·낙하 방지를 위해 중량물 제거 후 작업
▶ 중량물 고정 실시 후 수리작업 실시"
2019-22-11-026,제조업,화학및고무제품제조업,플라스틱가공제품제조업,2019년 12경 OO사업장 호퍼 제작공정에서 재해자가 화물을 크레인에 연결하는 중 연결부위가 파손되어 아래에 깔려 사망,줄걸이기구(리프팅 러그),"크레인(천장주행, 갠트리, 지브 등) 사용 작업","『줄걸이 기구의 용접 불량, 마모, 변형, 손상』으로 인해 운반하는 화물이 떨어지면서 부딪히거나 그 아래 깔림","▶ 설비·구조물 상태 정기적 점검 및 예방 관리
▶ 와이어로프 손상 시 즉시 교체하여 사용"
2019-22-31-001,제조업,기계기구·금속·비금속광물제품제조업,코팅사업,2019년 6월 OO 작업장 재해자가 세척설비 내부에 잔류되어 있던 트리클로로에틸렌 증기에 중독되어 사망,유해가스(트리클로에틸렌 증기),"피트, 맨홀, 오·폐수 처리시설 등 밀폐된 장소에서 작업",『산소·가소농도 미측정 및 송풍기를 이용한 강제환기 미실시』로 불활성 가스 또는 유해가스에 의한 산소결핍·질식·중독,"▶ 가스농도측정기로 적정공기 상태 선 확인
▶ 환기팬 등으로 환기 실시 후 작업을 실시
▶ 밀폐공간 출입금지 위험 표시"
2019-22-42-001,제조업,화학및고무제품제조업,기타화학제품제조업,2019년 12월경 OO사업장 반응공정에서 재해자가 반응기 내부를 인화성액체를 사용하여 세정 중 내부에서 폭발 및 화재가 발생하여 사망,인화성물질,위험물질 취급 또는 그 장소에서 수행하는 작업,"『작업장소에서 취급하는 위험물질 및 관리되지 않는 점화원(아크, 정전기 등)』으로 인해 화재·폭발","▶ 위험장소 주변 용접 및 사상작업 금지 등 점화원 관리
▶ 용접불티 비산방지덮개 또는 용접방화포 조치"
2018-51-11-008,제조업,화학및고무제품제조업,도료제품또는유지가공제품제조업,2018년 4월경 OO사업장 코팅 공정에서 재해자가 설비에 이형제를 도포하는 중 회전하는 롤의 돌출부(볼트)에 옷이 말리면서 사망,생산설비(코팅설비),비정형 작업(시운전),『설비를 정지시키지 않거나 전원을 차단하지 않은 상태』에서 정비·보수·청소 등의 작업을 하다가 끼이거나 말림,"▶ 설비 가동중 이물질 제거 등이 발생할 수 있는 생산작업을 분석하고 근원적 접근방지대책 수립
▶ 끼임재해 우려가 있어 가동정지 후 작업이 필요한 설비 목록화→LOTO(Lock Out,  Tag Out) 대상 확정·시행 
▶ 작업 절차에 대해 근로자 교육실시"
2019-22-51-003,기타의사업,시설관리및사업지원서비스업,건물등의종합관리사업,2019년 11월경 쓰레기 분리수거장에서 재해자가 폐지 정리를 위해 폐지 더미에 사다리를 기댄 상태로 올라가 작업을 하던 중 사다리가 넘어지면서 떨어져 사망,사다리(이동식/일자형),사다리를 이용한 작업 또는 통행,아웃트리거를 사용하지 않는 등 『사다리를 불안정하게 걸쳐놓은 상태』에서 이동(작업)하던 중 사다리가 넘어지면서 떨어짐,"▶ 3.5m 미만 작업 시 A자형 사다리만 사용(2인1조)
▶ 아웃트리거 설치 및 안전대, 안전모 등 개인보호구 착용"
2019-23-11-001,제조업,목재및종이제품제조업,지류제조업,2019년 1월 제지공장에서 재해자가 리와인더기에 원지롤을 연결하고 작동 상태를 확인하던 중 원지롤과 드럼틀 사이에 신체 일부가 끼임,생산설비(리와인더기),비정형 작업(시운전),『설비를 정지시키지 않거나 전원을 차단하지 않은 상태』에서 정비·보수·청소 등의 작업을 하다가 끼이거나 말림,"▶ 설비 가동중 이물질 제거 등이 발생할 수 있는 생산작업을 분석하고 근원적 접근방지대책 수립
▶ 끼임재해 우려가 있어 가동정지 후 작업이 필요한 설비 목록화→LOTO(Lock Out,  Tag Out) 대상 확정·시행 
▶ 작업 절차에 대해 근로자 교육실시"
2019-23-11-003,제조업,목재및종이제품제조업,골판지및종이용기제조업,2019년 2월 포장지공장에서 재해자가 골게터에 연결된 유압식 이송설비에서 이상을 발견하고 이를 확인하던 중 하강하는 이송테이블과 프레임 사이에 끼임,기타 설비(골게터),비정형 작업(점검),『설비를 정지시키지 않거나 전원을 차단하지 않은 상태』에서 정비·보수·청소 등의 작업을 하다가 끼이거나 말림,"▶ 설비 가동중 이물질 제거 등이 발생할 수 있는 생산작업을 분석하고 근원적 접근방지대책 수립
▶ 끼임재해 우려가 있어 가동정지 후 작업이 필요한 설비 목록화→LOTO(Lock Out,  Tag Out) 대상 확정·시행 
▶ 작업 절차에 대해 근로자 교육실시"
2019-23-11-004,운수창고통신업,철도·항공·창고·운수관련서비스업,육상화물취급업,"2019년 4월경 사업장 내에서 재해자 5명이 절곡기를 2층에서 1층으로 옮기기 위하여 지게차 포크에 자체 제작한 철제 파렛트를 올려놓고, 파렛트에 절곡기(4.3톤)를 인력으로 밀어 올리던 중, 절곡기와 파렛트 위에서 작업중이던 재해자 5명이 함께 떨어지면서 절곡기에 깔린 1명 사망, 4명 부상",생산설비(절곡기),인력 운반 작업,『적재중인 화물』 이 굴러 떨어지면서 깔림,"▶ 하중이 한쪽으로 치우치지 않도록 적재
▶ 팔레트 등을 사용하여 적재상태 개선"
2019-23-11-005,제조업,기계기구·금속·비금속광물제품제조업,각종시멘트제품제조업,2019년 5월 OO공장에서 재해자가 레미콘 호퍼 보수작업을 위하여 호퍼 내부에서 용접작업을 하던 중 용접 홀더의 노출된 충전부에 접촉·감전되어 사망 ,용접기(교류아크용접기),용접·절단·사상 또는 도장 작업,"물이 있는 장소 또는 철골 위에서 『파손된 용접홀더, 피복이 벗겨진 용접 전선』을 사용하여 감전","▶ 충전부 덮개 등 파손 여부 수시 점검
▶ 용접홀더 파손 시 즉시 교체 사용
▶ 아크용접기 1,2차 단자부 절연조치"
2019-23-11-006,제조업,기계기구·금속·비금속광물제품제조업,각종기계또는동부속품제조업,2019년 7월 OO공장 재해자가 A형 사다리(약1.8m) 상부에서 샌드위치 판넬(panel)을 올리던 중 몸의 균형을 잃고 사다리에서 떨어져 사망,운반물(샌드위치판넬),사다리를 이용한 작업 또는 통행,『무겁거나 부피가 큰 물건을 들고 무리하게 사다리를 오르내려』 균형을 잃고 떨어짐,"▶ 사다리 시용금지 및 고소작업대 사용
▶ 중량물을 소분화하고 체인블럭 등 운반기구 사용하여 운반"
2019-23-11-007,기타의사업,시설관리및사업지원서비스업,위생및유사서비스업,2019년 7월경 재해자가 작업장으로 이동하던 중 우회전 덤프트럭에 치여 사망,화물운반트럭(암롤트럭),작업장소 통행/이동,『근로자와 작업차량 간 이동동선(통행로)를 구분하지 않은 상태』에서 근로자가 작업차량에 부딪히거나 깔림 또는 주변 구조물과 차량사이에 끼임,"▶ 주문량 증가로 제품 적재공간 확대에 따라 지게차 작업구역이 확대, 지게차 운행 구역과 근로자 작업장소를 별도로 구획 실시
▶ 지게차 이용 중량물 취급에 대한 작업계획서 작성(작업방법, 운행경로, 근로자와 지게차 혼재 작업 여부 등)
▶ 혼재 작업 시 작업지휘자 또는 유도자 배치"
2019-23-11-008,제조업,화학및고무제품제조업,유기화학제품제조업,2019년 7월경 OO사업장 폐수처리장 내 농축조 상부에서 재해자가 통로 개선 작업 중 부식된 지지대를 밟아 아래로 추락하여 사망,분류 불가,"설비 위, 지붕 등 높은 장소에서의 작업",『작업을 위해 밟고 있던 구조물이 파손되거나 균형을 잃기 쉬운 불안한 자세』로 작업하여 넘어지거나 떨어짐,"▶ 안전난간이 설치된 작업발판을 설치·사용
▶ 고소작업대 사용 또는 3.5m미만은 A자형 사다리 사용(2인1조) 관리
▶ 안전대 및 안전모 지급·착용 등 관리감독자 확인"
2019-23-11-010,제조업,기계기구·금속·비금속광물제품제조업,일반산업용기계장치제조업,2019년 11월 OO 작업장 재해자가 이동식비계 최상부(높이: 5.3m)에서 각 파이프를 산소절단기로 해체작업중 절단된 파이프가 꺾이면서 이동식비계에 충돌하여 작업자가 균형을 잃고 추락하여 사망.,분류 불가,"설비 위, 지붕 등 높은 장소에서의 작업",『작업을 위해 밟고 있던 구조물이 파손되거나 균형을 잃기 쉬운 불안한 자세』로 작업하여 넘어지거나 떨어짐,"▶ 안전난간이 설치된 작업발판을 설치·사용
▶ 고소작업대 사용 또는 3.5m미만은 A자형 사다리 사용(2인1조) 관리
▶ 안전대 및 안전모 지급·착용 등 관리감독자 확인"
2019-23-11-011,제조업,기계기구·금속·비금속광물제품제조업,각종금속의용접또는용단을행하는사업,2019년 12월 재해자가 천장주행 크레인을 이용하여 화물트럭 적재함에 상차하는 작업 중 달기구에서 코일이 이탈되면서 재해자가 그 아래 깔려 사망,운반물(코일),"크레인(천장주행, 갠트리, 지브 등) 사용 작업",『운반하는 화물의 형태에 적합하지 않은 줄걸이 방법을 사용』하여 화물의 균형이 맞지 않은 상태에서 무리하게 인양하다가 화물이 떨어지면서 부딪히거나 그 아래 깔림,"▶ 섬유슬링 벨트 폐기(관리) 기준을 마련하여 중량물 취급 작업계획서에 포함
▶ 폐기조건 발생 시 근로자가 자발적으로 점검하여 즉시 폐기 요청 할 수 있는 사내 안전문화 정착"
2019-23-51-001,기타의사업,시설관리및사업지원서비스업,사업서비스업,2019년 7월경 기계실에서 재해자가 냉온수기 가동을 위해 이동식 사다리 위에서 밸브 조작 중 사다리와 함께 넘어져 사망,사다리(이동식/A형),사다리를 이용한 작업 또는 통행,『사다리 위에 올라가 작업』하던 중 균형을 잃고 머리부터 바닥으로 떨어짐,"▶ 3.5m 미만 작업 시 A자형 사다리만 사용(2인1조)
▶ 아웃트리거 설치 및 안전대, 안전모 등 개인보호구 착용"
2019-24-11-001,제조업,기계기구·금속·비금속광물제품제조업,제강압연업,2019년 1월 재해자가 용해로 공장동에서 이동하던 중 후진으로 운행 중이던 지게차에 치여 사망.,지게차,지게차를 사용하는 작업,『근로자와 작업차량 간 이동동선(통행로)를 구분하지 않은 상태』에서 근로자가 작업차량에 부딪히거나 깔림 또는 주변 구조물과 차량사이에 끼임,"▶ 주문량 증가로 제품 적재공간 확대에 따라 지게차 작업구역이 확대, 지게차 운행 구역과 근로자 작업장소를 별도로 구획 실시
▶ 지게차 이용 중량물 취급에 대한 작업계획서 작성(작업방법, 운행경로, 근로자와 지게차 혼재 작업 여부 등)
▶ 혼재 작업 시 작업지휘자 또는 유도자 배치"
2019-24-11-002,제조업,기계기구·금속·비금속광물제품제조업,각종기계또는동부속품제조업,2019년 1월 재해자가 천장주행 크레인을 이용하여 철판 정렬작업 중 철판이 클램프에서 이탈되면서 재해자를 덮쳐 사망.,줄걸이기구(클램프),"크레인(천장주행, 갠트리, 지브 등) 사용 작업","『줄걸이 기구의 용접 불량, 마모, 변형, 손상』으로 인해 운반하는 화물이 떨어지면서 부딪히거나 그 아래 깔림","▶ 설비·구조물 상태 정기적 점검 및 예방 관리
▶ 와이어로프 손상 시 즉시 교체하여 사용"
2019-24-11-003,제조업,목재및종이제품제조업,목재및나무제품제조업,2018년 8월 가구공장 도장작업장에서 재해자가 태풍예고에 대비하여 작업장 외벽 차광막을 해체하기 위하여 건물 옥상에 올라 작업을 마치고 작업도구를 들고 이동하던 중 바닥 물기 등에 미끄러져 넘어짐,분류 불가,작업장소 통행/이동,"『미끄러운 상태의 바닥(오일, 빙판 등)을 밟거나 바닥의 요철부』에 걸려 넘어지면서 머리를 부딪히거나 떨어짐","▶ 바닥에 존재하는 기름기 등 제거 조치
▶ 유분 비산을 방지하기 위한 가림판 설치"
2019-24-11-004,운수창고통신업,육상및수상운수업,여객자동차운수업,"2018년 12월경 버스차고지에서 재해자가 주차장에서 버스를 유도하던 중, 진행하는 버스에 충돌하여 바닥에 부딪히면서 사망",기타 차량(버스),도로에서의 자동차 운전,"『차량운행 중 차량의 진행방향 및 사각지대를 확인하지 않아』근로자가 작업차량에 깔리거나, 주변 구조물과 작업차량 사이에 끼임","▶ 지게차 이용 중량물 취급에 대한 작업계획서 작성(작업방법, 운행경로, 근로자와 지게차 혼재 작업 여부 등)
▶ 혼재 작업 시 작업지휘자 또는 유도자 배치"
2019-24-11-005,제조업,섬유및섬유제품제조업,의복및장신품등의제조업,2019년 2월 염색공장에서 재해자가 압력이 찬 정련기 외통뚜껑을 열어 고온상태의 수증기와 염색액에 노출되어 화상,고온물질(스팀),비정형 작업(점검),『위험물질을 파악 및 제거하지 않은 상태』에서 작업하여 화재·폭발·누출로 인한 재해발생 위험,"▶ 위험물질에 대한 MSDS 비치 및 근로자 교육
▶ 공급원재료의 종류, 공급되는 설비명 표시
▶ 가스검지 및 경보장치·긴급차단장치 및 방유제 설치"
2019-24-11-006,제조업,기계기구·금속·비금속광물제품제조업,자동차및모터사이클수리업,2019년 4월 OO 정비공장에서 정비공인 재해자가 화물자동차 수리작업 중 후진하는 화물자동차와 차량용 정비리프트 기둥에 머리가 끼여 사망,리프트(차량정비용리프트),리프트 관련 작업,근로자와 작업차량 간 『혼재작업 장소에서 근로자 이동과 작업차량 운행을 통제하지 않은 상태』에서 근로자가 작업차량에 부딪히나 깔림 또는 주변 구조물과 작업차량 사이에 끼임,"▶ 지게차 이용 중량물 취급에 대한 작업계획서 작성(작업방법, 운행경로, 근로자와 지게차 혼재 작업 여부 등)
▶ 혼재 작업 시 작업지휘자 또는 유도자 배치"
2018-61-11-005,제조업,기계기구·금속·비금속광물제품제조업,기타금속제품제조업또는금속가공업,2018년 7월경 사업장에서 재해자가 슬리터라인의 Recoiler(권취기)에서 코일 Burr(코일 들뜨는 현상) 발생하여 이를 수정하기 위해 설비를 조정하던 중 드럼에 신체가 끼여 사망,생산설비(권취기/RECOILER),비정형 작업(시운전),『설비를 정지시키지 않거나 전원을 차단하지 않은 상태』에서 정비·보수·청소 등의 작업을 하다가 끼이거나 말림,"▶ 설비 가동중 이물질 제거 등이 발생할 수 있는 생산작업을 분석하고 근원적 접근방지대책 수립
▶ 끼임재해 우려가 있어 가동정지 후 작업이 필요한 설비 목록화→LOTO(Lock Out,  Tag Out) 대상 확정·시행 
▶ 작업 절차에 대해 근로자 교육실시"
2019-24-11-009,제조업,기계기구·금속·비금속광물제품제조업,제강압연업,2019년 5월 OO공장 내 냉각수조 청소 작업 중 시운전 중인 키커와 냉각수조 사이에 머리가 끼여 사망_x000D_,생산설비(키커),비정형 작업(시운전),『설비를 정지시키지 않거나 전원을 차단하지 않은 상태』에서 정비·보수·청소 등의 작업을 하다가 끼이거나 말림,"▶ 설비 가동중 이물질 제거 등이 발생할 수 있는 생산작업을 분석하고 근원적 접근방지대책 수립
▶ 끼임재해 우려가 있어 가동정지 후 작업이 필요한 설비 목록화→LOTO(Lock Out,  Tag Out) 대상 확정·시행 
▶ 작업 절차에 대해 근로자 교육실시"
2019-24-11-010,제조업,기계기구·금속·비금속광물제품제조업,각종시멘트제품제조업,2019년 5월 OO공장에서 재해자가 라인을 정비를 위해 전원을 차단하지 않고 라인 하부에 진입하여 작업하던 중 유압푸셔가 작동되면서 재해자 상체가 유압푸셔와 라인 구조물 사이에 끼여 사망.,자동화설비(큐빅라인),비정형 작업(정비·보수),『설비를 정지시키지 않거나 전원을 차단하지 않은 상태』에서 정비·보수·청소 등의 작업을 하다가 끼이거나 말림,"▶ 설비 가동중 이물질 제거 등이 발생할 수 있는 생산작업을 분석하고 근원적 접근방지대책 수립
▶ 끼임재해 우려가 있어 가동정지 후 작업이 필요한 설비 목록화→LOTO(Lock Out,  Tag Out) 대상 확정·시행 
▶ 작업 절차에 대해 근로자 교육실시"
2019-24-11-011,제조업,화학및고무제품제조업,플라스틱가공제품제조업,2019년 7월경 OO사업장 압출 공정에서 재해자가 압출기 내부 배관을 조정하는 작업 중 주변에 설치된 전기 설비의 배선용 차단기의 충전부에 접촉하여 감전으로 사망,기타 설비(배선용 차단기),전기설비 취급 작업,"아크릴판, 소켓 등 『충전부 방호조치가 미흡하거나 없이 노출된 충전부』에 접촉하여 감전","▶ 정전작업 후 전기점검 및 조작 실시
▶ 활선작업용기구·장치  사용 및 절연용 보호구 착용"
2019-24-11-014,제조업,기계기구·금속·비금속광물제품제조업,철근콘크리트제품제조업,2019년 7월 OO사업장 내 재해자가 천장 주행크레인 정비 작업 후 주행궤도로 이동하던 중 주행하는 크레인과 충돌 후 추락(약 1m)하여 사망,크레인(천장주행크레인),비정형 작업(정비·보수),『설비를 정지시키지 않거나 전원을 차단하지 않은 상태』에서 정비·보수·청소 등의 작업을 하다가 끼이거나 말림,"▶ 설비 가동중 이물질 제거 등이 발생할 수 있는 생산작업을 분석하고 근원적 접근방지대책 수립
▶ 끼임재해 우려가 있어 가동정지 후 작업이 필요한 설비 목록화→LOTO(Lock Out,  Tag Out) 대상 확정·시행 
▶ 작업 절차에 대해 근로자 교육실시"
2019-24-11-015,제조업,섬유및섬유제품제조업,방적제사및화학섬유제품제조업,2019년 8월 섬유공장에서 재해자가 솜틀기계 점검 중 동력전달부 벨트와 구동폴리에 신체 일부가 끼임,생산설비(솜틀기계),비정형 작업(점검),『설비를 정지시키지 않거나 전원을 차단하지 않은 상태』에서 정비·보수·청소 등의 작업을 하다가 끼이거나 말림,"▶ 설비 가동중 이물질 제거 등이 발생할 수 있는 생산작업을 분석하고 근원적 접근방지대책 수립
▶ 끼임재해 우려가 있어 가동정지 후 작업이 필요한 설비 목록화→LOTO(Lock Out,  Tag Out) 대상 확정·시행 
▶ 작업 절차에 대해 근로자 교육실시"
2019-24-11-016,제조업,기계기구·금속·비금속광물제품제조업,각종시멘트제품제조업,2019년 9월 OO공장에서 재해자가 굴삭기 버킷에 올라타 컨베이어벨트 모터 교체작업을 하던 중 체결고리가 전착핀과 분리되면서 재해자가 약 4m 아래 지면으로 떨어져 사망.,굴착기(백호우),비정형 작업(정비·보수),『작업을 위해 밟고 있던 구조물이 파손되거나 균형을 잃기 쉬운 불안한 자세』로 작업하여 넘어지거나 떨어짐,"▶ 안전난간이 설치된 작업발판을 설치·사용
▶ 고소작업대 사용 또는 3.5m미만은 A자형 사다리 사용(2인1조) 관리
▶ 안전대 및 안전모 지급·착용 등 관리감독자 확인"
2019-24-11-017,제조업,화학및고무제품제조업,플라스틱가공제품제조업,2019년 10월경 OO사업장 철골 구조물에서 재해자가 핸드그라인더를 사용하여 절단 작업 중 5.5미터 아래로 떨어져 사망,분류 불가,용접·절단·사상 또는 도장 작업,『설비 구조물을 밟고 올라서거나 난간이 없는 작업대 위』에서 불안전한 자세로 작업하다 떨어짐,"▶ 추락위험구간에 안전난간 추가 설치
▶ 출하장소를 추락위험이 없는 장소로 위치 변경"
2019-24-11-018,제조업,기계기구·금속·비금속광물제품제조업,각종시멘트제품제조업,2019년 11월 OO작업장 내 재해자가 이송설비의 개구부로 상체를 들이밀다 전진하던 언로더 포크(Fork)와 프레임 기둥사이에 상체가 끼여사망.,자동화설비(언로더 포크),비정형 작업(점검),『설비를 정지시키지 않거나 전원을 차단하지 않은 상태』에서 정비·보수·청소 등의 작업을 하다가 끼이거나 말림,"▶ 설비 가동중 이물질 제거 등이 발생할 수 있는 생산작업을 분석하고 근원적 접근방지대책 수립
▶ 끼임재해 우려가 있어 가동정지 후 작업이 필요한 설비 목록화→LOTO(Lock Out,  Tag Out) 대상 확정·시행 
▶ 작업 절차에 대해 근로자 교육실시"
2019-24-11-019,기타의사업,부동산업및임대업,부동산업,2019년 11월경 승강로에서 재해자가 승강기 가드레일의 레일브라켓이 올라가 필름 제거 작업을 하던 중 승강기가 갑자기 작동하여 승강기와 레일브라켓 사이에 끼여 사망,엘리베이터,비정형 작업(이물질 제거·청소),『설비를 정지시키지 않거나 전원을 차단하지 않은 상태』에서 정비·보수·청소 등의 작업을 하다가 끼이거나 말림,"▶ 설비 가동중 이물질 제거 등이 발생할 수 있는 생산작업을 분석하고 근원적 접근방지대책 수립
▶ 끼임재해 우려가 있어 가동정지 후 작업이 필요한 설비 목록화→LOTO(Lock Out,  Tag Out) 대상 확정·시행 
▶ 작업 절차에 대해 근로자 교육실시"
2019-24-11-020,제조업,기계기구·금속·비금속광물제품제조업,석재및석공품제조업,2019년 11월 OO 소속 재해자가 컨베이어 위를 건너다 벨트 컨베이어 위로 넘어지며 선별기 하부에 설치된 철재프레임에 끼여 사망.,컨베이어,작업장소 통행/이동,『설비를 밟고 올라 이동하거나 설비 사이를 뛰어넘어 이동』하다가 구조물에 다리가 걸려 넘어지거나 균형을 잃고 떨어짐,"▶ 추락위험구간에 안전난간 추가 설치
▶ 출하장소를 추락위험이 없는 장소로 위치 변경"
2019-24-21-017,기타의사업,기타의각종사업,건설업본사,2018년 12월경 재해자가 전압증설을 위해 이동식 사다리 위에서 전기 인입선 신설작업 중 떨어져 사망,사다리(이동식/일자형),사다리를 이용한 작업 또는 통행,『사다리 위에 올라가 작업』하던 중 균형을 잃고 머리부터 바닥으로 떨어짐,"▶ 3.5m 미만 작업 시 A자형 사다리만 사용(2인1조)
▶ 아웃트리거 설치 및 안전대, 안전모 등 개인보호구 착용"
2019-24-51-001,기타의사업,도소매·음식·숙박업,도소매및소비자용품수리업,2018년 12월경 물류센터에서 재해자가 구조물 철거를 위해 지게차 포크 파렛트에 올라 작업을 하던 중 5.2m 아래로 떨어져 사망,지게차,지게차를 사용하는 작업,"지게차 포크, 파렛트, 굴삭기 버킷에 탑승하여 높은 장소로 승강하는 등 『설비를 주용도(하역운반장치) 외로 사용』하여 떨어짐","▶ 중량물 제작 작업 등 생산용도에 사용금지
▶ 전동교체 시 고소작업대 사용 및 운전석 외 탑승금지"
2019-24-51-002,기타의사업,국가및지방자치단체의사업,국가및지방자치단체의사업,2019년 8월경 학교 옥상에 올라가던 중 중심을 잃고 바닥으로 추락 후 사망,분류 불가,"설비 위, 지붕 등 높은 장소에서의 작업",『안전난간의 설치상태가 불량하거나 없는 상태』에서 주변 구조물 또는 생명줄에 안전대를 체결하지 않아 떨어짐,"▶ 지붕 재질 확인 및 하중 분산용 작업발판 설치 후 작업
▶ 지붕 파손 대비 공장 내부에 추락방호망 설치
▶ 지붕 끝단부에 안전난간 설치"
2019-24-51-003,기타의사업,전문·보건·교육·여가관련서비스업,"건축기술,엔지니어링및관련기술서비스업",2019년 9월 재해자가 소각재 제거 작업을 위해 소각시설을 점검하던 중 유압스크레퍼와 설비 프레임 사이에 끼여 사망,기타 설비(소각로),비정형 작업(점검),『설비를 정지시키지 않거나 전원을 차단하지 않은 상태』에서 정비·보수·청소 등의 작업을 하다가 끼이거나 말림,"▶ 설비 가동중 이물질 제거 등이 발생할 수 있는 생산작업을 분석하고 근원적 접근방지대책 수립
▶ 끼임재해 우려가 있어 가동정지 후 작업이 필요한 설비 목록화→LOTO(Lock Out,  Tag Out) 대상 확정·시행 
▶ 작업 절차에 대해 근로자 교육실시"
2019-24-51-004,기타의사업,전문·보건·교육·여가관련서비스업,오락·문화및운동관련사업,2019년 9월경 재해자가 지붕 판넬 고정작업을 하던 중 강풍에 의해 지붕판넬이 해체되면서 지붕 판넬과 함께 몸이 떳다가 떨어져 사망,분류 불가,"설비 위, 지붕 등 높은 장소에서의 작업",『안전난간의 설치상태가 불량하거나 없는 상태』에서 주변 구조물 또는 생명줄에 안전대를 체결하지 않아 떨어짐,"▶ 지붕 재질 확인 및 하중 분산용 작업발판 설치 후 작업
▶ 지붕 파손 대비 공장 내부에 추락방호망 설치
▶ 지붕 끝단부에 안전난간 설치"
2019-24-51-005,운수창고통신업,철도·항공·창고·운수관련서비스업,운수부대서비스업,"2019년 10월경 채석장에서 재해자가 덤프트럭으로 토사를 하역 후 덤프트럭 후면의 흙을 털어내는 작업 중, 후진하는 페이로더가 덤프트럭을 추돌하여 적재함 후면부 덮개에 끼어 사망",건설기계(로더),건설기계를 사용하는 작업,작업자 간 『작업 상황에 대해 의사소통을 하지 않고 작업』을 실시해 운반하는 물체에 부딪히거나 깔림 또는 주변 구조물과 운반하는 물체 사이에 끼임,"▶ 작업자 간 신호체계 통일 및 숙지 조치
▶ 중량물 취급 시 보조운반기구 사용"
2019-24-51-006,운수창고통신업,통신업,통신업,"2019년 11월결 공장건물에서 재해자가 인터넷, TV 개통작업을 위해 공장건물 외벽에 인입선 고정 작업 중, 이동식사다리 위에서 높이 약 4.2m 아래로 추락하여 사망",사다리(이동식/일자형),사다리를 이용한 작업 또는 통행,『안전난간의 설치상태가 불량하거나 없는 상태』에서 주변 구조물 또는 생명줄에 안전대를 체결하지 않아 떨어짐,"▶ 지붕 재질 확인 및 하중 분산용 작업발판 설치 후 작업
▶ 지붕 파손 대비 공장 내부에 추락방호망 설치
▶ 지붕 끝단부에 안전난간 설치"
2018-91-11-006,제조업,섬유및섬유제품제조업,방적제사및화학섬유제품제조업,2018년 4월 화학섬유공장에서 재해자가 PET 필름 스크레치를 육안으로 확인하던 중 권취설비의 프레임과 턴업장치 사이에 끼임,생산설비(와인더/권취기),비정형 작업(점검),『설비를 정지시키지 않거나 전원을 차단하지 않은 상태』에서 정비·보수·청소 등의 작업을 하다가 끼이거나 말림,"▶ 설비 가동중 이물질 제거 등이 발생할 수 있는 생산작업을 분석하고 근원적 접근방지대책 수립
▶ 끼임재해 우려가 있어 가동정지 후 작업이 필요한 설비 목록화→LOTO(Lock Out,  Tag Out) 대상 확정·시행 
▶ 작업 절차에 대해 근로자 교육실시"
2019-24-51-008,제조업,기계기구·금속·비금속광물제품제조업,자동차및모터사이클수리업,2019년 12월 OO공장에서 재해자가 공드럼 상판을 절단하기 위해 산소절단기로 용단하는 순간 폭발하여 사망,용접기(가스절단기/용접기),용접·절단·사상 또는 도장 작업,『위험물질을 파악 및 제거하지 않은 상태』에서 작업하여 화재·폭발·누출로 인한 재해발생 위험,"▶ 위험물질에 대한 MSDS 비치 및 근로자 교육
▶ 공급원재료의 종류, 공급되는 설비명 표시
▶ 가스검지 및 경보장치·긴급차단장치 및 방유제 설치"
2019-25-11-001,제조업,기계기구·금속·비금속광물제품제조업,철강또는비철금속주물제조업,2019년 1월 OO 사업장 용해로에 투입하던 중 원인 미상의 폭발이 발생하여 용해로의 용탕이 비산되어 근처 근로자들이 화상을 입은 재해임,분류 불가,용해로를 이용한 작업,"『용해로에 물이 묻은 재료를 투입, 냉각수의 누출』등으로 인해 수증기 폭발이 일어나 화상 위험","▶ 원재료 수분 제거여부 확인 후 용해로 투입 관리
▶ 재료 보관장소 및 피트 지하수, 빗물 유입방지조치 실시
▶ 방열복 등 보호구 지급 및 착용상태 확인"
2019-25-11-002,제조업,기계기구·금속·비금속광물제품제조업,건설용금속제품제조업,2019년 5월 OO사업장의 페인트 담금조에 재해자가 빠져 사망,분류 불가,작업장소 통행/이동,『설비를 밟고 올라 이동하거나 설비 사이를 뛰어넘어 이동』하다가 구조물에 다리가 걸려 넘어지거나 균형을 잃고 떨어짐,"▶ 추락위험구간에 안전난간 추가 설치
▶ 출하장소를 추락위험이 없는 장소로 위치 변경"
2019-25-11-005,제조업,기계기구·금속·비금속광물제품제조업,각종기계또는동부속품제조업,2019년 8월 OO공장 재해자가 파이프 등을 운반하기 위하여 이동대차를 이용하여 이동 중 엘리베이터의 승강로 개구부에서 지하로 추락(높이 4.16m) 하여 사망.,분류 불가,리프트 관련 작업,『리프트의 출입문(도어)을 해체한 상태』에서 점검 및 수리작업 중 출입금지조치가 되어있지 않은 개구부(승강로)로 떨어짐,"▶ 각층 출입문에 인터록장치 등 연동장치 설치
▶ 승강로 주변은 방호울 등으로 밀폐 조치"
2020-81-11-027,제조업,기계기구·금속·비금속광물제품제조업,자동차부분품제조업,2020년 11월 OO공장 근로자가 갠트리로더의 그리퍼(Gripper) 부분과 창틀 사이에 목이 끼여 사망.,자동화설비(갠트리 로더),자동화 설비 작업,『설비를 정지시키지 않거나 전원을 차단하지 않은 상태』에서 정비·보수·청소 등의 작업을 하다가 끼이거나 말림,"▶ 설비 가동중 이물질 제거 등이 발생할 수 있는 생산작업을 분석하고 근원적 접근방지대책 수립
▶ 끼임재해 우려가 있어 가동정지 후 작업이 필요한 설비 목록화→LOTO(Lock Out,  Tag Out) 대상 확정·시행 
▶ 작업 절차에 대해 근로자 교육실시"
2019-25-51-002,기타의사업,기타의각종사업,개인및가사서비스업,2019년 12월경 자동세탁설비에서 재해자가 세탁물을 확인하던 중 탈수판이 하강하면서 신체가 끼여 사망,자동화설비(압착식 탈수기),비정형 작업(점검),『설비를 정지시키지 않거나 전원을 차단하지 않은 상태』에서 정비·보수·청소 등의 작업을 하다가 끼이거나 말림,"▶ 설비 가동중 이물질 제거 등이 발생할 수 있는 생산작업을 분석하고 근원적 접근방지대책 수립
▶ 끼임재해 우려가 있어 가동정지 후 작업이 필요한 설비 목록화→LOTO(Lock Out,  Tag Out) 대상 확정·시행 
▶ 작업 절차에 대해 근로자 교육실시"
2019-26-11-001,제조업,기계기구·금속·비금속광물제품제조업,판유리제조업,2019년 2월 OO공장 유리 적재 작업 중 적재된 판유리가 넘어지면서 재해자를 덮쳐 사망한 사고임.,적재물(판유리),상하차 작업 또는 적재된 화물,『화물의 무게가 한쪽으로 치우쳐진 상태 등』 적재상태가 불량한 화물이 무너지면서 맞거나 깔림,"▶ 전도·낙하 방지를 위해 중량물 제거 후 작업
▶ 중량물 고정 실시 후 수리작업 실시"
2019-26-11-002,제조업,기계기구·금속·비금속광물제품제조업,건설용점토제품제조업,2019년 2월 재해자가 플라스틱용기(20L)의 유기용제를 부어 불을 피우던 중 불이 플라스틱용기 안으로 역류하여 플라스틱 용기가 폭발하여 사망.,화학물질(에틸벤젠),위험물질 취급 또는 그 장소에서 수행하는 작업,『위험물질을 파악 및 제거하지 않은 상태』에서 작업하여 화재·폭발·누출로 인한 재해발생 위험,"▶ 위험물질에 대한 MSDS 비치 및 근로자 교육
▶ 공급원재료의 종류, 공급되는 설비명 표시
▶ 가스검지 및 경보장치·긴급차단장치 및 방유제 설치"
2019-26-11-003,제조업,기계기구·금속·비금속광물제품제조업,자동차및모터사이클수리업,"2019년 3월 OO공업사 재해자가 리프트 와이어로프를 교체하기 위해 이동식 사다리(A형)를 놓고 상부 골조로 올라가던 중, 이동식 사다리가 넘어지면서 개구부인 5.5m 아래로 떨어져 사망한 사고임",사다리(이동식/A형),사다리를 이용한 작업 또는 통행,『사다리 위에 올라가 작업』하던 중 균형을 잃고 머리부터 바닥으로 떨어짐,"▶ 3.5m 미만 작업 시 A자형 사다리만 사용(2인1조)
▶ 아웃트리거 설치 및 안전대, 안전모 등 개인보호구 착용"
2019-26-11-004,제조업,식료품제조업,수산식료품제조업,2019년 1월 수산물가공공장에서 재해자가 냉각공정설비를 점검하던 중 회전하는 빗살냉각기에 신체 일부가 끼임,생산설비(빗살냉각기),비정형 작업(점검),『설비를 정지시키지 않거나 전원을 차단하지 않은 상태』에서 정비·보수·청소 등의 작업을 하다가 끼이거나 말림,"▶ 설비 가동중 이물질 제거 등이 발생할 수 있는 생산작업을 분석하고 근원적 접근방지대책 수립
▶ 끼임재해 우려가 있어 가동정지 후 작업이 필요한 설비 목록화→LOTO(Lock Out,  Tag Out) 대상 확정·시행 
▶ 작업 절차에 대해 근로자 교육실시"
2019-26-11-005,제조업,기계기구·금속·비금속광물제품제조업,유리제품가공업,2019년 3월 재해자가 지상1층 간판 상부(높이≒4.5m)에서 창문틀을 집고 창물틀 외측 실리콘 제거작업 중 창문 경첩이 파단되면서 균형을 잃고 바닥으로 떨어져 사망,분류 불가,"설비 위, 지붕 등 높은 장소에서의 작업",『작업을 위해 밟고 있던 구조물이 파손되거나 균형을 잃기 쉬운 불안한 자세』로 작업하여 넘어지거나 떨어짐,"▶ 안전난간이 설치된 작업발판을 설치·사용
▶ 고소작업대 사용 또는 3.5m미만은 A자형 사다리 사용(2인1조) 관리
▶ 안전대 및 안전모 지급·착용 등 관리감독자 확인"
2020-85-11-011,제조업,기계기구·금속·비금속광물제품제조업,기타금속제품제조업또는금속가공업,2020년 12월 OO공장 재해자가 세척작업을 하는 중 이송 가이드가 하강하면서 건조조 플레이트와 이송 캐리어 사이에 끼여 사망,자동화설비(세척기),비정형 작업(이물질 제거·청소),『설비를 정지시키지 않거나 전원을 차단하지 않은 상태』에서 정비·보수·청소 등의 작업을 하다가 끼이거나 말림,"▶ 설비 가동중 이물질 제거 등이 발생할 수 있는 생산작업을 분석하고 근원적 접근방지대책 수립
▶ 끼임재해 우려가 있어 가동정지 후 작업이 필요한 설비 목록화→LOTO(Lock Out,  Tag Out) 대상 확정·시행 
▶ 작업 절차에 대해 근로자 교육실시"
2019-26-11-007,제조업,기계기구·금속·비금속광물제품제조업,건설용금속제품제조업,2019년 10월 재해자가 콘크리트궤도를 야적장으로 적재하기 위해 천장크레인으로 이송하던 중 콘크리트 궤도와 양생실 벽면사이에 머리가 끼어 사망,크레인(천장주행크레인),"크레인(천장주행, 갠트리, 지브 등) 사용 작업",운반하는 물체 또는 주변 구조물 등에 의해 『설비 조작자의 시야가 확보되지 않은 상태에서 운반』하여 다른 구조물에 부딪히거나 그 사이에 끼임,"▶ 이송방향 전면에서 조작 및 시야 확보가 가능한 정도의 물량 운반
▶ 신호수를 배치하여 신호에 따라 운반작업 실시"
2019-26-21-010,농업,농업,농업서비스업,2017년 6월경 OO빌라 정원 전지작업 현장에서 재해자가 주목나무 전지작업을 하던 중 조경용 사다리에서 1.5미터 아래 바닥으로 떨어져 사망,사다리(이동식/조경용),사다리를 이용한 작업 또는 통행,『사다리 위에 올라가 작업』하던 중 균형을 잃고 머리부터 바닥으로 떨어짐,"▶ 3.5m 미만 작업 시 A자형 사다리만 사용(2인1조)
▶ 아웃트리거 설치 및 안전대, 안전모 등 개인보호구 착용"
2017-51-11-017,제조업,기계기구·금속·비금속광물제품제조업,특수산업용기계제조업,2017년 11월경 재해자가 가동중인 세척기 벽면에 쌀을 떼어내기 위해 주걱을 사용하다가 세척기 회전날개에 재해자 팔소매가 말려 들어가 사망,혼합기(식품용),비정형 작업(이물질 제거·청소),"『별도의 수공구 없이 설비의 구동부에 근접하여 작업』하다가 구동부에 끼이거나 말림, 절단","▶ 광전자, 양수조작식 등 방호장치 설치 및 기능유지 철저
▶ 재료투입용 보조기구 및 사용상태 철저 관리"
2019-26-51-002,기타의사업,기타의각종사업,건설업본사,2019년 5월경 재해자가 화물자동차 적재함에서 상하수도 조절밸브를 옮기던 중 재해자 방향으로 넘어가면서 1m 아래로 떨어져 사망,분류 불가,상하차 작업 또는 적재된 화물,『적재된 제품·재료 또는 화물 적재함 위에 올라 작업』하던 중 균형을 잃고 떨어짐,"▶ 차량 상부작업 시 작업장소 상부에 안전대 걸이설비 설치·사용
▶ 적재함에 오르내리기 위한 설비 설치·사용
▶ 작업 시 안전대, 안전모 등 보호구 착용"
2019-26-51-003,기타의사업,시설관리및사업지원서비스업,건물등의종합관리사업,2019년 11월경 재해자가 전지작업을 위해 이동식사다리에서 작업을 하던 중 3m 아래로 떨어져 사망,사다리(이동식/A형),사다리를 이용한 작업 또는 통행,『사다리 위에 올라가 작업』하던 중 균형을 잃고 머리부터 바닥으로 떨어짐,"▶ 3.5m 미만 작업 시 A자형 사다리만 사용(2인1조)
▶ 아웃트리거 설치 및 안전대, 안전모 등 개인보호구 착용"
2017-83-11-003,제조업,화학및고무제품제조업,합성수지제조업,2017년 11월경 OO사업장 자동저장창고에서 재해자가 청소작업 중 이동하는 스태커 크레인(산업용 로봇)에 부딪혀 사망,산업용로봇,자동화 설비 작업,『설비를 정지시키지 않거나 전원을 차단하지 않은 상태』에서 정비·보수·청소 등의 작업을 하다가 끼이거나 말림,"▶ 설비 가동중 이물질 제거 등이 발생할 수 있는 생산작업을 분석하고 근원적 접근방지대책 수립
▶ 끼임재해 우려가 있어 가동정지 후 작업이 필요한 설비 목록화→LOTO(Lock Out,  Tag Out) 대상 확정·시행 
▶ 작업 절차에 대해 근로자 교육실시"
2019-31-11-002,제조업,목재및종이제품제조업,골판지및종이용기제조업,2019년 5월 포장지 제조업 원지창고 내에서 안전관리업무를 수행하던 재해자가 동료작업자가 운행 중인 지게차와 부딪힘,지게차,혼재작업(작업자-작업차량),『근로자와 작업차량 간 이동동선(통행로)를 구분하지 않은 상태』에서 근로자가 작업차량에 부딪히거나 깔림 또는 주변 구조물과 차량사이에 끼임,"▶ 주문량 증가로 제품 적재공간 확대에 따라 지게차 작업구역이 확대, 지게차 운행 구역과 근로자 작업장소를 별도로 구획 실시
▶ 지게차 이용 중량물 취급에 대한 작업계획서 작성(작업방법, 운행경로, 근로자와 지게차 혼재 작업 여부 등)
▶ 혼재 작업 시 작업지휘자 또는 유도자 배치"
2019-31-11-003,제조업,전기기계기구·정밀기구·전자제품제조업,계측기또는시험기제조업,2019년 7월 계측기제조공장 세척장에서 재해자가 고압증기 멸균기의 온도계 검교정을 위하여 동료 작업자가 온도계를 해체하는 과정을 옆에서 지켜보던 중 갑자기 분출되는 고온의 수증기에 전신화상(동료 작업자 부상),고온물질(스팀),비정형 작업(점검),『취급하는 물질이 배관·호스·용기 등에서 누출』되어 화학물질 접촉·질식 또는 화재·폭발,"▶ 위험물질에 대한 MSDS 비치 및 근로자 교육
▶ 공급원재료의 종류, 공급되는 설비명 표시
▶ 가스검지 및 경보장치·긴급차단장치 및 방유제 설치"
2019-31-11-004,제조업,기계기구·금속·비금속광물제품제조업,각종시멘트제품제조업,2019년 7월 OO 공장에서 재해자가 로더를 운전하여 이동하던 중 경사로에서 세륜기 구조물과 충돌한 후 가벽을 뚫고 10m 아래로 추락하여 사망,건설기계(로더),건설기계를 사용하는 작업,"작업차량이 『운행경로 상의 지형(급경사, 커브, 바닥의 요철, 지반 등) 또는 구조물』로 인해 떨어지거나 넘어지면서 그 아래 깔림","▶ 주·정차 시 불시 이동방지를 위한 브레이크, 고임목 체결 철저
▶ 작업장 내 바닥 평탄화 및 제한속도 준수
▶ 지게차 운전자격이 있는 지정자에 한해 운전 및 시동키 관리"
2019-31-11-005,임업,임업,영림업,2019년 10월경 OO산 입목벌채 현장에서 재해자가 벌목한 벌도목이 5미터 전방의 피나무 가지에 걸려 부러지면서 벌도목이 회전하여 재해자 방향으로 떨어지면서 두부 및 경추를 가격해 사망,나무(벌도목),벌목·조재 작업,"『벌도목이 의도하지 않은 방향으로 쓰러지거나, 주변 장애물에 걸려』 작업자 방향으로 쓰러지면서 안면 또는 머리를 가격(부딪힘)","▶ 벌목 작업 시에는 사전에 대피장소를 정하여 작업 실시
▶ 충분한 안전거리를 확보하여, 다른 작업자와 동시에 작업 금지"
2019-31-11-006,임업,임업,영림업,2019년 11월경 OO산 입목벌채 현장엥서 재해자가 벌목한 벌도목이 2미터 전방의 소나무에 걸려 가지가 재해자 방향으로 떨어지면서 벌도목에 머리를 맞고 사망,나무(벌도목),벌목·조재 작업,"『벌도목이 의도하지 않은 방향으로 쓰러지거나, 주변 장애물에 걸려』 작업자 방향으로 쓰러지면서 안면 또는 머리를 가격(부딪힘)","▶ 벌목 작업 시에는 사전에 대피장소를 정하여 작업 실시
▶ 충분한 안전거리를 확보하여, 다른 작업자와 동시에 작업 금지"
2019-31-11-007,기타의사업,도소매·음식·숙박업,도소매및소비자용품수리업,2019년 11월경 일반작업용 리프트 하부에서 재해자가 이물질을 제거하던 중 운반구가 작동해 하강하여 리프트 운반구에 깔려 사망,리프트(일반작업용),비정형 작업(이물질 제거·청소),『설비를 정지시키지 않거나 전원을 차단하지 않은 상태』에서 정비·보수·청소 등의 작업을 하다가 끼이거나 말림,"▶ 설비 가동중 이물질 제거 등이 발생할 수 있는 생산작업을 분석하고 근원적 접근방지대책 수립
▶ 끼임재해 우려가 있어 가동정지 후 작업이 필요한 설비 목록화→LOTO(Lock Out,  Tag Out) 대상 확정·시행 
▶ 작업 절차에 대해 근로자 교육실시"
2019-31-11-008,광업,석회석·금속·비금속광업및기타광업,쇄석채취업,2019년 12월경 OO사업장 토사석 채취장에서 장비 반장업무를 수행하던 재해자가 건설기계(굴삭기)를 운전해 발파된 원석을 석산 아래로 퍼내리는 작업 중 장비와 함께 30미터 아래로 추락해 사망,굴착기(백호우),채석장에서의 작업,"작업차량이 『운행경로 상의 지형(급경사, 커브, 바닥의 요철, 지반 등) 또는 구조물』로 인해 떨어지거나 넘어지면서 그 아래 깔림","▶ 주·정차 시 불시 이동방지를 위한 브레이크, 고임목 체결 철저
▶ 작업장 내 바닥 평탄화 및 제한속도 준수
▶ 지게차 운전자격이 있는 지정자에 한해 운전 및 시동키 관리"
2019-31-11-009,제조업,기계기구·금속·비금속광물제품제조업,자동차부분품제조업,2019년 12월 OO공장 근로자가 용해로 유지보수 작업을 위해 이동하던 지게차에 치어 사망,지게차,작업장소 통행/이동,『근로자와 작업차량 간 이동동선(통행로)를 구분하지 않은 상태』에서 근로자가 작업차량에 부딪히거나 깔림 또는 주변 구조물과 차량사이에 끼임,"▶ 주문량 증가로 제품 적재공간 확대에 따라 지게차 작업구역이 확대, 지게차 운행 구역과 근로자 작업장소를 별도로 구획 실시
▶ 지게차 이용 중량물 취급에 대한 작업계획서 작성(작업방법, 운행경로, 근로자와 지게차 혼재 작업 여부 등)
▶ 혼재 작업 시 작업지휘자 또는 유도자 배치"
2019-31-51-001,기타의사업,시설관리및사업지원서비스업,위생및유사서비스업,2019년 4월경 재해자가 경사로에 지게차를 정차 후 운전석 밖에서 포크를 상승 조작하던 중 뒤로 밀린 지게차에 깔려 사망,지게차,지게차를 사용하는 작업,"작업차량이 『운행경로 상의 지형(급경사, 커브, 바닥의 요철, 지반 등) 또는 구조물』로 인해 떨어지거나 넘어지면서 그 아래 깔림","▶ 주·정차 시 불시 이동방지를 위한 브레이크, 고임목 체결 철저
▶ 작업장 내 바닥 평탄화 및 제한속도 준수
▶ 지게차 운전자격이 있는 지정자에 한해 운전 및 시동키 관리"
2019-32-11-002,제조업,기계기구·금속·비금속광물제품제조업,시멘트제조업,2019년 8월 OO공장에서 재해자가 고소작업대 후진을 유도하다 후진하는 고소작업대에 충돌하여 사망,고소작업대(차량탑재형/스카이),고소작업대 사용 작업,"『차량운행 중 차량의 진행방향 및 사각지대를 확인하지 않아』근로자가 작업차량에 깔리거나, 주변 구조물과 작업차량 사이에 끼임","▶ 지게차 이용 중량물 취급에 대한 작업계획서 작성(작업방법, 운행경로, 근로자와 지게차 혼재 작업 여부 등)
▶ 혼재 작업 시 작업지휘자 또는 유도자 배치"
2019-32-11-003,제조업,기계기구·금속·비금속광물제품제조업,석재및석공품제조업,2019년 8월 OO공장에서 재해자가 지게차 버킷에 골재를 적재하기 위해 도로를 이동 중 우측도로변에 충돌하여 지게차가 넘어지면서 지면과 지게차 사이에 깔려 사망,지게차,지게차를 사용하는 작업,"작업차량이 『운행경로 상의 지형(급경사, 커브, 바닥의 요철, 지반 등) 또는 구조물』로 인해 떨어지거나 넘어지면서 그 아래 깔림","▶ 주·정차 시 불시 이동방지를 위한 브레이크, 고임목 체결 철저
▶ 작업장 내 바닥 평탄화 및 제한속도 준수
▶ 지게차 운전자격이 있는 지정자에 한해 운전 및 시동키 관리"
2019-32-11-004,임업,임업,영림업,2019년 10월경 OO산 벌채현장에서 재해자가 쓰러진 참나무를 받치고 있던 소나무를 벌목하던 중 두 나무가 동시에 재해자 방향으로 쓰러지면서 참나무에 머리를 맞아 사망 ,나무(벌도목),벌목·조재 작업,"『벌도목이 의도하지 않은 방향으로 쓰러지거나, 주변 장애물에 걸려』 작업자 방향으로 쓰러지면서 안면 또는 머리를 가격(부딪힘)","▶ 벌목 작업 시에는 사전에 대피장소를 정하여 작업 실시
▶ 충분한 안전거리를 확보하여, 다른 작업자와 동시에 작업 금지"
2019-32-11-005,임업,임업,벌목업,2019년 11월경 OO산 벌목현장에서 재해자가 동료 작업자가 벌목한 벌도목에 맞아 사망,나무(벌도목),벌목·조재 작업,작업자 방향으로 『주변에서 작업하던 벌도목 또는 주변 수목에 걸려있던 벌도목』이 떨어(쓰러)지면서 작업자가 벌도목에 머리를 맞거나 그 아래 깔림,"▶ 벌목 작업 전 주변 나무에 걸려있는 나무를 확인하여 주변에서 작업 금지
▶ 충분한 안전거리를 확보하여, 다른 작업자와 동시에 작업 금지"
2019-32-11-006,제조업,기계기구·금속·비금속광물제품제조업,시멘트제조업,2019년 12월 OO공장 내 재해자가 체인 부품을 이동식크레인으로 인양하기 위해 지붕에서 수신호를 하던 중 권상중인 체인 부품에 밀려 20m 아래 바닥으로 떨어져 사망함,분류 불가,"크레인(천장주행, 갠트리, 지브 등) 사용 작업",작업자 간 『작업 상황에 대해 의사소통을 하지 않고 작업』을 실시해 운반하는 물체에 부딪히거나 깔림 또는 주변 구조물과 운반하는 물체 사이에 끼임,"▶ 작업자 간 신호체계 통일 및 숙지 조치
▶ 중량물 취급 시 보조운반기구 사용"
2020-99-11-007,기타의사업,시설관리및사업지원서비스업,위생및유사서비스업,"2020년 9월경 폐플라스틱 열분해로에서 재해자 2명이 주변에서 작업하던 중에, 열분해로 내부압력 상승으로 분해로 전면커버 고정볼트가 파단되어 누출된 열분해유 증기 및 가스가 점화되어 화재가 발생하여 재해자 2명 사망",생산설비(용해로/열분해로),위험물질 취급 또는 그 장소에서 수행하는 작업,"설비를 정기적으로 유지·관리 및 점검하지 않아 『설비의 주요 구조부분(용접부, 볼트 등)에 균열·변형·부식·마모·탈락 등이 발생』하여 재해발생 위험",▶ 설비·구조물 상태 정기적 점검 및 예방 관리
2019-32-51-002,운수창고통신업,육상및수상운수업,여객자동차운수업,"2019년 12월경 차량정비소에서 재해자가 버스 엔진오일 교환 작업 후 상태를 확인하기 위해 버스의 시동을 건 상태에서 엔진룸 내부에 왼팔을 넣는 순간, 크랭크풀리와 크로스멤버 사이에 왼팔이 끼어 병원에서 치료를 받던 중 사망",기타 차량(버스),비정형 작업(정비·보수),『설비를 정지시키지 않거나 전원을 차단하지 않은 상태』에서 정비·보수·청소 등의 작업을 하다가 끼이거나 말림,"▶ 설비 가동중 이물질 제거 등이 발생할 수 있는 생산작업을 분석하고 근원적 접근방지대책 수립
▶ 끼임재해 우려가 있어 가동정지 후 작업이 필요한 설비 목록화→LOTO(Lock Out,  Tag Out) 대상 확정·시행 
▶ 작업 절차에 대해 근로자 교육실시"
2019-41-11-003,제조업,기계기구·금속·비금속광물제품제조업,일반산업용기계장치제조업,2019년 10월 OO공장에서 동료작업자가 크레인을 사용하여 조형플라스크를 운반하여 거치하던 중 운반물(조형클라스크)가 주변에 적재된 조형플라스크와 충돌하여 넘어지면서 조형플라스크 사이에서 작업중이던 재해자가 끼어 사망_x000D_,적재물(조형플라스크),"크레인(천장주행, 갠트리, 지브 등) 사용 작업",운반하는 물체 또는 주변 구조물 등에 의해 『설비 조작자의 시야가 확보되지 않은 상태에서 운반』하여 다른 구조물에 부딪히거나 그 사이에 끼임,"▶ 이송방향 전면에서 조작 및 시야 확보가 가능한 정도의 물량 운반
▶ 신호수를 배치하여 신호에 따라 운반작업 실시"
2019-41-11-004,임업,임업,벌목업,"2019년 11월경 OO마을에서 재해자가 건설기계(소형덤프트럭, 1톤)로 운반한 벌도목을 하역하던 중 트럭의 앞바퀴와 적재함이 들리자 차량 조수석 상부에 올라가 적재함에 묶인 벨트슬링을 절단하던 중 떨어지면서 적재함과 차대 사이에 끼어 사망",화물운반트럭(덤프트럭),건설기계를 사용하는 작업,『매달아 올리거나 적재 상태가 불량한 물체』가 떨어지거나 무너지면서 맞거나 깔림,"▶ 주변의 중량물로 인한 깔림 방지를 위해 중량물 제거 후 작업
▶ 중량물 지지대 설치 후 수리·교체작업 실시"
2019-41-21-006,제조업,기계기구·금속·비금속광물제품제조업,각종시멘트제품제조업,2019년 3월 OO공장 내 지붕구조물 철거작업 중 재해자가 크레인으로 인양하는 지붕구조물에 맞아 몸의 균형을 잃고 콘크리트 바닥(H≒3.6m)으로 떨어져 사망,운반물(지붕구조물),"설비 위, 지붕 등 높은 장소에서의 작업",작업자 간 『작업 상황에 대해 의사소통을 하지 않고 작업』을 실시해 운반하는 물체에 부딪히거나 깔림 또는 주변 구조물과 운반하는 물체 사이에 끼임,"▶ 작업자 간 신호체계 통일 및 숙지 조치
▶ 중량물 취급 시 보조운반기구 사용"
2019-41-51-001,기타의사업,시설관리및사업지원서비스업,위생및유사서비스업,2019년 9월경 재해자가 이물질 제거 작업을 하던 중 후진하는 로더에 부딪히며 바퀴에 깔려 사망,건설기계(로더),혼재작업(작업자-작업차량),근로자와 작업차량 간 『혼재작업 장소에서 근로자 이동과 작업차량 운행을 통제하지 않은 상태』에서 근로자가 작업차량에 부딪히나 깔림 또는 주변 구조물과 작업차량 사이에 끼임,"▶ 지게차 이용 중량물 취급에 대한 작업계획서 작성(작업방법, 운행경로, 근로자와 지게차 혼재 작업 여부 등)
▶ 혼재 작업 시 작업지휘자 또는 유도자 배치"
2019-41-51-002,운수창고통신업,육상및수상운수업,택배업,"2019년 11월경 택배물류센터에서 재해자가 택배물품 정리작업을 위해 다른 지게차 운전자가 올려준 파렛트 위에서 작업을 마치고, 뒷걸음으로 내려오다가 실족하여 1.3~1.5m 아래 바닥에 머리를 부딪혀 사망",지게차,지게차를 사용하는 작업,"지게차 포크, 파렛트, 굴삭기 버킷에 탑승하여 높은 장소로 승강하는 등 『설비를 주용도(하역운반장치) 외로 사용』하여 떨어짐","▶ 중량물 제작 작업 등 생산용도에 사용금지
▶ 전동교체 시 고소작업대 사용 및 운전석 외 탑승금지"
2019-43-11-002,제조업,수제품및기타제품제조업,기타각종제조업,2019년 2월 금속재공장에서 재해자가 입고된 시트파일 검수 작업 중 근처에 3단 적재된 시트파일 한다발이 떨어지면서 맞음,적재물(시트파일 다발),상하차 작업 또는 적재된 화물,『매달아 올리거나 적재 상태가 불량한 물체』가 떨어지거나 무너지면서 맞거나 깔림,"▶ 주변의 중량물로 인한 깔림 방지를 위해 중량물 제거 후 작업
▶ 중량물 지지대 설치 후 수리·교체작업 실시"
2018-26-11-002,제조업,기계기구·금속·비금속광물제품제조업,판유리제조업,2018년 3월경 사업장에서 재해자가 판유리 투입용 스태커의 하부 바닥에 떨어진 폐유리를 치우던 중 스태커 암에 몸이 끼어 사망 (추정),기타 설비(스태커 암),비정형 작업(이물질 제거·청소),"『들어올린 설비의 고정상태 불량, 안전블록·지지대 미설치』로 설비 하부에서 작업 중 갑자기 설비가 내려앉아 끼이거나 깔림","▶ 중량물 이동방지용 지지대 추가 설치
▶ 갑작스런 이동방지를 위한 중량물 위치 변경
▶ 낙하물에 대비한 방망 또는 울 설치후 작업"
2019-43-11-005,제조업,목재및종이제품제조업,지류제조업,2019년 4월 제지공장에서 재해자가 롤지 이동용 설비가 작동되지 않는 것을 확인하고 광센서를 점검하던 중 턴테이블이 불시에 하강하면서 턴테이블 스토퍼와 프레임 사이에 끼임,자동화설비(롤지 이동용 설비),비정형 작업(점검),『설비를 정지시키지 않거나 전원을 차단하지 않은 상태』에서 정비·보수·청소 등의 작업을 하다가 끼이거나 말림,"▶ 설비 가동중 이물질 제거 등이 발생할 수 있는 생산작업을 분석하고 근원적 접근방지대책 수립
▶ 끼임재해 우려가 있어 가동정지 후 작업이 필요한 설비 목록화→LOTO(Lock Out,  Tag Out) 대상 확정·시행 
▶ 작업 절차에 대해 근로자 교육실시"
2019-43-11-007,제조업,수제품및기타제품제조업,기타각종제조업,2019년 5월 폐기물처리장에서 재해자가 폐지압축기 실린더실 내부 부품에 그리스 도포작업을 하던 중 압축기 가이드와 압축기 프레임 사이에 끼임,생산설비(폐지 압축기),비정형 작업(점검),『설비를 정지시키지 않거나 전원을 차단하지 않은 상태』에서 정비·보수·청소 등의 작업을 하다가 끼이거나 말림,"▶ 설비 가동중 이물질 제거 등이 발생할 수 있는 생산작업을 분석하고 근원적 접근방지대책 수립
▶ 끼임재해 우려가 있어 가동정지 후 작업이 필요한 설비 목록화→LOTO(Lock Out,  Tag Out) 대상 확정·시행 
▶ 작업 절차에 대해 근로자 교육실시"
2019-43-11-008,제조업,화학및고무제품제조업,플라스틱가공제품제조업,2018년 6월경 OO사업장 사출 성형공정에서 재해자가 사출성형기 내부에 들어가 금형 점검 작업 중 불시에 설비가 가동하여 설비 사이에 끼여 사망,사출성형기,비정형 작업(점검),『정비작업 중 작업자 외 근로자가 설비를 가동』하여 갑자기 작동된 설비에 말리거나 끼임,"▶ 생산 설비의 불시 가동을 방지하기 위한 LOTO(Lock Out_잠금장치, Tag Out_점검 중 꼬리표)제도 시행
▶ 관리감독자 확인 의무 부여"
2019-43-11-009,제조업,기계기구·금속·비금속광물제품제조업,철강또는비철금속주물제조업,2019년 6월 OO작업장에서 재해자가 국소배기장치의 배기구 철거 작업 중 작업발판이 떨어지면서 약 7m 높이에서 바닥으로 추락하여 사망 ,분류 불가,"설비 위, 지붕 등 높은 장소에서의 작업",『작업을 위해 밟고 있던 구조물이 파손되거나 균형을 잃기 쉬운 불안한 자세』로 작업하여 넘어지거나 떨어짐,"▶ 안전난간이 설치된 작업발판을 설치·사용
▶ 고소작업대 사용 또는 3.5m미만은 A자형 사다리 사용(2인1조) 관리
▶ 안전대 및 안전모 지급·착용 등 관리감독자 확인"
2019-43-11-010,제조업,기계기구·금속·비금속광물제품제조업,기타금속제품제조업또는금속가공업,2019년 6월 OO 작업장에서 재해자가 천장주행 크레인으로 톤 백 2개를 훅에 매달아 동시에 인양 중 호퍼 투입구 부근 안전난간의 상부난간대와 톤 백 사이에 상체가 끼여 사망,크레인(천장주행크레인),"크레인(천장주행, 갠트리, 지브 등) 사용 작업",운반하는 물체 또는 주변 구조물 등에 의해 『설비 조작자의 시야가 확보되지 않은 상태에서 운반』하여 다른 구조물에 부딪히거나 그 사이에 끼임,"▶ 이송방향 전면에서 조작 및 시야 확보가 가능한 정도의 물량 운반
▶ 신호수를 배치하여 신호에 따라 운반작업 실시"
2019-43-11-011,제조업,식료품제조업,수산식료품제조업,2019년 5월 수산물가공공장에서 재해자가 이동식크레인 조종석에 탑승하여 선박 내 어구를 부두로 인양하던 중 이동식 크레인이 전도되면서 지면으로 떨어짐,크레인(이동식크레인/카고크레인),"이동식 크레인(카고 크레인, 집게차)을 사용한 작업","설비를 정기적으로 유지·관리 및 점검하지 않아 『설비의 주요 구조부분(용접부, 볼트 등)에 균열·변형·부식·마모·탈락 등이 발생』하여 재해발생 위험",▶ 설비·구조물 상태 정기적 점검 및 예방 관리
2019-43-11-012,제조업,기계기구·금속·비금속광물제품제조업,건설용금속제품제조업,2019년 6월 OO공장내 작업장에서 재해자가 철골 구조물과 갠트리 크레인 주행레일 사이에서 사상작업 중 주행 중인 갠트리크레인 새들과 철골구조물 사이에 신체가 끼어 사망,크레인(갠트리크레인),비정형 작업(정비·보수),『설비를 정지시키지 않거나 전원을 차단하지 않은 상태』에서 정비·보수·청소 등의 작업을 하다가 끼이거나 말림,"▶ 설비 가동중 이물질 제거 등이 발생할 수 있는 생산작업을 분석하고 근원적 접근방지대책 수립
▶ 끼임재해 우려가 있어 가동정지 후 작업이 필요한 설비 목록화→LOTO(Lock Out,  Tag Out) 대상 확정·시행 
▶ 작업 절차에 대해 근로자 교육실시"
2019-43-11-013,제조업,화학및고무제품제조업,플라스틱가공제품제조업,2019년 6월경 OO사업장 폐기물 처리장에서 재해자가 지게차 포크를 이용하여 상부에서 폐기물을 처리하던 중 아래로 떨여져 사망,지게차,지게차를 사용하는 작업,"지게차 포크, 파렛트, 굴삭기 버킷에 탑승하여 높은 장소로 승강하는 등 『설비를 주용도(하역운반장치) 외로 사용』하여 떨어짐","▶ 중량물 제작 작업 등 생산용도에 사용금지
▶ 전동교체 시 고소작업대 사용 및 운전석 외 탑승금지"
2019-43-11-015,제조업,전기기계기구·정밀기구·전자제품제조업,금형제조업,2019년 8월 금형공장에서 재해자가 수리를 위해 입고된 금형(약 2톤)을 입식 지게차(허용하중 1톤)로 옮기는 과정에서 경사로에 진입하는 순간 지게차가 밀려내려가 전도되면서 지게차 프레임과 지면 사이에 깔림,지게차,지게차를 사용하는 작업,"작업차량이 『운행경로 상의 지형(급경사, 커브, 바닥의 요철, 지반 등) 또는 구조물』로 인해 떨어지거나 넘어지면서 그 아래 깔림","▶ 주·정차 시 불시 이동방지를 위한 브레이크, 고임목 체결 철저
▶ 작업장 내 바닥 평탄화 및 제한속도 준수
▶ 지게차 운전자격이 있는 지정자에 한해 운전 및 시동키 관리"
2019-43-11-016,제조업,화학및고무제품제조업,기타화학제품제조업,2019년 8월경 OO사업장 제품 적재공정에서 재해자가 동작하는 로봇 설비를 점검 중 로봇에 부딪혀 사망,산업용로봇,비정형 작업(점검),『설비를 정지시키지 않거나 전원을 차단하지 않은 상태』에서 정비·보수·청소 등의 작업을 하다가 끼이거나 말림,"▶ 설비 가동중 이물질 제거 등이 발생할 수 있는 생산작업을 분석하고 근원적 접근방지대책 수립
▶ 끼임재해 우려가 있어 가동정지 후 작업이 필요한 설비 목록화→LOTO(Lock Out,  Tag Out) 대상 확정·시행 
▶ 작업 절차에 대해 근로자 교육실시"
2019-43-11-017,제조업,기계기구·금속·비금속광물제품제조업,기타금속제품제조업또는금속가공업,2019년 8월 OO사업장 포장 제거 작업 중 동료 작업자가 천장주행 크레인을 조작하면서 크레인에 인양된 코일과 바닥에 적재되어 있던 코일 사이에 재해자의 머리가 끼여 사망,크레인(천장주행크레인),"크레인(천장주행, 갠트리, 지브 등) 사용 작업",작업자 간 『작업 상황에 대해 의사소통을 하지 않고 작업』을 실시해 운반하는 물체에 부딪히거나 깔림 또는 주변 구조물과 운반하는 물체 사이에 끼임,"▶ 작업자 간 신호체계 통일 및 숙지 조치
▶ 중량물 취급 시 보조운반기구 사용"
2019-43-11-018,제조업,기계기구·금속·비금속광물제품제조업,일반산업용기계장치제조업,2019년 9월 OO공장 재해자가 열교환기의 배관을 용접작업 하던 중 LPG용접기 중간에 설치된 플럭스 용기가 폭발하면서 재해자 머리를 강타하여 사망,인화성물질(LPG),용접·절단·사상 또는 도장 작업,『취급하는 물질이 배관·호스·용기 등에서 누출』되어 화학물질 접촉·질식 또는 화재·폭발,"▶ 위험물질에 대한 MSDS 비치 및 근로자 교육
▶ 공급원재료의 종류, 공급되는 설비명 표시
▶ 가스검지 및 경보장치·긴급차단장치 및 방유제 설치"
2019-43-11-019,농업,농업,축산업,2019년 9월경 OO축산농장에서 재해자가 화물자동차 적재함 위에 올라가 동료작업자와 함께 수공구를 이용해 폐돈을 적재함 위로 올리는 작업을 하던 중 수공구가 폐돈에서 빠지면서 재해자가 중심을 잃고 적재함 아래로 떨어지면서 바닥에 머리를 부딪혀 사망,분류 불가,상하차 작업 또는 적재된 화물,『적재된 제품·재료 또는 화물 적재함 위에 올라 작업』하던 중 균형을 잃고 떨어짐,"▶ 차량 상부작업 시 작업장소 상부에 안전대 걸이설비 설치·사용
▶ 적재함에 오르내리기 위한 설비 설치·사용
▶ 작업 시 안전대, 안전모 등 보호구 착용"
2019-43-11-020,제조업,기계기구·금속·비금속광물제품제조업,유리섬유제조업,2019년 10월 OO공장에서 재해자가 자동적재기 내부에서 압축된 제품에 신체 전체가 끼어 사망_x000D_,자동화설비[자동적재기(Stacking M/C)],비정형 작업(점검),『설비를 정지시키지 않거나 전원을 차단하지 않은 상태』에서 정비·보수·청소 등의 작업을 하다가 끼이거나 말림,"▶ 설비 가동중 이물질 제거 등이 발생할 수 있는 생산작업을 분석하고 근원적 접근방지대책 수립
▶ 끼임재해 우려가 있어 가동정지 후 작업이 필요한 설비 목록화→LOTO(Lock Out,  Tag Out) 대상 확정·시행 
▶ 작업 절차에 대해 근로자 교육실시"
2019-43-42-001,제조업,화학및고무제품제조업,유기화학제품제조업,2019년 2월경 OO사업장 화학제품 제조공정에서 설비를 세정하기 위해 이동식 크레인으로 들어올리는 중 내부에서 화재가 발생하여 다수의 근로자가 화상을 입음,화학물질(EVA<24937-78-8>),위험물질 취급 또는 그 장소에서 수행하는 작업,"『작업장소에서 취급하는 위험물질 및 관리되지 않는 점화원(아크, 정전기 등)』으로 인해 화재·폭발","▶ 위험장소 주변 용접 및 사상작업 금지 등 점화원 관리
▶ 용접불티 비산방지덮개 또는 용접방화포 조치"
2019-43-42-004,제조업,화학및고무제품제조업,합성수지제조업,2019년 7월경 OO사업장 화학제품 제조공정에서 배관을 세정하기 위해 내부에 질소를 투입하는 중 배관이 분리되며 고온의 물질이 누출되어 근로자가 화상을 입음,고온물질(고온의 수첨유),비정형 작업(정비·보수),『취급하는 물질이 배관·호스·용기 등에서 누출』되어 화학물질 접촉·질식 또는 화재·폭발,"▶ 위험물질에 대한 MSDS 비치 및 근로자 교육
▶ 공급원재료의 종류, 공급되는 설비명 표시
▶ 가스검지 및 경보장치·긴급차단장치 및 방유제 설치"
2019-51-11-001,임업,임업,벌목업,2019년 1월경 OO산 벌목현장에서 재해자가 임도를 따라 이동하던 중 동료작업자가 벌목한 벌도목에 머리를 맞아 사망,나무(벌도목),벌목·조재 작업,작업자 방향으로 『주변에서 작업하던 벌도목 또는 주변 수목에 걸려있던 벌도목』이 떨어(쓰러)지면서 작업자가 벌도목에 머리를 맞거나 그 아래 깔림,"▶ 벌목 작업 전 주변 나무에 걸려있는 나무를 확인하여 주변에서 작업 금지
▶ 충분한 안전거리를 확보하여, 다른 작업자와 동시에 작업 금지"
2019-51-11-002,제조업,식료품제조업,음료제조업,2019년 2월 식품공장에서 재해자가 공장 정문을 향하여 도보로 퇴근하던 중 적재물에 의해 시야가 확보되지 않은 지게차와 부딪힘,지게차,작업장소 통행/이동,『근로자와 작업차량 간 이동동선(통행로)를 구분하지 않은 상태』에서 근로자가 작업차량에 부딪히거나 깔림 또는 주변 구조물과 차량사이에 끼임,"▶ 주문량 증가로 제품 적재공간 확대에 따라 지게차 작업구역이 확대, 지게차 운행 구역과 근로자 작업장소를 별도로 구획 실시
▶ 지게차 이용 중량물 취급에 대한 작업계획서 작성(작업방법, 운행경로, 근로자와 지게차 혼재 작업 여부 등)
▶ 혼재 작업 시 작업지휘자 또는 유도자 배치"
2019-51-11-003,제조업,기계기구·금속·비금속광물제품제조업,철근콘크리트제품제조업,2019년 2월 재해자가 타워크레인을 사용한 PC부재 운반작업을 보조하던 중 PC부재가 적재된 PC부재와 부딪혀 무너지면서 무너지는 PC부재 사이에 목이 끼어 사망,크레인(타워크레인),"크레인(천장주행, 갠트리, 지브 등) 사용 작업",『운반하는 물체의 이동경로에 근로자의 출입을 통제하지 않아』 부딪히거나 주변 구조물과 운반물 사이에 끼임,"▶ 지게차 이용 중량물 취급에 대한 작업계획서 작성(작업방법, 운행경로, 근로자와 지게차 혼재 작업 여부 등)
▶ 혼재 작업 시 작업지휘자 또는 유도자 배치"
2019-51-11-005,제조업,기계기구·금속·비금속광물제품제조업,기타비금속광물제품제조업,2019년 2월 OO사업장 내 재해자가 약 6m 높이의 컨베이어 위치 변경작업을 하던 중 두 대의 컨베이어 연결한 금속부재을 용단하면서 컨베이어가 전도되어 추락하여 사망함,컨베이어,"설비 위, 지붕 등 높은 장소에서의 작업",『작업을 위해 밟고 있던 구조물이 파손되거나 균형을 잃기 쉬운 불안한 자세』로 작업하여 넘어지거나 떨어짐,"▶ 안전난간이 설치된 작업발판을 설치·사용
▶ 고소작업대 사용 또는 3.5m미만은 A자형 사다리 사용(2인1조) 관리
▶ 안전대 및 안전모 지급·착용 등 관리감독자 확인"
2019-51-11-006,임업,임업,벌목업,2019년 3월경 OO산 벌목현장에서 재해자가 조재작업을 하던 중 동료 작업자가 벌목한 벌도목에 머리를 맞아 사망,나무(벌도목),벌목·조재 작업,작업자 방향으로 『주변에서 작업하던 벌도목 또는 주변 수목에 걸려있던 벌도목』이 떨어(쓰러)지면서 작업자가 벌도목에 머리를 맞거나 그 아래 깔림,"▶ 벌목 작업 전 주변 나무에 걸려있는 나무를 확인하여 주변에서 작업 금지
▶ 충분한 안전거리를 확보하여, 다른 작업자와 동시에 작업 금지"
2019-51-11-008,기타의사업,전문·보건·교육·여가관련서비스업,"건축기술,엔지니어링및관련기술서비스업",2019년 5월경 수배전반에서 재해자가 집게를 주변을 청소하던 중 서지피뢰기에 접촉되어 감전으로 사망,전기충전부(서지피뢰기<Surge Arrester>) ,전기설비 취급 작업,『전원을 차단하지 않은 상태』에서 노출된 충전부에 접촉하여 감전,"▶ 정전작업 후 전기점검 및 조작 실시
▶ 활선작업용기구·장치  사용 및 절연용 보호구 착용"
2019-51-11-009,제조업,기계기구·금속·비금속광물제품제조업,기타금속제품제조업또는금속가공업,2018년 11월 OO공장내 절단공정에서 재해자가 코일을 팽팽하게 유지하기 위해 언코일러의 역회전 버튼을 누르는 순간 재해자의 손이 코일과 스너버롤 사이에 끼어 사망함_x000D_,생산설비(언코일러),가공 설비를 이용한 작업,『말릴 위험이 있는 옷이나 장갑을 착용하고 회전축에 근접하여 작업』해 손이나 팔이 말려 절단,"▶ 목장갑 등 사용 시 손이 말려 들어갈 위험이 있음을 근로자에게 교육하고, 밀착형 가죽장갑 등을 지급하여 착용하도록 조치"
2019-51-11-010,제조업,화학및고무제품제조업,플라스틱가공제품제조업,2019년 6월경 OO사업장 배합 공정에서 재해자가 혼합기 내부에서 청소 작업을 수행 중 동료 작업자가 설비를 가동하여 회전날에 끼여 사망,혼합기,비정형 작업(이물질 제거·청소),『정비작업 중 작업자 외 근로자가 설비를 가동』하여 갑자기 작동된 설비에 말리거나 끼임,"▶ 생산 설비의 불시 가동을 방지하기 위한 LOTO(Lock Out_잠금장치, Tag Out_점검 중 꼬리표)제도 시행
▶ 관리감독자 확인 의무 부여"
2019-51-11-012,광업,석회석·금속·비금속광업및기타광업,쇄석채취업,2019년 8월경 OO사업장에서 콘크러셔 유지보수를 위해 분해 후 이동식 크레인을 이용해 콘크러셔 부품에 아이볼트를 체결하여 인양하던 중 체결한 아이볼트가 콘크러셔 부품에서 빠지면서 떨어져 그 아래 있던 재해자가 깔려 사망,마모된 나사,"크레인(천장주행, 갠트리, 지브 등) 사용 작업",『매달아 올리거나 적재 상태가 불량한 물체』가 떨어지거나 무너지면서 맞거나 깔림,"▶ 주변의 중량물로 인한 깔림 방지를 위해 중량물 제거 후 작업
▶ 중량물 지지대 설치 후 수리·교체작업 실시"
2019-51-11-013,제조업,기계기구·금속·비금속광물제품제조업,양철관또는도금판제품제조업,2019년 9월 검사원이 유류저장탱크를 터닝롤러로 굴리면서 자분탐상 검사를 진행하던 중 유류저장탱크가 터닝롤러에서 맨홀 가공작업을 하던 재해자에게 떨어지면서 깔려 사망,용접중인 제품(유류저장탱크),"설비 위, 지붕 등 높은 장소에서의 작업",『매달아 올리거나 적재 상태가 불량한 물체』가 떨어지거나 무너지면서 맞거나 깔림,"▶ 주변의 중량물로 인한 깔림 방지를 위해 중량물 제거 후 작업
▶ 중량물 지지대 설치 후 수리·교체작업 실시"
2019-51-11-014,제조업,기계기구·금속·비금속광물제품제조업,기타금속제품제조업또는금속가공업,2019년 9월 OO공장 재해자가 천장크레인으로 철근다발을 지게차 포크에 싣는 작업을 하던 중 철근다발이 한쪽으로 기울어져 떨어지면서 철근 다발에 맞아 사망함,운반물(철근 다발),"크레인(천장주행, 갠트리, 지브 등) 사용 작업",『화물의 무게가 한쪽으로 치우쳐진 상태 등』 적재상태가 불량한 화물이 무너지면서 맞거나 깔림,"▶ 전도·낙하 방지를 위해 중량물 제거 후 작업
▶ 중량물 고정 실시 후 수리작업 실시"
2019-51-11-015,기타의사업,도소매·음식·숙박업,도소매및소비자용품수리업,2019년 10월경 재해자가 후진하는 휠로더 주변으로 이동하던 중 앞바퀴에 깔려 사망,건설기계(로더),작업장소 통행/이동,『근로자와 작업차량 간 이동동선(통행로)를 구분하지 않은 상태』에서 근로자가 작업차량에 부딪히거나 깔림 또는 주변 구조물과 차량사이에 끼임,"▶ 주문량 증가로 제품 적재공간 확대에 따라 지게차 작업구역이 확대, 지게차 운행 구역과 근로자 작업장소를 별도로 구획 실시
▶ 지게차 이용 중량물 취급에 대한 작업계획서 작성(작업방법, 운행경로, 근로자와 지게차 혼재 작업 여부 등)
▶ 혼재 작업 시 작업지휘자 또는 유도자 배치"
2019-51-11-016,기타의사업,시설관리및사업지원서비스업,하수도업,2019년 4월경 폐수처리장에서 재해자가 컨베이어 벨트와 구동 풀리 사이에 손이 끼인 상태로 몸이 당겨져 체인 덮개에 신체가 눌려 사망,컨베이어,비정형 작업(점검),『설비를 정지시키지 않거나 전원을 차단하지 않은 상태』에서 정비·보수·청소 등의 작업을 하다가 끼이거나 말림,"▶ 설비 가동중 이물질 제거 등이 발생할 수 있는 생산작업을 분석하고 근원적 접근방지대책 수립
▶ 끼임재해 우려가 있어 가동정지 후 작업이 필요한 설비 목록화→LOTO(Lock Out,  Tag Out) 대상 확정·시행 
▶ 작업 절차에 대해 근로자 교육실시"
2019-51-11-018,제조업,기계기구·금속·비금속광물제품제조업,각종시멘트제품제조업,2019년 11월 OO 사업장에서 재해자가 쇠 막대기를 이용하여 사이클론 내부 벽면의 고착물 제거하는 작업을 하던 중 중심을 잃고 6.4m 아래 콘크리트 바닥으로 추락 사망,분류 불가,"설비 위, 지붕 등 높은 장소에서의 작업",『작업을 위해 밟고 있던 구조물이 파손되거나 균형을 잃기 쉬운 불안한 자세』로 작업하여 넘어지거나 떨어짐,"▶ 안전난간이 설치된 작업발판을 설치·사용
▶ 고소작업대 사용 또는 3.5m미만은 A자형 사다리 사용(2인1조) 관리
▶ 안전대 및 안전모 지급·착용 등 관리감독자 확인"
2019-51-11-019,운수창고통신업,철도·항공·창고·운수관련서비스업,육상화물취급업,"2019년 12월경 사업장내에서 재해자 2명이 절곡기 설치 작업을 하던 중, 이동식크레인의 사용하여 절곡기 측판을 옮겨 줄걸이를 제거하는 순간 측판이 넘어져 재해자 2명을 덮쳐 사망",적재물(절곡기 측판),상하차 작업 또는 적재된 화물,『매달아 올리거나 적재 상태가 불량한 물체』가 떨어지거나 무너지면서 맞거나 깔림,"▶ 주변의 중량물로 인한 깔림 방지를 위해 중량물 제거 후 작업
▶ 중량물 지지대 설치 후 수리·교체작업 실시"
2019-51-11-020,제조업,화학및고무제품제조업,플라스틱가공제품제조업,2019년 12월경 OO사업장 분리막 제조공정에서 재해자가 원재료 저장 탱크 내부에서 청소 작업 중 내부에 체류중인 가스에 중독되어 사망,유해가스,"피트, 맨홀, 오·폐수 처리시설 등 밀폐된 장소에서 작업",『산소·가소농도 미측정 및 송풍기를 이용한 강제환기 미실시』로 불활성 가스 또는 유해가스에 의한 산소결핍·질식·중독,"▶ 가스농도측정기로 적정공기 상태 선 확인
▶ 환기팬 등으로 환기 실시 후 작업을 실시
▶ 밀폐공간 출입금지 위험 표시"
2019-51-12-001,제조업,전기기계기구·정밀기구·전자제품제조업,기타전기기계기구제조업,2019년 7월 화학제품공장에서 재해자가 황산으로 망간을 용해하는 작업 중 반응폭주로 폭발하여 비산하는 황산에 화상,화학물질,위험물질 취급 또는 그 장소에서 수행하는 작업,"『반응을 제어할 연동장치가 없고, 작업절차 없이 작업자의 경험에만 의존한 공정 운영』으로 화재·폭발·누출 위험","▶ 작업절차 수립하고 작업자 교육 실시
▶ 안전밸브, 파열판 설치 및 계측장치 유지 관리 
▶ 반응 억제제 투입 설비 설치 및 비상대피훈련 실시"
2019-51-21-015,기타의사업,시설관리및사업지원서비스업,건물등의종합관리사업,2019년 12월경 공장 지붕에서 재해자가 회사 간판 교체작업을 하던 중 선라이트가 파손되며 7.3m 아래로 떨어져 사망,지붕·대들보(선라이트/채광창),"설비 위, 지붕 등 높은 장소에서의 작업",『작업을 위해 밟고 있던 구조물이 파손되거나 균형을 잃기 쉬운 불안한 자세』로 작업하여 넘어지거나 떨어짐,"▶ 안전난간이 설치된 작업발판을 설치·사용
▶ 고소작업대 사용 또는 3.5m미만은 A자형 사다리 사용(2인1조) 관리
▶ 안전대 및 안전모 지급·착용 등 관리감독자 확인"
2019-51-31-001,제조업,섬유및섬유제품제조업,방적제사및화학섬유제품제조업,2019년 1월 섬유공장에서 재해자가 면소재 혼합기(유니믹서) 하부에 쌓인 낙면을 청소하던 중 혼합기 컨베이어에 옷자락이 말리면서 끼임,컨베이어,비정형 작업(이물질 제거·청소),『설비를 정지시키지 않거나 전원을 차단하지 않은 상태』에서 정비·보수·청소 등의 작업을 하다가 끼이거나 말림,"▶ 설비 가동중 이물질 제거 등이 발생할 수 있는 생산작업을 분석하고 근원적 접근방지대책 수립
▶ 끼임재해 우려가 있어 가동정지 후 작업이 필요한 설비 목록화→LOTO(Lock Out,  Tag Out) 대상 확정·시행 
▶ 작업 절차에 대해 근로자 교육실시"
2019-61-11-001,제조업,선박건조및수리업,강선건조또는수리업,2019년 1월경 OO사업장 선박 제조공정에서 재해자가 작업 중 가용접된 부품이 떨어지면서 맞아 사망,가공물,용접·절단·사상 또는 도장 작업,『매달아 올리거나 적재 상태가 불량한 물체』가 떨어지거나 무너지면서 맞거나 깔림,"▶ 주변의 중량물로 인한 깔림 방지를 위해 중량물 제거 후 작업
▶ 중량물 지지대 설치 후 수리·교체작업 실시"
2019-61-11-002,제조업,기계기구·금속·비금속광물제품제조업,각종시멘트제품제조업,2018년 12월 OO사업소내 재해자가 원료 이송용 컨베이어의 비상정지장치에 전원 케이블 작업을 준비하던 중 컨베이어 끝단에서 스크린 위(높이 : 약 1.1m)로 떨어져 사망,컨베이어,"설비 위, 지붕 등 높은 장소에서의 작업",『작업을 위해 밟고 있던 구조물이 파손되거나 균형을 잃기 쉬운 불안한 자세』로 작업하여 넘어지거나 떨어짐,"▶ 안전난간이 설치된 작업발판을 설치·사용
▶ 고소작업대 사용 또는 3.5m미만은 A자형 사다리 사용(2인1조) 관리
▶ 안전대 및 안전모 지급·착용 등 관리감독자 확인"
2019-61-11-004,제조업,기계기구·금속·비금속광물제품제조업,자동차부분품제조업,2019년 4월 OO공장 내 재해자가 전동 지게차를 운행하던 중 작업장(높이 : 0.68m) 상하역 작업장 단부로 떨어져 지게차에 머리가 깔려 사망,분류 불가,지게차를 사용하는 작업,"작업차량이 『운행경로 상의 지형(급경사, 커브, 바닥의 요철, 지반 등) 또는 구조물』로 인해 떨어지거나 넘어지면서 그 아래 깔림","▶ 주·정차 시 불시 이동방지를 위한 브레이크, 고임목 체결 철저
▶ 작업장 내 바닥 평탄화 및 제한속도 준수
▶ 지게차 운전자격이 있는 지정자에 한해 운전 및 시동키 관리"
2019-61-11-005,제조업,목재및종이제품제조업,목재및나무제품제조업,2019년 5월 목재가공공장에서 재해자가 제품(목재 피크닉탁자)을 화물자동차에 싣기 위한 지게차 작업 중 앞이 보이지 않아 적재 높이를 맞추기 위해 지게차에서 내려 화물자동차와 지게차 사이 인양물을 확인하는 순간 차량 적재함과 지게차 사이에 끼임,지게차,지게차를 사용하는 작업,『화물의 무게가 한쪽으로 치우쳐진 상태 등』 적재상태가 불량한 화물이 무너지면서 맞거나 깔림,"▶ 전도·낙하 방지를 위해 중량물 제거 후 작업
▶ 중량물 고정 실시 후 수리작업 실시"
2019-61-11-006,제조업,기계기구·금속·비금속광물제품제조업,각종시멘트제품제조업, 2019년 6월 OO회사 내 재해자가 콘크리트 혼합기 하부에 설치된 벨트컨베이어의 벨트를 보완하는 작업을 하던 중 테일풀리와 하부 고무벨트 사이에 오른쪽 팔이 끼여 사망,컨베이어,비정형 작업(정비·보수),『설비를 정지시키지 않거나 전원을 차단하지 않은 상태』에서 정비·보수·청소 등의 작업을 하다가 끼이거나 말림,"▶ 설비 가동중 이물질 제거 등이 발생할 수 있는 생산작업을 분석하고 근원적 접근방지대책 수립
▶ 끼임재해 우려가 있어 가동정지 후 작업이 필요한 설비 목록화→LOTO(Lock Out,  Tag Out) 대상 확정·시행 
▶ 작업 절차에 대해 근로자 교육실시"
2019-61-11-007,제조업,기계기구·금속·비금속광물제품제조업,철근콘크리트제품제조업,2019년 8월 OO소속 근로자가 생산작업장에서 밑판을 들고 후진하는 지게차(7톤)의 우측 뒷바퀴에 깔려 사망,지게차,혼재작업(작업자-작업차량),『근로자와 작업차량 간 이동동선(통행로)를 구분하지 않은 상태』에서 근로자가 작업차량에 부딪히거나 깔림 또는 주변 구조물과 차량사이에 끼임,"▶ 주문량 증가로 제품 적재공간 확대에 따라 지게차 작업구역이 확대, 지게차 운행 구역과 근로자 작업장소를 별도로 구획 실시
▶ 지게차 이용 중량물 취급에 대한 작업계획서 작성(작업방법, 운행경로, 근로자와 지게차 혼재 작업 여부 등)
▶ 혼재 작업 시 작업지휘자 또는 유도자 배치"
2019-61-11-008,제조업,기계기구·금속·비금속광물제품제조업,금속가공기계제조업,2019년 9월 OO사업장 근로자가 CNC선반을 사용하여 환봉을 가공하던 중 CNC선반 외부로 돌출된 환봉부가 편심에 의해 휘어지면서 재해자를 타격하여 사망 ,금속가공기계(CNC 선반),가공 설비를 이용한 작업,『고속회전하면서 갑자기 휘어진 가공물』 에 머리를 맞음,"▶ 회전체에 방호덮개 설치 또는 근로자 접근금지용 울타리 설치
▶ 방호장치 기능유지 및 해당 설비 운전 정지 조치
▶ 말릴 위험이 없는 작업모 및 작업복 착용"
2019-61-11-009,제조업,화학및고무제품제조업,플라스틱가공제품제조업,2019년 11월경 OO사업장 플라스틱 포장재 제조공정에서 재해자가 불량품을 분쇄기에 투입하는 중 설비에 끼여 사망,분쇄·파쇄기,원료 투입 작업,"『별도의 수공구 없이 설비의 구동부에 근접하여 작업』하다가 구동부에 끼이거나 말림, 절단","▶ 광전자, 양수조작식 등 방호장치 설치 및 기능유지 철저
▶ 재료투입용 보조기구 및 사용상태 철저 관리"
2017-22-31-001,제조업,기계기구·금속·비금속광물제품제조업,특수산업용기계제조업,2017년 7월경 동료작업자가 진공챔버 내 근로자 유무를 확인하지 않고 챔버의 덮개를 덮고 진공챔버를 가동하여 진공챔버 내에서 생산품 조립 작업중이던 재해자가 질직해 사망,생산설비(진공챔버),자동화 설비 작업,『정비작업 중 작업자 외 근로자가 설비를 가동』하여 갑자기 작동된 설비에 말리거나 끼임,"▶ 생산 설비의 불시 가동을 방지하기 위한 LOTO(Lock Out_잠금장치, Tag Out_점검 중 꼬리표)제도 시행
▶ 관리감독자 확인 의무 부여"
2019-61-11-011,기타의사업,도소매·음식·숙박업,도소매및소비자용품수리업,2019년 12월경 재해자가 덕트를 공기정화장치에 연결하던 중 사다리 상부와 덕트 상부를 밟고 플랜지 체결 작업을 하던 중 배기덕트가 파손되어 덕트와 함께 2.7m 높이 바닥으로 떨어져 사망,분류 불가,"설비 위, 지붕 등 높은 장소에서의 작업",『작업을 위해 밟고 있던 구조물이 파손되거나 균형을 잃기 쉬운 불안한 자세』로 작업하여 넘어지거나 떨어짐,"▶ 안전난간이 설치된 작업발판을 설치·사용
▶ 고소작업대 사용 또는 3.5m미만은 A자형 사다리 사용(2인1조) 관리
▶ 안전대 및 안전모 지급·착용 등 관리감독자 확인"
2019-61-51-001,기타의사업,시설관리및사업지원서비스업,건물등의종합관리사업,2018년 10월경 재해자가 물탱크 세척 작업을 하던 중 물호스를 내부 사다리에 고정시키다 중심을 잃고 3.5m 아래로 떨어져 사망,사다리(고정식),사다리를 이용한 작업 또는 통행,『사다리 위에 올라가 작업』하던 중 균형을 잃고 머리부터 바닥으로 떨어짐,"▶ 3.5m 미만 작업 시 A자형 사다리만 사용(2인1조)
▶ 아웃트리거 설치 및 안전대, 안전모 등 개인보호구 착용"
2019-61-51-002,임업,임업,영림업,2018년 10월경 OO학교 전정공사 현장에서 동료작업자가 은행나무 5미터 높이에서 기계톱을 이용해 가지치기 작업을 하던 중 잘린 나무토막(11.2kg)이 떨어져 재해자의 머리를 강타해 사망,나무(벌도목),벌목·조재 작업,"『인근에서 작업하던 동료 작업자의 벌도목이나, 주변 나무에 걸려있던 벌도목』 이 작업자 방향으로 떨어져 머리를 맞음","▶ 벌목 작업 시에는 사전에 대피장소를 정하여 작업 실시
▶ 충분한 안전거리를 확보하여, 다른 작업자와 동시에 작업 금지"
2019-62-11-001,제조업,기계기구·금속·비금속광물제품제조업,석재및석공품제조업,2019년 3월 OO작업장에서 재해자가 절단톱으로 석재 가공작업을 하던 중 후방에 있던 지게차가 미끄러지면서 지게차 백레스트와 작업중이던 석재 사이에 끼어 사망,지게차,혼재작업(작업자-작업차량),"작업차량이 『운행경로 상의 지형(급경사, 커브, 바닥의 요철, 지반 등) 또는 구조물』로 인해 떨어지거나 넘어지면서 그 아래 깔림","▶ 주·정차 시 불시 이동방지를 위한 브레이크, 고임목 체결 철저
▶ 작업장 내 바닥 평탄화 및 제한속도 준수
▶ 지게차 운전자격이 있는 지정자에 한해 운전 및 시동키 관리"
2019-62-11-002,제조업,기계기구·금속·비금속광물제품제조업,기타금속제품제조업또는금속가공업,2019년 6월 OO공장 내 위치한 저장탱크 상부에서 재해자가 그라인더를 사용하여 배관을 절단하던 중 탱크 내부에 체류한 수소가 폭발하여 사망,수공구(핸드 그라인더),용접·절단·사상 또는 도장 작업,『불티비산 방지조치가 안된 상태에서 작업』하여 용접·절단 불똥이 주변의 적재물 또는 인화성 물질에 옮겨 붙어 화재 폭발,"▶ 절단기에서 발생하는 불티의 비산 거리 등 비산 반경 분석
▶ 작업구역 내 불티가 비산되지 않도록 절단기 등에 비산방지덮개 및 가연물에 용접방화포 설치"
2019-21-11-002,제조업,기계기구·금속·비금속광물제품제조업,자동차부분품제조업,2019년 2월 OO공장 세척공정에서 재해자가 칩을 운반하는 스크랩 컨베이어에 머리 등이 끼어 사망,컨베이어,비정형 작업(이물질 제거·청소),"『별도의 수공구 없이 설비의 구동부에 근접하여 작업』하다가 구동부에 끼이거나 말림, 절단","▶ 광전자, 양수조작식 등 방호장치 설치 및 기능유지 철저
▶ 재료투입용 보조기구 및 사용상태 철저 관리"
2019-62-51-001,운수창고통신업,철도·항공·창고·운수관련서비스업,육상화물취급업,"2018년 11월경 창고 내 작업장에서 재해자 3명이 쌀(현미)포대(40kg/개) 출하 작업을 위해 이동식 컨베이어를 이용하여 화물차에 상차작업을 하던 중, 5단으로 적재되어 있던 톤백(1,000kg/개)이 재해자 3명을 덮쳐 부상 ",적재물(톤백),상하차 작업 또는 적재된 화물,『화물의 무게가 한쪽으로 치우쳐진 상태 등』 적재상태가 불량한 화물이 무너지면서 맞거나 깔림,"▶ 전도·낙하 방지를 위해 중량물 제거 후 작업
▶ 중량물 고정 실시 후 수리작업 실시"
2019-62-51-002,기타의사업,도소매·음식·숙박업,도소매및소비자용품수리업,2019년 9월경 재해자가 화물자동차 상부에 위치한 물탱크에 물을 투입하던 중 미끄러져 1.8m 아래로 추락하여 사망,화물운반트럭(활어운반차),상하차 작업 또는 적재된 화물,『적재된 제품·재료 또는 화물 적재함 위에 올라 작업』하던 중 균형을 잃고 떨어짐,"▶ 차량 상부작업 시 작업장소 상부에 안전대 걸이설비 설치·사용
▶ 적재함에 오르내리기 위한 설비 설치·사용
▶ 작업 시 안전대, 안전모 등 보호구 착용"
2019-63-11-001,기타의사업,전문·보건·교육·여가관련서비스업,교육서비스업,2019년 2월경 일반작업용 리프트 운반구에서 재해자가 점검을 위해 운반구에 탑승하여 작업 중 달기 체인이 끊어져 8.1m 아래로 떨어져 사망,줄걸이기구(체인),리프트 관련 작업,"설비를 정기적으로 유지·관리 및 점검하지 않아 『설비의 주요 구조부분(용접부, 볼트 등)에 균열·변형·부식·마모·탈락 등이 발생』하여 재해발생 위험",▶ 설비·구조물 상태 정기적 점검 및 예방 관리
2019-63-11-002,제조업,식료품제조업,도정및제분업,2019년 6월 골재제조공장에서 재해자가 동료작업자와 함께 파쇄기에 끼인 이물질을 제거하는 작업을 실시하고 제어반 내부 모터회전부 전로작업 중 충전부에 접촉하여 감전,전기충전부,전기설비 취급 작업,『전원을 차단하지 않은 상태』에서 노출된 충전부에 접촉하여 감전,"▶ 정전작업 후 전기점검 및 조작 실시
▶ 활선작업용기구·장치  사용 및 절연용 보호구 착용"
2019-63-11-003,농업,농업,축산업,2019년 9월경 OO축산농장에서 재해자가 숙소에서 아침식사를 준비하던 중 누출된 LPG가 폭발하여 화상을 입고 치료 중 사망,인화성물질(LPG),위험물질 취급 또는 그 장소에서 수행하는 작업,『취급하는 물질이 배관·호스·용기 등에서 누출』되어 화학물질 접촉·질식 또는 화재·폭발,"▶ 위험물질에 대한 MSDS 비치 및 근로자 교육
▶ 공급원재료의 종류, 공급되는 설비명 표시
▶ 가스검지 및 경보장치·긴급차단장치 및 방유제 설치"
2019-63-51-001,기타의사업,기타의각종사업,개인및가사서비스업,2019년 8월경 재해자가 천정 누수 보수작업을 위해 이동식 사다리로 올라가 배관 점검을 실시하던 중 떨어져 사망,사다리(이동식/A형),사다리를 이용한 작업 또는 통행,『사다리 위에 올라가 작업』하던 중 균형을 잃고 머리부터 바닥으로 떨어짐,"▶ 3.5m 미만 작업 시 A자형 사다리만 사용(2인1조)
▶ 아웃트리거 설치 및 안전대, 안전모 등 개인보호구 착용"
2019-64-11-001,제조업,선박건조및수리업,강선건조또는수리업,2019년 2월경 OO사업장 선박 제조공정에서 재해자가 도장작업 중 갑자기 동작하는 주변 구조물에 맞아 사망,분류 불가,용접·절단·사상 또는 도장 작업,『매달아 올리거나 적재 상태가 불량한 물체』가 떨어지거나 무너지면서 맞거나 깔림,"▶ 주변의 중량물로 인한 깔림 방지를 위해 중량물 제거 후 작업
▶ 중량물 지지대 설치 후 수리·교체작업 실시"
2019-64-11-003,제조업,선박건조및수리업,강선건조또는수리업,2019년 3월경 OO사업장 배관 제조공정에서 재해자가 작업 중 크레인으로 운반중인 제품이 떨어지면서 맞아 사망,크레인(천장주행크레인),"크레인(천장주행, 갠트리, 지브 등) 사용 작업",『운반하는 화물의 형태에 적합하지 않은 줄걸이 방법을 사용』하여 화물의 균형이 맞지 않은 상태에서 무리하게 인양하다가 화물이 떨어지면서 부딪히거나 그 아래 깔림,"▶ 섬유슬링 벨트 폐기(관리) 기준을 마련하여 중량물 취급 작업계획서에 포함
▶ 폐기조건 발생 시 근로자가 자발적으로 점검하여 즉시 폐기 요청 할 수 있는 사내 안전문화 정착"
2019-64-11-006,광업,석회석·금속·비금속광업및기타광업,쇄석채취업,2019년 5월경 OO사업장에서 재해자가 동료작업자와 함께 설비(골재선별스크린)의 구동부 베어링을 교체하던 중 발생한 충격음에 놀라 발을 헛딛어 작업발반 위에서 작업장 바닥을 떨어져 사망,분류 불가,비정형 작업(정비·보수),『설비 구조물을 밟고 올라서거나 난간이 없는 작업대 위』에서 불안전한 자세로 작업하다 떨어짐,"▶ 추락위험구간에 안전난간 추가 설치
▶ 출하장소를 추락위험이 없는 장소로 위치 변경"
2019-64-11-007,제조업,선박건조및수리업,강선건조또는수리업,2019년 6월경 OO사업장 용접 공정에서 재해자가 용접부위 수정을 위해 그라인더 작업 중 연삭숫돌의 파편에 맞아 사망,수공구(핸드 그라인더),그라인더 등 수공구를 사용하는 작업,보호구를 착용하지 않은 상태에서 『튕겨나온 가공날 또는 가공물』에 눈을 찔리거나 머리를 맞음,"▶ 선반가공 시 척, 방진구 및 심압대 체결상태 확인 및 갇독 철저
▶ 칩 브레이커 등 설치·사용
▶ 보안경/보안면 등 안면보호구 착용"
2019-64-11-008,제조업,선박건조및수리업,강선건조또는수리업,2019년 8월경 OO사업장 용접작업장에서 재해자가 용접 작업 중 LPG가 누출되어 폭발이 발생하여 사망,인화성물질(LPG),위험물질 취급 또는 그 장소에서 수행하는 작업,"『작업장소에서 취급하는 위험물질 및 관리되지 않는 점화원(아크, 정전기 등)』으로 인해 화재·폭발","▶ 위험장소 주변 용접 및 사상작업 금지 등 점화원 관리
▶ 용접불티 비산방지덮개 또는 용접방화포 조치"
2019-64-11-009,제조업,선박건조및수리업,강선건조또는수리업,2019년 12월경 OO사업장에서 재해자가 자전거를 타고 이동 중 운행 중인 카고크레인(이동식 크레인)과 부딪혀 사망,크레인(이동식크레인/카고크레인),작업장소 통행/이동,『근로자와 작업차량 간 이동동선(통행로)를 구분하지 않은 상태』에서 근로자가 작업차량에 부딪히거나 깔림 또는 주변 구조물과 차량사이에 끼임,"▶ 주문량 증가로 제품 적재공간 확대에 따라 지게차 작업구역이 확대, 지게차 운행 구역과 근로자 작업장소를 별도로 구획 실시
▶ 지게차 이용 중량물 취급에 대한 작업계획서 작성(작업방법, 운행경로, 근로자와 지게차 혼재 작업 여부 등)
▶ 혼재 작업 시 작업지휘자 또는 유도자 배치"
2019-64-21-012,기타의사업,기타의각종사업,건설업본사,2019년 11월경 재해자가 엘리베이터 상부 고장 수리 작업을 하던 중 엘리베이터가 상승하여 승강장 문턱 아래에 끼여 사망,엘리베이터,비정형 작업(정비·보수),『설비를 정지시키지 않거나 전원을 차단하지 않은 상태』에서 정비·보수·청소 등의 작업을 하다가 끼이거나 말림,"▶ 설비 가동중 이물질 제거 등이 발생할 수 있는 생산작업을 분석하고 근원적 접근방지대책 수립
▶ 끼임재해 우려가 있어 가동정지 후 작업이 필요한 설비 목록화→LOTO(Lock Out,  Tag Out) 대상 확정·시행 
▶ 작업 절차에 대해 근로자 교육실시"
2019-64-31-001,제조업,식료품제조업,육제품또는유제품제조업,2019년 4월 폐수처리장에서 재해자가 약품탱크 방유벽 방수·도장작업을 수행하던 중 황화수소에 노출되어 질식,유해가스(황화수소),"피트, 맨홀, 오·폐수 처리시설 등 밀폐된 장소에서 작업",『산소·가소농도 미측정 및 송풍기를 이용한 강제환기 미실시』로 불활성 가스 또는 유해가스에 의한 산소결핍·질식·중독,"▶ 가스농도측정기로 적정공기 상태 선 확인
▶ 환기팬 등으로 환기 실시 후 작업을 실시
▶ 밀폐공간 출입금지 위험 표시"
2016-21-51-011,기타의사업,시설관리및사업지원서비스업,건물등의종합관리사업,2015년 3월경 OO공연장에서 재해자 3명이 바닥 왁스작업을 하던 중 천장에 부착된 구조물의 볼트가 부러져 재해자 3명을 덮쳐 동시에 부상,분류 불가,작업장소 통행/이동,『매달아 올리거나 적재 상태가 불량한 물체』가 떨어지거나 무너지면서 맞거나 깔림,"▶ 주변의 중량물로 인한 깔림 방지를 위해 중량물 제거 후 작업
▶ 중량물 지지대 설치 후 수리·교체작업 실시"
2019-71-11-002,제조업,식료품제조업,육제품또는유제품제조업,2019년 3월 식품공장에서 재해자가 출근을 위해 걸어서 공장에 진입하던 중 공장을 빠져나오는 냉동탑차에 치인 후 바퀴에 깔림,화물운반트럭(카고트럭),작업장소 통행/이동,『근로자와 작업차량 간 이동동선(통행로)를 구분하지 않은 상태』에서 근로자가 작업차량에 부딪히거나 깔림 또는 주변 구조물과 차량사이에 끼임,"▶ 주문량 증가로 제품 적재공간 확대에 따라 지게차 작업구역이 확대, 지게차 운행 구역과 근로자 작업장소를 별도로 구획 실시
▶ 지게차 이용 중량물 취급에 대한 작업계획서 작성(작업방법, 운행경로, 근로자와 지게차 혼재 작업 여부 등)
▶ 혼재 작업 시 작업지휘자 또는 유도자 배치"
2019-71-11-003,광업,석회석·금속·비금속광업및기타광업,쇄석채취업,2019년 4월경 OO사업장에서 재해자가 덤프트럭 아래로 들어가 수리작업 중 덤프트럭이 밀리면서 재해자가 덤프트럭 하부와 통로 바닥사이에 끼어 사망,화물운반트럭(덤프트럭),비정형 작업(정비·보수),『운전석 이탈 시 작업차량이 움직이는 것을 방지하기 위한 조치를 실시하지 않아』 운전자 없이 움직이는 작업차량에 부딪히거나 깔림,"▶ 운전석에서 이탈 시 확실히 정지 조치 실시
▶ 이탈 시에는 시동키를 분리하여 별도 보관하여 무자격자 등이 운전하지 못하도록 조치"
2019-71-11-004,제조업,기계기구·금속·비금속광물제품제조업,기타금속제품제조업또는금속가공업,2019년 6월 OO공장 내 재해자가 소둔로 입구에 설치된 이송테이블에서 이동하던 중 이송테이블 하부 바닥으로 추락(H=1.41m)하여 사망,분류 불가,작업장소 통행/이동,『설비를 밟고 올라 이동하거나 설비 사이를 뛰어넘어 이동』하다가 구조물에 다리가 걸려 넘어지거나 균형을 잃고 떨어짐,"▶ 추락위험구간에 안전난간 추가 설치
▶ 출하장소를 추락위험이 없는 장소로 위치 변경"
2019-71-11-006,임업,임업,벌목업,2019년 7월경 OO산 벌목현장에서 재해자가 벌목한 벌도목에 인접해 얽혀있던 고사목이 부러지면서 떨어져 고사목에 맞아 계곡 방향으로 떨어지면서 바위에 머리를 부딪혀 사망,나무(벌도목),벌목·조재 작업,"『주변 위험요소(낭떠러지, 회전체 등)를 파악하지 않고 작업』해 돌발상황에 적절하게 대처하지 못해 사고로 이어질 위험","▶ 같은 장소에서 이루어지는 도급인과 수급인의 작업 혼재 시 재해 발생 예방을 위한 의사 전달 체계 수립
▶ 안전작업허가제도로 작업 전·중·후 안전확보 상태 지속 확인"
2019-71-11-008,제조업,식료품제조업,도정및제분업,2019년 8월 식품공장에서 재해자가 지게차를 이용하여 톤백에 담긴 원료를 운반하던 중 지게차 한쪽 바퀴가 도로의 장애물을 밟아 왼쪽으로 넘어지며 지게차 프레임과 바닥 사이에 깔림,지게차,지게차를 사용하는 작업,"작업차량이 『운행경로 상의 지형(급경사, 커브, 바닥의 요철, 지반 등) 또는 구조물』로 인해 떨어지거나 넘어지면서 그 아래 깔림","▶ 주·정차 시 불시 이동방지를 위한 브레이크, 고임목 체결 철저
▶ 작업장 내 바닥 평탄화 및 제한속도 준수
▶ 지게차 운전자격이 있는 지정자에 한해 운전 및 시동키 관리"
2019-71-11-009,광업,석회석·금속·비금속광업및기타광업,쇄석채취업,2019년 9월경 OO사업장 골재 채취 현장에서 재해자가 건설기계(굴삭기)를 이용해 암반 사면을 정리하던 중 암반 사면이 붕괴되면서 건설기계(굴삭기)가 약 47미터 아래 지면으로 미끄러져 떨어져 사망,굴착기(백호우),건설기계를 사용하는 작업,『차량의 지지면 등 지반』이 무너지면서 차량이 넘어가거나 떨어짐,▶ 차량 작업구역과 이동 경로를 점검하여 안전하게 작업할 수 있는 구역 확보
2019-71-11-010,제조업,화학및고무제품제조업,화학비료제조업,2019년 10월경 OO사업장에서 재해자가 화물용 리프트에 제품을 싣는 작업 중 리프트와 작업장 사이의 개구부로 떨어져 사망,분류 불가,리프트 관련 작업,『리프트의 출입문(도어)을 해체한 상태』에서 점검 및 수리작업 중 출입금지조치가 되어있지 않은 개구부(승강로)로 떨어짐,"▶ 각층 출입문에 인터록장치 등 연동장치 설치
▶ 승강로 주변은 방호울 등으로 밀폐 조치"
2019-71-11-011,기타의사업,기타의각종사업,개인및가사서비스업,2019년 10월경 공원에서 재해자가 전지작업을 위해 이동식 사다리에서 작업을 하던 중 떨어져 사망,사다리(이동식/조경용),사다리를 이용한 작업 또는 통행,『사다리 위에 올라가 작업』하던 중 균형을 잃고 머리부터 바닥으로 떨어짐,"▶ 3.5m 미만 작업 시 A자형 사다리만 사용(2인1조)
▶ 아웃트리거 설치 및 안전대, 안전모 등 개인보호구 착용"
2019-71-11-012,제조업,기계기구·금속·비금속광물제품제조업,자동차부분품제조업,"2019년 12월 OO공장 주조기 하부로 내려가서 타각봉을 찾던 중에, 동료 작업자의 불시 조작에 의해 상승한 리프트 운반구와 리프트 프레임 사이에 신체 상부가 끼어 사망",리프트(일반작업용),비정형 작업(이물질 제거·청소),『설비를 정지시키지 않거나 전원을 차단하지 않은 상태』에서 정비·보수·청소 등의 작업을 하다가 끼이거나 말림,"▶ 설비 가동중 이물질 제거 등이 발생할 수 있는 생산작업을 분석하고 근원적 접근방지대책 수립
▶ 끼임재해 우려가 있어 가동정지 후 작업이 필요한 설비 목록화→LOTO(Lock Out,  Tag Out) 대상 확정·시행 
▶ 작업 절차에 대해 근로자 교육실시"
2019-71-21-004,기타의사업,시설관리및사업지원서비스업,위생및유사서비스업,2019년 5월경 재해자가 전지작업을 위해 이동식 사다리를 타고 올라가 가기 절단 작업을 하던 중 떨어져 사망,사다리(이동식/조경용),사다리를 이용한 작업 또는 통행,『사다리 위에 올라가 작업』하던 중 균형을 잃고 머리부터 바닥으로 떨어짐,"▶ 3.5m 미만 작업 시 A자형 사다리만 사용(2인1조)
▶ 아웃트리거 설치 및 안전대, 안전모 등 개인보호구 착용"
2019-71-21-009,농업,농업,축산업,2019년 10월경 OO현장에서 재해자가 지붕 강판 덧씌움 작업을 위해 지붕위에 올라 강판을 펼치는 작업을 하던 중 파손된 선라이트를 밟아 4.3미터 아래 바닥으로 추락,지붕·대들보(선라이트/채광창),"설비 위, 지붕 등 높은 장소에서의 작업",『작업을 위해 밟고 있던 구조물이 파손되거나 균형을 잃기 쉬운 불안한 자세』로 작업하여 넘어지거나 떨어짐,"▶ 안전난간이 설치된 작업발판을 설치·사용
▶ 고소작업대 사용 또는 3.5m미만은 A자형 사다리 사용(2인1조) 관리
▶ 안전대 및 안전모 지급·착용 등 관리감독자 확인"
2019-71-21-010,기타의사업,전문·보건·교육·여가관련서비스업,기타과학기술서비스업,2019년 11월 지붕에서 재해자가 태양광 발전설지 검사를 위해 이동 중 선라이트가 깨지며 5.7m 아래로 떨어져 사망,지붕·대들보(선라이트/채광창),"설비 위, 지붕 등 높은 장소에서의 작업",『작업을 위해 밟고 있던 구조물이 파손되거나 균형을 잃기 쉬운 불안한 자세』로 작업하여 넘어지거나 떨어짐,"▶ 안전난간이 설치된 작업발판을 설치·사용
▶ 고소작업대 사용 또는 3.5m미만은 A자형 사다리 사용(2인1조) 관리
▶ 안전대 및 안전모 지급·착용 등 관리감독자 확인"
2019-71-42-001,제조업,목재및종이제품제조업,지류제조업,2019년 1월 지류가공공장에서 초지기 정기점검을 위해 전원을 차단하자 열풍기 내부에 정체된 천연가스가 폭발하여 배기덕트 인근 재해자 화상,인화성물질,위험물질 취급 또는 그 장소에서 수행하는 작업,"『작업장소에서 취급하는 위험물질 및 관리되지 않는 점화원(아크, 정전기 등)』으로 인해 화재·폭발","▶ 위험장소 주변 용접 및 사상작업 금지 등 점화원 관리
▶ 용접불티 비산방지덮개 또는 용접방화포 조치"
2017-93-11-001,제조업,섬유및섬유제품제조업,화학섬유제조업,2017년 2월 화학섬유공장 내 원재료창고에서 재해자가 첨가재박스 적재작업 중 근처에 적재되었던 톤백이 넘어지면서 깔림,적재물(톤백),상하차 작업 또는 적재된 화물,『매달아 올리거나 적재 상태가 불량한 물체』가 떨어지거나 무너지면서 맞거나 깔림,"▶ 주변의 중량물로 인한 깔림 방지를 위해 중량물 제거 후 작업
▶ 중량물 지지대 설치 후 수리·교체작업 실시"
2019-72-11-001,광업,석회석·금속·비금속광업및기타광업,쇄석채취업,2019년 2월경 OO사업장 채석장에서 재해자가 건설기계(굴삭기)를 사용해 토사 정리작업을 하던 중 상부 경사면의 토사가 무너지면서 굴삭기를 덮쳐 토사와 함께 굴삭기가 26미터 아래 지면으로 떨어져 사망,굴착기(백호우),건설기계를 사용하는 작업,『차량의 지지면 등 지반』이 무너지면서 차량이 넘어가거나 떨어짐,▶ 차량 작업구역과 이동 경로를 점검하여 안전하게 작업할 수 있는 구역 확보
2019-72-11-002,제조업,기계기구·금속·비금속광물제품제조업,일반산업용기계장치제조업,2019년 4월 OO공장에서 재해자가 H빔 가공 중에 CNC 드릴링머신의 스핀들과 툴홀더 사이에 끼여 사망.,금속가공기계(CNC 드릴),가공 설비를 이용한 작업,『말릴 위험이 있는 옷이나 장갑을 착용하고 회전축에 근접하여 작업』해 손이나 팔이 말려 절단,"▶ 목장갑 등 사용 시 손이 말려 들어갈 위험이 있음을 근로자에게 교육하고, 밀착형 가죽장갑 등을 지급하여 착용하도록 조치"
2019-72-11-003,제조업,기계기구·금속·비금속광물제품제조업,제강압연업,2019년 4월 OO공장에서 재해자가 검사 작업대 위에 올라가 청소작업 중 지하피트(H:6.8m) 바닥으로 떨어져 사망,분류 불가,"설비 위, 지붕 등 높은 장소에서의 작업",『작업을 위해 밟고 있던 구조물이 파손되거나 균형을 잃기 쉬운 불안한 자세』로 작업하여 넘어지거나 떨어짐,"▶ 안전난간이 설치된 작업발판을 설치·사용
▶ 고소작업대 사용 또는 3.5m미만은 A자형 사다리 사용(2인1조) 관리
▶ 안전대 및 안전모 지급·착용 등 관리감독자 확인"
2019-72-11-004,제조업,화학및고무제품제조업,무기화학제품제조업,2019년 4월경 OO사업장 폐수처리장에서 재해자가 설비 점검 중 아래로 떨어져 사망,분류 불가,비정형 작업(점검),『작업을 위해 밟고 있던 구조물이 파손되거나 균형을 잃기 쉬운 불안한 자세』로 작업하여 넘어지거나 떨어짐,"▶ 안전난간이 설치된 작업발판을 설치·사용
▶ 고소작업대 사용 또는 3.5m미만은 A자형 사다리 사용(2인1조) 관리
▶ 안전대 및 안전모 지급·착용 등 관리감독자 확인"
2019-72-11-005,제조업,기계기구·금속·비금속광물제품제조업,건설용점토제품제조업,2019년 4월 OO공장에서 지게차가 적벽돌을 싣고 야적장으로 향하던 지게차와 재해자가 충돌하여 사망,지게차,작업장소 통행/이동,『근로자와 작업차량 간 이동동선(통행로)를 구분하지 않은 상태』에서 근로자가 작업차량에 부딪히거나 깔림 또는 주변 구조물과 차량사이에 끼임,"▶ 주문량 증가로 제품 적재공간 확대에 따라 지게차 작업구역이 확대, 지게차 운행 구역과 근로자 작업장소를 별도로 구획 실시
▶ 지게차 이용 중량물 취급에 대한 작업계획서 작성(작업방법, 운행경로, 근로자와 지게차 혼재 작업 여부 등)
▶ 혼재 작업 시 작업지휘자 또는 유도자 배치"
2019-72-11-006,제조업,기계기구·금속·비금속광물제품제조업,각종기계또는동부속품제조업,2019년 7월 OO공장 내 재해자가 설비해체를 위해 LPG 용단작업 중 발생한 화재폭발로 화상을 입어 사망.,인화성물질(LPG),용접·절단·사상 또는 도장 작업,『취급하는 물질이 배관·호스·용기 등에서 누출』되어 화학물질 접촉·질식 또는 화재·폭발,"▶ 위험물질에 대한 MSDS 비치 및 근로자 교육
▶ 공급원재료의 종류, 공급되는 설비명 표시
▶ 가스검지 및 경보장치·긴급차단장치 및 방유제 설치"
2019-72-11-007,제조업,수제품및기타제품제조업,기타각종제조업,2019년 8월 건설재공장에서 재해자가 강관파이프가 걸려 오류가 발생한 파이프교정기에 접근하는 순간 교정기가 갑자기 작동하며 회전하는 파이프에 맞음,가공물(파이프),비정형 작업(점검),『고속회전하면서 갑자기 휘어진 가공물』 에 머리를 맞음,"▶ 회전체에 방호덮개 설치 또는 근로자 접근금지용 울타리 설치
▶ 방호장치 기능유지 및 해당 설비 운전 정지 조치
▶ 말릴 위험이 없는 작업모 및 작업복 착용"
2019-72-11-008,제조업,기계기구·금속·비금속광물제품제조업,일반산업용기계장치제조업,2019년 9월 OO 공장에서 재해자가 콤프레셔 상부에서 유니온 커플링 조임 작업 중 배관이 분리되며 재해자 머리를 가격하여 사망_x000D_,기타 설비(공기압축기),비정형 작업(정비·보수),"『설비 내부의 잔여 유·공압을 제거하지 않은 상태』에서 설비를 해체하여 구조물, 부속품 등이 튕겨나와 맞음","▶ 설비 점검 시 내부의 잔여 물질을 배출하여, 작업자에게 영향을 미치지 않도록 확인할 수 있는 근원적 위험방지대책 수립"
2019-72-11-009,제조업,기계기구·금속·비금속광물제품제조업,석재및석공품제조업,2019년 11월 OO 공장에서 재해자가 손상된 지붕 선라이트 보수 공사 중 노후화된 선라이트가 파손되며 7.7m 아래 바닥으로 떨어져 사망.,지붕·대들보(선라이트/채광창),"설비 위, 지붕 등 높은 장소에서의 작업",『작업을 위해 밟고 있던 구조물이 파손되거나 균형을 잃기 쉬운 불안한 자세』로 작업하여 넘어지거나 떨어짐,"▶ 안전난간이 설치된 작업발판을 설치·사용
▶ 고소작업대 사용 또는 3.5m미만은 A자형 사다리 사용(2인1조) 관리
▶ 안전대 및 안전모 지급·착용 등 관리감독자 확인"
2019-72-51-001,기타의사업,시설관리및사업지원서비스업,건물등의종합관리사업,2017년 9월경 재해자가 아파트 도색 작업 중 이동식 사다리와 함께 떨어져 사망,사다리(이동식/조경용),사다리를 이용한 작업 또는 통행,『사다리 위에 올라가 작업』하던 중 균형을 잃고 머리부터 바닥으로 떨어짐,"▶ 3.5m 미만 작업 시 A자형 사다리만 사용(2인1조)
▶ 아웃트리거 설치 및 안전대, 안전모 등 개인보호구 착용"
2019-81-11-001,제조업,선박건조및수리업,강선건조또는수리업,2019년 1월경 OO사업장 내에서 재해자가 이동하던 중 운행중인 지게차와 충돌하여 사망,지게차,작업장소 통행/이동,『근로자와 작업차량 간 이동동선(통행로)를 구분하지 않은 상태』에서 근로자가 작업차량에 부딪히거나 깔림 또는 주변 구조물과 차량사이에 끼임,"▶ 주문량 증가로 제품 적재공간 확대에 따라 지게차 작업구역이 확대, 지게차 운행 구역과 근로자 작업장소를 별도로 구획 실시
▶ 지게차 이용 중량물 취급에 대한 작업계획서 작성(작업방법, 운행경로, 근로자와 지게차 혼재 작업 여부 등)
▶ 혼재 작업 시 작업지휘자 또는 유도자 배치"
2019-81-11-002,제조업,선박건조및수리업,강선건조또는수리업,2019년 1월경 OO사업장 선박 조립 작업현장에서 재해자가 사다리를 이용하여 이동 중 사다리가 넘어지면서 아래로 떨어져 사망,사다리(이동식/일자형),사다리를 이용한 작업 또는 통행,『사다리 위에 올라가 작업』하던 중 균형을 잃고 머리부터 바닥으로 떨어짐,"▶ 3.5m 미만 작업 시 A자형 사다리만 사용(2인1조)
▶ 아웃트리거 설치 및 안전대, 안전모 등 개인보호구 착용"
2019-81-11-003,제조업,선박건조및수리업,강선건조또는수리업,2019년 1월경 OO사업장 선박 조립 작업현장에서 재해자가 작업발판에서 떨어져 사망,분류 불가,"설비 위, 지붕 등 높은 장소에서의 작업",『작업을 위해 밟고 있던 구조물이 파손되거나 균형을 잃기 쉬운 불안한 자세』로 작업하여 넘어지거나 떨어짐,"▶ 안전난간이 설치된 작업발판을 설치·사용
▶ 고소작업대 사용 또는 3.5m미만은 A자형 사다리 사용(2인1조) 관리
▶ 안전대 및 안전모 지급·착용 등 관리감독자 확인"
2019-81-11-004,제조업,기계기구·금속·비금속광물제품제조업,각종금속의용접또는용단을행하는사업, 2019년 3월 OO 사업장 재해자가 환봉을 띠톱기계로 절단하기 위해 크레인으로 환봉의 위치를 조정하던 중 톱날 면과 환봉 사이에 끼여 사망,크레인(천장주행크레인),"크레인(천장주행, 갠트리, 지브 등) 사용 작업",『운반하는 화물을 수직으로 인양하지 않고 끌어당기거나 밀면서 인양』하려다 화물과 주변 구조물에 부딪히거나 끼임,"▶ 전용 지그를 사용하여 운반하거나 2줄 걸이 이상 작업
▶ 크레인으로 하물을 끌어 당기거가 밀어내는 작업 금지"
2019-81-11-007,운수창고통신업,철도·항공·창고·운수관련서비스업,항만내의육상하역업,"2019년 5월경 부두 선석에서 재해자 2명이 파이프 및 수출용 차량 선적작업을 위해 어퍼 홀드에서 이동 중, 바닥의 홀드 출입구(65*65cm) 개구부로 재해자 2명이 6.5m 아래로 추락하여 부상",분류 불가,작업장소 통행/이동,『이동경로에 방치된 개구부』로 떨어짐,"▶ 추락위험구간에 안전난간 추가 설치
▶ 출하장소를 추락위험이 없는 장소로 위치 변경"
2019-81-11-008,제조업,선박건조및수리업,강선건조또는수리업,2019년 4월경 OO사업장 선박 조립 작업현장에서 재해자가 사다리를 이용하여 이동 중 아래로 떨어져 사망,사다리(고정식),사다리를 이용한 작업 또는 통행,『사다리 위에 올라가 작업』하던 중 균형을 잃고 머리부터 바닥으로 떨어짐,"▶ 3.5m 미만 작업 시 A자형 사다리만 사용(2인1조)
▶ 아웃트리거 설치 및 안전대, 안전모 등 개인보호구 착용"
2019-81-11-010,운수창고통신업,육상및수상운수업,수상운수업,"2019년 6월경 운반선 유압 실린더실 내부에서 재해자 2명이 유압호스를 교체하기 위하여 산소절단기를 사용하던 중 폭발성 화재로 1명 사망, 1명 부상",용접기(가스절단기/용접기),용접·절단·사상 또는 도장 작업,『취급하는 물질이 배관·호스·용기 등에서 누출』되어 화학물질 접촉·질식 또는 화재·폭발,"▶ 위험물질에 대한 MSDS 비치 및 근로자 교육
▶ 공급원재료의 종류, 공급되는 설비명 표시
▶ 가스검지 및 경보장치·긴급차단장치 및 방유제 설치"
2019-81-11-011,제조업,기계기구·금속·비금속광물제품제조업,제강압연업,2019년 8월 OO주식회사 재해자가 전기로 내부 수증기 폭발로 분출된 화염에 의해 전신화상을 입어 사망,생산설비(용해로/전기로),용해로를 이용한 작업,"『용해로에 물이 묻은 재료를 투입, 냉각수의 누출』등으로 인해 수증기 폭발이 일어나 화상 위험","▶ 원재료 수분 제거여부 확인 후 용해로 투입 관리
▶ 재료 보관장소 및 피트 지하수, 빗물 유입방지조치 실시
▶ 방열복 등 보호구 지급 및 착용상태 확인"
2019-81-11-013,제조업,수제품및기타제품제조업,기타각종제조업,2019년 8월 아스콘제조공장에서 재해자가 파쇄기 콘 수리 작업 중 이동식크레인으로 인양한 맨틀코어(약 4톤)가 떨어지면서그 아래 깔려 사망,건설기계(기중기),"이동식 크레인(카고 크레인, 집게차)을 사용한 작업",『운반하는 물체의 이동경로에 근로자의 출입을 통제하지 않아』 부딪히거나 주변 구조물과 운반물 사이에 끼임,"▶ 지게차 이용 중량물 취급에 대한 작업계획서 작성(작업방법, 운행경로, 근로자와 지게차 혼재 작업 여부 등)
▶ 혼재 작업 시 작업지휘자 또는 유도자 배치"
2019-81-11-014,제조업,기계기구·금속·비금속광물제품제조업,일반산업용기계장치제조업,2019년 9월 OO공장에서 재해자가 저장탱크 동체에 설치된 경판을 해체하기 위한 가우징 작업 중 떨어지는 경판에 깔려 사망한 사고임,구조물(압력용기 경판),용접·절단·사상 또는 도장 작업,『매달아 올리거나 적재 상태가 불량한 물체』가 떨어지거나 무너지면서 맞거나 깔림,"▶ 주변의 중량물로 인한 깔림 방지를 위해 중량물 제거 후 작업
▶ 중량물 지지대 설치 후 수리·교체작업 실시"
2019-81-11-015,제조업,선박건조및수리업,강선건조또는수리업,2019년 9월경 OO사업장 선박 부품 제조공정에서 재해자가 크레인에 인양화물 연결 작업 중 크레인으로 운반하는 화물에 부딪히면서 떨어져 사망,크레인(천장주행크레인),"크레인(천장주행, 갠트리, 지브 등) 사용 작업",작업자 간 『작업 상황에 대해 의사소통을 하지 않고 작업』을 실시해 운반하는 물체에 부딪히거나 깔림 또는 주변 구조물과 운반하는 물체 사이에 끼임,"▶ 작업자 간 신호체계 통일 및 숙지 조치
▶ 중량물 취급 시 보조운반기구 사용"
2019-81-11-016,제조업,기계기구·금속·비금속광물제품제조업,기타수송용기계기구제조업,"2019년 10월 OO공장 재해자가 후면부의 스탑실린더에 접근하여 상태를 확인 중, 후면부의 확장빔이 동작하여 스프레드의 메인바디와 후면부 확장빔 사이에 흉부가 끼여 사망.",기타 설비(스트레틀 캐리어),비정형 작업(정비·보수),『설비를 정지시키지 않거나 전원을 차단하지 않은 상태』에서 정비·보수·청소 등의 작업을 하다가 끼이거나 말림,"▶ 설비 가동중 이물질 제거 등이 발생할 수 있는 생산작업을 분석하고 근원적 접근방지대책 수립
▶ 끼임재해 우려가 있어 가동정지 후 작업이 필요한 설비 목록화→LOTO(Lock Out,  Tag Out) 대상 확정·시행 
▶ 작업 절차에 대해 근로자 교육실시"
2019-81-11-017,제조업,선박건조및수리업,강선건조또는수리업,2019년 7월경 OO사업장 선박 제조공정에서 재해자가 블록 제조를 위한 비계위에서 작업 중 비계가 무너지면서 아래로 떨어져 다수의 근로자가 부상을 당함,비계(강관비계),"설비 위, 지붕 등 높은 장소에서의 작업",『작업을 위해 밟고 있던 구조물이 파손되거나 균형을 잃기 쉬운 불안한 자세』로 작업하여 넘어지거나 떨어짐,"▶ 안전난간이 설치된 작업발판을 설치·사용
▶ 고소작업대 사용 또는 3.5m미만은 A자형 사다리 사용(2인1조) 관리
▶ 안전대 및 안전모 지급·착용 등 관리감독자 확인"
2019-81-11-018,제조업,기계기구·금속·비금속광물제품제조업,자동차부분품제조업,2019년 8월 재해자가 조선기자재 용접작업중에 상의에 불이 붙어 화상을 입고 사망,용접기(CO2용접기),용접·절단·사상 또는 도장 작업,『불티비산 방지조치가 안된 상태에서 작업』하여 용접·절단 불똥이 주변의 적재물 또는 인화성 물질에 옮겨 붙어 화재 폭발,"▶ 절단기에서 발생하는 불티의 비산 거리 등 비산 반경 분석
▶ 작업구역 내 불티가 비산되지 않도록 절단기 등에 비산방지덮개 및 가연물에 용접방화포 설치"
2019-81-11-019,운수창고통신업,철도·항공·창고·운수관련서비스업,항만내의육상하역업,"2019년 8월경 빈컨테이너 보관장소에서 재해자 2명이 빈 컨테이너 묶음용 섬유벨트 해체작업을 하던 중, 섬유벨트가 파단되어 파단된 섬유벨트에 맞아 2명 부상",섬유로프(슬링벨트),상하차 작업 또는 적재된 화물,"『화물 고정용 벨트, 고무 등이 삭아 끊어지면서』 뒤로 넘어져 바닥에 머리를 부딪힘","▶ 하중이 한쪽으로 치우치지 않도록 적재
▶ 팔레트 등을 사용하여 적재상태 개선"
2019-81-11-020,제조업,선박건조및수리업,강선건조또는수리업,2019년 11월경 OO사업장 선박 부품 제조공정에서 재해자가 크레인에 인양화물 연결 작업 중 크레인으로 운반하는 화물이 떨어지면서 맞아 사망,운반물(파이프),"크레인(천장주행, 갠트리, 지브 등) 사용 작업",『운반하는 물체의 이동경로에 근로자의 출입을 통제하지 않아』 부딪히거나 주변 구조물과 운반물 사이에 끼임,"▶ 지게차 이용 중량물 취급에 대한 작업계획서 작성(작업방법, 운행경로, 근로자와 지게차 혼재 작업 여부 등)
▶ 혼재 작업 시 작업지휘자 또는 유도자 배치"
2019-81-11-021,운수창고통신업,철도·항공·창고·운수관련서비스업,항만내의육상하역업,"2019년 12월경 선석에서 재해자가 컨테이너 크레인 작업을 마치고 휴식을 취하기 위해 이동하던 중, 컨테이너 야드로 운행중인 야드 트랙터에 부딪혀 사망",기타 차량(야드 트랙터),작업장소 통행/이동,『근로자와 작업차량 간 이동동선(통행로)를 구분하지 않은 상태』에서 근로자가 작업차량에 부딪히거나 깔림 또는 주변 구조물과 차량사이에 끼임,"▶ 주문량 증가로 제품 적재공간 확대에 따라 지게차 작업구역이 확대, 지게차 운행 구역과 근로자 작업장소를 별도로 구획 실시
▶ 지게차 이용 중량물 취급에 대한 작업계획서 작성(작업방법, 운행경로, 근로자와 지게차 혼재 작업 여부 등)
▶ 혼재 작업 시 작업지휘자 또는 유도자 배치"
2019-81-11-023,제조업,기계기구·금속·비금속광물제품제조업,일반산업용기계장치제조업,2019년 12월 OO사업장에서 알루미늄 팬을 균형을 맞춰주는 작업을 하던 중 회전하는 알루미늄 팬이 장치에서 이탈해 날라가 재해자의 머리를 가격해 사망,생산설비(바란싱장비),가공 설비를 이용한 작업,『설비에서 이탈하거나 튕겨나온 물체』에 맞음 ,"▶ 선반가공 시 척, 방진구 및 심압대 체결상태 확인 및 갇독 철저
▶ 칩 브레이커 등 설치·사용
▶ 보안경/보안면 등 안면보호구 착용"
2019-81-11-024,제조업,선박건조및수리업,콘크리트또는플라스틱선박건조및수리업,2019년 12월경 OO사업장 선박 제조공정에서 재해자가 와이어로프 윈치를 이용해 화물을 인양하던 중 와이어로프가 파단되면서 재해자를 감아 끌고가 주변에 쌓여있던 목재 더미에 부딪혀 사망,줄걸이기구(와이어로프),"크레인(천장주행, 갠트리, 지브 등) 사용 작업","설비를 정기적으로 유지·관리 및 점검하지 않아 『설비의 주요 구조부분(용접부, 볼트 등)에 균열·변형·부식·마모·탈락 등이 발생』하여 재해발생 위험",▶ 설비·구조물 상태 정기적 점검 및 예방 관리
2019-81-51-001,제조업,화학및고무제품제조업,플라스틱가공제품제조업,2019년 1월경 OO사업장 플라스틱 제품 제조공정에서 재해자가 인양 화물 위에서 작업 중 아래로 떨어져 사망,운반물(금형),"크레인(천장주행, 갠트리, 지브 등) 사용 작업",『운반하는 물체를 밟고 올라선 상태』에서 줄걸이 체결 또는 줄걸이 상태를 확인하다 균형을 잃고 떨어짐,"▶ 안전난간이 설치된 작업발판을 설치·사용
▶ 적재장소 주변 안전난간 적정 설치상태 관리
▶ 안전대 및 안전모 지급·착용 등 관리감독자 확인"
2019-81-51-003,기타의사업,시설관리및사업지원서비스업,위생및유사서비스업,2019년 5월경 재해자가 폐기물 상차 후 소각장으로 운반하기 위해 화물차량의 적재함에서 폐기물을 정리하던 중 바닥으로 떨어져 사망,화물운반트럭(암롤트럭),상하차 작업 또는 적재된 화물,『설비를 밟고 올라 이동하거나 설비 사이를 뛰어넘어 이동』하다가 구조물에 다리가 걸려 넘어지거나 균형을 잃고 떨어짐,"▶ 추락위험구간에 안전난간 추가 설치
▶ 출하장소를 추락위험이 없는 장소로 위치 변경"
2019-81-51-004,운수창고통신업,육상및수상운수업,여객자동차운수업,"2019년 5월경 차고지 창고 지붕의 샌드위치 판넬 단부에서 재해자가 판넬 해체 작업을 하던 중, 샌드위치 판넬이 하중을 견디지 못하고 부러지며 재해자가 바닥으로 추락하여 사망",지붕·대들보(샌드위치판넬),"설비 위, 지붕 등 높은 장소에서의 작업",『작업을 위해 밟고 있던 구조물이 파손되거나 균형을 잃기 쉬운 불안한 자세』로 작업하여 넘어지거나 떨어짐,"▶ 안전난간이 설치된 작업발판을 설치·사용
▶ 고소작업대 사용 또는 3.5m미만은 A자형 사다리 사용(2인1조) 관리
▶ 안전대 및 안전모 지급·착용 등 관리감독자 확인"
2019-81-51-005,기타의사업,전문·보건·교육·여가관련서비스업,보건및사회복지사업,2019년 9월경 재해자가 화단에서 조경작업을 하던 중 3.9m 아래로 떨어져 사망,분류 불가,조경·제초작업,"『주변 위험요소(낭떠러지, 회전체 등)를 파악하지 않고 작업』해 돌발상황에 적절하게 대처하지 못해 사고로 이어질 위험","▶ 같은 장소에서 이루어지는 도급인과 수급인의 작업 혼재 시 재해 발생 예방을 위한 의사 전달 체계 수립
▶ 안전작업허가제도로 작업 전·중·후 안전확보 상태 지속 확인"
2018-22-11-001,제조업,기계기구·금속·비금속광물제품제조업,건설기계또는광산기계및설비품제조업,2018년 2월경 작업장내에서 재해자가 아스팔트 피니셔의 출고 전 개조작업을 수행하던 중 피니셔의 캐노피와 조종패널 사이에 끼어 사망,기타 설비(아스팔트 피니셔),비정형 작업(시운전),『매달아 올리거나 적재 상태가 불량한 물체』가 떨어지거나 무너지면서 맞거나 깔림,"▶ 주변의 중량물로 인한 깔림 방지를 위해 중량물 제거 후 작업
▶ 중량물 지지대 설치 후 수리·교체작업 실시"
2019-82-11-001,임업,임업,벌목업,2019년 1월경 OO산 벌목현장에서 재해자가 벌목한 벌도목에 머리를 맞아 사망,나무(벌도목),벌목·조재 작업,"『벌도목이 의도하지 않은 방향으로 쓰러지거나, 주변 장애물에 걸려』 작업자 방향으로 쓰러지면서 안면 또는 머리를 가격(부딪힘)","▶ 벌목 작업 시에는 사전에 대피장소를 정하여 작업 실시
▶ 충분한 안전거리를 확보하여, 다른 작업자와 동시에 작업 금지"
2019-24-11-008,제조업,기계기구·금속·비금속광물제품제조업,철근콘크리트제품제조업,2019년 5월 OO공장에서 재해자가 스틸폼을 조립하던 중 스틸폼이 낙하 및 전도되면서 머리와 충돌하여 사망,거푸집,상하차 작업 또는 적재된 화물,『매달아 올리거나 적재 상태가 불량한 물체』가 떨어지거나 무너지면서 맞거나 깔림,"▶ 주변의 중량물로 인한 깔림 방지를 위해 중량물 제거 후 작업
▶ 중량물 지지대 설치 후 수리·교체작업 실시"
2019-82-11-004,제조업,기계기구·금속·비금속광물제품제조업,철강또는비철금속주물제조업,2019년 3월 OO사업장에서 재해자가 지게차를 이용해 폐주물사를 밟아 부셔주는 작업을 하던 중 지게차가 넘어져 차체 측면에 가슴과 다리가 깔려 사망,지게차,지게차를 사용하는 작업,"작업차량이 『운행경로 상의 지형(급경사, 커브, 바닥의 요철, 지반 등) 또는 구조물』로 인해 떨어지거나 넘어지면서 그 아래 깔림","▶ 주·정차 시 불시 이동방지를 위한 브레이크, 고임목 체결 철저
▶ 작업장 내 바닥 평탄화 및 제한속도 준수
▶ 지게차 운전자격이 있는 지정자에 한해 운전 및 시동키 관리"
2019-82-11-005,제조업,기계기구·금속·비금속광물제품제조업,자동차및모터사이클수리업,2019년 3월 OO공장 재해자가 시동이 꺼진 차량 하부를 점검하던 중 동료작업자가 차량의 시동을 걸어 재해자를 치어 사망,화물운반트럭(카고트럭),비정형 작업(점검),『설비를 정지시키지 않거나 전원을 차단하지 않은 상태』에서 정비·보수·청소 등의 작업을 하다가 끼이거나 말림,"▶ 설비 가동중 이물질 제거 등이 발생할 수 있는 생산작업을 분석하고 근원적 접근방지대책 수립
▶ 끼임재해 우려가 있어 가동정지 후 작업이 필요한 설비 목록화→LOTO(Lock Out,  Tag Out) 대상 확정·시행 
▶ 작업 절차에 대해 근로자 교육실시"
2019-82-11-006,기타의사업,도소매·음식·숙박업,도소매및소비자용품수리업,2019년 4월경 재해자가 압축기 이물질을 제거 하기 위해 실린더에 들어가 에어건으로 제거 작업을 하던 중 작동된 실린더 프레임과 개구부 프레임 사이에 끼어 사망,기타 설비(실린더 가이드 프레임),비정형 작업(이물질 제거·청소),『설비를 정지시키지 않거나 전원을 차단하지 않은 상태』에서 정비·보수·청소 등의 작업을 하다가 끼이거나 말림,"▶ 설비 가동중 이물질 제거 등이 발생할 수 있는 생산작업을 분석하고 근원적 접근방지대책 수립
▶ 끼임재해 우려가 있어 가동정지 후 작업이 필요한 설비 목록화→LOTO(Lock Out,  Tag Out) 대상 확정·시행 
▶ 작업 절차에 대해 근로자 교육실시"
2019-82-11-007,제조업,기계기구·금속·비금속광물제품제조업,기타유리제품제조업,2019년 4월 OO공장 재해자가 생산현장으로 이동하던 중 파유리 보관장으로 후진하여 이동하던 로더 좌측 뒷바퀴에 깔려 사망,건설기계(로더),건설기계를 사용하는 작업,『근로자와 작업차량 간 이동동선(통행로)를 구분하지 않은 상태』에서 근로자가 작업차량에 부딪히거나 깔림 또는 주변 구조물과 차량사이에 끼임,"▶ 주문량 증가로 제품 적재공간 확대에 따라 지게차 작업구역이 확대, 지게차 운행 구역과 근로자 작업장소를 별도로 구획 실시
▶ 지게차 이용 중량물 취급에 대한 작업계획서 작성(작업방법, 운행경로, 근로자와 지게차 혼재 작업 여부 등)
▶ 혼재 작업 시 작업지휘자 또는 유도자 배치"
2019-82-11-008,제조업,식료품제조업,조미료(장류포함)제조업및제염업,2019년 5월경 재해자가 이동식사다리를 펼쳐 지붕으로 이동하던 중 2.9m 아래로 떨어져 사망,사다리(이동식/A형),사다리를 이용한 작업 또는 통행,사다리 사용 시 『미끄러운 상태의 신발 또는 사다리 발판때문에 실족』하여 떨어짐,"▶ 고정형 계단을 설치하여 통행토록 조치
▶ A자형 사다리 사용 시 2인1조 및 아웃트리거 설치
▶ 운동화 착용 금지 및 안전화 착용"
2019-82-11-009,제조업,기계기구·금속·비금속광물제품제조업,철강또는비철금속주물제조업,2019년 6월 OO작업장 재해자가 지게차를 사용하여 조형상자를 공장 내부로 운반하여 내려 세우던 중 무게중심을 잃은 조형상자가 넘어지면서 깔려 사망,운반물(조형상자),상하차 작업 또는 적재된 화물,『화물의 무게가 한쪽으로 치우쳐진 상태 등』 적재상태가 불량한 화물이 무너지면서 맞거나 깔림,"▶ 전도·낙하 방지를 위해 중량물 제거 후 작업
▶ 중량물 고정 실시 후 수리작업 실시"
2018-26-51-001,기타의사업,부동산업및임대업,임대업,2017년 12월경 중량물 선별 작업을 위해 지게차로 이송작업을 하던 중 중량물이 쓰러져 재해자가 깔려 사망,운반물(원형파이프),지게차를 사용하는 작업,『매달아 올리거나 적재 상태가 불량한 물체』가 떨어지거나 무너지면서 맞거나 깔림,"▶ 주변의 중량물로 인한 깔림 방지를 위해 중량물 제거 후 작업
▶ 중량물 지지대 설치 후 수리·교체작업 실시"
2019-82-11-011,농업,농업,작물생산업,"2019년 7월경 OO농장에서 재해자가 작업장소를 이동하기 위해 화물자동차 적재함에 탑승하여 이동 중 경사로에서 브레이크가 손상되어 화물자동차가 전신주와 부딪혔고, 적재함에 타고있던 재해자가 떨어져나가 사망",화물운반트럭(카고트럭),도로에서의 자동차 운전,『정기적으로 차량의 상태를 유지·관리 및 점검하지 않아』 제동장치가 작동하지 않아 사고 위험,"▶ 차량 작업에 대한 작업계획서를 작성하여 작업 계획에 따라 작업 실시
▶ 작업계획서에 차량 점검과 상태 유지에 관한 사항을 포함하여 관리 실시"
2019-82-11-012,제조업,기계기구·금속·비금속광물제품제조업,건설기계또는광산기계및설비품제조업,2019년 7월 OO 작업장 OO 소속 재해자가 밴딩머신의 개폐기 조작용 유압실린더 고정 핀 교체 작업 중 개폐기가 넘어지며 깔려 사망_x000D_,생산설비(롤 밴딩머신/밴딩 롤러),비정형 작업(정비·보수),『매달아 올리거나 적재 상태가 불량한 물체』가 떨어지거나 무너지면서 맞거나 깔림,"▶ 주변의 중량물로 인한 깔림 방지를 위해 중량물 제거 후 작업
▶ 중량물 지지대 설치 후 수리·교체작업 실시"
2019-82-11-013,제조업,기계기구·금속·비금속광물제품제조업,건설용금속제품제조업,2019년 7월 OO공장에서 재해자가 공장 지붕 위에서 기존 슬레이트 고정볼트 절단작업 중 노후화된 채광창를 밟는 순간 파손되면서 높이 약 6.9m 아래 공장 바닥으로 떨어져 사망_x000D_,지붕·대들보(선라이트/채광창),"설비 위, 지붕 등 높은 장소에서의 작업",『작업을 위해 밟고 있던 구조물이 파손되거나 균형을 잃기 쉬운 불안한 자세』로 작업하여 넘어지거나 떨어짐,"▶ 안전난간이 설치된 작업발판을 설치·사용
▶ 고소작업대 사용 또는 3.5m미만은 A자형 사다리 사용(2인1조) 관리
▶ 안전대 및 안전모 지급·착용 등 관리감독자 확인"
2019-82-11-014,제조업,기계기구·금속·비금속광물제품제조업,각종금속의용접또는용단을행하는사업,2019년 7월 OO사업장에서 재해자가 절곡기로 밴딩 작업을 하던 중 가공물(Steel Plate)이 튕겨 나와 재해자의 머리를 가격해 사망,가공물(철판),가공 설비를 이용한 작업,『설비에서 이탈하거나 튕겨나온 물체』에 맞음 ,"▶ 선반가공 시 척, 방진구 및 심압대 체결상태 확인 및 갇독 철저
▶ 칩 브레이커 등 설치·사용
▶ 보안경/보안면 등 안면보호구 착용"
2019-82-11-015,제조업,기계기구·금속·비금속광물제품제조업,항공기제조또는수리업, 2018년 1월 OO공장 재해자들이 금속표면 연마부스에서 연삭작업 중 집진기에서 발생한 분진폭발로 폭발 화염으로 인해 화상을 입음,인화성물질(A2024-T351<Al-Cu-Mg합금> 분말),위험물질 취급 또는 그 장소에서 수행하는 작업,"『작업장소에서 취급하는 위험물질 및 관리되지 않는 점화원(아크, 정전기 등)』으로 인해 화재·폭발","▶ 위험장소 주변 용접 및 사상작업 금지 등 점화원 관리
▶ 용접불티 비산방지덮개 또는 용접방화포 조치"
2019-82-11-016,제조업,기계기구·금속·비금속광물제품제조업,기타산업용기계기구제조업,2019년 8월 OO 용접작업장에서 재해자가 용접작업을 하던 중 용접불티가 에어재킷에 튀면서 화재가 발생하여 화상으로 사망,용접기(CO2용접기),용접·절단·사상 또는 도장 작업,『불티비산 방지조치가 안된 상태에서 작업』하여 용접·절단 불똥이 주변의 적재물 또는 인화성 물질에 옮겨 붙어 화재 폭발,"▶ 절단기에서 발생하는 불티의 비산 거리 등 비산 반경 분석
▶ 작업구역 내 불티가 비산되지 않도록 절단기 등에 비산방지덮개 및 가연물에 용접방화포 설치"
2019-82-11-017,제조업,기계기구·금속·비금속광물제품제조업,자동차부분품제조업,2019년 8월 OO공장에서 근로자가 프레스 작업 중 상부금형이 깨지면서 날아온 금형 파편에 상체를 맞아 사망한 재해로 추정됨,금형,가공 설비를 이용한 작업,"『과도한 힘(하중)으로 인해 설비, 재료 등이 파손·파단』되어 날라와 맞음","▶ 기계, 기구 등의 사용 시 정격하중을 확인하여, 적합한 기계, 기구를 선정하여 사용할 수 있는 절차 마련
▶ 설비 사용 전 점검을 실시하여 이상 시 적시에 조치 후 작업 실시"
2019-82-11-018,제조업,기계기구·금속·비금속광물제품제조업,기타금속제품제조업또는금속가공업,2019년 8월 OO 소속 재해자가 지붕에서 보수작업을 마치고 내려오던 중 처마에서 4층 옥상 바닥(약 2.6m)으로 떨어져 사망.,분류 불가,"설비 위, 지붕 등 높은 장소에서의 작업",『작업을 위해 밟고 있던 구조물이 파손되거나 균형을 잃기 쉬운 불안한 자세』로 작업하여 넘어지거나 떨어짐,"▶ 안전난간이 설치된 작업발판을 설치·사용
▶ 고소작업대 사용 또는 3.5m미만은 A자형 사다리 사용(2인1조) 관리
▶ 안전대 및 안전모 지급·착용 등 관리감독자 확인"
2019-82-11-019,제조업,기계기구·금속·비금속광물제품제조업,철강또는비철금속주물제조업,2019년 11월 OO공장에서 천장크레인에 달기체인을 연결하여 주형틀을 인양하던 중 리프팅 러그가 파단되면서 하청 소속 근로자의 안면부에 맞아 사망,줄걸이기구(리프팅 러그),"크레인(천장주행, 갠트리, 지브 등) 사용 작업","『줄걸이 기구의 용접 불량, 마모, 변형, 손상』으로 인해 운반하는 화물이 떨어지면서 부딪히거나 그 아래 깔림","▶ 설비·구조물 상태 정기적 점검 및 예방 관리
▶ 와이어로프 손상 시 즉시 교체하여 사용"
2017-63-51-001,운수창고통신업,철도·항공·창고·운수관련서비스업,운수부대서비스업,2017년 6월경 여객선터미널에서 재해자가 정박 중인 선박의 스큐류에 끼인 모자반 및 폐기물 제거를 위해 수중작업을 완료하고 부상하던 중 모자반에 잠수용 공기호스가 걸려 잠수마스크에서 분리되어 수면으로 올라오지 못하고 사망,분류 불가,잠수 작업,"『주변의 구조물, 배수구 등』 으로 인해 수면 위로 부상하지 못하고 익사할 위험","▶ 수중 작업 시 작업구역 및 수면 위로 올라올 수 있는 동선을 사전에 확보
▶ 수중 작업 전 장비 및 통로의 상태를 확인하고, 작업 중 외부와 연락할 수 있는 조치 실시"
2019-82-51-001,임업,임업,영림업,"2019년 1월경 OO산 벌목현장에서 재해자가 벌목한 벌도목(1번 나무)이 경사면 아래 벚나무(2번 나무)에 걸쳐지자, 벚나무(2번 나무)를 벌목해 두 나무(1번, 2번나무)를 동시에 넘기려던 중 벚나무(2번 나무)에 걸친 벌도목(1번 나무)이 떨어지며 재해자의 머리를 강타해 사망",나무(벌도목),벌목·조재 작업,작업자 방향으로 『주변에서 작업하던 벌도목 또는 주변 수목에 걸려있던 벌도목』이 떨어(쓰러)지면서 작업자가 벌도목에 머리를 맞거나 그 아래 깔림,"▶ 벌목 작업 전 주변 나무에 걸려있는 나무를 확인하여 주변에서 작업 금지
▶ 충분한 안전거리를 확보하여, 다른 작업자와 동시에 작업 금지"
2019-82-51-002,기타의사업,도소매·음식·숙박업,도소매및소비자용품수리업,2019년 10월경 재해자가 크레인을 조작하여 하역작업을 하던 중 크레인이 파손되어 하역된 중량물 위로 넘어져 운전석에서 3m 아래로 떨어져 사망,크레인(이동식크레인/집게차),"이동식 크레인(카고 크레인, 집게차)을 사용한 작업","설비를 정기적으로 유지·관리 및 점검하지 않아 『설비의 주요 구조부분(용접부, 볼트 등)에 균열·변형·부식·마모·탈락 등이 발생』하여 재해발생 위험",▶ 설비·구조물 상태 정기적 점검 및 예방 관리
2019-83-11-001,임업,임업,영림업,2019년 1월경 OO방재사업 현장에서 재해자가 벌도목을 벌목 후 대피하던 중 벌도목에 깔려 사망,나무(벌도목),벌목·조재 작업,"『벌도목이 의도하지 않은 방향으로 쓰러지거나, 주변 장애물에 걸려』 작업자 방향으로 쓰러지면서 안면 또는 머리를 가격(부딪힘)","▶ 벌목 작업 시에는 사전에 대피장소를 정하여 작업 실시
▶ 충분한 안전거리를 확보하여, 다른 작업자와 동시에 작업 금지"
2019-83-11-003,제조업,기계기구·금속·비금속광물제품제조업,기타비금속광물제품제조업,2019년 9월 OO사업장 내 노면에서 지게차를 운전하여 내려가던 중심을 잃고 넘어져 운전자가 넘어지는 지게차에 깔려 사망. ,지게차,지게차를 사용하는 작업,"작업차량이 『운행경로 상의 지형(급경사, 커브, 바닥의 요철, 지반 등) 또는 구조물』로 인해 떨어지거나 넘어지면서 그 아래 깔림","▶ 주·정차 시 불시 이동방지를 위한 브레이크, 고임목 체결 철저
▶ 작업장 내 바닥 평탄화 및 제한속도 준수
▶ 지게차 운전자격이 있는 지정자에 한해 운전 및 시동키 관리"
2019-83-11-004,운수창고통신업,철도·항공·창고·운수관련서비스업,육상화물취급업,"2019년 5월경 이삿짐 현장에서 재해자가 이삿짐운반용 리프트 운반구 위의 이삿짐이 낙하하려는 것을 발견하고 고정하기 위하여 운반구로 올라가던 중, 이삿짐과 함께 약 3m 아래로 떨어져 사망",기타 차량(사다리차/이삿짐운반용 차량),사다리차(이삿짐 운반용 차량) 사용 작업,무거운 물체를 운반하던 중 『바닥의 요철부』에 걸려 넘어지면서 떨어지거나 바닥에 머리가 부딪힘,"▶ 작업구간 바닥상태 평탄화 조치
▶ 폭 넓은 운반용구로 구입·변경 조치
▶ 이동통로 상 바닥에 이물질 등 제거 조치"
2019-83-12-001,전기가스증기수도사업,전기가스증기수도사업,수도사업,2019년 9월 OO사업장 수소제조 공정 재가동을 위해 맹판(Q.S.S.B)으로 배관 차단 작업 중 공정 가스가 누출되어 폭발하여 화재로 이어져 직원 3명이 화상,기타 설비(맹판/Q.S.S.B),위험물질 취급 또는 그 장소에서 수행하는 작업,"『반응을 제어할 연동장치가 없고, 작업절차 없이 작업자의 경험에만 의존한 공정 운영』으로 화재·폭발·누출 위험","▶ 작업절차 수립하고 작업자 교육 실시
▶ 안전밸브, 파열판 설치 및 계측장치 유지 관리 
▶ 반응 억제제 투입 설비 설치 및 비상대피훈련 실시"
2019-83-12-003,제조업,화학및고무제품제조업,유기화학제품제조업,2019년 12월경 OO사업장 화학제품 제조공정에서 재해자가 과산화수소를 탱크로리에 충진 후 연결 배관을 분리하는 과정에서 내부에 잔류한 물질이 분출되어 근로자가 화상을 입음,화학물질(과산화수소),위험물질 취급 또는 그 장소에서 수행하는 작업,『취급하는 물질이 배관·호스·용기 등에서 누출』되어 화학물질 접촉·질식 또는 화재·폭발,"▶ 위험물질에 대한 MSDS 비치 및 근로자 교육
▶ 공급원재료의 종류, 공급되는 설비명 표시
▶ 가스검지 및 경보장치·긴급차단장치 및 방유제 설치"
2019-83-51-001,제조업,화학및고무제품제조업,화학비료제조업,2019년 1월경 OO사업장 생산동 지붕에서 재해자가 현장 점검 중 아래로 떨어져 사망,지붕·대들보(슬레이트),비정형 작업(점검),『작업을 위해 밟고 있던 구조물이 파손되거나 균형을 잃기 쉬운 불안한 자세』로 작업하여 넘어지거나 떨어짐,"▶ 안전난간이 설치된 작업발판을 설치·사용
▶ 고소작업대 사용 또는 3.5m미만은 A자형 사다리 사용(2인1조) 관리
▶ 안전대 및 안전모 지급·착용 등 관리감독자 확인"
2019-83-51-002,기타의사업,시설관리및사업지원서비스업,건물등의종합관리사업,2019년 4월경 아파트 지하 저수조에서 재해자가 청소작업을 하기 위해 저수조 상부에 올라가 이동하던 중 상부 개구부로 떨어져(5.2m) 사망,분류 불가,작업장소 통행/이동,『이동경로에 방치된 개구부』로 떨어짐,"▶ 추락위험구간에 안전난간 추가 설치
▶ 출하장소를 추락위험이 없는 장소로 위치 변경"
2019-83-51-004,기타의사업,도소매·음식·숙박업,음식및숙박업,2019년 4월경 재해자가 외벽 보수작업을 위해 고소작업대 작업대에 탑승하여 작업하던 중 고소작업대가 넘어져 7m 아래로 떨어져 사망,고소작업대(보행식),고소작업대 사용 작업,『작업대를 상승시킨 상태에서 이동하거나 작업중 변하는 무게중심』에 의해 고소작업대가 넘어지면서 작업자가 떨어짐,"▶ 고소작업대 작업발판 주변 안전난간 수리
▶ 작업발판 외부로 신체 이탈작업 금지"
2019-83-51-005,기타의사업,시설관리및사업지원서비스업,위생및유사서비스업,2019년 7월경 폐기물 선별장에서 재해자가 소방호스 정리하던 중 후진하는 폐기물 차량(암롤트럭)에 부딪혀 사망,화물운반트럭(암롤트럭),혼재작업(작업자-작업차량),근로자와 작업차량 간 『혼재작업 장소에서 근로자 이동과 작업차량 운행을 통제하지 않은 상태』에서 근로자가 작업차량에 부딪히나 깔림 또는 주변 구조물과 작업차량 사이에 끼임,"▶ 지게차 이용 중량물 취급에 대한 작업계획서 작성(작업방법, 운행경로, 근로자와 지게차 혼재 작업 여부 등)
▶ 혼재 작업 시 작업지휘자 또는 유도자 배치"
2019-84-11-001,제조업,기계기구·금속·비금속광물제품제조업,자동차및모터사이클수리업,2018년 9월 OO공장 내에서 레버풀러를 정비차량의 차체에 걸어서 잡아당기던 중 고정용 체인이 끊어지면서 재해자를 때려 사망함,수공구(레버풀러),그라인더 등 수공구를 사용하는 작업,"『과도한 힘(하중)으로 인해 설비, 재료 등이 파손·파단』되어 날라와 맞음","▶ 기계, 기구 등의 사용 시 정격하중을 확인하여, 적합한 기계, 기구를 선정하여 사용할 수 있는 절차 마련
▶ 설비 사용 전 점검을 실시하여 이상 시 적시에 조치 후 작업 실시"
2019-84-11-002,제조업,기계기구·금속·비금속광물제품제조업,자동차부분품제조업,2019년 1월 OO 공장동 내 현장관리자가 제품불량 문제를 해결하기 위해 로봇구역 내에 들어가 점검·조정작업을 하던 중 로봇 그리퍼와 머시닝센터 사이에 끼여 사망,산업용로봇,비정형 작업(점검),『설비를 정지시키지 않거나 전원을 차단하지 않은 상태』에서 정비·보수·청소 등의 작업을 하다가 끼이거나 말림,"▶ 설비 가동중 이물질 제거 등이 발생할 수 있는 생산작업을 분석하고 근원적 접근방지대책 수립
▶ 끼임재해 우려가 있어 가동정지 후 작업이 필요한 설비 목록화→LOTO(Lock Out,  Tag Out) 대상 확정·시행 
▶ 작업 절차에 대해 근로자 교육실시"
2020-93-11-003,기타의사업,전문·보건·교육·여가관련서비스업,기타과학기술서비스업,"2020년 10월경 댐 취수탑 조사 현장에서 재해자가 잠수조사를 위해 취소탑 하부부터 나선형으로 수중촬영을 하면서 올라오던 중, 취수를 위해 개방되어 있던 취수구로 빨려 들어가 질식 사망",분류 불가,잠수 작업,"『주변의 구조물, 배수구 등』 으로 인해 수면 위로 부상하지 못하고 익사할 위험","▶ 수중 작업 시 작업구역 및 수면 위로 올라올 수 있는 동선을 사전에 확보
▶ 수중 작업 전 장비 및 통로의 상태를 확인하고, 작업 중 외부와 연락할 수 있는 조치 실시"
2019-84-11-005,기타의사업,시설관리및사업지원서비스업,건물등의종합관리사업,2019년 2월경 산세공정에서 재해자가 윤활조 내 부유물(유지) 제거 작업을 하던 중 윤활조 내로 떨어져 화상을 입고 치료중 사망,화학물질(윤활액),"설비 위, 지붕 등 높은 장소에서의 작업",『작업을 위해 밟고 있던 구조물이 파손되거나 균형을 잃기 쉬운 불안한 자세』로 작업하여 넘어지거나 떨어짐,"▶ 안전난간이 설치된 작업발판을 설치·사용
▶ 고소작업대 사용 또는 3.5m미만은 A자형 사다리 사용(2인1조) 관리
▶ 안전대 및 안전모 지급·착용 등 관리감독자 확인"
2019-84-11-006,제조업,기계기구·금속·비금속광물제품제조업,기타금속제품제조업또는금속가공업,2019년 3월 OO 작업장에서 재해자가 철판을 트럭에 상차하던 중 넘어지는 철판들을 피하려다 작업장 바닥에 머리를 부딪혀 사망_x000D_,적재물(철판),상하차 작업 또는 적재된 화물,『화물의 무게가 한쪽으로 치우쳐진 상태 등』 적재상태가 불량한 화물이 무너지면서 맞거나 깔림,"▶ 전도·낙하 방지를 위해 중량물 제거 후 작업
▶ 중량물 고정 실시 후 수리작업 실시"
2019-84-11-007,제조업,기계기구·금속·비금속광물제품제조업,기타비금속광물제품제조업,2019년 4월 OO공장 OO 소속 재해자가 로드밀 내부 볼트 교체 중 동료작업자가 로드밀을 운전하여 재해자가 로드더미에 깔려 사망,생산설비(로드밀),비정형 작업(정비·보수),『설비를 정지시키지 않거나 전원을 차단하지 않은 상태』에서 정비·보수·청소 등의 작업을 하다가 끼이거나 말림,"▶ 설비 가동중 이물질 제거 등이 발생할 수 있는 생산작업을 분석하고 근원적 접근방지대책 수립
▶ 끼임재해 우려가 있어 가동정지 후 작업이 필요한 설비 목록화→LOTO(Lock Out,  Tag Out) 대상 확정·시행 
▶ 작업 절차에 대해 근로자 교육실시"
2019-84-11-008,기타의사업,도소매·음식·숙박업,도소매및소비자용품수리업,2019년 4월경 재해자가 굴착기 점검 작업을 하기 위해 확인하던 중 붐실린더와 조종석 우측에 끼여 사망,굴착기(백호우),비정형 작업(점검),『설비를 정지시키지 않거나 전원을 차단하지 않은 상태』에서 정비·보수·청소 등의 작업을 하다가 끼이거나 말림,"▶ 설비 가동중 이물질 제거 등이 발생할 수 있는 생산작업을 분석하고 근원적 접근방지대책 수립
▶ 끼임재해 우려가 있어 가동정지 후 작업이 필요한 설비 목록화→LOTO(Lock Out,  Tag Out) 대상 확정·시행 
▶ 작업 절차에 대해 근로자 교육실시"
2019-84-11-009,기타의사업,시설관리및사업지원서비스업,위생및유사서비스업,2019년 4월경 자력선별기에서 재해자가 이물질 제거작업을 하기 위해 컨베이어에 올라가서 중심을 잃고 4m 아래로 떨어져 사망,컨베이어,비정형 작업(이물질 제거·청소),『설비를 정지시키지 않거나 전원을 차단하지 않은 상태』에서 정비·보수·청소 등의 작업을 하다가 끼이거나 말림,"▶ 설비 가동중 이물질 제거 등이 발생할 수 있는 생산작업을 분석하고 근원적 접근방지대책 수립
▶ 끼임재해 우려가 있어 가동정지 후 작업이 필요한 설비 목록화→LOTO(Lock Out,  Tag Out) 대상 확정·시행 
▶ 작업 절차에 대해 근로자 교육실시"
2019-84-11-010,제조업,기계기구·금속·비금속광물제품제조업,철근콘크리트제품제조업,2019년 05월 OO공장 내 협력사 재해자가 거푸집 부재에 슬링벨트 후크를 걸어 권상하던 중 사용하지 않는 슬링벨트의 후크가 주변 구조물에 걸렸다가 튕겨올라 재해자의 안면을 타격하여 사망.,크레인(천장주행크레인),"크레인(천장주행, 갠트리, 지브 등) 사용 작업",『운반하는 화물의 형태에 적합하지 않은 줄걸이 방법을 사용』하여 화물의 균형이 맞지 않은 상태에서 무리하게 인양하다가 화물이 떨어지면서 부딪히거나 그 아래 깔림,"▶ 섬유슬링 벨트 폐기(관리) 기준을 마련하여 중량물 취급 작업계획서에 포함
▶ 폐기조건 발생 시 근로자가 자발적으로 점검하여 즉시 폐기 요청 할 수 있는 사내 안전문화 정착"
2019-84-11-011,운수창고통신업,철도·항공·창고·운수관련서비스업,육상화물취급업,2018년 12월경 사업장 내에서 재해자가 거치대에 안착된 코일(약1.2ton)을 가포장하던 중 코일이 넘어지면서 재해자를 덮쳐 사망,적재물(코일),인력 운반 작업,무거운 물체를 운반하던 중 『바닥의 요철부』에 걸려 넘어지면서 떨어지거나 바닥에 머리가 부딪힘,"▶ 작업구간 바닥상태 평탄화 조치
▶ 폭 넓은 운반용구로 구입·변경 조치
▶ 이동통로 상 바닥에 이물질 등 제거 조치"
2019-84-11-013,제조업,기계기구·금속·비금속광물제품제조업,자동차부분품제조업,2019년 7월 OO공장 스피드도어 앞에서 재해자가 이동하던 중 도료를 하차장으로 운반하던 지게차에 충돌하여 사망함.,지게차,작업장소 통행/이동,『근로자와 작업차량 간 이동동선(통행로)를 구분하지 않은 상태』에서 근로자가 작업차량에 부딪히거나 깔림 또는 주변 구조물과 차량사이에 끼임,"▶ 주문량 증가로 제품 적재공간 확대에 따라 지게차 작업구역이 확대, 지게차 운행 구역과 근로자 작업장소를 별도로 구획 실시
▶ 지게차 이용 중량물 취급에 대한 작업계획서 작성(작업방법, 운행경로, 근로자와 지게차 혼재 작업 여부 등)
▶ 혼재 작업 시 작업지휘자 또는 유도자 배치"
2019-84-11-014,제조업,기계기구·금속·비금속광물제품제조업,제강압연업,2019년 8월 OO 소속 재해자가프레스 상부 금형 교체를 위해 고정용 핀을 해체하던 중 상부 금형이 재해자 방향으로 떨어지면서 사망.,생산설비(프레스),비정형 작업(정비·보수),"『들어올린 설비의 고정상태 불량, 안전블록·지지대 미설치』로 설비 하부에서 작업 중 갑자기 설비가 내려앉아 끼이거나 깔림","▶ 중량물 이동방지용 지지대 추가 설치
▶ 갑작스런 이동방지를 위한 중량물 위치 변경
▶ 낙하물에 대비한 방망 또는 울 설치후 작업"
2019-84-11-015,제조업,기계기구·금속·비금속광물제품제조업,철강또는비철금속주물제조업,2019년 8월 OO공장에서 재해자가 몰드 내부로 들어가 도형제 도포 작업을 하고있던 중 몰드 외부의 동료 작업자가 몰드 내부 건조를 위해 토치로 도형제에 불을 붙여 제품 내부에 있던 재해자가 화상을 입고 사망,화학물질(도형제),가공 설비를 이용한 작업,작업자 간 『작업 상황에 대해 의사소통을 하지 않고 작업』을 실시해 운반하는 물체에 부딪히거나 깔림 또는 주변 구조물과 운반하는 물체 사이에 끼임,"▶ 작업자 간 신호체계 통일 및 숙지 조치
▶ 중량물 취급 시 보조운반기구 사용"
2019-84-11-016,기타의사업,도소매·음식·숙박업,도소매및소비자용품수리업,2019년 10월경 재해자가 고철 하자 작업을 하기 위해 이동식 크레인의 조종석으로 이동하던 중 승강용 사다리의 용접부위(손잡이) 탈락으로 3m 아래로 떨어져 사망,사다리(고정식),사다리를 이용한 작업 또는 통행,『노후된 사다리의 유지·보수를 실시하지 않아』 구조물이 파손되어 떨어짐,"▶ 운전자는 작업 전 충분한 휴식을 취하고 운전 작업 실시
▶ 도로 상에서 운전 시 교통신호 등을 철저히 준수하여 운전 실시"
2019-84-11-017,기타의사업,기타의각종사업,건설업본사,2019년 11월경 하천환경정비사업 현장(교량)에서 재해자가 교량 상부 자전거 도로용 데크브라켓 설치작업을 위한 작업대를 철거하여 들어 내리던 중 약 30kg의 작업대와 함께 약 4m 아래로 떨어져 사망,분류 불가,인력 운반 작업,무거운 물체를 운반하던 중 『바닥의 요철부』에 걸려 넘어지면서 떨어지거나 바닥에 머리가 부딪힘,"▶ 작업구간 바닥상태 평탄화 조치
▶ 폭 넓은 운반용구로 구입·변경 조치
▶ 이동통로 상 바닥에 이물질 등 제거 조치"
2019-84-51-001,운수창고통신업,철도·항공·창고·운수관련서비스업,육상화물취급업,"2019년 2월경 자원재활용 사업장 내에서 재해자가 파쇄기 정비작업을 위해 호퍼 내부에서 작업 중, 파쇄기 작동으로 회전날에 끼어 사망",분쇄·파쇄기,비정형 작업(정비·보수),『설비를 정지시키지 않거나 전원을 차단하지 않은 상태』에서 정비·보수·청소 등의 작업을 하다가 끼이거나 말림,"▶ 설비 가동중 이물질 제거 등이 발생할 수 있는 생산작업을 분석하고 근원적 접근방지대책 수립
▶ 끼임재해 우려가 있어 가동정지 후 작업이 필요한 설비 목록화→LOTO(Lock Out,  Tag Out) 대상 확정·시행 
▶ 작업 절차에 대해 근로자 교육실시"
2019-85-11-001,기타의사업,도소매·음식·숙박업,도소매및소비자용품수리업,2018년 12월경 야적장에서 알루미늄 하역 작업을 하던 중 이동식크레인(집게차) 운전자가 신호하자 조종석으로 올라가던 중 선회중인 집게차의 조종석과 적재함 사이에 얼굴이 끼어 사망,크레인(이동식크레인/집게차),"크레인(천장주행, 갠트리, 지브 등) 사용 작업",작업자 간 『작업 상황에 대해 의사소통을 하지 않고 작업』을 실시해 운반하는 물체에 부딪히거나 깔림 또는 주변 구조물과 운반하는 물체 사이에 끼임,"▶ 작업자 간 신호체계 통일 및 숙지 조치
▶ 중량물 취급 시 보조운반기구 사용"
2019-85-11-002,제조업,기계기구·금속·비금속광물제품제조업,일반산업용기계장치제조업,"2019년 1월 OO사업장에서 재해자가 기화된 산소가 존재하는 장소(액화산소로 베어링 냉각수축)에서 베어링을 재냉각 하기 위해 운반하던 중 바닥에 떨어트려 그 충격으로 폭발이 발생했고, 날라온 베어링 파편에 맞아 치료중 사망",분류 불가,위험물질 취급 또는 그 장소에서 수행하는 작업,"『작업장소에서 취급하는 위험물질 및 관리되지 않는 점화원(아크, 정전기 등)』으로 인해 화재·폭발","▶ 위험장소 주변 용접 및 사상작업 금지 등 점화원 관리
▶ 용접불티 비산방지덮개 또는 용접방화포 조치"
2018-41-51-004,기타의사업,도소매·음식·숙박업,도소매및소비자용품수리업,2018년 3월경 파이프를 하역하기 위해 재해자가 화물자동차 적재함에 올라가 작업 하던 중 파이프 묶음이 지게차에서 떨어지면서 재해자를 덮쳐 1.6m 아래로 떨어져 사망,운반물(파이프 더미),상하차 작업 또는 적재된 화물,『매달아 올리거나 적재 상태가 불량한 물체』가 떨어지거나 무너지면서 맞거나 깔림,"▶ 주변의 중량물로 인한 깔림 방지를 위해 중량물 제거 후 작업
▶ 중량물 지지대 설치 후 수리·교체작업 실시"
2019-85-11-005,제조업,화학및고무제품제조업,합성수지제조업,2019년 3월경 OO사업장 생산동에서 재해자가 리프틀 하부에서 수리 작업 중 불시에 가동된 리프트에 깔려 사망,리프트(일반작업용),리프트 관련 작업,『정비작업 중 작업자 외 근로자가 설비를 가동』하여 갑자기 작동된 설비에 말리거나 끼임,"▶ 생산 설비의 불시 가동을 방지하기 위한 LOTO(Lock Out_잠금장치, Tag Out_점검 중 꼬리표)제도 시행
▶ 관리감독자 확인 의무 부여"
2019-85-11-006,제조업,기계기구·금속·비금속광물제품제조업,철강또는비철금속주물제조업,2019년 4월 OO 공장내부에서 살수작업을 하던 재해자가 로더의 후방 좌측 범퍼에 충돌되어 쓰러진 후 바퀴에 깔려 현장에서 사망,건설기계(로더),혼재작업(작업자-작업차량),근로자와 작업차량 간 『혼재작업 장소에서 근로자 이동과 작업차량 운행을 통제하지 않은 상태』에서 근로자가 작업차량에 부딪히나 깔림 또는 주변 구조물과 작업차량 사이에 끼임,"▶ 지게차 이용 중량물 취급에 대한 작업계획서 작성(작업방법, 운행경로, 근로자와 지게차 혼재 작업 여부 등)
▶ 혼재 작업 시 작업지휘자 또는 유도자 배치"
2019-82-11-002,제조업,기계기구·금속·비금속광물제품제조업,일반산업용기계장치제조업,2019년 2월 OO공장 OO 소속 재해자가 지게차 포크로 프레임 구조부재와 상부철판 사이 틈을 벌리다가 프레임이 넘어지면서 재해자 흉부를 타격하여 사망,자동화설비(제품다단적재기 포스트 프레임),상하차 작업 또는 적재된 화물,『화물의 무게가 한쪽으로 치우쳐진 상태 등』 적재상태가 불량한 화물이 무너지면서 맞거나 깔림,"▶ 전도·낙하 방지를 위해 중량물 제거 후 작업
▶ 중량물 고정 실시 후 수리작업 실시"
2019-85-11-008,제조업,기계기구·금속·비금속광물제품제조업,원동기제조업,2019년 8월 OO 작업장내에서 재해자가 레디알 드릴머신으로 홀 가공작업 중 드릴에 면장갑을 착용한 손이 말려들어가 사망. ,금속가공기계(드릴기),가공 설비를 이용한 작업,『말릴 위험이 있는 옷이나 장갑을 착용하고 회전축에 근접하여 작업』해 손이나 팔이 말려 절단,"▶ 목장갑 등 사용 시 손이 말려 들어갈 위험이 있음을 근로자에게 교육하고, 밀착형 가죽장갑 등을 지급하여 착용하도록 조치"
2019-85-11-009,제조업,전기기계기구·정밀기구·전자제품제조업,일상생활용전기기계기구제조업,2019년 8월 전기부품제공장에서 재해자가 동료작업자와 함께 철판시트(약 693kg)가 놓인 이동식 보조 작업대를 프레스 앞까지 밀고가던 중 작업대 바퀴가 파손되면서 바닥으로 쏟아지는 철판에 깔림,적재물(철판),작업장소 통행/이동,"설비를 정기적으로 유지·관리 및 점검하지 않아 『설비의 주요 구조부분(용접부, 볼트 등)에 균열·변형·부식·마모·탈락 등이 발생』하여 재해발생 위험",▶ 설비·구조물 상태 정기적 점검 및 예방 관리
2019-85-11-010,제조업,화학및고무제품제조업,플라스틱가공제품제조업,2019년 9월경 OO사업장 사출성형 공정에서 재해자가 사출성형기 내부 점검 중 불시에 가동한 설비 사이에 끼여 사망,사출성형기,비정형 작업(점검),『설비를 정지시키지 않거나 전원을 차단하지 않은 상태』에서 정비·보수·청소 등의 작업을 하다가 끼이거나 말림,"▶ 설비 가동중 이물질 제거 등이 발생할 수 있는 생산작업을 분석하고 근원적 접근방지대책 수립
▶ 끼임재해 우려가 있어 가동정지 후 작업이 필요한 설비 목록화→LOTO(Lock Out,  Tag Out) 대상 확정·시행 
▶ 작업 절차에 대해 근로자 교육실시"
2019-85-31-001,제조업,기계기구·금속·비금속광물제품제조업,기타금속제품제조업또는금속가공업,"2019년 1월 OO 공장에서 근로자가 용접부위 안쪽 방청코팅을 위해 선박구조물 내부로 진입 후, 내부에 충진 된 질소가스에 의한 산소결핍으로 사망",유해가스(질소),"피트, 맨홀, 오·폐수 처리시설 등 밀폐된 장소에서 작업",『산소·가소농도 미측정 및 송풍기를 이용한 강제환기 미실시』로 불활성 가스 또는 유해가스에 의한 산소결핍·질식·중독,"▶ 가스농도측정기로 적정공기 상태 선 확인
▶ 환기팬 등으로 환기 실시 후 작업을 실시
▶ 밀폐공간 출입금지 위험 표시"
2019-85-51-001,운수창고통신업,철도·항공·창고·운수관련서비스업,철도·궤도운수업,"2019년 10월경 선로 유지·보수 작업현장에서 재해자 3명이 선로 유지·보수 작업을 하던 중, 운행중이던 ITX새마을열차에 충돌하여 1명 사망 및 2명 부상",기타 차량(열차/기차),비정형 작업(정비·보수),『설비를 정지시키지 않거나 전원을 차단하지 않은 상태』에서 정비·보수·청소 등의 작업을 하다가 끼이거나 말림,"▶ 설비 가동중 이물질 제거 등이 발생할 수 있는 생산작업을 분석하고 근원적 접근방지대책 수립
▶ 끼임재해 우려가 있어 가동정지 후 작업이 필요한 설비 목록화→LOTO(Lock Out,  Tag Out) 대상 확정·시행 
▶ 작업 절차에 대해 근로자 교육실시"
2019-91-11-001,제조업,화학및고무제품제조업,기타화학제품제조업,2019년 1월경 OO사업장 탱크 제조 공정에서 재해자가 탱크 공압시험을 위해 작업 중 탱크가 파열되면서 설비 위에 있던 근로자가 떨어져 사망,분류 불가,위험물질 취급 또는 그 장소에서 수행하는 작업,『작업을 위해 밟고 있던 구조물이 파손되거나 균형을 잃기 쉬운 불안한 자세』로 작업하여 넘어지거나 떨어짐,"▶ 안전난간이 설치된 작업발판을 설치·사용
▶ 고소작업대 사용 또는 3.5m미만은 A자형 사다리 사용(2인1조) 관리
▶ 안전대 및 안전모 지급·착용 등 관리감독자 확인"
2019-91-11-003,임업,임업,벌목업,2019년 5월경 OO현장 인근에서 위험목 제거작업 중 재해자 방향으로 벌도목이 넘어가 가슴부위를 맞고 사망,나무(벌도목),벌목·조재 작업,"『벌도목이 의도하지 않은 방향으로 쓰러지거나, 주변 장애물에 걸려』 작업자 방향으로 쓰러지면서 안면 또는 머리를 가격(부딪힘)","▶ 벌목 작업 시에는 사전에 대피장소를 정하여 작업 실시
▶ 충분한 안전거리를 확보하여, 다른 작업자와 동시에 작업 금지"
2019-91-11-004,임업,임업,영림업,2019년 6워령 OO면 일대 벌목현장에서 재해자가 벌목작업을 하던 중 벌도목이 넘어가면서 벌도목 상부 덩굴에 얽혀있던 주변 수목이 뿌리째 뽑혀 넘어가면서 재해자의 머리를 강타해 사망,나무(벌도목),벌목·조재 작업,"『벌도목이 의도하지 않은 방향으로 쓰러지거나, 주변 장애물에 걸려』 작업자 방향으로 쓰러지면서 안면 또는 머리를 가격(부딪힘)","▶ 벌목 작업 시에는 사전에 대피장소를 정하여 작업 실시
▶ 충분한 안전거리를 확보하여, 다른 작업자와 동시에 작업 금지"
2019-91-11-005,제조업,기계기구·금속·비금속광물제품제조업,기타금속제품제조업또는금속가공업," 2019년 7월 OO공장에서 재해자가 화재의 진화 상태를 확인하기 위해, 재해자가 지붕 위에 올라갔다가 화재 지점에 발이 빠지며 높이 13.2m에서 떨어져 사망.",지붕·대들보(선라이트/채광창),"설비 위, 지붕 등 높은 장소에서의 작업",『작업을 위해 밟고 있던 구조물이 파손되거나 균형을 잃기 쉬운 불안한 자세』로 작업하여 넘어지거나 떨어짐,"▶ 안전난간이 설치된 작업발판을 설치·사용
▶ 고소작업대 사용 또는 3.5m미만은 A자형 사다리 사용(2인1조) 관리
▶ 안전대 및 안전모 지급·착용 등 관리감독자 확인"
2019-91-11-006,기타의사업,시설관리및사업지원서비스업,위생및유사서비스업,"2019년 9월경 사업장 내에서 재해자가 컨베이어 벨트 위의 모터를 수리하기 위하여 굴삭기 버켓을 타고 올라가 작업을 하던 중, 약 6.5m 아래로 떨어져 사망",굴착기(백호우),건설기계를 사용하는 작업,"지게차 포크, 파렛트, 굴삭기 버킷에 탑승하여 높은 장소로 승강하는 등 『설비를 주용도(하역운반장치) 외로 사용』하여 떨어짐","▶ 중량물 제작 작업 등 생산용도에 사용금지
▶ 전동교체 시 고소작업대 사용 및 운전석 외 탑승금지"
2019-91-11-007,제조업,기계기구·금속·비금속광물제품제조업,"가정용,사무용,서비스용기계기구제조업", 2019년 7월 OO공장 재해자가 고소작업대에 탑승하여 판넬을 내리던 중 판넬이 넘어지면서 판넬과 고소작업대 안전난간 사이에 머리가 협착되어 사망,고소작업대(시저형/렌탈),고소작업대 사용 작업,『화물의 무게가 한쪽으로 치우쳐진 상태 등』 적재상태가 불량한 화물이 무너지면서 맞거나 깔림,"▶ 전도·낙하 방지를 위해 중량물 제거 후 작업
▶ 중량물 고정 실시 후 수리작업 실시"
2019-91-51-001,운수창고통신업,철도·항공·창고·운수관련서비스업,운수부대서비스업,"2019년 6월경 컨테이너 야적장에서 재해자가 야적장을 순회점검 하던 중, 컨테이너를 운반하기 위해 작업 중이던 하역차량(Reach Stacker) 뒷바퀴에 깔려 사망",기타 차량[리치 스태커(Reach Stacker)],작업장소 통행/이동,『근로자와 작업차량 간 이동동선(통행로)를 구분하지 않은 상태』에서 근로자가 작업차량에 부딪히거나 깔림 또는 주변 구조물과 차량사이에 끼임,"▶ 주문량 증가로 제품 적재공간 확대에 따라 지게차 작업구역이 확대, 지게차 운행 구역과 근로자 작업장소를 별도로 구획 실시
▶ 지게차 이용 중량물 취급에 대한 작업계획서 작성(작업방법, 운행경로, 근로자와 지게차 혼재 작업 여부 등)
▶ 혼재 작업 시 작업지휘자 또는 유도자 배치"
2019-91-51-002,기타의사업,도소매·음식·숙박업,도소매및소비자용품수리업,"2019년 11월결 유통 사업장 내에서 재해자가 냉장식품을 지상3층에서 지상1층으로 운반하기 위하여 리프트에 탑승하여 이동하던 중, 2층 바닥 보와 리프트 운반구 상부 프레임(천장) 사이에 협착되어 사망",리프트(간이리프트),리프트 관련 작업,『화물용 리프트(또는 기계식 주차장) 운반구에 탑승하여 작업 또는 이동』하다가 승강로 내부 구조물과 운반구 사이에 끼이거나 그 사이 개구부로 떨어짐,"▶ 기동장치에 잠금장치, 표지판 부착
▶ 출입문 연동장치, 비상정지스위치 등 기능 유지 관리
▶ 승강기 이상발생 시 임의 수리 금지"
2019-92-11-001,제조업,기계기구·금속·비금속광물제품제조업,석재및석공품제조업,2019년 1월 OO작업장 재해자가 바닥면에 돌출된 요철부위에 발이 걸려 넘어지면서 바닥과 안전난간의 중간대 사이로 몸이 빠져 3.7m 아래의 지면으로 추락하여 사망.,분류 불가,작업장소 통행/이동,"『미끄러운 상태의 바닥(오일, 빙판 등)을 밟거나 바닥의 요철부』에 걸려 넘어지면서 머리를 부딪히거나 떨어짐","▶ 바닥에 존재하는 기름기 등 제거 조치
▶ 유분 비산을 방지하기 위한 가림판 설치"
2019-92-11-002,제조업,기계기구·금속·비금속광물제품제조업,기타비금속광물제품제조업,2019년 1월 OO공장 높이 약 3.7m 구조체 위에 재해자가 탑승하여 줄걸이 및 양중상태를 확인하기 위해 이동 하던 중 재해자가 몸의 중심을 잃고 바닥으로 추락해 사망,분류 불가,"크레인(천장주행, 갠트리, 지브 등) 사용 작업",『운반하는 물체를 밟고 올라선 상태』에서 줄걸이 체결 또는 줄걸이 상태를 확인하다 균형을 잃고 떨어짐,"▶ 안전난간이 설치된 작업발판을 설치·사용
▶ 적재장소 주변 안전난간 적정 설치상태 관리
▶ 안전대 및 안전모 지급·착용 등 관리감독자 확인"
2019-92-11-003,제조업,기계기구·금속·비금속광물제품제조업,자동차및모터사이클수리업,2019년 3월 OO공장 내에서 덤프트럭 수리중 적재함 하부에서 정비작업 중이던 재해자가 상향 적재함이 하향으로 내려오며 사망한 재해.,화물운반트럭(덤프트럭),비정형 작업(정비·보수),『매달아 올리거나 적재 상태가 불량한 물체』가 떨어지거나 무너지면서 맞거나 깔림,"▶ 주변의 중량물로 인한 깔림 방지를 위해 중량물 제거 후 작업
▶ 중량물 지지대 설치 후 수리·교체작업 실시"
2019-92-11-004,제조업,기계기구·금속·비금속광물제품제조업,각종금속의용접또는용단을행하는사업,2019년 4월 재해자가 천장크레인으로 양중작업 준비 중 지면에 적치되어 있던 코일이 전도되며 재해자가 협착되어 사망함_x000D_,적재물(코일),상하차 작업 또는 적재된 화물,『화물의 무게가 한쪽으로 치우쳐진 상태 등』 적재상태가 불량한 화물이 무너지면서 맞거나 깔림,"▶ 전도·낙하 방지를 위해 중량물 제거 후 작업
▶ 중량물 고정 실시 후 수리작업 실시"
2019-92-51-001,기타의사업,도소매·음식·숙박업,도소매및소비자용품수리업,"2019년 6월경 야외 작업장에서 재해자가 제활용품 출하작업을 위해 컨테이너와 도크연결 작업 중, 화물자동차가 후진하면서 화물자동차에 연결된 컨테이너와 도크사이에 끼어 사망",화물운반트럭(카고트럭),혼재작업(작업자-작업차량),근로자와 작업차량 간 『혼재작업 장소에서 근로자 이동과 작업차량 운행을 통제하지 않은 상태』에서 근로자가 작업차량에 부딪히나 깔림 또는 주변 구조물과 작업차량 사이에 끼임,"▶ 지게차 이용 중량물 취급에 대한 작업계획서 작성(작업방법, 운행경로, 근로자와 지게차 혼재 작업 여부 등)
▶ 혼재 작업 시 작업지휘자 또는 유도자 배치"
2019-92-51-002,기타의사업,도소매·음식·숙박업,도소매및소비자용품수리업,"2019년 11월경 창고에서 재해자가 창고 내부를 청소하기 위해 A형 사다리 최상부 발판에 올라가 작업을 준비하던 중, 몸의 중심을 잃고 약 1.87m 아래로 떨어져 사망",사다리(이동식/A형),사다리를 이용한 작업 또는 통행,『사다리 위에 올라가 작업』하던 중 균형을 잃고 머리부터 바닥으로 떨어짐,"▶ 3.5m 미만 작업 시 A자형 사다리만 사용(2인1조)
▶ 아웃트리거 설치 및 안전대, 안전모 등 개인보호구 착용"
2019-93-11-001,제조업,기계기구·금속·비금속광물제품제조업,기타금속제품제조업또는금속가공업,2019년 1월 OO공장에서 방호덮개가 설치되어 있지 않은 핸드그라인더가 재해자 방향으로 튀면서 재해자가 착용하고 있던 넥워머가 연삭숫돌에 감겨 질식 사망.,수공구(핸드 그라인더),그라인더 등 수공구를 사용하는 작업,『말릴 위험이 있는 옷이나 장갑을 착용하고 회전축에 근접하여 작업』해 손이나 팔이 말려 절단,"▶ 목장갑 등 사용 시 손이 말려 들어갈 위험이 있음을 근로자에게 교육하고, 밀착형 가죽장갑 등을 지급하여 착용하도록 조치"
2019-93-11-002,제조업,화학및고무제품제조업,플라스틱가공제품제조업,2019년 3월경 OO사업장 플라스틱 제품 성형공정에서 재해자가 사출성형기 내부 점검 중 금형 사이에 끼여 사망,사출성형기,비정형 작업(점검),『설비를 정지시키지 않거나 전원을 차단하지 않은 상태』에서 정비·보수·청소 등의 작업을 하다가 끼이거나 말림,"▶ 설비 가동중 이물질 제거 등이 발생할 수 있는 생산작업을 분석하고 근원적 접근방지대책 수립
▶ 끼임재해 우려가 있어 가동정지 후 작업이 필요한 설비 목록화→LOTO(Lock Out,  Tag Out) 대상 확정·시행 
▶ 작업 절차에 대해 근로자 교육실시"
2019-93-11-003,제조업,기계기구·금속·비금속광물제품제조업,제강압연업,2017년 7월 OO공장에서 작업자 두명이 천장주행 크레인에 달아올린 벨트 컨베이어에 올라탄 천장주행 크레인을 주행하려다 벨트 컨베이어가 기울어지면서 약 2.5m 아래 바닥으로 떨어져 2명이 부상,크레인(천장주행크레인),"크레인(천장주행, 갠트리, 지브 등) 사용 작업",『운반하는 물체를 밟고 올라선 상태』에서 줄걸이 체결 또는 줄걸이 상태를 확인하다 균형을 잃고 떨어짐,"▶ 안전난간이 설치된 작업발판을 설치·사용
▶ 적재장소 주변 안전난간 적정 설치상태 관리
▶ 안전대 및 안전모 지급·착용 등 관리감독자 확인"
2019-93-11-004,제조업,기계기구·금속·비금속광물제품제조업,일반산업용기계장치제조업,2019년 4월 OO공장에서 재해자가 사출성형기(블로우몰딩머신)를 시운전하던 중 금형과 금형 사이에 가슴이 끼어 사망,사출성형기(블로우몰딩머신),비정형 작업(시운전),"『설비에 안전장치가 설치되어 있지 않거나, 설치된 안전장치를 무력화한 상태』로 사용하던 중 말리거나 끼임","▶ 방호장치 작동불량 등 이상시 관리감독자 등에게 선보고 및 조치 후 작업 재개가 당연한 안전문화 구축　
▶ 작업 전 광전자식 방호장치 정상 여부 확인 "
2019-93-11-005,제조업,기계기구·금속·비금속광물제품제조업,자동차및모터사이클수리업,2019년 4월 OO 공장 내에서 덤프트럭의 적재함 하부에서 작업 중 적재함이 갑자기 아래방향으로 하강하여 차량 본체와 적재함 사이에 협착되어 사망.,화물운반트럭(덤프트럭),비정형 작업(정비·보수),"『들어올린 설비의 고정상태 불량, 안전블록·지지대 미설치』로 설비 하부에서 작업 중 갑자기 설비가 내려앉아 끼이거나 깔림","▶ 중량물 이동방지용 지지대 추가 설치
▶ 갑작스런 이동방지를 위한 중량물 위치 변경
▶ 낙하물에 대비한 방망 또는 울 설치후 작업"
2019-93-11-006,제조업,기계기구·금속·비금속광물제품제조업,일반산업용기계장치제조업,2019년 4월 OO사업장에서 재해자가 사일로를 눕혀놓은 상태에서 도장작업을 하던 중 사일로가 굴러 그 아래 깔려 사망,가공물(사일로),용접·절단·사상 또는 도장 작업,『매달아 올리거나 적재 상태가 불량한 물체』가 떨어지거나 무너지면서 맞거나 깔림,"▶ 주변의 중량물로 인한 깔림 방지를 위해 중량물 제거 후 작업
▶ 중량물 지지대 설치 후 수리·교체작업 실시"
2019-93-11-007,제조업,화학및고무제품제조업,플라스틱가공제품제조업,2017년 5월경 OO사업장 출하장에서 재해자가 작업용 리프트를 이용하여 제품을 운반하는 중 와이어로프가 파단되어 아래로 떨어져 다수의 근로자가 부상을 입음,줄걸이기구(와이어로프),리프트 관련 작업,"설비를 정기적으로 유지·관리 및 점검하지 않아 『설비의 주요 구조부분(용접부, 볼트 등)에 균열·변형·부식·마모·탈락 등이 발생』하여 재해발생 위험",▶ 설비·구조물 상태 정기적 점검 및 예방 관리
2019-93-11-008,제조업,기계기구·금속·비금속광물제품제조업,기타금속제품제조업또는금속가공업,2017년 4월 OO공장 재해자들이 권상용 호이스트 설치 중 작업발판이 기울어져 몸의 중심을 잃고 약 7m 아래로 추락하여 부상당,분류 불가,"설비 위, 지붕 등 높은 장소에서의 작업",『작업을 위해 밟고 있던 구조물이 파손되거나 균형을 잃기 쉬운 불안한 자세』로 작업하여 넘어지거나 떨어짐,"▶ 안전난간이 설치된 작업발판을 설치·사용
▶ 고소작업대 사용 또는 3.5m미만은 A자형 사다리 사용(2인1조) 관리
▶ 안전대 및 안전모 지급·착용 등 관리감독자 확인"
2019-93-11-009,제조업,기계기구·금속·비금속광물제품제조업,제강압연업,2019년 3월 OO공장 내 컨베이어 점검 등을 수행하던 재해자의 신체가 광센서에 감지되면서 몰드 푸셔가 작동하여 몰드 푸셔와 컨베이어에 끼여 사망.,자동화설비(몰드 푸셔),비정형 작업(점검),『설비를 정지시키지 않거나 전원을 차단하지 않은 상태』에서 정비·보수·청소 등의 작업을 하다가 끼이거나 말림,"▶ 설비 가동중 이물질 제거 등이 발생할 수 있는 생산작업을 분석하고 근원적 접근방지대책 수립
▶ 끼임재해 우려가 있어 가동정지 후 작업이 필요한 설비 목록화→LOTO(Lock Out,  Tag Out) 대상 확정·시행 
▶ 작업 절차에 대해 근로자 교육실시"
2019-93-11-010,기타의사업,도소매·음식·숙박업,도소매및소비자용품수리업,"2019년 5월경 사업장 내에서 재해자가 연신기의 연신롤러에 감겨 절사된 원사들을 수공구로 제거하기 위해 작업을 하던 중, 연신롤러에 팔이 말리면서 사망",생산설비(연신기),비정형 작업(이물질 제거·청소),『설비를 정지시키지 않거나 전원을 차단하지 않은 상태』에서 정비·보수·청소 등의 작업을 하다가 끼이거나 말림,"▶ 설비 가동중 이물질 제거 등이 발생할 수 있는 생산작업을 분석하고 근원적 접근방지대책 수립
▶ 끼임재해 우려가 있어 가동정지 후 작업이 필요한 설비 목록화→LOTO(Lock Out,  Tag Out) 대상 확정·시행 
▶ 작업 절차에 대해 근로자 교육실시"
2019-93-11-011,제조업,목재및종이제품제조업,골판지및종이용기제조업,2019년 7월 골판지공장에서 재해자가 지게차를 운전하여 골판지 원단을 2단 적재하는 과정에서 균형을 잃고 쓰러지려하는 상부 원단을 손으로 지지하려는 순간 신체로 지게차 틸트레버를 작동시켜 지게차 마스트와 프레임 사이에 끼임,지게차,지게차를 사용하는 작업,"『설비를 오조작』하여 갑자기 작동한 설비의 구동부에 끼이거나 말림, 절단","▶ 설비 조작스위치, 판넬 등에 조작 스위치의 기능(정지, 작동, 수동, 반자동, 자동, 역회전 등) 표시
▶ 생산 설비의 불시 가동을 방지하기 위한 LOTO(Lock Out_잠금장치, Tag Out_점검 중 꼬리표)제도 시행
▶ 작업자간 의사소통 방안 수립 및 실시"
2019-93-11-012,기타의사업,주한미군,주한미군,"2019년 8월경 창고 주차장에서 재해자가 이동식 크레인의 줄걸이용 와이어로프가 주변 차량에 부딪히는 것을 방지하기 위해 손으로 붙잡고 있던 중, 이동식크레인 운전자가 차량을 오조작하여 차량이 전진하여 이동식크레인과 그 앞의 차량 사이에 끼어 사망",크레인(이동식크레인/카고크레인),"이동식 크레인(카고 크레인, 집게차)을 사용한 작업","『설비를 오조작』하여 갑자기 작동한 설비의 구동부에 끼이거나 말림, 절단","▶ 설비 조작스위치, 판넬 등에 조작 스위치의 기능(정지, 작동, 수동, 반자동, 자동, 역회전 등) 표시
▶ 생산 설비의 불시 가동을 방지하기 위한 LOTO(Lock Out_잠금장치, Tag Out_점검 중 꼬리표)제도 시행
▶ 작업자간 의사소통 방안 수립 및 실시"
2019-93-11-013,제조업,기계기구·금속·비금속광물제품제조업,철강또는비철금속주물제조업,2019년 8월 천장주행 크레인으로 하부 바닥에 떨어진 개구부 덮개를 권상하던 중 탈사기 측면 철구조물에 걸려있던 인장된 체인슬링의 훅이 철구조물에서 이탈하면서 재해자 얼굴을 쳐서 사망.,줄걸이기구(훅),"크레인(천장주행, 갠트리, 지브 등) 사용 작업",훅해지장치가 없는 등 『줄걸이가 훅에서 이탈』해 떨어지는 화물에 부딪히거나 깔림,"▶ 인양하중 및 화물의 형태를 고려하여 체인블록의 훅을 선정
▶ 훅과 훅 해지장치 등을 상시 점검하여 사용하고, 이상 시 폐기 처리"
2019-93-11-014,제조업,기계기구·금속·비금속광물제품제조업,철강또는비철금속주물제조업,2019년 10월 OO공장 지붕에서 재해자가 지붕 썬라이트 파손으로 약 12m 아래 공장바닥으로 추락하여 사망.,지붕·대들보(선라이트/채광창),"설비 위, 지붕 등 높은 장소에서의 작업",『작업을 위해 밟고 있던 구조물이 파손되거나 균형을 잃기 쉬운 불안한 자세』로 작업하여 넘어지거나 떨어짐,"▶ 안전난간이 설치된 작업발판을 설치·사용
▶ 고소작업대 사용 또는 3.5m미만은 A자형 사다리 사용(2인1조) 관리
▶ 안전대 및 안전모 지급·착용 등 관리감독자 확인"
2019-93-11-015,제조업,목재및종이제품제조업,지류제조업,2019년 11월 지류공장에서 재해자가 초지기 리와인더에 끊어진 원지를 테이핑하고 재가동 후 이음표시를 하던 중 회전하는 드럼과 원지 사이에 끼임,생산설비(리와인더),비정형 작업(시운전),『설비를 정지시키지 않거나 전원을 차단하지 않은 상태』에서 정비·보수·청소 등의 작업을 하다가 끼이거나 말림,"▶ 설비 가동중 이물질 제거 등이 발생할 수 있는 생산작업을 분석하고 근원적 접근방지대책 수립
▶ 끼임재해 우려가 있어 가동정지 후 작업이 필요한 설비 목록화→LOTO(Lock Out,  Tag Out) 대상 확정·시행 
▶ 작업 절차에 대해 근로자 교육실시"
2019-93-11-016,제조업,수제품및기타제품제조업,기타각종제조업,2019년 11월 건설재공장에서 재해자가 샌드위치 판넬 제작 후 남은 스티로폼을 분쇄기에 투입하는 과정에서 분쇄기가 원활하게 작동하지 않아 투입구의 스티로폼을 누르는 순간 분쇄기 내부로 추락하여 끼임,분쇄·파쇄기,원료 투입 작업,"『별도의 수공구 없이 설비의 구동부에 근접하여 작업』하다가 구동부에 끼이거나 말림, 절단","▶ 광전자, 양수조작식 등 방호장치 설치 및 기능유지 철저
▶ 재료투입용 보조기구 및 사용상태 철저 관리"
2019-93-11-017,제조업,화학및고무제품제조업,고무제품제조업,2019년 12월경 OO사업장 고무제품 제조공정에서 재해자가 사출성형기 내부 이물질 제거 작업 중 동작하는 성형기 내부에 끼여 사망,사출성형기,비정형 작업(이물질 제거·청소),『설비를 정지시키지 않거나 전원을 차단하지 않은 상태』에서 정비·보수·청소 등의 작업을 하다가 끼이거나 말림,"▶ 설비 가동중 이물질 제거 등이 발생할 수 있는 생산작업을 분석하고 근원적 접근방지대책 수립
▶ 끼임재해 우려가 있어 가동정지 후 작업이 필요한 설비 목록화→LOTO(Lock Out,  Tag Out) 대상 확정·시행 
▶ 작업 절차에 대해 근로자 교육실시"
2019-93-11-018,제조업,기계기구·금속·비금속광물제품제조업,원동기제조업,2019년 12월 OO 공장 OO 소속 재해자가 크레인을 조작하여 수평을 조절하는 과정에서 줄걸이가 끊어지면서 보일러 판넬에 끼어 재해가 발생함.,줄걸이기구(섬유로프/슬링벨트),"크레인(천장주행, 갠트리, 지브 등) 사용 작업","『줄걸이 기구의 용접 불량, 마모, 변형, 손상』으로 인해 운반하는 화물이 떨어지면서 부딪히거나 그 아래 깔림","▶ 설비·구조물 상태 정기적 점검 및 예방 관리
▶ 와이어로프 손상 시 즉시 교체하여 사용"
2019-93-51-001,기타의사업,주한미군,주한미군,"2019년 3월경 창고 지붕보수 현장에서 재해자가 하수처리장 스크류 펌프에 떨어진 판넬마감재(플래싱)를 꺼내기 위해 들어갔다가, 스크류에 끼여 사망",분류 불가,비정형 작업(이물질 제거·청소),『설비를 정지시키지 않거나 전원을 차단하지 않은 상태』에서 정비·보수·청소 등의 작업을 하다가 끼이거나 말림,"▶ 설비 가동중 이물질 제거 등이 발생할 수 있는 생산작업을 분석하고 근원적 접근방지대책 수립
▶ 끼임재해 우려가 있어 가동정지 후 작업이 필요한 설비 목록화→LOTO(Lock Out,  Tag Out) 대상 확정·시행 
▶ 작업 절차에 대해 근로자 교육실시"
2019-99-11-002,제조업,화학및고무제품제조업,기타화학제품제조업,2019년 5월경 OO사업장 반응공정에서 재해자가 반응기 주변에서 작업 중 반응기에서 폭발이 발생하여 사망,생산설비(반응기),위험물질 취급 또는 그 장소에서 수행하는 작업,"『반응을 제어할 연동장치가 없고, 작업절차 없이 작업자의 경험에만 의존한 공정 운영』으로 화재·폭발·누출 위험","▶ 작업절차 수립하고 작업자 교육 실시
▶ 안전밸브, 파열판 설치 및 계측장치 유지 관리 
▶ 반응 억제제 투입 설비 설치 및 비상대피훈련 실시"
2019-99-11-003,제조업,식료품제조업,수산식료품제조업,2019년 9월경 재해자가 폐수 집수조 내부에 들어가 점검하던 중 황화수소에 중독되어 사망,유해가스(황화수소),"피트, 맨홀, 오·폐수 처리시설 등 밀폐된 장소에서 작업",『산소·가소농도 미측정 및 송풍기를 이용한 강제환기 미실시』로 불활성 가스 또는 유해가스에 의한 산소결핍·질식·중독,"▶ 가스농도측정기로 적정공기 상태 선 확인
▶ 환기팬 등으로 환기 실시 후 작업을 실시
▶ 밀폐공간 출입금지 위험 표시"
2019-99-12-001,제조업,화학및고무제품제조업,화약및성냥제조업,2019년 2월경 OO사업장 추진체 제조공정에서 재해자가 추진체 제조 중 점화되어 폭발이 발생하여 다수의 근로자가 사망,인화성물질,위험물질 취급 또는 그 장소에서 수행하는 작업,"『작업장소에서 취급하는 위험물질 및 관리되지 않는 점화원(아크, 정전기 등)』으로 인해 화재·폭발","▶ 위험장소 주변 용접 및 사상작업 금지 등 점화원 관리
▶ 용접불티 비산방지덮개 또는 용접방화포 조치"
2019-99-51-001,기타의사업,도소매·음식·숙박업,도소매및소비자용품수리업,"2019년 5월경 계근대 보수작업 현장에서 재해자 3명이 계근대 하부 피트에 출입하여 보수작업을 하던 중, 피트 내부에 체류한 페인트 증기가 폭발하여 2명 사망, 1명 부상 ",인화성물질,위험물질 취급 또는 그 장소에서 수행하는 작업,『작업장소 또는 그 주변엥서 취급하는 위험물질을 파악 및 제거하지 않은 상태』에서 작업하여 화재·폭발·질식 위험,"▶ 위험물질에 대한 MSDS 비치 및 근로자 교육
▶ 공급원재료의 종류, 공급되는 설비명 표시
▶ 가스검지 및 경보장치·긴급차단장치 및 방유제 설치"
2020-11-11-001,제조업,기계기구·금속·비금속광물제품제조업,일반산업용기계장치제조업,2020년 9월 재해자가 트럭 적재함에서 내리기 위한 준비작업 중 전기 가마가 재해자쪽으로 떨어지면서 가마에 깔려 사망,적재물(전기 가마),상하차 작업 또는 적재된 화물,『화물의 무게가 한쪽으로 치우쳐진 상태 등』 적재상태가 불량한 화물이 무너지면서 맞거나 깔림,"▶ 전도·낙하 방지를 위해 중량물 제거 후 작업
▶ 중량물 고정 실시 후 수리작업 실시"
2020-11-51-001,운수창고통신업,철도·항공·창고·운수관련서비스업,항공운수지원서비스업,"2020년 3월경 캐노피 지붕 위에서 재해자가 캐노피 상부를 닦기 위해 지붕 위에서 청소 작업 중, 지붕 단부 빗물받이에 실족하여 지상으로 떨어져 사망",분류 불가,"설비 위, 지붕 등 높은 장소에서의 작업",『작업을 위해 밟고 있던 구조물이 파손되거나 균형을 잃기 쉬운 불안한 자세』로 작업하여 넘어지거나 떨어짐,"▶ 안전난간이 설치된 작업발판을 설치·사용
▶ 고소작업대 사용 또는 3.5m미만은 A자형 사다리 사용(2인1조) 관리
▶ 안전대 및 안전모 지급·착용 등 관리감독자 확인"
2020-11-51-002,기타의사업,시설관리및사업지원서비스업,건물등의종합관리사업,"20년 7월경 주차장에서 재해자가 소방유도등 수리를 위해 A형 사다리 위에서 수리작업 중, 중심을 잃고 바닥으로 떨어져 사망",사다리(이동식/A형),사다리를 이용한 작업 또는 통행,『사다리 위에 올라가 작업』하던 중 균형을 잃고 머리부터 바닥으로 떨어짐,"▶ 3.5m 미만 작업 시 A자형 사다리만 사용(2인1조)
▶ 아웃트리거 설치 및 안전대, 안전모 등 개인보호구 착용"
2020-11-51-003,기타의사업,도소매·음식·숙박업,도소매및소비자용품수리업,"2019년 8월경 저장소에서 재해자가 리어카를 이용하여 폐박스를 저장소에 투입하던 중, 폐박스 저장소 구덩이에 리어카와 함께 추락하여 사망",분류 불가,인력 운반 작업,무거운 물체를 운반하던 중 『바닥의 요철부』에 걸려 넘어지면서 떨어지거나 바닥에 머리가 부딪힘,"▶ 작업구간 바닥상태 평탄화 조치
▶ 폭 넓은 운반용구로 구입·변경 조치
▶ 이동통로 상 바닥에 이물질 등 제거 조치"
2020-11-51-004,기타의사업,시설관리및사업지원서비스업,건물등의종합관리사업,"2020년 10월경 재해자가 천장부의 전선정리를 위해 목재로 제작된 이동식사다리 2단(62cm)에서 작업 중, 중심을 잃고 떨어져 사망",사다리(이동식/A형),사다리를 이용한 작업 또는 통행,『사다리 위에 올라가 작업』하던 중 균형을 잃고 머리부터 바닥으로 떨어짐,"▶ 3.5m 미만 작업 시 A자형 사다리만 사용(2인1조)
▶ 아웃트리거 설치 및 안전대, 안전모 등 개인보호구 착용"
2020-11-51-005,기타의사업,전문·보건·교육·여가관련서비스업,교육서비스업,"2020년 9월경 환풍구 위에서 재해자가 환풍구 위를 이동하던 중, 개구부에 덮어둔 나무판자가 파손되면서 3.45m 아래로 떨어져 사망",분류 불가,작업장소 통행/이동,『작업을 위해 밟고 있던 구조물이 파손되거나 균형을 잃기 쉬운 불안한 자세』로 작업하여 넘어지거나 떨어짐,"▶ 안전난간이 설치된 작업발판을 설치·사용
▶ 고소작업대 사용 또는 3.5m미만은 A자형 사다리 사용(2인1조) 관리
▶ 안전대 및 안전모 지급·착용 등 관리감독자 확인"
2019-22-51-001,기타의사업,도소매·음식·숙박업,도소매및소비자용품수리업,2019년 7월경 재해자가 석재 고정 작업을 하기 위해 굴착기를 이용해 작업을 하던 중 석재가 균형을 잃고 넘어져 석재에 깔려 사망,적재물(석재),건설기계를 사용하는 작업,『매달아 올리거나 적재 상태가 불량한 물체』가 떨어지거나 무너지면서 맞거나 깔림,"▶ 주변의 중량물로 인한 깔림 방지를 위해 중량물 제거 후 작업
▶ 중량물 지지대 설치 후 수리·교체작업 실시"
2020-12-11-002,기타의사업,시설관리및사업지원서비스업,건물등의종합관리사업,"2019년 4월경 지하주차장에서 재해자가 2명중 재해자1 이 생활하수관 세정작업 후 A형 사다리 위에서 해당 배관을 파이프 행거로 고정하던 중, 갑자기 생활하수가 쏟아져 균형을 잃고 떨어지며 옆에서 일자형 사다리에서 작업 중이던 재해자2도 함께 균형을 잃고 떨어져 부상",사다리(이동식/A형),사다리를 이용한 작업 또는 통행,『사다리 위에 올라가 작업』하던 중 균형을 잃고 머리부터 바닥으로 떨어짐,"▶ 3.5m 미만 작업 시 A자형 사다리만 사용(2인1조)
▶ 아웃트리거 설치 및 안전대, 안전모 등 개인보호구 착용"
2020-12-21-021,기타의사업,도소매·음식·숙박업,도소매및소비자용품수리업,"2020년 10월경 방수공사 현장에서 재해자가 인근 건물 담장에 있던 중, 차량의 원활한 통행을 위해 앞으로 이동 중에 있던 고소작업대(차량탑재형)의 아웃트리거(펼쳐진 상태)와 인근 건물 담장 사이에 끼어 사망",차량탑재형 고소작업대(스카이),고소작업대 사용 작업,"『설비에 안전장치가 설치되어 있지 않거나, 설치된 안전장치를 무력화한 상태』로 사용하던 중 말리거나 끼임","▶ 방호장치 작동불량 등 이상시 관리감독자 등에게 선보고 및 조치 후 작업 재개가 당연한 안전문화 구축　
▶ 작업 전 광전자식 방호장치 정상 여부 확인 "
2020-12-51-001,기타의사업,시설관리및사업지원서비스업,건물등의종합관리사업,"2020년 1월경 공사현장에서 재해자가 당직순찰을 위해 현장을 순회하던 중, 벽체에 Dry Area(환기 등을 위해 지하의 외벽을 따라 판 공기통로)로 통하는 개구부를 발견하고 확인하기 위해 개구부 내부로 들어갔다가 약 20m 아래로 떨어져 사망",분류 불가,작업장소 통행/이동,이동 중 『어두운 장소의 요철부』에 걸려 넘어지거나 실족하여 떨어짐,"▶ 바닥에 존재하는 기름기 등 제거 조치
▶ 유분 비산을 방지하기 위한 가림판 설치"
2020-12-51-003,기타의사업,부동산업및임대업,부동산업,2020년 11월경 건물관리 업무를 하는 재해자가 소변감지기 센서 고장 수리 요청을 받고 자동차용 엘리베이터 승강로 상부공간에 있는 급수차단밸브를 작업하기 위해 자동차용 엘리베이터 상부에서 A형 사다리를 이용하여 밸브 차단 작업을 하던 중 추락하여 사망,사다리(이동식/A형),사다리를 이용한 작업 또는 통행,『사다리 위에 올라가 작업』하던 중 균형을 잃고 머리부터 바닥으로 떨어짐,"▶ 3.5m 미만 작업 시 A자형 사다리만 사용(2인1조)
▶ 아웃트리거 설치 및 안전대, 안전모 등 개인보호구 착용"
2020-12-51-004,제조업,기계기구·금속·비금속광물제품제조업,일반산업용기계장치제조업,2020년 12월 OO 소속근로자가 출입문을 수동으로 개방하다가 승강장에서 엘리베이터 피트로 추락(높이 14.8m)하여 지하 바닥면에서 사망_x000D_,엘리베이터,리프트 관련 작업,『리프트의 출입문(도어)을 해체한 상태』에서 점검 및 수리작업 중 출입금지조치가 되어있지 않은 개구부(승강로)로 떨어짐,"▶ 각층 출입문에 인터록장치 등 연동장치 설치
▶ 승강로 주변은 방호울 등으로 밀폐 조치"
2020-21-11-001,제조업,목재및종이제품제조업,목재및나무제품제조업,2020년 4월 목재가공장에서 재해자가 각재목 홈파기 작업 전 위해 테이블리프트 위에 놓인 각재목 묶음(약 1.37톤)을 발판스위치로 이동하던 중 테이블 리프트와 각재목 묶음이 재해자쪽으로 넘어지면서 깔림,기타 설비(테이블 리프트),인력 운반 작업,『화물의 무게가 한쪽으로 치우쳐진 상태 등』 적재상태가 불량한 화물이 무너지면서 맞거나 깔림,"▶ 전도·낙하 방지를 위해 중량물 제거 후 작업
▶ 중량물 고정 실시 후 수리작업 실시"
2020-21-11-002,제조업,화학및고무제품제조업,합성수지제조업,2020년 4월경 OO사업장 시설 증설 공사 현장에서 재해자가 화물트럭 상부의 적재물에 올라가 하역작업 중 2미터 아래로 떨어져 사망,적재물,상하차 작업 또는 적재된 화물,『적재된 제품·재료 또는 화물 적재함 위에 올라 작업』하던 중 균형을 잃고 떨어짐,"▶ 차량 상부작업 시 작업장소 상부에 안전대 걸이설비 설치·사용
▶ 적재함에 오르내리기 위한 설비 설치·사용
▶ 작업 시 안전대, 안전모 등 보호구 착용"
2020-21-11-003,제조업,기계기구·금속·비금속광물제품제조업,철도차량제조또는수리업,2020년 8월 OO공장 재해자가 공장 지붕 보수 작업을 하던 중 선라이트를 밟고 약 9m 아래 지상으로 떨어져 사망,지붕·대들보(선라이트/채광창),"설비 위, 지붕 등 높은 장소에서의 작업",『작업을 위해 밟고 있던 구조물이 파손되거나 균형을 잃기 쉬운 불안한 자세』로 작업하여 넘어지거나 떨어짐,"▶ 안전난간이 설치된 작업발판을 설치·사용
▶ 고소작업대 사용 또는 3.5m미만은 A자형 사다리 사용(2인1조) 관리
▶ 안전대 및 안전모 지급·착용 등 관리감독자 확인"
2020-21-11-004,기타의사업,시설관리및사업지원서비스업,위생및유사서비스업,"2020년 9월경 사업장 내에서 재해자가 소각로 화격자 하부 청소를 완료하고 빠져나오던 중, 시험 가동하는 스토커와 구조물 사이에 끼어 사망",기타 설비(소각로),비정형 작업(이물질 제거·청소),『설비를 정지시키지 않거나 전원을 차단하지 않은 상태』에서 정비·보수·청소 등의 작업을 하다가 끼이거나 말림,"▶ 설비 가동중 이물질 제거 등이 발생할 수 있는 생산작업을 분석하고 근원적 접근방지대책 수립
▶ 끼임재해 우려가 있어 가동정지 후 작업이 필요한 설비 목록화→LOTO(Lock Out,  Tag Out) 대상 확정·시행 
▶ 작업 절차에 대해 근로자 교육실시"
2020-21-11-005,제조업,기계기구·금속·비금속광물제품제조업,철강및합금철제품제조업,2018년 1월 OO공장 소속 근로자가 제품이 흔들리지 않도록 트럭 적재함에 올라가 제품을 고정시키던 중 약 1.2m 높이의 지면으로 추락하여 사망,화물운반트럭(카고트럭),상하차 작업 또는 적재된 화물,『적재된 제품·재료 또는 화물 적재함 위에 올라 작업』하던 중 균형을 잃고 떨어짐,"▶ 차량 상부작업 시 작업장소 상부에 안전대 걸이설비 설치·사용
▶ 적재함에 오르내리기 위한 설비 설치·사용
▶ 작업 시 안전대, 안전모 등 보호구 착용"
2020-21-11-006,제조업,기계기구·금속·비금속광물제품제조업,시멘트제조업,2020년 11월 OO공장 내 탱크로리 상부에서 재해자가 상차한 후 이동 중 발을 헛디뎌 3.6 m 아래로 떨어져 사망.,화물운반트럭(탱크로리),작업장소 통행/이동,『설비를 밟고 올라 이동하거나 설비 사이를 뛰어넘어 이동』하다가 구조물에 다리가 걸려 넘어지거나 균형을 잃고 떨어짐,"▶ 추락위험구간에 안전난간 추가 설치
▶ 출하장소를 추락위험이 없는 장소로 위치 변경"
2020-21-11-007,제조업,화학및고무제품제조업,기타화학제품제조업,2020년 12월경 OO사업장 화학제품 제조공정에서 재해자가 원심기 내부 청소 작업 중 설비에 맞아 사망,생산설비(원심기),비정형 작업(이물질 제거·청소),"『설비에 안전장치가 설치되어 있지 않거나, 설치된 안전장치를 무력화한 상태』로 사용하던 중 말리거나 끼임","▶ 방호장치 작동불량 등 이상시 관리감독자 등에게 선보고 및 조치 후 작업 재개가 당연한 안전문화 구축　
▶ 작업 전 광전자식 방호장치 정상 여부 확인 "
2020-21-31-001,기타의사업,시설관리및사업지원서비스업,위생및유사서비스업,"2020년 8월경 정화조 지하벙커에서 재해자1 이 정화조 청소작업을 위해 내부로 들어갔다가 의식을 잃고 쓰러졌고, 재해자2 가 구조를 위해 벙커 내부로 들어갔다가 의식을 잃고 쓰려졌으며, 경비근무자가 119에 신고하여 병원으로 후송 된 후 1명 사망, 1명 부상",유해가스(황화수소),"피트, 맨홀, 오·폐수 처리시설 등 밀폐된 장소에서 작업",『산소·가소농도 미측정 및 송풍기를 이용한 강제환기 미실시』로 불활성 가스 또는 유해가스에 의한 산소결핍·질식·중독,"▶ 가스농도측정기로 적정공기 상태 선 확인
▶ 환기팬 등으로 환기 실시 후 작업을 실시
▶ 밀폐공간 출입금지 위험 표시"
2020-22-11-001,제조업,화학및고무제품제조업,플라스틱가공제품제조업,2019년 12월경 OO사업장 화학제품 제조공정에서 재해자가 압축공기를 이용하여 원료 이송작업 중 원료 드럼이 파열되며 맞아 사망,분류 불가,위험물질 취급 또는 그 장소에서 수행하는 작업,"『작업장소에서 취급하는 위험물질 및 관리되지 않는 점화원(아크, 정전기 등)』으로 인해 화재·폭발","▶ 위험장소 주변 용접 및 사상작업 금지 등 점화원 관리
▶ 용접불티 비산방지덮개 또는 용접방화포 조치"
2020-22-11-002,제조업,기계기구·금속·비금속광물제품제조업,기타금속제품제조업또는금속가공업,2020년 1월 OO작업장 내 작동하는 기계의 조정 작업 수행 중 하의가 신선기 드럼헤드에 끼여 몸이 함께 회전하면서 사망함,생산설비(신선기),비정형 작업(시운전),『말릴 위험이 있는 옷이나 장갑을 착용하고 회전축에 근접하여 작업』해 손이나 팔이 말려 절단,"▶ 목장갑 등 사용 시 손이 말려 들어갈 위험이 있음을 근로자에게 교육하고, 밀착형 가죽장갑 등을 지급하여 착용하도록 조치"
2020-22-11-003,제조업,화학및고무제품제조업,합성수지제조업,2019년 12월경 OO사업장 화학제품 제조공정에서 재해자가 원료를 분쇄기로 투입 중 분쇄기 회전날에 끼여 사망,분쇄·파쇄기,원료 투입 작업,"『별도의 수공구 없이 설비의 구동부에 근접하여 작업』하다가 구동부에 끼이거나 말림, 절단","▶ 광전자, 양수조작식 등 방호장치 설치 및 기능유지 철저
▶ 재료투입용 보조기구 및 사용상태 철저 관리"
2020-22-11-005,제조업,기계기구·금속·비금속광물제품제조업,기타금속제품제조업또는금속가공업,2020년 3월 열교환기 셀(shell)에 보강용 링을 설치하는 작업을 하던 중 갑자기 링이 이탈하면서 재해자의 머리부분을 가격하여 사망함,기타 설비(보강용 링),비정형 작업(정비·보수),"『설비 내부의 잔여 유·공압을 제거하지 않은 상태』에서 설비를 해체하여 구조물, 부속품 등이 튕겨나와 맞음","▶ 설비 점검 시 내부의 잔여 물질을 배출하여, 작업자에게 영향을 미치지 않도록 확인할 수 있는 근원적 위험방지대책 수립"
2020-22-11-006,제조업,기계기구·금속·비금속광물제품제조업,각종금속의용접또는용단을행하는사업,2020년 4월 OO공장 옥외 작업장에서 재해자가 약 1.5m 높이의 작업발판 위에서 쓰러지는 철 구조물로 인해 발목 골절 및 허리 부상을 입은 재해임,분류 불가,상하차 작업 또는 적재된 화물,『매달아 올리거나 적재 상태가 불량한 물체』가 떨어지거나 무너지면서 맞거나 깔림,"▶ 주변의 중량물로 인한 깔림 방지를 위해 중량물 제거 후 작업
▶ 중량물 지지대 설치 후 수리·교체작업 실시"
2020-22-11-007,기타의사업,시설관리및사업지원서비스업,사업서비스업,"2020년 6월경 골프장 필드에서 재해자가 그린 보수작업(볼마크 작업)을 위해 근처 연못에서 병에 물을 급수하던 중, 연못에 빠져 사망(익사)",분류 불가,작업장소 통행/이동,"『미끄러운 상태의 바닥(오일, 빙판 등)을 밟거나 바닥의 요철부』에 걸려 넘어지면서 머리를 부딪히거나 떨어짐","▶ 바닥에 존재하는 기름기 등 제거 조치
▶ 유분 비산을 방지하기 위한 가림판 설치"
2020-22-11-009,제조업,기계기구·금속·비금속광물제품제조업,자동차제조업,2020년 7월 OO공장 내 프레스에서 재해자가 스크랩을 제거하던 중 프레스가 작동하여 상금형과 하금형의 우레탄 블록 사이에 머리가 끼어 사망_x000D_,생산설비(프레스),비정형 작업(이물질 제거·청소),"『설비에 안전장치가 설치되어 있지 않거나, 설치된 안전장치를 무력화한 상태』로 사용하던 중 말리거나 끼임","▶ 방호장치 작동불량 등 이상시 관리감독자 등에게 선보고 및 조치 후 작업 재개가 당연한 안전문화 구축　
▶ 작업 전 광전자식 방호장치 정상 여부 확인 "
2020-22-11-010,기타의사업,도소매·음식·숙박업,도소매및소비자용품수리업,2020년 8월경 돈축사에서 재해자가 지붕 위(약 3.2m)에 설치된 에어컨 냉방기의 수리를 위해 폐부속품을 가지고 고정식 사다리를 내려오다가 떨어져 사망,사다리(고정식),사다리를 이용한 작업 또는 통행,『무겁거나 부피가 큰 물건을 들고 무리하게 사다리를 오르내려』 균형을 잃고 떨어짐,"▶ 사다리 시용금지 및 고소작업대 사용
▶ 중량물을 소분화하고 체인블럭 등 운반기구 사용하여 운반"
2020-22-11-011,기타의사업,부동산업및임대업,부동산업,"2020년 10월경 공동묘지에서 재해자가 석조물(비석)을 매몰하기 위해 굴착작업을 하던 중, 석조물(비석)이 넘어지면서 부딪혀 사망",적재물(석조물/비석),상하차 작업 또는 적재된 화물,『매달아 올리거나 적재 상태가 불량한 물체』가 떨어지거나 무너지면서 맞거나 깔림,"▶ 주변의 중량물로 인한 깔림 방지를 위해 중량물 제거 후 작업
▶ 중량물 지지대 설치 후 수리·교체작업 실시"
2020-72-11-004,운수창고통신업,철도·항공·창고·운수관련서비스업,육상화물취급업,"2019년 11월경 창고 내에서 재해자가 톤백을 쌓기 위해 파렛트와 비닐을 설치하는 작업 중, 톤백이 무너지면서 톤백에 깔려 사망",적재물(톤백),상하차 작업 또는 적재된 화물,『매달아 올리거나 적재 상태가 불량한 물체』가 떨어지거나 무너지면서 맞거나 깔림,"▶ 주변의 중량물로 인한 깔림 방지를 위해 중량물 제거 후 작업
▶ 중량물 지지대 설치 후 수리·교체작업 실시"
2020-22-11-013,제조업,화학및고무제품제조업,플라스틱가공제품제조업,2019년 12월경 OO사업장 압출기 제조공정에서 재해자가 공기압축기 시운전 작업 중 설비의 볼트가 파단되어 이에 맞아 사망,기타 설비(압출기 볼트),위험물질 취급 또는 그 장소에서 수행하는 작업,"설비를 정기적으로 유지·관리 및 점검하지 않아 『설비의 주요 구조부분(용접부, 볼트 등)에 균열·변형·부식·마모·탈락 등이 발생』하여 재해발생 위험",▶ 설비·구조물 상태 정기적 점검 및 예방 관리
2020-22-11-014,기타의사업,도소매·음식·숙박업,도소매및소비자용품수리업,2020년 10월경 사업장 내에서 재해자 2명이 컨테이너 화물 하역 작업을 위해 쌓아 놓은 작업발판(파렛트) 위에 올라가 하역 작업을 하는 순간 무너지는 화물에 밀려 바닥으로 떨어지며 부상,적재물,상하차 작업 또는 적재된 화물,『적재된 제품·재료 또는 화물 적재함 위에 올라 작업』하던 중 균형을 잃고 떨어짐,"▶ 차량 상부작업 시 작업장소 상부에 안전대 걸이설비 설치·사용
▶ 적재함에 오르내리기 위한 설비 설치·사용
▶ 작업 시 안전대, 안전모 등 보호구 착용"
2020-22-11-015,기타의사업,기타의각종사업,개인및가사서비스업,"2020년 11월경 남자사우나 내에서 재해자가 청소용 워터펌프 전기배선연장 작업을 위해 천장 마감재를 개방하고 점검을 하던 중, 이동식 사다리에서 바닥으로 떨어져 사망",사다리(이동식/일자형),사다리를 이용한 작업 또는 통행,『사다리 위에 올라가 작업』하던 중 균형을 잃고 머리부터 바닥으로 떨어짐,"▶ 3.5m 미만 작업 시 A자형 사다리만 사용(2인1조)
▶ 아웃트리거 설치 및 안전대, 안전모 등 개인보호구 착용"
2020-22-21-022,제조업,섬유및섬유제품제조업,기타섬유제품제조업,2020년 8월 천막설치업체 소속 재해자가 천막설치를 위해 건물 지붕에 올라 이동하던 중 떨어짐(약 3.7m),분류 불가,작업장소 통행/이동,『설비를 밟고 올라 이동하거나 설비 사이를 뛰어넘어 이동』하다가 구조물에 다리가 걸려 넘어지거나 균형을 잃고 떨어짐,"▶ 추락위험구간에 안전난간 추가 설치
▶ 출하장소를 추락위험이 없는 장소로 위치 변경"
2020-22-42-001,제조업,의약품·화장품·연탄·석유제품제조업,의약품및의약부외품제조업,2019년 5월경 OO사업장 여과공정에서 재해자가 여과기 주변에서 작업 중 여과기에서 발생한 화재로 인해 화상 재해,인화성물질,위험물질 취급 또는 그 장소에서 수행하는 작업,"『작업장소에서 취급하는 위험물질 및 관리되지 않는 점화원(아크, 정전기 등)』으로 인해 화재·폭발","▶ 위험장소 주변 용접 및 사상작업 금지 등 점화원 관리
▶ 용접불티 비산방지덮개 또는 용접방화포 조치"
2020-22-51-002,기타의사업,시설관리및사업지원서비스업,건물등의종합관리사업,2020년 3월경 아파트 부출입구 계단에서 재해자가 청소를 하던 중 실족하여 계단 아래로 넘어지면서 사망,분류 불가,작업장소 통행/이동,이동 중 『어두운 장소의 요철부』에 걸려 넘어지거나 실족하여 떨어짐,"▶ 바닥에 존재하는 기름기 등 제거 조치
▶ 유분 비산을 방지하기 위한 가림판 설치"
2020-23-11-001,제조업,기계기구·금속·비금속광물제품제조업,용융도금업,2020년 1월 OO사업장 내에서 재해자가 벽체를 해체하기 위해 지붕 위로 올라가 작업 중에 지붕이 파손되면서 약6m 아래의 FLUX조로 추락 후 사망.,지붕·대들보(샌드위치판넬),"설비 위, 지붕 등 높은 장소에서의 작업",『작업을 위해 밟고 있던 구조물이 파손되거나 균형을 잃기 쉬운 불안한 자세』로 작업하여 넘어지거나 떨어짐,"▶ 안전난간이 설치된 작업발판을 설치·사용
▶ 고소작업대 사용 또는 3.5m미만은 A자형 사다리 사용(2인1조) 관리
▶ 안전대 및 안전모 지급·착용 등 관리감독자 확인"
2020-23-11-002,제조업,기계기구·금속·비금속광물제품제조업,기타금속제품제조업또는금속가공업,2020년 3월 OO공장에서 재해자가 사업장 지붕과 인접 사업장의 창고 옥상에 걸쳐 설치한 사다리로 내려오던 중 사다리와 함께 추락하여 사망 ,사다리(이동식/일자형),사다리를 이용한 작업 또는 통행,『사다리 위에 올라가 작업』하던 중 균형을 잃고 머리부터 바닥으로 떨어짐,"▶ 3.5m 미만 작업 시 A자형 사다리만 사용(2인1조)
▶ 아웃트리거 설치 및 안전대, 안전모 등 개인보호구 착용"
2020-23-11-003,제조업,기계기구·금속·비금속광물제품제조업,자동차및모터사이클수리업,"2020년 3월 OO공장 정비고 앞에서 폐차압축기 프레임(구조물) 조립작업 중 폐차압축기 프레임 옆면과 가용접 되어있던 폐차압축기 상판이 전도되면서 2명이 사상(1명 사망, 1명 부상)",적재물(폐차압축기 부속품),상하차 작업 또는 적재된 화물,『매달아 올리거나 적재 상태가 불량한 물체』가 떨어지거나 무너지면서 맞거나 깔림,"▶ 주변의 중량물로 인한 깔림 방지를 위해 중량물 제거 후 작업
▶ 중량물 지지대 설치 후 수리·교체작업 실시"
2020-23-11-004,제조업,기계기구·금속·비금속광물제품제조업,자동차부분품제조업,2020년 4월 OO공업에서 승용차가 회사 내로 진입하던 중 뛰어나오던 재해자를 발견하지 못하고 차량으로 치어 사망 ,기타 차량(승용차),도로에서의 자동차 운전,"『차량운행 중 차량의 진행방향 및 사각지대를 확인하지 않아』근로자가 작업차량에 깔리거나, 주변 구조물과 작업차량 사이에 끼임","▶ 지게차 이용 중량물 취급에 대한 작업계획서 작성(작업방법, 운행경로, 근로자와 지게차 혼재 작업 여부 등)
▶ 혼재 작업 시 작업지휘자 또는 유도자 배치"
2020-23-11-005,기타의사업,도소매·음식·숙박업,도소매및소비자용품수리업,"2020년 5월경 상가주택에서 재해자 2명이 에어컨을 설치하기 위해 건물 외벽에 달려있는 거치대에 실외기를 운반하던 중, 발코니와 함께 떨어져 1명 사망, 1명 부상",분류 불가,"설비 위, 지붕 등 높은 장소에서의 작업",『작업을 위해 밟고 있던 구조물이 파손되거나 균형을 잃기 쉬운 불안한 자세』로 작업하여 넘어지거나 떨어짐,"▶ 안전난간이 설치된 작업발판을 설치·사용
▶ 고소작업대 사용 또는 3.5m미만은 A자형 사다리 사용(2인1조) 관리
▶ 안전대 및 안전모 지급·착용 등 관리감독자 확인"
2020-23-11-006,기타의사업,시설관리및사업지원서비스업,위생및유사서비스업,"2020년 6월경 재활용선별센터에서 재해자가 쓰레기 수거차량(압착진개트럭) 뒷편 투입구(파카)에 잔여쓰레기를 치우던 중, 회전판이 불시 작동되면서 회전판과 적재함 사이에 끼어 사망",화물운반트럭(청소차량/압착식진개차),비정형 작업(이물질 제거·청소),『작업자간 상호 소통 없이 차량을 운행』하여 작업차량 후미의 탑승자가 떨어져 깔리거나 작업차량과 주변 구조물 사이에 끼임,"▶ 지정된 탑승 장소 외에 탑승 금지
▶ 차량 이동 시 도보 또는 조수석에 탑승하여 이동 실시"
2020-23-11-007,제조업,기계기구·금속·비금속광물제품제조업,각종기계또는동부속품제조업,2020년 6월 OO센터 내 근로자가 승강로 내 고정된 사다리를 이용하여 이동하는 과정 중 엘리베이터가 작동하여 카 상부와 승강로에 고정된 사다리 사이에 끼어 사망,엘리베이터,리프트 관련 작업,『정비작업 중 작업자 외 근로자가 설비를 가동』하여 갑자기 작동된 설비에 말리거나 끼임,"▶ 생산 설비의 불시 가동을 방지하기 위한 LOTO(Lock Out_잠금장치, Tag Out_점검 중 꼬리표)제도 시행
▶ 관리감독자 확인 의무 부여"
2020-23-11-008,제조업,전기기계기구·정밀기구·전자제품제조업,전자관또는반도체소자제조업,2020년 7월 전자부품공장에서 재해자가 적층작업 중 상승하는 유압리프트 프레임과 상부 틀 사이에 끼임,테이블 리프트(높낮이 조절 작업대),비정형 작업(이물질 제거·청소),"『설비에 안전장치가 설치되어 있지 않거나, 설치된 안전장치를 무력화한 상태』로 사용하던 중 말리거나 끼임","▶ 방호장치 작동불량 등 이상시 관리감독자 등에게 선보고 및 조치 후 작업 재개가 당연한 안전문화 구축　
▶ 작업 전 광전자식 방호장치 정상 여부 확인 "
2020-23-11-009,제조업,기계기구·금속·비금속광물제품제조업,기타금속제품제조업또는금속가공업,2020년 9월 OO 작업장 내에서 재해자 옆 벽면 약 1m 60cm 높이로 적재되어 있던 철재중량물이 떨어져 재해자를 가격하여 사망.,적재물(드럼통),상하차 작업 또는 적재된 화물,『화물의 무게가 한쪽으로 치우쳐진 상태 등』 적재상태가 불량한 화물이 무너지면서 맞거나 깔림,"▶ 전도·낙하 방지를 위해 중량물 제거 후 작업
▶ 중량물 고정 실시 후 수리작업 실시"
2020-23-11-010,제조업,화학및고무제품제조업,고무제품제조업,2019년 11월경 OO사업장에서 재해자가 락카 스프레이 사용하여 마킹작업을 하던 중 폭발이 발생하여 다수의 근로자가 화상을 입음,인화성물질,위험물질 취급 또는 그 장소에서 수행하는 작업,"『작업장소에서 취급하는 위험물질 및 관리되지 않는 점화원(아크, 정전기 등)』으로 인해 화재·폭발","▶ 위험장소 주변 용접 및 사상작업 금지 등 점화원 관리
▶ 용접불티 비산방지덮개 또는 용접방화포 조치"
2020-23-11-011,제조업,식료품제조업,기타식료품제조업,2020년 10월경 재해자가 열탕조 점검을 위해 사다리를 통해 올라갔다가 내려오는 과정에 미끄러져 떨어져 사망,사다리(고정식),사다리를 이용한 작업 또는 통행,사다리 사용 시 『미끄러운 상태의 신발 또는 사다리 발판때문에 실족』하여 떨어짐,"▶ 고정형 계단을 설치하여 통행토록 조치
▶ A자형 사다리 사용 시 2인1조 및 아웃트리거 설치
▶ 운동화 착용 금지 및 안전화 착용"
2020-23-11-012,제조업,기계기구·금속·비금속광물제품제조업,기타수송용기계기구제조업,"2020년 10월 OO 현장에서 재해자가 건물외벽 썬라이트를 철거하는 작업 중 썬라이트 옆 개구부(높이 약 5.36m)에서 아래 바닥으로 추락, 사망_x000D_",분류 불가,"설비 위, 지붕 등 높은 장소에서의 작업",『이동경로에 방치된 개구부』로 떨어짐,"▶ 추락위험구간에 안전난간 추가 설치
▶ 출하장소를 추락위험이 없는 장소로 위치 변경"
2020-23-11-013,제조업,식료품제조업,음료제조업,2020년 12월경 사일로 내부에서 청소작업을 하던 중 이물질에 무너지며 매몰되어 사망,분류 불가,비정형 작업(이물질 제거·청소),『매달아 올리거나 적재 상태가 불량한 물체』가 떨어지거나 무너지면서 맞거나 깔림,"▶ 주변의 중량물로 인한 깔림 방지를 위해 중량물 제거 후 작업
▶ 중량물 지지대 설치 후 수리·교체작업 실시"
2020-23-51-001,기타의사업,도소매·음식·숙박업,도소매및소비자용품수리업,"2020년 8월경 출하 현장에서 재해자가 철제 각파이프 출하를 위하여 섬유로프를 크레인 훅에 거는 작업을 하던 중, 옆에 적재되어 있던 파이프 더미가 무너지면서 파이프 더미에 끼어 사망",적재물(파이프 더미),"크레인(천장주행, 갠트리, 지브 등) 사용 작업",『매달아 올리거나 적재 상태가 불량한 물체』가 떨어지거나 무너지면서 맞거나 깔림,"▶ 주변의 중량물로 인한 깔림 방지를 위해 중량물 제거 후 작업
▶ 중량물 지지대 설치 후 수리·교체작업 실시"
2020-24-11-001,제조업,식료품제조업,기타식료품제조업,2020년 1월경 재해자가 지게차(보행식) 발판에 탑승하여 후진하던 중 대형 트럭의 적재함과 지게차 사이에 끼여 사망,지게차,지게차를 사용하는 작업,"『차량운행 중 차량의 진행방향 및 사각지대를 확인하지 않아』근로자가 작업차량에 깔리거나, 주변 구조물과 작업차량 사이에 끼임","▶ 지게차 이용 중량물 취급에 대한 작업계획서 작성(작업방법, 운행경로, 근로자와 지게차 혼재 작업 여부 등)
▶ 혼재 작업 시 작업지휘자 또는 유도자 배치"
2020-24-11-002,제조업,수제품및기타제품제조업,지류가공제품제조업,2020년 1월 포대제조공장에서 재해자가 호첨기 투입피더 하부에 떨어진 지대를 치우기 위해 기계하부에 개방된 점검구에 왼손을 넣던 중 회전하는 기어 돌출부에 끼임,생산설비(호첨기),비정형 작업(점검),『설비를 정지시키지 않거나 전원을 차단하지 않은 상태』에서 정비·보수·청소 등의 작업을 하다가 끼이거나 말림,"▶ 설비 가동중 이물질 제거 등이 발생할 수 있는 생산작업을 분석하고 근원적 접근방지대책 수립
▶ 끼임재해 우려가 있어 가동정지 후 작업이 필요한 설비 목록화→LOTO(Lock Out,  Tag Out) 대상 확정·시행 
▶ 작업 절차에 대해 근로자 교육실시"
2020-24-11-003,제조업,기계기구·금속·비금속광물제품제조업,건설용금속제품제조업,2020년 4월 OO 작업장에서 기중기의 벨트슬링이 훅에서 이탈하여 컨테이너 상부에 탑승해 있던 재해자가 컨테이너 상부에서 콘크리트 지면으로 떨어져(높이 : 약 5 ~ 6m) 사망.,크레인(기타/건설기계/기중기),"이동식 크레인(카고 크레인, 집게차)을 사용한 작업",훅해지장치가 없는 등 『줄걸이가 훅에서 이탈』해 떨어지는 화물에 부딪히거나 깔림,"▶ 인양하중 및 화물의 형태를 고려하여 체인블록의 훅을 선정
▶ 훅과 훅 해지장치 등을 상시 점검하여 사용하고, 이상 시 폐기 처리"
2020-24-11-004,제조업,전기기계기구·정밀기구·전자제품제조업,통신기계기구또는이에관련한기계기구제조업,2020년 6월 전자부품공장 내 포장실에서 재해자가 바닥에 방치된 전선을 벽면에 고정하기 위하여 지게차 포크에 파레트를 끼운 뒤 상부작업 후 마스트를 타고 내려오던 중 재해자의 발이 틸트레버를 건드려 마스트와 헤드가드 사이에 끼임,지게차,지게차를 사용하는 작업,"지게차 포크, 파렛트, 굴삭기 버킷에 탑승하여 높은 장소로 승강하는 등 『설비를 주용도(하역운반장치) 외로 사용』하여 떨어짐","▶ 중량물 제작 작업 등 생산용도에 사용금지
▶ 전동교체 시 고소작업대 사용 및 운전석 외 탑승금지"
2020-24-11-005,기타의사업,도소매·음식·숙박업,도소매및소비자용품수리업,"2020년 7월경 사업장 내에서 재해자가 파렛트에 적재된 공병이 들어있는 종이박스를 컨베이어로 옮기기 위해 컨베이어 상부 가드와 적재물 중간에 놓인 파렛트에 발을 딛고 올라가(높이 약 80cm) 작업을 하던 중, 몸의 중심을 잃고 떨어지면서 머리를 부딪혀 사망",분류 불가,인력 운반 작업,『설비 구조물을 밟고 올라서거나 난간이 없는 작업대 위』에서 불안전한 자세로 작업하다 떨어짐,"▶ 추락위험구간에 안전난간 추가 설치
▶ 출하장소를 추락위험이 없는 장소로 위치 변경"
2020-24-11-006,기타의사업,도소매·음식·숙박업,도소매및소비자용품수리업,"2020년 7월경 도정작업장에서 재해자가 벼(낱알)의 도정작업을 위해 엔진지게차에 벼 톤백을 싣고 이송하던 중, 건조저장시설 출입구 앞에서 비닐포대를 수거하던 재해자와 충돌하여 사망",지게차,혼재작업(작업자-작업차량),"『차량운행 중 차량의 진행방향 및 사각지대를 확인하지 않아』근로자가 작업차량에 깔리거나, 주변 구조물과 작업차량 사이에 끼임","▶ 지게차 이용 중량물 취급에 대한 작업계획서 작성(작업방법, 운행경로, 근로자와 지게차 혼재 작업 여부 등)
▶ 혼재 작업 시 작업지휘자 또는 유도자 배치"
2020-24-11-009,제조업,출판·인쇄·제본업,인쇄업,2020년 7월 폐기물처리장에서 재해자가 이동식 크레인(집게차) 운전석에 올라 작업 후 내려오던 중 떨어져 사망,사다리(고정식),사다리를 이용한 작업 또는 통행,사다리 사용 시 『미끄러운 상태의 신발 또는 사다리 발판때문에 실족』하여 떨어짐,"▶ 고정형 계단을 설치하여 통행토록 조치
▶ A자형 사다리 사용 시 2인1조 및 아웃트리거 설치
▶ 운동화 착용 금지 및 안전화 착용"
2020-24-11-010,제조업,화학및고무제품제조업,플라스틱가공제품제조업,2020년 8월경 OO사업장에서 재해자가 사다리 위에서 배관 설치 작업 중 약 0.7미터 아래로 떨어져 사망,사다리(이동식/A형),사다리를 이용한 작업 또는 통행,『사다리 위에 올라가 작업』하던 중 균형을 잃고 머리부터 바닥으로 떨어짐,"▶ 3.5m 미만 작업 시 A자형 사다리만 사용(2인1조)
▶ 아웃트리거 설치 및 안전대, 안전모 등 개인보호구 착용"
2020-24-11-012,제조업,수제품및기타제품제조업,기타각종제조업,2020년 8월 철재가공공장에서 재해자가 압연된 철판을 되감아주는 리코일러 기계의 코일 낙하방지실린더를 가동하지 않은 채 설비 내부로 상체를 넣어 설비와 내려오는 코일 사이에 끼임,생산설비(리코일러),비정형 작업(점검),"『설비에 안전장치가 설치되어 있지 않거나, 설치된 안전장치를 무력화한 상태』로 사용하던 중 말리거나 끼임","▶ 방호장치 작동불량 등 이상시 관리감독자 등에게 선보고 및 조치 후 작업 재개가 당연한 안전문화 구축　
▶ 작업 전 광전자식 방호장치 정상 여부 확인 "
2020-24-11-013,제조업,섬유및섬유제품제조업,기타섬유제품제조업,2020년 8월 원예자재공장에서 재해자가 태풍대비를 위한 지붕보수를 위하여 지게차 포크에 파레트를 끼운 뒤 그 위에 올라 상부작업 중 지면으로 떨어짐(약 4m),지게차,지게차를 사용하는 작업,"지게차 포크, 파렛트, 굴삭기 버킷에 탑승하여 높은 장소로 승강하는 등 『설비를 주용도(하역운반장치) 외로 사용』하여 떨어짐","▶ 중량물 제작 작업 등 생산용도에 사용금지
▶ 전동교체 시 고소작업대 사용 및 운전석 외 탑승금지"
2020-24-11-014,기타의사업,시설관리및사업지원서비스업,위생및유사서비스업,2020년 8월경 옥상에서 건물관리인인 재해자가 이동하다가 화단 배수구 쪽 바닥의 슬러지와 물기로 인해 미끄러지며 넘어져 사망,분류 불가,작업장소 통행/이동,"『미끄러운 상태의 바닥(오일, 빙판 등)을 밟거나 바닥의 요철부』에 걸려 넘어지면서 머리를 부딪히거나 떨어짐","▶ 바닥에 존재하는 기름기 등 제거 조치
▶ 유분 비산을 방지하기 위한 가림판 설치"
2020-24-11-016,제조업,출판·인쇄·제본업,인쇄업,2020년 9월 인쇄공장에서 재해자가 파레트용 대차(스태커)로 원재료(인쇄종이)를 옮기던 중 인양된 인쇄종이가 재해자쪽으로 넘어지면서 깔림,적재물(인쇄종이),상하차 작업 또는 적재된 화물,『화물의 무게가 한쪽으로 치우쳐진 상태 등』 적재상태가 불량한 화물이 무너지면서 맞거나 깔림,"▶ 전도·낙하 방지를 위해 중량물 제거 후 작업
▶ 중량물 고정 실시 후 수리작업 실시"
2020-24-11-018,제조업,수제품및기타제품제조업,기타각종제조업,2020년 10월 폐기물처리장에서 재해자가 이동식 크레인(집게차)를 이용한 하차작업을 마치고 집게차 아웃트리거를 조작하는 과정에서 아웃트리거 레버에 폐플라스틱이 끼이면서 아웃트리거가 펼쳐져 재해자가 아웃트리거와 벽면 사이에 끼어 사망,크레인(이동식크레인/집게차),"크레인(천장주행, 갠트리, 지브 등) 사용 작업","『설비를 오조작』하여 갑자기 작동한 설비의 구동부에 끼이거나 말림, 절단","▶ 설비 조작스위치, 판넬 등에 조작 스위치의 기능(정지, 작동, 수동, 반자동, 자동, 역회전 등) 표시
▶ 생산 설비의 불시 가동을 방지하기 위한 LOTO(Lock Out_잠금장치, Tag Out_점검 중 꼬리표)제도 시행
▶ 작업자간 의사소통 방안 수립 및 실시"
2020-24-11-019,제조업,기계기구·금속·비금속광물제품제조업,일반산업용기계장치제조업,2020년 10월 OO 재해자가 지붕 위에서 이동 중 폴리카보네이트가 깨지면서 지붕에서 지면으로 떨어져(높이 : 약 8m) 사망,지붕·대들보(선라이트/채광창),"설비 위, 지붕 등 높은 장소에서의 작업",『작업을 위해 밟고 있던 구조물이 파손되거나 균형을 잃기 쉬운 불안한 자세』로 작업하여 넘어지거나 떨어짐,"▶ 안전난간이 설치된 작업발판을 설치·사용
▶ 고소작업대 사용 또는 3.5m미만은 A자형 사다리 사용(2인1조) 관리
▶ 안전대 및 안전모 지급·착용 등 관리감독자 확인"
2020-24-11-020,제조업,기계기구·금속·비금속광물제품제조업,건설용점토제품제조업,"2020년 10월 원료 공급기 호퍼 내부에 있던 재해자가 로더 조종기사인 동료 근로자가 투입한 원료에 매몰되어 압사한 후 블레이드에 끼이거나, 또는 호퍼에서 배출되는 원료에서 불순물 제거 작업 중 블레이드에 끼여 사망",건설기계(로더),비정형 작업(이물질 제거·청소),『설비를 정지시키지 않거나 전원을 차단하지 않은 상태』에서 정비·보수·청소 등의 작업을 하다가 끼이거나 말림,"▶ 설비 가동중 이물질 제거 등이 발생할 수 있는 생산작업을 분석하고 근원적 접근방지대책 수립
▶ 끼임재해 우려가 있어 가동정지 후 작업이 필요한 설비 목록화→LOTO(Lock Out,  Tag Out) 대상 확정·시행 
▶ 작업 절차에 대해 근로자 교육실시"
2020-24-11-021,제조업,전기기계기구·정밀기구·전자제품제조업,기타전기기계기구제조업,2020년 10월 전기부품제조공장에서 재해자가 사출성형기 금형 하부에 붙은 부산물 제거를 위해 금형 사이에 진입하여 작업하던 중 불시 하강한 중간금형과 하부금형 사이에 끼임,사출성형기,비정형 작업(이물질 제거·청소),『설비를 정지시키지 않거나 전원을 차단하지 않은 상태』에서 정비·보수·청소 등의 작업을 하다가 끼이거나 말림,"▶ 설비 가동중 이물질 제거 등이 발생할 수 있는 생산작업을 분석하고 근원적 접근방지대책 수립
▶ 끼임재해 우려가 있어 가동정지 후 작업이 필요한 설비 목록화→LOTO(Lock Out,  Tag Out) 대상 확정·시행 
▶ 작업 절차에 대해 근로자 교육실시"
2020-24-11-022,기타의사업,시설관리및사업지원서비스업,위생및유사서비스업,"2020년 10월경 건설폐기물처리 사업장 내에서 재해자가 건설폐기물 이물질 처리장에 있던 중, 재해자를 인지하지 못한 페이로더가 재해자를 충격 후 건설폐기물 이물질과 함께 하역하였으며 혼합폐기물 더미에서 사망한채 발견",건설기계(로더),혼재작업(작업자-작업차량),근로자와 작업차량 간 『혼재작업 장소에서 근로자 이동과 작업차량 운행을 통제하지 않은 상태』에서 근로자가 작업차량에 부딪히나 깔림 또는 주변 구조물과 작업차량 사이에 끼임,"▶ 지게차 이용 중량물 취급에 대한 작업계획서 작성(작업방법, 운행경로, 근로자와 지게차 혼재 작업 여부 등)
▶ 혼재 작업 시 작업지휘자 또는 유도자 배치"
2020-24-21-009,기타의사업,도소매·음식·숙박업,도소매및소비자용품수리업,"2020년 7월경 관로공사 현장에서 재해자는 덤프트럭 통행을 위한 굴착구간 상부면 철판 설치작업 중, 굴삭기에 철판을 결속한 슬링벨트가 파단되어 철판에 깔려 사망",줄걸이기구(섬유로프/슬링벨트),건설기계를 사용하는 작업,"『줄걸이 기구의 용접 불량, 마모, 변형, 손상』으로 인해 운반하는 화물이 떨어지면서 부딪히거나 그 아래 깔림","▶ 설비·구조물 상태 정기적 점검 및 예방 관리
▶ 와이어로프 손상 시 즉시 교체하여 사용"
2020-24-21-021,기타의사업,전문·보건·교육·여가관련서비스업,보건및사회복지사업,"2020년 3월경 불법건축물 철거 작업 현장에서 재해자가 창고 지붕 합판을 철거하기 위해 이동식비계 위에서 작업 중, 단부에서 실족하여 약 1.7m 아래로 떨어져 사망",비계(BT아시바/이동식비계),"설비 위, 지붕 등 높은 장소에서의 작업",『작업을 위해 밟고 있던 구조물이 파손되거나 균형을 잃기 쉬운 불안한 자세』로 작업하여 넘어지거나 떨어짐,"▶ 안전난간이 설치된 작업발판을 설치·사용
▶ 고소작업대 사용 또는 3.5m미만은 A자형 사다리 사용(2인1조) 관리
▶ 안전대 및 안전모 지급·착용 등 관리감독자 확인"
2020-24-51-001,기타의사업,도소매·음식·숙박업,도소매및소비자용품수리업,"2019년 12월경 사업장 내에서 재해자가 적재대 상부에 목재합판 진열을 마치고 이동하던 중, 적재대가 붕괴하며 적재대와 적재합판이 재해자를 덮쳐 사망",적재물(적재대),비정형 작업(이물질 제거·청소),『매달아 올리거나 적재 상태가 불량한 물체』가 떨어지거나 무너지면서 맞거나 깔림,"▶ 주변의 중량물로 인한 깔림 방지를 위해 중량물 제거 후 작업
▶ 중량물 지지대 설치 후 수리·교체작업 실시"
2020-24-51-002,기타의사업,전문·보건·교육·여가관련서비스업,오락·문화및운동관련사업,"2020년 6월경 골프클럽 지상 4층에서 재해자가 천정 판넬 교체작업을 위해 사다리 위에서 작업 하던 중, 중심을 잃고 넘어져 약 10m아래인 지상 2층 바닥으로 떨어져 사망",사다리(이동식/A형),사다리를 이용한 작업 또는 통행,『사다리 위에 올라가 작업』하던 중 균형을 잃고 머리부터 바닥으로 떨어짐,"▶ 3.5m 미만 작업 시 A자형 사다리만 사용(2인1조)
▶ 아웃트리거 설치 및 안전대, 안전모 등 개인보호구 착용"
2020-24-51-003,기타의사업,전문·보건·교육·여가관련서비스업,"건축기술,엔지니어링및관련기술서비스업","2020년 10월경 변전실에서 재해자가 폐배터리를 반출하기 위해 나선형 계단을 이동하던 중, 실족하여 약 5m 아래로 떨어져 사망",분류 불가,작업장소 통행/이동,『설비를 밟고 올라 이동하거나 설비 사이를 뛰어넘어 이동』하다가 구조물에 다리가 걸려 넘어지거나 균형을 잃고 떨어짐,"▶ 추락위험구간에 안전난간 추가 설치
▶ 출하장소를 추락위험이 없는 장소로 위치 변경"
2020-24-51-004,기타의사업,시설관리및사업지원서비스업,건물등의종합관리사업,"2020년 10월경 옥상에서 재해자가 아파트 누수관련 외벽점검 작업을 하던 중, 약 3.4m 아래 테라스 바닥으로 떨어져 사망",분류 불가,"설비 위, 지붕 등 높은 장소에서의 작업",『안전난간의 설치상태가 불량하거나 없는 상태』에서 주변 구조물 또는 생명줄에 안전대를 체결하지 않아 떨어짐,"▶ 지붕 재질 확인 및 하중 분산용 작업발판 설치 후 작업
▶ 지붕 파손 대비 공장 내부에 추락방호망 설치
▶ 지붕 끝단부에 안전난간 설치"
2020-24-51-005,기타의사업,전문·보건·교육·여가관련서비스업,보건및사회복지사업,2020년 11월경 요양병원에서 재해자가 승강기 내 장애인시설(핸드레일) 설치를 위해 6층에 승강기를 고정 및 전원차단 후 1층에서 열쇠로 승강기 문을 수동으로 열고 내부로 진입하는 순간 약 6.8m 승강로로 떨어져 사망,분류 불가,리프트 관련 작업,『리프트의 출입문(도어)을 해체한 상태』에서 점검 및 수리작업 중 출입금지조치가 되어있지 않은 개구부(승강로)로 떨어짐,"▶ 각층 출입문에 인터록장치 등 연동장치 설치
▶ 승강로 주변은 방호울 등으로 밀폐 조치"
2020-25-11-001,제조업,화학및고무제품제조업,플라스틱가공제품제조업,2020년 9월경 OO사업장 성형공정에서 재해자가 사출성형기 내부에서 점검 중 불시에 동작한 설비에 끼여 사망,사출성형기(블로우몰딩머신),비정형 작업(점검),『설비를 정지시키지 않거나 전원을 차단하지 않은 상태』에서 정비·보수·청소 등의 작업을 하다가 끼이거나 말림,"▶ 설비 가동중 이물질 제거 등이 발생할 수 있는 생산작업을 분석하고 근원적 접근방지대책 수립
▶ 끼임재해 우려가 있어 가동정지 후 작업이 필요한 설비 목록화→LOTO(Lock Out,  Tag Out) 대상 확정·시행 
▶ 작업 절차에 대해 근로자 교육실시"
2020-26-11-001,제조업,목재및종이제품제조업,목재및나무제품제조업,2020년 1월 목재가공공장 자재창고에서 재해자가 지게차에 탑승하여 내리막길을 운전하던 중 지게차가 미끄려져 운행경로 옆 옹벽 하부로 떨어짐,지게차,지게차를 사용하는 작업,"작업차량이 『운행경로 상의 지형(급경사, 커브, 바닥의 요철, 지반 등) 또는 구조물』로 인해 떨어지거나 넘어지면서 그 아래 깔림","▶ 주·정차 시 불시 이동방지를 위한 브레이크, 고임목 체결 철저
▶ 작업장 내 바닥 평탄화 및 제한속도 준수
▶ 지게차 운전자격이 있는 지정자에 한해 운전 및 시동키 관리"
2020-26-11-003,제조업,수제품및기타제품제조업,기타각종제조업,"2020년 5월 폐기물처리장에서 굴착기 운전자가 2단 적재된 비닐폐기물 압축물(높이 2m, 무게 850kg) 정리작업 중 적재된 압축물이 무너지면서 맞은편 압축물 하부에서 작업 중이던 재해자를 덮쳐 깔림",굴착기(백호우),건설기계를 사용하는 작업,『화물의 무게가 한쪽으로 치우쳐진 상태 등』 적재상태가 불량한 화물이 무너지면서 맞거나 깔림,"▶ 전도·낙하 방지를 위해 중량물 제거 후 작업
▶ 중량물 고정 실시 후 수리작업 실시"
2020-26-11-004,제조업,출판·인쇄·제본업,인쇄업,2020년 5월 인쇄공장 입출고장에서 재해자가 지게차 시동을 끄지 않고 하차하여 엔진룸을 확인하던 중 지게차가 움직여 입·출고장 구조물과 지게차 사이에 끼임,지게차,지게차를 사용하는 작업,『운전석 이탈 시 작업차량이 움직이는 것을 방지하기 위한 조치를 실시하지 않아』 운전자 없이 움직이는 작업차량에 부딪히거나 깔림,"▶ 운전석에서 이탈 시 확실히 정지 조치 실시
▶ 이탈 시에는 시동키를 분리하여 별도 보관하여 무자격자 등이 운전하지 못하도록 조치"
2020-26-11-005,제조업,기계기구·금속·비금속광물제품제조업,각종시멘트제품제조업,2020년 6월 OO소속 재해자는 높이 약 3~7M의 침사지 절토면 상부 단부에서 사진 촬영 중 침사지 내로 떨어져 익사 ,분류 불가,작업장소 통행/이동,『설비를 밟고 올라 이동하거나 설비 사이를 뛰어넘어 이동』하다가 구조물에 다리가 걸려 넘어지거나 균형을 잃고 떨어짐,"▶ 추락위험구간에 안전난간 추가 설치
▶ 출하장소를 추락위험이 없는 장소로 위치 변경"
2020-26-11-006,제조업,출판·인쇄·제본업,제본또는인쇄물가공업,2020년 7월 인쇄공장에서 재해자가 전동지게차를 운전하여 경사로를 이동하던 중 도로 옆 배수로로 지게차가 추락하여 지면과 지게차 프레임 사이에 깔림,지게차,지게차를 사용하는 작업,"작업차량이 『운행경로 상의 지형(급경사, 커브, 바닥의 요철, 지반 등) 또는 구조물』로 인해 떨어지거나 넘어지면서 그 아래 깔림","▶ 주·정차 시 불시 이동방지를 위한 브레이크, 고임목 체결 철저
▶ 작업장 내 바닥 평탄화 및 제한속도 준수
▶ 지게차 운전자격이 있는 지정자에 한해 운전 및 시동키 관리"
2020-26-11-009,기타의사업,도소매·음식·숙박업,음식및숙박업,"2020년 9월경 사업장 내에서 재해자가 P층(주차장)에서 2층으로 이동하기 위해 P층 리프트를 탑승한 상태에서 화물 반입문을 닫고 팔과 상반신을 밖으로 뻗어 승강로 벽면에 설치된 상승 버튼을 조작하던 중, 운반구가 상승하여 운반구와 승강로 벽면 상부 사이에 끼어 사망",리프트(일반작업용),리프트 관련 작업,『화물용 리프트(또는 기계식 주차장) 운반구에 탑승하여 작업 또는 이동』하다가 승강로 내부 구조물과 운반구 사이에 끼이거나 그 사이 개구부로 떨어짐,"▶ 기동장치에 잠금장치, 표지판 부착
▶ 출입문 연동장치, 비상정지스위치 등 기능 유지 관리
▶ 승강기 이상발생 시 임의 수리 금지"
2020-26-11-010,제조업,기계기구·금속·비금속광물제품제조업,각종시멘트제품제조업,2020년 5월 OO작업장에서 OO 소속 근로자가 콘크리트 믹서 트럭 교반장치의 락카 스프레이 작업 중 중심을 잃고 1.83m 아래 바닥으로 추락하여 사망,분류 불가,작업장소 통행/이동,『설비를 밟고 올라 이동하거나 설비 사이를 뛰어넘어 이동』하다가 구조물에 다리가 걸려 넘어지거나 균형을 잃고 떨어짐,"▶ 추락위험구간에 안전난간 추가 설치
▶ 출하장소를 추락위험이 없는 장소로 위치 변경"
2020-26-11-011,기타의사업,도소매·음식·숙박업,도소매및소비자용품수리업,"2020년 10월경 물류창고에서 재해자가 세라믹 타일을 출고하는 작업 중, 타일 1묶음(10장, 1.5ton)이 작업자 방향으로 넘어지며 타일에 깔려 사망",적재물,상하차 작업 또는 적재된 화물,『매달아 올리거나 적재 상태가 불량한 물체』가 떨어지거나 무너지면서 맞거나 깔림,"▶ 주변의 중량물로 인한 깔림 방지를 위해 중량물 제거 후 작업
▶ 중량물 지지대 설치 후 수리·교체작업 실시"
2020-26-11-012,제조업,기계기구·금속·비금속광물제품제조업,기타금속제품제조업또는금속가공업,2020년 10월 OO사업장에서 재해자가 Co2용접기로 용단작업 중 공드럼통 내부에 남아있던 신나 증기에 의해 드럼통이 폭발하여 사망 ,용접기(CO2용접기),용접·절단·사상 또는 도장 작업,『불티비산 방지조치가 안된 상태에서 작업』하여 용접·절단 불똥이 주변의 적재물 또는 인화성 물질에 옮겨 붙어 화재 폭발,"▶ 절단기에서 발생하는 불티의 비산 거리 등 비산 반경 분석
▶ 작업구역 내 불티가 비산되지 않도록 절단기 등에 비산방지덮개 및 가연물에 용접방화포 설치"
2021-43-11-001,제조업,기계기구·금속·비금속광물제품제조업,각종시멘트제품제조업,2021년 1월경 OO사업장 시멘트 제조공정에서 재해자가 스팀으로 가압된 시멘트 양생 설비의 잠금장치를 해제하는 순간 내부의 압력으로 방출된 제품에 맞아 사망,생산설비(시멘트 양생설비),가공 설비를 이용한 작업,안전장치의 노후화·파손 등 『설비에 설치된 안전장치가 작동하지 않아』 사고 발생 위험,"▶ 방호장치 작동불량 등 이상시 관리감독자 등에게 선보고 및 조치 후 작업 재개가 당연한 안전문화 구축　
▶ 작업 전 광전자식 방호장치 정상 여부 확인 "
2020-26-51-001,기타의사업,도소매·음식·숙박업,도소매및소비자용품수리업,"2020년 1월경 사무실 증축공사현장에서 재해자가 외벽단열재를 배송하기 위해 지상 2층으로 운반하던 중, 지상 2층 바닥 개구부(2.5m*1.0m) 아래로 약 3.5m 아래로 떨어져 사망",분류 불가,작업장소 통행/이동,『이동경로에 방치된 개구부』로 떨어짐,"▶ 추락위험구간에 안전난간 추가 설치
▶ 출하장소를 추락위험이 없는 장소로 위치 변경"
2020-26-51-002,기타의사업,시설관리및사업지원서비스업,위생및유사서비스업,"2020년 3월경 야적장에서 재해자가 높이 약 4.8m의 울타리 강판 2개를 용접·연결하여 울타리를 설치하기 위해 굴착기를 활용하여 작업을 하던 중, 울타리 강판을 밀착시키기 위해 하나의 강판을 굴착기로 미는 순간 울타리 강판 사이에 재해자의 목과 팔이 끼어 사망",굴착기(백호우),건설기계를 사용하는 작업,작업자 간 『작업 상황에 대해 의사소통을 하지 않고 작업』을 실시해 운반하는 물체에 부딪히거나 깔림 또는 주변 구조물과 운반하는 물체 사이에 끼임,"▶ 작업자 간 신호체계 통일 및 숙지 조치
▶ 중량물 취급 시 보조운반기구 사용"
2020-31-11-001,임업,임업,영림업,2020년 1월경 OO산 솎아베기 현장에서 재해자가 베어낸 벌도목의 가지치기 작업 중 벌도목이 돌아가 나뭇가지에 가슴과 목을 가격당해 사망,나무(벌도목),벌목·조재 작업,"『벌도목이 의도하지 않은 방향으로 쓰러지거나, 주변 장애물에 걸려』 작업자 방향으로 쓰러지면서 안면 또는 머리를 가격(부딪힘)","▶ 벌목 작업 시에는 사전에 대피장소를 정하여 작업 실시
▶ 충분한 안전거리를 확보하여, 다른 작업자와 동시에 작업 금지"
2020-31-11-003,임업,임업,벌목업,2020년 1월경 OO산 입목벌채현장에서 재해자가 기계톱을 손질하던 중 주변 근로자가 벌목한 벌도목이 재해자방향으로 떨어져 머리를 맞고 사망,나무(벌도목),벌목·조재 작업,작업자 방향으로 『주변에서 작업하던 벌도목 또는 주변 수목에 걸려있던 벌도목』이 떨어(쓰러)지면서 작업자가 벌도목에 머리를 맞거나 그 아래 깔림,"▶ 벌목 작업 전 주변 나무에 걸려있는 나무를 확인하여 주변에서 작업 금지
▶ 충분한 안전거리를 확보하여, 다른 작업자와 동시에 작업 금지"
2018-63-51-001,운수창고통신업,육상및수상운수업,항만운송부대사업,"2018년 1월경 항구 부두에서 재해자가 지게차 하역작업의 신호를 위해 화물차량(윙바디) 주변에서 신호작업을 하던 중, 화물운반용 철제용기(롤테이너)가 화물차량 밖으로 낙하하면서 재해자를 덮쳐 사망",운반물(롤테이너),혼재작업(작업자-작업차량),『매달아 올리거나 적재 상태가 불량한 물체』가 떨어지거나 무너지면서 맞거나 깔림,"▶ 주변의 중량물로 인한 깔림 방지를 위해 중량물 제거 후 작업
▶ 중량물 지지대 설치 후 수리·교체작업 실시"
2020-32-11-001,제조업,기계기구·금속·비금속광물제품제조업,각종기계또는동부속품제조업,2020년 5월 OO공장 내 재해자가 컨베이어 점검 중 스크래퍼와 점검구개구부에 목 부위가 끼어 사망,컨베이어,비정형 작업(점검),『설비를 정지시키지 않거나 전원을 차단하지 않은 상태』에서 정비·보수·청소 등의 작업을 하다가 끼이거나 말림,"▶ 설비 가동중 이물질 제거 등이 발생할 수 있는 생산작업을 분석하고 근원적 접근방지대책 수립
▶ 끼임재해 우려가 있어 가동정지 후 작업이 필요한 설비 목록화→LOTO(Lock Out,  Tag Out) 대상 확정·시행 
▶ 작업 절차에 대해 근로자 교육실시"
2020-32-11-002,제조업,기계기구·금속·비금속광물제품제조업,시멘트제조업,2020년 7월 OO공장에서 재해자가 정지된 컨베이어 벨트 위에 올라가 용접작업을 하던 중 불시에 재가동된 컨베이어에 의해 저장 호퍼 아래(7m)로 떨어져 사망한 사고임. ,컨베이어,비정형 작업(정비·보수),『정비작업 중 작업자 외 근로자가 설비를 가동』하여 갑자기 작동된 설비에 말리거나 끼임,"▶ 생산 설비의 불시 가동을 방지하기 위한 LOTO(Lock Out_잠금장치, Tag Out_점검 중 꼬리표)제도 시행
▶ 관리감독자 확인 의무 부여"
2020-32-11-003,운수창고통신업,철도·항공·창고·운수관련서비스업,육상화물취급업,"2020년 9월경 제품 출하장에서 재해자가 이동하던 중, 창고에서 제품을 싣고 출고차량 적재함으로 이동하던 지게차에 부딪혀 사망",지게차,작업장소 통행/이동,『근로자와 작업차량 간 이동동선(통행로)를 구분하지 않은 상태』에서 근로자가 작업차량에 부딪히거나 깔림 또는 주변 구조물과 차량사이에 끼임,"▶ 주문량 증가로 제품 적재공간 확대에 따라 지게차 작업구역이 확대, 지게차 운행 구역과 근로자 작업장소를 별도로 구획 실시
▶ 지게차 이용 중량물 취급에 대한 작업계획서 작성(작업방법, 운행경로, 근로자와 지게차 혼재 작업 여부 등)
▶ 혼재 작업 시 작업지휘자 또는 유도자 배치"
2020-32-11-004,농업,농업,작물생산업,"2020년 10월경 OO과수원에서 재해자가 농업용 고소작업차에 탑승하여 사과수확을 하던 중 고소작업차가 기울어지면서 떨어졌고, 넘어진 고소작업차에 재해자가 깔려 사망",분류 불가,고소작업대 사용 작업,"작업차량이 『운행경로 상의 지형(급경사, 커브, 바닥의 요철, 지반 등) 또는 구조물』로 인해 떨어지거나 넘어지면서 그 아래 깔림","▶ 주·정차 시 불시 이동방지를 위한 브레이크, 고임목 체결 철저
▶ 작업장 내 바닥 평탄화 및 제한속도 준수
▶ 지게차 운전자격이 있는 지정자에 한해 운전 및 시동키 관리"
2020-32-11-006,임업,임업,벌목업,2020년 11월경 OO산 벌목현장에서 재해자가 나무에 걸쳐진 고사목의 상태를 확인하던 중 고사목이 떨어지면서 재해자를 가격해 사망,나무(고사목),벌목·조재 작업,『바람·눈·비 등 기상상황』에 의해 적재물 또는 구조물 등이 무너저 그 아래 깔림 ,"▶ 비, 눈, 그 밖의 기상상태의 불안정한 경우 영향을 받을 수 있는 옥외 작업 등을 금지
▶ 위험한 기상상황 발생 시 근로자 공지, 필요 시 대피방법 마련"
2020-32-11-007,제조업,화학및고무제품제조업,기타화학제품제조업,2020년 12월경 OO사업장 혼합공정에서 재해자가 혼합기 내부 청소 작업 중 불시에 가동한 혼합기 날에 끼여 사망,혼합기,비정형 작업(이물질 제거·청소),『정비작업 중 작업자 외 근로자가 설비를 가동』하여 갑자기 작동된 설비에 말리거나 끼임,"▶ 생산 설비의 불시 가동을 방지하기 위한 LOTO(Lock Out_잠금장치, Tag Out_점검 중 꼬리표)제도 시행
▶ 관리감독자 확인 의무 부여"
2020-32-31-001,기타의사업,기타의각종사업,건설업본사,2020년 8월경 조경현장에서 재해자가 조경작업을 종료한 후 사무실에 복귀하여 야외에서 홀로 휴식을 취하다가 쓰러져 병원으로 후송되었으나 열사병으로 사망,분류 불가,조경·제초작업,『더운 날씨에 적절한 휴식을 취하지 않고 무리하게 작업』 해 열사병 위험,"▶ 폭염에 노출되는 옥외 장소에서 작업을 하는 경우 휴게시설을 설치하고, 휴식시간을 부여
▶ 폭염 등 날씨에 대한 정보를 근로자에게 제공하고, 날씨의 변화에 따른 작업시간 변경 기준 마련(단축 등)"
2020-41-11-002,기타의사업,도소매·음식·숙박업,음식및숙박업,"2020년 3월경 도로에서 배달근로자인 재해자가 이륜자동차로 배달업무를 마치고 복귀하던 중, 신호를 위반하여 횡단보도를 통해 맞은편으로 횡단하기 위해 좌회전 하던 중 버스전용차로로 운행 중인 간선급행버스와 부딪혀 사망",기타 차량(오토바이),도로에서의 자동차 운전,『본인 또는 타인의 교통법규 위반』으로 사고발생 위험,"▶ 운전자는 작업 전 충분한 휴식을 취하고 운전 작업 실시
▶ 도로 상에서 운전 시 교통신호 등을 철저히 준수하여 운전 실시"
2020-41-11-003,제조업,전기기계기구·정밀기구·전자제품제조업,통신기계기구또는이에관련한기계기구제조업,2020년 4월 재해자와 동료작업자가 출장작업을 수행하기 위해 타 사업장으로 이동 후 스타렉스를 경사로에 주차하여 후면 적재함(트렁크)에서 작업준비를 하던 중 퍽 소리와 함께 차량이 뒤로 밀리면서 재해자와 부딪힘,분류 불가,작업장소 통행/이동,"『미끄러운 상태의 바닥(오일, 빙판 등)을 밟거나 바닥의 요철부』에 걸려 넘어지면서 머리를 부딪히거나 떨어짐","▶ 바닥에 존재하는 기름기 등 제거 조치
▶ 유분 비산을 방지하기 위한 가림판 설치"
2020-41-11-004,임업,임업,벌목업,2019년 5월경 OO산 벌목현장에서 재해자가 조재작업을 하기위해 이동하던 중 벌도목의 나뭇가지와 서로 엉켜있던 고사목이 갑자기 쓰러지면서 어깨와 머리를 맞고 치료 중 사망,나무(고사목),벌목·조재 작업,작업자 방향으로 『주변에서 작업하던 벌도목 또는 주변 수목에 걸려있던 벌도목』이 떨어(쓰러)지면서 작업자가 벌도목에 머리를 맞거나 그 아래 깔림,"▶ 벌목 작업 전 주변 나무에 걸려있는 나무를 확인하여 주변에서 작업 금지
▶ 충분한 안전거리를 확보하여, 다른 작업자와 동시에 작업 금지"
2018-72-11-003,제조업,기계기구·금속·비금속광물제품제조업,건설용금속제품제조업,2018년 6월경 야적장에서 재해자가 가설교량용 강관파일 상부에 올라서서 선별 작업 중 적재되어 있던 강관파일이 무너지면서 강관파일 사이에 신체가 끼어 사망,적재물(강관파일),상하차 작업 또는 적재된 화물,『매달아 올리거나 적재 상태가 불량한 물체』가 떨어지거나 무너지면서 맞거나 깔림,"▶ 주변의 중량물로 인한 깔림 방지를 위해 중량물 제거 후 작업
▶ 중량물 지지대 설치 후 수리·교체작업 실시"
2020-41-11-006,임업,임업,벌목업,2020년 12월경 OO산 벌목현장에서 재해자가 조재작업을 하던 중 기계톱이 나무의 절단면 사이에 끼었고 이를 빼내던 중 몸의 균형을 잃고 넘어지면서 기계톱에 허벅지가 베이면서 과다출혈로 사망,기타 설비(기계톱),벌목·조재 작업,『기계톱에 설치된 안전장치를 해제·무력화하거나 파손된 상태로 사용』 하다가 기계톱이 작업자 방향으로 튀어 올라(킥백) 베이거나 잘림,"▶ 기계톱 등의 사용 시 부재를 단단히 고정하여 작업 실시
▶ 톱날을 예리하게 지속 관리하고, 사용 시 과도한 압력으로 작업 금지
▶ 적절한 작업 방법 및 부여 압력에 대한 기준을 교육 실시"
2020-41-31-002,기타의사업,시설관리및사업지원서비스업,건물등의종합관리사업,"2020년 8월경 지하 2층에서 재해자 2명이 CO2 소화설비 점검을 위해 지하 2층으로 내려가 확인을 하던 중, 방출된 CO2가스에 질식되어 1명 사망, 1명 부상",유해가스(이산화탄소),비정형 작업(점검),"『순간적으로 다량의 유해가스, 화학물질, 낮은 산소농도에 노출』되어 산소결핍·질식·중독 위험","▶ 가스농도측정기로 적정공기 상태 선 확인
▶ 환기팬 등으로 환기 실시 후 작업을 실시
▶ 밀폐공간 출입금지 위험 표시"
2020-41-31-003,농업,농업,축산업,2020년 10월경 OO양돈단지에서 재해자가 분뇨 인입조에 들어가 이물질 제거작업을 하던 중 질식되어 사망,유해가스(메탄),"피트, 맨홀, 오·폐수 처리시설 등 밀폐된 장소에서 작업",『산소·가소농도 미측정 및 송풍기를 이용한 강제환기 미실시』로 불활성 가스 또는 유해가스에 의한 산소결핍·질식·중독,"▶ 가스농도측정기로 적정공기 상태 선 확인
▶ 환기팬 등으로 환기 실시 후 작업을 실시
▶ 밀폐공간 출입금지 위험 표시"
2020-41-51-001,기타의사업,시설관리및사업지원서비스업,위생및유사서비스업,"2020년 4월경 생활폐기물 수거현장에서 재해자가 차량 적재함 위에서 생활폐기물 정리를 하던 중, 동료작업자 운전원이 수거차량을 출발시켜 재해자가 몸의 중심을 잃고 적재함 위에서 떨어져 사망",화물운반트럭(카고트럭),상하차 작업 또는 적재된 화물,『적재함에 탑승한 상태로 이동』하여 작업자가 떨어짐,"▶ 차량 상부작업 시 작업장소 상부에 안전대 걸이설비 설치·사용
▶ 적재함에 오르내리기 위한 설비 설치·사용
▶ 작업 시 안전대, 안전모 등 보호구 착용"
2020-41-51-002,기타의사업,시설관리및사업지원서비스업,위생및유사서비스업,"2020년 10월경 공장내에서 재해자가 천장 보를 청소하기 위해 지게차 버킷에 탑승하여 청소작업을 하던 중, 움직이는 지게차의 버킷에서 몸의 중심을 잃고 약 3.1m 아래로 떨어져 사망",지게차,지게차를 사용하는 작업,"지게차 포크, 파렛트, 굴삭기 버킷에 탑승하여 높은 장소로 승강하는 등 『설비를 주용도(하역운반장치) 외로 사용』하여 떨어짐","▶ 중량물 제작 작업 등 생산용도에 사용금지
▶ 전동교체 시 고소작업대 사용 및 운전석 외 탑승금지"
2020-41-51-003,기타의사업,전문·보건·교육·여가관련서비스업,보건및사회복지사업,"2020년 11월경 건물지붕 위에서 재해자가 식당 조리실용 환풍기의 작동 상태를 확인하기 위해 건물 지붕에 올라가 확인하던 중, 지붕 측면의 끝단에서 약 21m 아래로 떨어져 사망",분류 불가,"설비 위, 지붕 등 높은 장소에서의 작업",『안전난간의 설치상태가 불량하거나 없는 상태』에서 주변 구조물 또는 생명줄에 안전대를 체결하지 않아 떨어짐,"▶ 지붕 재질 확인 및 하중 분산용 작업발판 설치 후 작업
▶ 지붕 파손 대비 공장 내부에 추락방호망 설치
▶ 지붕 끝단부에 안전난간 설치"
2020-41-51-004,기타의사업,시설관리및사업지원서비스업,건물등의종합관리사업,"2020년 11월경 발전기실에서 재해자가 LED 조명등 설치작업을 하기 위해 A형 사다리 위에서 작업을 하던 중, 중심을 잃고 약 2.6m 아래로 떨어져 사망",사다리(이동식/A형),사다리를 이용한 작업 또는 통행,『사다리 위에 올라가 작업』하던 중 균형을 잃고 머리부터 바닥으로 떨어짐,"▶ 3.5m 미만 작업 시 A자형 사다리만 사용(2인1조)
▶ 아웃트리거 설치 및 안전대, 안전모 등 개인보호구 착용"
2020-43-11-001,제조업,화학및고무제품제조업,플라스틱가공제품제조업,"2020년 2월경 OO사업장에서 재해자가 동료작업자와 함께 사출성형기(3,000톤) 성형부 내부로 들어가 슬라이드 코어 리미트 스위치를 점검한 후 동료작업자가 사출성형기 밖으로 나와 도어를 닫는 순간 사출성형기가 작동하여 재해자의 머리가 금형 사이에 끼어 사망",사출성형기,비정형 작업(시운전),『설비를 정지시키지 않거나 전원을 차단하지 않은 상태』에서 정비·보수·청소 등의 작업을 하다가 끼이거나 말림,"▶ 설비 가동중 이물질 제거 등이 발생할 수 있는 생산작업을 분석하고 근원적 접근방지대책 수립
▶ 끼임재해 우려가 있어 가동정지 후 작업이 필요한 설비 목록화→LOTO(Lock Out,  Tag Out) 대상 확정·시행 
▶ 작업 절차에 대해 근로자 교육실시"
2020-43-11-002,제조업,기계기구·금속·비금속광물제품제조업,철근콘크리트제품제조업,2020년 4월 OO공장 내에서 재해자가 자전거를 타고 이동하던 중 맞은편에서 이동해오던 지게차와 충돌하여 사망,지게차,작업장소 통행/이동,『근로자와 작업차량 간 이동동선(통행로)를 구분하지 않은 상태』에서 근로자가 작업차량에 부딪히거나 깔림 또는 주변 구조물과 차량사이에 끼임,"▶ 주문량 증가로 제품 적재공간 확대에 따라 지게차 작업구역이 확대, 지게차 운행 구역과 근로자 작업장소를 별도로 구획 실시
▶ 지게차 이용 중량물 취급에 대한 작업계획서 작성(작업방법, 운행경로, 근로자와 지게차 혼재 작업 여부 등)
▶ 혼재 작업 시 작업지휘자 또는 유도자 배치"
2020-43-11-003,농업,농업,축산업,2020년 4월경 OO목장에서 재해자가 축사 지붕에서 강판을 덮어 씌우는 작업을 하던 중 선라이트를 밟아 선라이트가 파손되면서 약 5.1미터 아래 축사 바닥으로 떨어져 사망,지붕·대들보(선라이트/채광창),"설비 위, 지붕 등 높은 장소에서의 작업",『작업을 위해 밟고 있던 구조물이 파손되거나 균형을 잃기 쉬운 불안한 자세』로 작업하여 넘어지거나 떨어짐,"▶ 안전난간이 설치된 작업발판을 설치·사용
▶ 고소작업대 사용 또는 3.5m미만은 A자형 사다리 사용(2인1조) 관리
▶ 안전대 및 안전모 지급·착용 등 관리감독자 확인"
2020-43-11-004,기타의사업,전문·보건·교육·여가관련서비스업,오락·문화및운동관련사업,"2020년 4월경 자원처리장 지붕(높이 37m)에서 재해자가 지붕 누수 확인을 하던 중, 본관 3층 건물 옥상(높이 10m)으로 떨어져 사망",분류 불가,"설비 위, 지붕 등 높은 장소에서의 작업",『안전난간의 설치상태가 불량하거나 없는 상태』에서 주변 구조물 또는 생명줄에 안전대를 체결하지 않아 떨어짐,"▶ 지붕 재질 확인 및 하중 분산용 작업발판 설치 후 작업
▶ 지붕 파손 대비 공장 내부에 추락방호망 설치
▶ 지붕 끝단부에 안전난간 설치"
2020-43-11-005,제조업,기계기구·금속·비금속광물제품제조업,자동차부분품제조업,2020년 4월 OO공장 작업장에서 OO 소속 재해자가 산업용 로봇 울타리 출입문 연동장치를 뽑고 내부로 들어가 로봇 말단장치와 브러싱 머신 사이에 재해자가 끼여 사망_x000D_,산업용로봇,비정형 작업(점검),『설비를 정지시키지 않거나 전원을 차단하지 않은 상태』에서 정비·보수·청소 등의 작업을 하다가 끼이거나 말림,"▶ 설비 가동중 이물질 제거 등이 발생할 수 있는 생산작업을 분석하고 근원적 접근방지대책 수립
▶ 끼임재해 우려가 있어 가동정지 후 작업이 필요한 설비 목록화→LOTO(Lock Out,  Tag Out) 대상 확정·시행 
▶ 작업 절차에 대해 근로자 교육실시"
2018-81-11-013,제조업,목재및종이제품제조업,목재및나무제품제조업,2018년 3월 목재가공공장에서 재해자가 옥외에 야적된 원목더미에 올라 작업할 원목의 상태를 확인하던 중 원목더미가 무너지면서 원목과 원목 사이에 끼임,적재물(원목더미),상하차 작업 또는 적재된 화물,『매달아 올리거나 적재 상태가 불량한 물체』가 떨어지거나 무너지면서 맞거나 깔림,"▶ 주변의 중량물로 인한 깔림 방지를 위해 중량물 제거 후 작업
▶ 중량물 지지대 설치 후 수리·교체작업 실시"
2020-43-11-009,제조업,기계기구·금속·비금속광물제품제조업,석재및석공품제조업,"2020년 6월 OO 굴삭기의 버켓이 약 2.8m 높이에서 갑자기 낙하하며 재해자의 두부를 가격, 현장에서 사망",굴착기(백호우),건설기계를 사용하는 작업,『핀 등을 이용해 작업장치의 연결부를 체결하지 않고 걸쳐놓은 상태』로 작업해 이탈한 작업장치에 맞거나 깔림,"▶ 기계기구의 운전시작 전에는 설비의 설치 상태, 방호장치 등을 점검
▶ 기계기구의 결함이 확인된 경우 관리자에게 알리고, 조치 전에는 사용을 금지하도록 규정 마련"
2020-43-11-010,제조업,기계기구·금속·비금속광물제품제조업,건설용점토제품제조업,2020년 6월 OO공장에서 재해자가 성형기 하부로 들어가 센서교정 작업 중 파렛트 공급 장치가 작동면서 신체상부가 성형기 프레임과 공급 장치에 끼여 사망,자동화설비(성형기),비정형 작업(정비·보수),『설비를 정지시키지 않거나 전원을 차단하지 않은 상태』에서 정비·보수·청소 등의 작업을 하다가 끼이거나 말림,"▶ 설비 가동중 이물질 제거 등이 발생할 수 있는 생산작업을 분석하고 근원적 접근방지대책 수립
▶ 끼임재해 우려가 있어 가동정지 후 작업이 필요한 설비 목록화→LOTO(Lock Out,  Tag Out) 대상 확정·시행 
▶ 작업 절차에 대해 근로자 교육실시"
2020-43-11-011,제조업,기계기구·금속·비금속광물제품제조업,자동차부분품제조업,"2020년 7월 OO 작업장에서 OO 소속 재해자가 로봇을 수리하던 중, 동료작업자가 가동스위치를 가동시켜, 재해자가 로봇 말단장치의 실링건 도저 블럭과 사이에 가슴부위가 끼어 사망._x000D_",산업용로봇,비정형 작업(정비·보수),『정비작업 중 작업자 외 근로자가 설비를 가동』하여 갑자기 작동된 설비에 말리거나 끼임,"▶ 생산 설비의 불시 가동을 방지하기 위한 LOTO(Lock Out_잠금장치, Tag Out_점검 중 꼬리표)제도 시행
▶ 관리감독자 확인 의무 부여"
2020-43-11-012,제조업,금속제련업,비철금속의제련또는정련업,2020년 8월 OO공장에서 재해자가 수증기 폭발이 발생하여 비산된 용탕으로 인해 전신에 화상을 입고 사망_x000D_,분류 불가,용해로를 이용한 작업,"『용해로에 물이 묻은 재료를 투입, 냉각수의 누출』등으로 인해 수증기 폭발이 일어나 화상 위험","▶ 원재료 수분 제거여부 확인 후 용해로 투입 관리
▶ 재료 보관장소 및 피트 지하수, 빗물 유입방지조치 실시
▶ 방열복 등 보호구 지급 및 착용상태 확인"
2020-43-11-013,제조업,기계기구·금속·비금속광물제품제조업,건설기계또는광산기계및설비품제조업,"2020년 9월 OO공장에서 크레인 및 유압기를 이용하여 베이스 상승작업을 하던 중, 무게중심을 잃은 베이스가 써포트 상부(H=1.5m)에서 떨어지면서 재해자가 깔려 사망.",분류 불가,상하차 작업 또는 적재된 화물,『화물의 무게가 한쪽으로 치우쳐진 상태 등』 적재상태가 불량한 화물이 무너지면서 맞거나 깔림,"▶ 전도·낙하 방지를 위해 중량물 제거 후 작업
▶ 중량물 고정 실시 후 수리작업 실시"
2020-43-11-014,제조업,기계기구·금속·비금속광물제품제조업,기타금속제품제조업또는금속가공업,"2020년 10월 OO공장 작업장에서 재해자가 맨홀뚜껑에 그라인더로 해체작업 중 잔존가스가 폭발하여 맨홀뚜껑이 강타, 추락 사망 ",분류 불가,용접·절단·사상 또는 도장 작업,『불티비산 방지조치가 안된 상태에서 작업』하여 용접·절단 불똥이 주변의 적재물 또는 인화성 물질에 옮겨 붙어 화재 폭발,"▶ 절단기에서 발생하는 불티의 비산 거리 등 비산 반경 분석
▶ 작업구역 내 불티가 비산되지 않도록 절단기 등에 비산방지덮개 및 가연물에 용접방화포 설치"
2020-43-11-015,제조업,식료품제조업,음료제조업,2020년 10월경 물류창고에서 재해자가 제품 하역작업을 위해 지게차 작업을 하던 중 주변 근로자와 부딪힘을 피해 급 선회하던 중 지게차가 넘어지며 운전선을 이탈하고 헤드가드에 복부를 깔려 사망,지게차,지게차를 사용하는 작업,"작업차량이 『운행경로 상의 지형(급경사, 커브, 바닥의 요철, 지반 등) 또는 구조물』로 인해 떨어지거나 넘어지면서 그 아래 깔림","▶ 주·정차 시 불시 이동방지를 위한 브레이크, 고임목 체결 철저
▶ 작업장 내 바닥 평탄화 및 제한속도 준수
▶ 지게차 운전자격이 있는 지정자에 한해 운전 및 시동키 관리"
2019-85-11-003,제조업,기계기구·금속·비금속광물제품제조업,선재제품제조업,2019년 3월 OO사업장에서 재해자가 적재된 강선코일의 하부 벤딩작업 중 강선 코일이 재해자 방향으로 넘어져 그 아래 깔려 사망,적재물(강선코일),상하차 작업 또는 적재된 화물,『매달아 올리거나 적재 상태가 불량한 물체』가 떨어지거나 무너지면서 맞거나 깔림,"▶ 주변의 중량물로 인한 깔림 방지를 위해 중량물 제거 후 작업
▶ 중량물 지지대 설치 후 수리·교체작업 실시"
2020-43-31-001,기타의사업,기타의각종사업,각급사무소,"2020년 1월경 선박에서 재해자 1이 홀드(석탄보관 선창) 해치커버 개방 작업을 하던 중, 홀드 출입용 맨홀하부 나선형사다리 계단참에 쓰러져 있는 채로 발견되었고 재해자 2(갑판장) 가 구조를 위해 진입하였으나 쓰러져 재해자 1은 사망, 재해자 2는 부상",유해가스,"피트, 맨홀, 오·폐수 처리시설 등 밀폐된 장소에서 작업",『산소·가소농도 미측정 및 송풍기를 이용한 강제환기 미실시』로 불활성 가스 또는 유해가스에 의한 산소결핍·질식·중독,"▶ 가스농도측정기로 적정공기 상태 선 확인
▶ 환기팬 등으로 환기 실시 후 작업을 실시
▶ 밀폐공간 출입금지 위험 표시"
2020-43-42-002,제조업,화학및고무제품제조업,기타화학제품제조업,2020년 3월경 OO사업장 저장탱크 상부에서 재해자가 배관을 절단하는 중 내부의 인화성액체가 누출되면서 그라인더에서 발생한 불티로 인해 화재가 발생하여 사망,인화성물질,위험물질 취급 또는 그 장소에서 수행하는 작업,"『작업장소에서 취급하는 위험물질 및 관리되지 않는 점화원(아크, 정전기 등)』으로 인해 화재·폭발","▶ 위험장소 주변 용접 및 사상작업 금지 등 점화원 관리
▶ 용접불티 비산방지덮개 또는 용접방화포 조치"
2020-43-42-004,제조업,화학및고무제품제조업,합성수지제조업,2020년 5월경 OO사업장 촉매연구소에서 재해자가 생산제품을 이송하는 중 용기 내 과압으로 인해 안전밸브를 통해 인화성액체가 누출되며 화재가 발생,인화성물질,위험물질 취급 또는 그 장소에서 수행하는 작업,"『반응을 제어할 연동장치가 없고, 작업절차 없이 작업자의 경험에만 의존한 공정 운영』으로 화재·폭발·누출 위험","▶ 작업절차 수립하고 작업자 교육 실시
▶ 안전밸브, 파열판 설치 및 계측장치 유지 관리 
▶ 반응 억제제 투입 설비 설치 및 비상대피훈련 실시"
2020-43-42-005,제조업,화학및고무제품제조업,유기화학제품제조업,2020년 5월경 OO사업장 촉매연구소에서 재해자가 배관의 기밀시험을 위한 블라인드 플랜지의 볼트를 절단하는 중 내부 남아있던 인화성 가스에 의해 화재가 발생,인화성물질,위험물질 취급 또는 그 장소에서 수행하는 작업,『위험물질을 파악 및 제거하지 않은 상태』에서 작업하여 화재·폭발·누출로 인한 재해발생 위험,"▶ 위험물질에 대한 MSDS 비치 및 근로자 교육
▶ 공급원재료의 종류, 공급되는 설비명 표시
▶ 가스검지 및 경보장치·긴급차단장치 및 방유제 설치"
2020-43-51-002,기타의사업,도소매·음식·숙박업,도소매및소비자용품수리업,2019년 7월경 골재생산설비 설치 현장에서 재해자가 물탱크 조립 설치작업을 위해 이동식 사다리 위에서 작업을 하던 중 추락하여 사망,사다리(이동식/일자형),사다리를 이용한 작업 또는 통행,『사다리 위에 올라가 작업』하던 중 균형을 잃고 머리부터 바닥으로 떨어짐,"▶ 3.5m 미만 작업 시 A자형 사다리만 사용(2인1조)
▶ 아웃트리거 설치 및 안전대, 안전모 등 개인보호구 착용"
2020-51-11-002,제조업,기계기구·금속·비금속광물제품제조업,철강또는비철금속주물제조업,2020년 1월 OO공장에서 재해자가 지게차 포크가 상승된 상태에서 유압호스를 정비하던 중 유압이 상실되어 하강하는 포크에 깔려 사망.,지게차,비정형 작업(정비·보수),"『들어올린 설비의 고정상태 불량, 안전블록·지지대 미설치』로 설비 하부에서 작업 중 갑자기 설비가 내려앉아 끼이거나 깔림","▶ 중량물 이동방지용 지지대 추가 설치
▶ 갑작스런 이동방지를 위한 중량물 위치 변경
▶ 낙하물에 대비한 방망 또는 울 설치후 작업"
2020-51-11-003,제조업,기계기구·금속·비금속광물제품제조업,기타금속제품제조업또는금속가공업,2020년 5월 OO 사업장 내에서 OO 소속 재해자가 세미갠트리크레인을 사용하여 H빔 인양작업 중 클램프가 빠지면서 클램프에 맞아 사망함_x000D_,줄걸이기구(클램프),"크레인(천장주행, 갠트리, 지브 등) 사용 작업",『운반하는 화물에 적합하지 않은 줄걸이 기구』를 사용해 화물이 줄걸이에서 이탈해 떨어져 깔림,"▶ 최대 중량물 기준 안전율을 고려한 달기구 사용
▶ 자체제작 달기구 폐기 및 손상된 제품은 즉시 폐기"
2020-51-11-004,제조업,목재및종이제품제조업,지류제조업,2020년 6월 제지공장에서 사외용수장 집수정 순회점검 중 집수정 밸브조절실 작업발판 개구부 아래로 떨어짐,분류 불가,비정형 작업(점검),『작업을 위해 밟고 있던 구조물이 파손되거나 균형을 잃기 쉬운 불안한 자세』로 작업하여 넘어지거나 떨어짐,"▶ 안전난간이 설치된 작업발판을 설치·사용
▶ 고소작업대 사용 또는 3.5m미만은 A자형 사다리 사용(2인1조) 관리
▶ 안전대 및 안전모 지급·착용 등 관리감독자 확인"
2020-51-11-005,제조업,화학및고무제품제조업,합성수지제조업,"2020년 7월경 OO사업장에서 재해자가 집적리프트(적재부가 컨베이어 형식으로 상승, 하강, 전진 및 후진을 하면서 제품을 이송하는 기계) 하부에서 설비를 점검하던 중 리프트가 불시에 가동하여 설비에 끼여 사망",자동화설비(집적 리프트),비정형 작업(점검),『정비작업 중 작업자 외 근로자가 설비를 가동』하여 갑자기 작동된 설비에 말리거나 끼임,"▶ 생산 설비의 불시 가동을 방지하기 위한 LOTO(Lock Out_잠금장치, Tag Out_점검 중 꼬리표)제도 시행
▶ 관리감독자 확인 의무 부여"
2020-51-11-006,제조업,기계기구·금속·비금속광물제품제조업,건설용금속제품제조업,2020년 8월 OO공장에서 재해자가 천장크레인 후크에 클램프가 달린 체인슬링을 걸어 작업 중 클램프가 이탈하여 파이프에 깔려 사망함,줄걸이기구(클램프),"크레인(천장주행, 갠트리, 지브 등) 사용 작업",『운반하는 화물의 형태에 적합하지 않은 줄걸이 방법을 사용』하여 화물의 균형이 맞지 않은 상태에서 무리하게 인양하다가 화물이 떨어지면서 부딪히거나 그 아래 깔림,"▶ 섬유슬링 벨트 폐기(관리) 기준을 마련하여 중량물 취급 작업계획서에 포함
▶ 폐기조건 발생 시 근로자가 자발적으로 점검하여 즉시 폐기 요청 할 수 있는 사내 안전문화 정착"
2020-51-11-007,제조업,기계기구·금속·비금속광물제품제조업,자동차부분품제조업,2020년 8월 OO공장에서 관리감독자가 사출성형기(250ton) 내부를 점검하던 중 이동형판이 갑자기 상승하여 이동형판과 보강대에 머리가 끼어 사망,사출성형기,비정형 작업(점검),"『설비에 안전장치가 설치되어 있지 않거나, 설치된 안전장치를 무력화한 상태』로 사용하던 중 말리거나 끼임","▶ 방호장치 작동불량 등 이상시 관리감독자 등에게 선보고 및 조치 후 작업 재개가 당연한 안전문화 구축　
▶ 작업 전 광전자식 방호장치 정상 여부 확인 "
2020-51-11-008,제조업,화학및고무제품제조업,기타화학제품제조업,2020년 8월경 OO사업장에서 재해자가 지게차 포크 위에 올려진 화물이 넘어지는 것을 막으려다 아래에 깔려 사망,지게차,지게차를 사용하는 작업,『화물의 무게가 한쪽으로 치우쳐진 상태 등』 적재상태가 불량한 화물이 무너지면서 맞거나 깔림,"▶ 전도·낙하 방지를 위해 중량물 제거 후 작업
▶ 중량물 고정 실시 후 수리작업 실시"
2020-51-11-009,기타의사업,시설관리및사업지원서비스업,사업서비스업,"2020년 10월경 야산에서 재해자가 상수리나무 한 그루를 벌목하기 위해 나무 위로 올라가 약 9m 상부에 안전대를 체결하고 기계톱으로 직경 21cm의 나뭇가지를 절단하던 중, 잘린 나뭇가지에 맞아 사망",나무(벌도목),벌목·조재 작업,"『주변 구조물에 걸려있던 나무(벌도목, 조재목 등)』 가 작업상황에 의해 무게중심이 변하면서 떨어지거나 지렛대처럼 튀어올라 얼굴을 맞음","▶ 벌목 작업 전 주변 나무에 걸려있는 나무를 확인하여 주변에서 작업 금지
▶ 충분한 안전거리를 확보하여, 다른 작업자와 동시에 작업 금지"
2020-51-11-011,제조업,기계기구·금속·비금속광물제품제조업,특수산업용기계제조업,2020년 11월 OO공장 블로우성형기에서 재해자가 금형 사이의 이물질을 제거하는 과정에서 금형이 작동되어 금형과의 틈새에 재해자가 끼여 사망,사출성형기(블로우몰딩머신),비정형 작업(이물질 제거·청소),『설비를 정지시키지 않거나 전원을 차단하지 않은 상태』에서 정비·보수·청소 등의 작업을 하다가 끼이거나 말림,"▶ 설비 가동중 이물질 제거 등이 발생할 수 있는 생산작업을 분석하고 근원적 접근방지대책 수립
▶ 끼임재해 우려가 있어 가동정지 후 작업이 필요한 설비 목록화→LOTO(Lock Out,  Tag Out) 대상 확정·시행 
▶ 작업 절차에 대해 근로자 교육실시"
2020-51-21-008,제조업,기계기구·금속·비금속광물제품제조업,기타산업용기계기구제조업,2020년 8월 OO공장에서 협력업체 배관공이 안전난간이 없는 이동식 비계(높이 3.6M) 작업발판에서 중심을 잃고 콘크리트 바닥으로 떨어져 사망,비계(BT아시바/이동식비계),"설비 위, 지붕 등 높은 장소에서의 작업",『작업을 위해 밟고 있던 구조물이 파손되거나 균형을 잃기 쉬운 불안한 자세』로 작업하여 넘어지거나 떨어짐,"▶ 안전난간이 설치된 작업발판을 설치·사용
▶ 고소작업대 사용 또는 3.5m미만은 A자형 사다리 사용(2인1조) 관리
▶ 안전대 및 안전모 지급·착용 등 관리감독자 확인"
2020-51-21-015,기타의사업,도소매·음식·숙박업,도소매및소비자용품수리업,"2020년 10월경 지붕 철거공사 현장에서 재해자가 지붕 위에서 지붕을 철거하기 위한 줄걸이 작업 후 지면으로 내려오기 위해 이동하던 중, 지붕강판을 미리 철거한 부위에서 균형을 잃고 2.5m 아래로 떨어져 사망",분류 불가,"설비 위, 지붕 등 높은 장소에서의 작업",『안전난간의 설치상태가 불량하거나 없는 상태』에서 주변 구조물 또는 생명줄에 안전대를 체결하지 않아 떨어짐,"▶ 지붕 재질 확인 및 하중 분산용 작업발판 설치 후 작업
▶ 지붕 파손 대비 공장 내부에 추락방호망 설치
▶ 지붕 끝단부에 안전난간 설치"
2020-51-42-001,제조업,의약품·화장품·연탄·석유제품제조업,의약품및의약부외품제조업,2020년 2월경 OO사업장에서 의약품 제조공정에서 재해자가 반응기 내벽 세척 작업 중 내부에서 화재가 발생하여 다수의 근로자가 화상을 입음,인화성물질,위험물질 취급 또는 그 장소에서 수행하는 작업,"『작업장소에서 취급하는 위험물질 및 관리되지 않는 점화원(아크, 정전기 등)』으로 인해 화재·폭발","▶ 위험장소 주변 용접 및 사상작업 금지 등 점화원 관리
▶ 용접불티 비산방지덮개 또는 용접방화포 조치"
2018-92-11-003,제조업,기계기구·금속·비금속광물제품제조업,철강또는비철금속주물제조업,2018년 7월 OO공장 재해자가 운전 중인 컨베이어의 후부 풀리와 벨트 사이에 손부터 말려 들어가면서 질식으로 사망,컨베이어,비정형 작업(이물질 제거·청소),『말릴 위험이 있는 옷이나 장갑을 착용하고 회전축에 근접하여 작업』해 손이나 팔이 말려 절단,"▶ 목장갑 등 사용 시 손이 말려 들어갈 위험이 있음을 근로자에게 교육하고, 밀착형 가죽장갑 등을 지급하여 착용하도록 조치"
2020-61-11-002,운수창고통신업,철도·항공·창고·운수관련서비스업,육상화물취급업,"2020년 3월경 축산물유통 현장에서 재해자가 거미줄을 제거하기 위해 지게차 포크에 팔렛트를 끼우고 그 위에 탑승하여 청소 작업을 하던 중, 실족하여 3.2m 아래로 떨어져 사망",지게차,지게차를 사용하는 작업,"지게차 포크, 파렛트, 굴삭기 버킷에 탑승하여 높은 장소로 승강하는 등 『설비를 주용도(하역운반장치) 외로 사용』하여 떨어짐","▶ 중량물 제작 작업 등 생산용도에 사용금지
▶ 전동교체 시 고소작업대 사용 및 운전석 외 탑승금지"
2020-61-11-003,운수창고통신업,육상및수상운수업,구역화물운수업,"2020년 3월경 자동화라인에서 재해자가 로봇 용접기에 부착된 용접 팁 교체 작업 중, 작동 중인 로봇 팔과 지그에 끼어 사망",산업용로봇,비정형 작업(정비·보수),"『설비에 안전장치가 설치되어 있지 않거나, 설치된 안전장치를 무력화한 상태』로 사용하던 중 말리거나 끼임","▶ 방호장치 작동불량 등 이상시 관리감독자 등에게 선보고 및 조치 후 작업 재개가 당연한 안전문화 구축　
▶ 작업 전 광전자식 방호장치 정상 여부 확인 "
2020-61-11-004,제조업,목재및종이제품제조업,목재및나무제품제조업,2020년 5월 목재가공공장에서 재해자와 동료작업자가 외근을 나가 혼자 파쇄기에 폐기물 투입작업을 하던 중 파쇄기로 떨어짐,분쇄·파쇄기,원료 투입 작업,"『별도의 수공구 없이 설비의 구동부에 근접하여 작업』하다가 구동부에 끼이거나 말림, 절단","▶ 광전자, 양수조작식 등 방호장치 설치 및 기능유지 철저
▶ 재료투입용 보조기구 및 사용상태 철저 관리"
2020-61-11-008,제조업,식료품제조업,육제품또는유제품제조업,2020년 8월경 컨베이어에서 재해자가 트롤리 분리 작업을 하기 위해 사다리에 올라가 수리작업을 하던 중 떨어져 사망,사다리(이동식/일자형),사다리를 이용한 작업 또는 통행,『사다리 위에 올라가 작업』하던 중 균형을 잃고 머리부터 바닥으로 떨어짐,"▶ 3.5m 미만 작업 시 A자형 사다리만 사용(2인1조)
▶ 아웃트리거 설치 및 안전대, 안전모 등 개인보호구 착용"
2020-61-11-009,기타의사업,도소매·음식·숙박업,도소매및소비자용품수리업,"2020년 10월경 야적장에서 화물차운전기사인 재해자가 철근 하역을 위해 화물차량 위에서 굴삭기와 함께 하역작업을 하던 중, 낙하된 철근다발에 깔려서 사망",굴착기(백호우),상하차 작업 또는 적재된 화물,『화물의 무게가 한쪽으로 치우쳐진 상태 등』 적재상태가 불량한 화물이 무너지면서 맞거나 깔림,"▶ 전도·낙하 방지를 위해 중량물 제거 후 작업
▶ 중량물 고정 실시 후 수리작업 실시"
2020-61-11-010,제조업,화학및고무제품제조업,합성수지제조업,2020년 10월경 OO사업장 혼합공정에서 재해자가 적재된 원재료를 밟고 모터 교체 작업 중 아래로 떨어져 사망,적재물,"설비 위, 지붕 등 높은 장소에서의 작업",『작업을 위해 밟고 있던 구조물이 파손되거나 균형을 잃기 쉬운 불안한 자세』로 작업하여 넘어지거나 떨어짐,"▶ 안전난간이 설치된 작업발판을 설치·사용
▶ 고소작업대 사용 또는 3.5m미만은 A자형 사다리 사용(2인1조) 관리
▶ 안전대 및 안전모 지급·착용 등 관리감독자 확인"
2020-61-11-011,제조업,화학및고무제품제조업,화학비료제조업,2020년 11월경 OO사업장 제품하역장에서 재해자가 화물트럭으로 운반한 비료를 하역하는 중 트럭과 설비사이에 끼어 사망,화물운반트럭(카고트럭),혼재작업(작업자-작업차량),근로자와 작업차량 간 『혼재작업 장소에서 근로자 이동과 작업차량 운행을 통제하지 않은 상태』에서 근로자가 작업차량에 부딪히나 깔림 또는 주변 구조물과 작업차량 사이에 끼임,"▶ 지게차 이용 중량물 취급에 대한 작업계획서 작성(작업방법, 운행경로, 근로자와 지게차 혼재 작업 여부 등)
▶ 혼재 작업 시 작업지휘자 또는 유도자 배치"
2020-61-21-004,기타의사업,기타의각종사업,건설업본사,"2020년 6월경 야적장에서 재해자가 강관파이프(하수관거)를 화물차량에 적재하기 위해 화물차량 높이 약 1.7m 적재함 위에서 적재작업 중, 3단으로 불안정하게 적재된 강관파이프가 붕괴되어 재해자가 야적장 바닥으로 떨어졌으며, 이때 차량 적재함에서 낙하한 강관파이프에 깔려서 사망",적재물(강관파이프),상하차 작업 또는 적재된 화물,『매달아 올리거나 적재 상태가 불량한 물체』가 떨어지거나 무너지면서 맞거나 깔림,"▶ 주변의 중량물로 인한 깔림 방지를 위해 중량물 제거 후 작업
▶ 중량물 지지대 설치 후 수리·교체작업 실시"
2020-61-51-001,기타의사업,시설관리및사업지원서비스업,위생및유사서비스업,"2020년 10월경 지정폐기물 수집현장에서 재해자가 암롤박스의 폐기물 비산방지용 덮개를 설치하기 위하여 암롤박스 상부로 올라가 덮개를 펼치던 중, 균형을 잃고 2.2m아래로 떨어져 사망",분류 불가,"설비 위, 지붕 등 높은 장소에서의 작업",『작업을 위해 밟고 있던 구조물이 파손되거나 균형을 잃기 쉬운 불안한 자세』로 작업하여 넘어지거나 떨어짐,"▶ 안전난간이 설치된 작업발판을 설치·사용
▶ 고소작업대 사용 또는 3.5m미만은 A자형 사다리 사용(2인1조) 관리
▶ 안전대 및 안전모 지급·착용 등 관리감독자 확인"
2020-62-11-001,제조업,기계기구·금속·비금속광물제품제조업,일반산업용기계장치제조업,2020년 7월 OO공장에서 재해자가 8.0m 높이 천장크레인 주행 빔 상부에서 레일 연결부 볼트 체결 중 몸의 중심을 잃고 공장 바닥으로 떨어져 사망.,분류 불가,"설비 위, 지붕 등 높은 장소에서의 작업",『작업을 위해 밟고 있던 구조물이 파손되거나 균형을 잃기 쉬운 불안한 자세』로 작업하여 넘어지거나 떨어짐,"▶ 안전난간이 설치된 작업발판을 설치·사용
▶ 고소작업대 사용 또는 3.5m미만은 A자형 사다리 사용(2인1조) 관리
▶ 안전대 및 안전모 지급·착용 등 관리감독자 확인"
2020-62-11-002,제조업,금속제련업,금속의제련또는정련업,2020년 07월 OO공장 재해자가 점검을 위해 덮개 위를 이동하던 중 배수구 덮개가 뒤집히면서 10m 아래 3층 바닥으로 떨어져 사망.,분류 불가,작업장소 통행/이동,『설비를 밟고 올라 이동하거나 설비 사이를 뛰어넘어 이동』하다가 구조물에 다리가 걸려 넘어지거나 균형을 잃고 떨어짐,"▶ 추락위험구간에 안전난간 추가 설치
▶ 출하장소를 추락위험이 없는 장소로 위치 변경"
2020-62-11-003,기타의사업,기타의각종사업,각급사무소,"2020년 9월경 조선소 내 도크에서 재해자가 레이더마스트 상부 안테나 수리작업 중, 갑자기 작동한 레이더스캐너에 맞아 어퍼플랫폼 상부에서 컴퍼스데크로 떨어져(약 8m) 사망",기타 설비(레이더스캐너<Radar Scanner>),비정형 작업(정비·보수),『정비작업 중 작업자 외 근로자가 설비를 가동』하여 갑자기 작동된 설비에 말리거나 끼임,"▶ 생산 설비의 불시 가동을 방지하기 위한 LOTO(Lock Out_잠금장치, Tag Out_점검 중 꼬리표)제도 시행
▶ 관리감독자 확인 의무 부여"
2020-62-21-008,기타의사업,기타의각종사업,건설업본사,"2020년 8월경 작업장 내에서 용접공인 재해자가 설비제작을 위해 철판(t=20mm)을 산소 절단기로 용단작업 하던 중, 방진복에 불이 붙어 상반신에 화상(2도)을 입고 병원 치료중 사망",분류 불가,용접·절단·사상 또는 도장 작업,『불티비산 방지조치가 안된 상태에서 작업』하여 용접·절단 불똥이 주변의 적재물 또는 인화성 물질에 옮겨 붙어 화재 폭발,"▶ 절단기에서 발생하는 불티의 비산 거리 등 비산 반경 분석
▶ 작업구역 내 불티가 비산되지 않도록 절단기 등에 비산방지덮개 및 가연물에 용접방화포 설치"
2020-62-51-001,운수창고통신업,육상및수상운수업,항만운송부대사업,"2020년 2월경 부두에서 재해자가 선박의 화물칸 내에서 지게차를 사용하여 스텐션 4개소 설치를 하던 중, 첫번째 스텐션 가용접 후 해당 구조물이 넘어지면서 재해자를 덮쳐 사망",적재물(스텐션/강구조물),용접·절단·사상 또는 도장 작업,"『주변 설비의 움직임을 인지하지 못하거나, 안전거리를 확보하지 않고 작업』 하여 작동하는 설비에 부딪히거나, 말림·끼임","▶ 같은 장소에서 이루어지는 도급인과 수급인의 작업 혼재 시 재해 발생 예방을 위한 의사 전달 체계 수립
▶ 안전작업허가제도로 작업 전·중·후 안전확보 상태 지속 확인"
2020-62-51-002,제조업,수제품및기타제품제조업,기타각종제조업,2020년 3월 폐기물처리장에서 재해자가 플라스틱 압축기 내부로 진입하여 압축물 배출 보조재를 삽입하던 중 동료작업자가 압축기를 가동하여 끼임,생산설비(압축기),비정형 작업(점검),『정비작업 중 작업자 외 근로자가 설비를 가동』하여 갑자기 작동된 설비에 말리거나 끼임,"▶ 생산 설비의 불시 가동을 방지하기 위한 LOTO(Lock Out_잠금장치, Tag Out_점검 중 꼬리표)제도 시행
▶ 관리감독자 확인 의무 부여"
2020-62-51-003,운수창고통신업,육상및수상운수업,여객자동차운수업,"2020년 10월경 차고지에서 재해자가 정차된 버스 차량의 지붕에서 위성 안테나 작동 상태를 확인하던 중, 몸의 중심을 잃고 3.05m 아래로 떨어져 사망",분류 불가,"설비 위, 지붕 등 높은 장소에서의 작업",『안전난간의 설치상태가 불량하거나 없는 상태』에서 주변 구조물 또는 생명줄에 안전대를 체결하지 않아 떨어짐,"▶ 지붕 재질 확인 및 하중 분산용 작업발판 설치 후 작업
▶ 지붕 파손 대비 공장 내부에 추락방호망 설치
▶ 지붕 끝단부에 안전난간 설치"
2020-63-11-001,제조업,기계기구·금속·비금속광물제품제조업,각종기계또는동부속품제조업,2020년 2월 OO 현장 OO 소속 재해자가 고정식 사다리를 이용하여 하부 플랫폼으로 내려오던 중 개구부를 통하여 바다에 추락 사망.,분류 불가,작업장소 통행/이동,『설비를 밟고 올라 이동하거나 설비 사이를 뛰어넘어 이동』하다가 구조물에 다리가 걸려 넘어지거나 균형을 잃고 떨어짐,"▶ 추락위험구간에 안전난간 추가 설치
▶ 출하장소를 추락위험이 없는 장소로 위치 변경"
2020-63-11-002,기타의사업,도소매·음식·숙박업,도소매및소비자용품수리업,"2020년 6월경 하역작업장소에서 재해자가 화물차량에 상차된 톤백을 화물선에 선적하기 위해 톤백 위에서 항만하역용 기중기의 훅 부착 슬링에 톤백 고리걸이 후 이동 중, 톤백 아래(높이 약 2.36m)로 떨어져 사망",적재물(톤백),상하차 작업 또는 적재된 화물,『적재된 제품·재료 또는 화물 적재함 위에 올라 작업』하던 중 균형을 잃고 떨어짐,"▶ 차량 상부작업 시 작업장소 상부에 안전대 걸이설비 설치·사용
▶ 적재함에 오르내리기 위한 설비 설치·사용
▶ 작업 시 안전대, 안전모 등 보호구 착용"
2020-63-51-001,기타의사업,시설관리및사업지원서비스업,위생및유사서비스업,"2020년 7월경 폐농약용기류 보관창고에서 재해자가 보관창고 방향으로 후진하는 화물차량에 충돌, 바퀴에 협착되어 사망",화물운반트럭(카고트럭),도로에서의 자동차 운전,"『차량운행 중 차량의 진행방향 및 사각지대를 확인하지 않아』근로자가 작업차량에 깔리거나, 주변 구조물과 작업차량 사이에 끼임","▶ 지게차 이용 중량물 취급에 대한 작업계획서 작성(작업방법, 운행경로, 근로자와 지게차 혼재 작업 여부 등)
▶ 혼재 작업 시 작업지휘자 또는 유도자 배치"
2020-63-51-002,제조업,수제품및기타제품제조업,기타각종제조업,2020년 10월 광고물제조업체 소속 재해자가 건물 2층에 간판을 설치하기 위하여 달비계에 탑승하여 작업 중 로프가 파단되어 떨어짐,달비계 로프,"설비 위, 지붕 등 높은 장소에서의 작업",『달비계 지지로프의 결속·파손 및 고정부 접속 상태를 확인하지 않은 상태』에서 안전대를 생명줄(수직 구명줄)에 체결하지 않아 떨어짐,"▶ 지붕 재질 확인 및 하중 분산용 작업발판 설치 후 작업
▶ 지붕 파손 대비 공장 내부에 추락방호망 설치
▶ 지붕 끝단부에 안전난간 설치"
2020-63-51-003,운수창고통신업,철도·항공·창고·운수관련서비스업,항만내의육상하역업,2020년 12월경 부두에서 재해자가 지게차 유도 업무를 위해 화물선 내부에서 이동하던 중 지게차에 적재된 화물과 충돌 후 지게차 바퀴에 깔려 사망,지게차,혼재작업(작업자-작업차량),작업자 간 『작업 상황에 대해 의사소통을 하지 않고 작업』을 실시해 운반하는 물체에 부딪히거나 깔림 또는 주변 구조물과 운반하는 물체 사이에 끼임,"▶ 작업자 간 신호체계 통일 및 숙지 조치
▶ 중량물 취급 시 보조운반기구 사용"
2020-64-11-001,전기가스증기수도사업,전기가스증기수도사업,전기업,2020년 3월경 OO지역 농로에서 재해자가 전신주에 올라가 활선상태인 전로에 리드선 연결작업을 하던 중 전선의 충전부에 접촉해 감전되어 사망 ,전기충전부(전선),전기설비 취급 작업,『전원을 차단하지 않은 상태』에서 노출된 충전부에 접촉하여 감전,"▶ 정전작업 후 전기점검 및 조작 실시
▶ 활선작업용기구·장치  사용 및 절연용 보호구 착용"
2020-64-11-002,운수창고통신업,통신업,통신업,"2020년 4월경 전주 이설 작업현장에서 재해자가 전주 케이블 해체를 위해 전주 위로 올라가 해체작업을 하는 순간, 전주가 지선방향으로 넘어지면서 전주와 함께 떨어져 사망",분류 불가,"설비 위, 지붕 등 높은 장소에서의 작업",『안전난간의 설치상태가 불량하거나 없는 상태』에서 주변 구조물 또는 생명줄에 안전대를 체결하지 않아 떨어짐,"▶ 지붕 재질 확인 및 하중 분산용 작업발판 설치 후 작업
▶ 지붕 파손 대비 공장 내부에 추락방호망 설치
▶ 지붕 끝단부에 안전난간 설치"
2020-64-11-004,제조업,선박건조및수리업,강선건조또는수리업,2020년 11월경 OO사업장 선박 제품 제조공정에서 재해자가 도장작업 중 이동하는 갠트리 크레인과 설비 사이에 끼어 사망,크레인(갠트리크레인),"크레인(천장주행, 갠트리, 지브 등) 사용 작업",『운반하는 물체의 이동경로에 근로자의 출입을 통제하지 않아』 부딪히거나 주변 구조물과 운반물 사이에 끼임,"▶ 지게차 이용 중량물 취급에 대한 작업계획서 작성(작업방법, 운행경로, 근로자와 지게차 혼재 작업 여부 등)
▶ 혼재 작업 시 작업지휘자 또는 유도자 배치"
2020-64-11-007,제조업,선박건조및수리업,강선건조또는수리업,2020년 11월경 OO사업장 선박 제품 제조공정에서 동료 작업자가 구조물 절단작업 중 절단된 부분이 아래로 떨어지며 그 상부에서 작업중이던 재해자가 3.5미터 아래로 떨어져 부상을 입음,분류 불가,용접·절단·사상 또는 도장 작업,『설비 구조물을 밟고 올라서거나 난간이 없는 작업대 위』에서 불안전한 자세로 작업하다 떨어짐,"▶ 추락위험구간에 안전난간 추가 설치
▶ 출하장소를 추락위험이 없는 장소로 위치 변경"
2020-64-11-008,제조업,식료품제조업,도정및제분업,2020년 12월경 재해자가 하역작업을 하기 위해 적재함 후미에 올라가 작업을 하던 중 작업중인 지게차에 부딪혀 2.7m 아래로 떨어져 사망,지게차,혼재작업(작업자-작업차량),근로자와 작업차량 간 『혼재작업 장소에서 근로자 이동과 작업차량 운행을 통제하지 않은 상태』에서 근로자가 작업차량에 부딪히나 깔림 또는 주변 구조물과 작업차량 사이에 끼임,"▶ 지게차 이용 중량물 취급에 대한 작업계획서 작성(작업방법, 운행경로, 근로자와 지게차 혼재 작업 여부 등)
▶ 혼재 작업 시 작업지휘자 또는 유도자 배치"
2020-64-51-001,기타의사업,시설관리및사업지원서비스업,건물등의종합관리사업,"2020년 4월경 조선소 안벽에서 재해자가 야간순찰을 하던 중, 순찰로를 이탈하여 약 3.5m 아래 해상으로 떨어져 실종 후 사망한 상태로 발견",분류 불가,작업장소 통행/이동,『선박 사이를 뛰어넘어 이동편승』하다가 균형을 잃거나 구조물에 걸려 넘어지면서 떨어져 바다에 빠져 익사 위험,"▶ 선박 사이 이동을 위한 통로를 확보하여 안전하게 유지 실시
▶ 확보된 통로 외에는 이용하지 않도록 규정 마련"
2020-64-51-002,제조업,전기기계기구·정밀기구·전자제품제조업,통신기계기구또는이에관련한기계기구제조업,2020년 8월 통신기계제조업 소속 재해자가 차량탑재형 고소작업대의 운반구에 올라 무인교통감시장치를 설치하던 중 탑승구 개폐문이 열리면서 지면으로 떨어짐(약 6m),차량탑재형 고소작업대(스카이),고소작업대 사용 작업,『안전난간의 설치상태가 불량하거나 없는 상태』에서 주변 구조물 또는 생명줄에 안전대를 체결하지 않아 떨어짐,"▶ 지붕 재질 확인 및 하중 분산용 작업발판 설치 후 작업
▶ 지붕 파손 대비 공장 내부에 추락방호망 설치
▶ 지붕 끝단부에 안전난간 설치"
2020-71-11-001,농업,농업,농업서비스업,2020년 2월경 OO산 벌목현장에서 굴취 작업이 중단(뿌리를 절반 이상 자른 상태에서 다시 되메움)된 소나무가 강풍에 의해 넘어지면서 재해자가 나무에 맞고 깔려 사망,나무(기타),벌목·조재 작업,작업자 방향으로 『주변에서 작업하던 벌도목 또는 주변 수목에 걸려있던 벌도목』이 떨어(쓰러)지면서 작업자가 벌도목에 머리를 맞거나 그 아래 깔림,"▶ 벌목 작업 전 주변 나무에 걸려있는 나무를 확인하여 주변에서 작업 금지
▶ 충분한 안전거리를 확보하여, 다른 작업자와 동시에 작업 금지"
2020-71-21-013,기타의사업,전문·보건·교육·여가관련서비스업,경영컨설팅서비스업,"2020년 12월경 태양광발전소 현장에서 재해자가 태양광발전설비 모듈에 전선 결선 작업을 위해 축사 지붕 위를 이동하던 중, 썬라이트를 밟는 순간 파손되어 약 6.4m 아래 바닥으로 추락하여 사망",지붕·대들보(선라이트/채광창),"설비 위, 지붕 등 높은 장소에서의 작업",『안전난간의 설치상태가 불량하거나 없는 상태』에서 주변 구조물 또는 생명줄에 안전대를 체결하지 않아 떨어짐,"▶ 지붕 재질 확인 및 하중 분산용 작업발판 설치 후 작업
▶ 지붕 파손 대비 공장 내부에 추락방호망 설치
▶ 지붕 끝단부에 안전난간 설치"
2020-71-42-001,제조업,화학및고무제품제조업,합성수지제조업,2020년 3월경 OO사업장 반응기 상부에서 재해자가 용접 작업 중 내부에서 발생한 유증기로 인해 폭발이 발생하여 사망,인화성물질,위험물질 취급 또는 그 장소에서 수행하는 작업,"『작업장소에서 취급하는 위험물질 및 관리되지 않는 점화원(아크, 정전기 등)』으로 인해 화재·폭발","▶ 위험장소 주변 용접 및 사상작업 금지 등 점화원 관리
▶ 용접불티 비산방지덮개 또는 용접방화포 조치"
2020-72-11-001,제조업,기계기구·금속·비금속광물제품제조업,기타금속제품제조업또는금속가공업,2020년 6월 OO현장에서 가용접된 파이프가 떨어지면서 고소작업대를 가격하여 고소작업대에 있던 재해자가 약 6m 아래 바닥으로 추락하여 사망.,분류 불가,고소작업대 사용 작업,『안전난간의 설치상태가 불량하거나 없는 상태』에서 주변 구조물 또는 생명줄에 안전대를 체결하지 않아 떨어짐,"▶ 지붕 재질 확인 및 하중 분산용 작업발판 설치 후 작업
▶ 지붕 파손 대비 공장 내부에 추락방호망 설치
▶ 지붕 끝단부에 안전난간 설치"
2017-81-11-014,제조업,기계기구·금속·비금속광물제품제조업,각종시멘트제품제조업,2017년 8월경 작업장에서 재해자가 고압세척기를 이용해 작업하던 중 감전되어 사망,기타 설비(고압세척기),전기설비 취급 작업,"누전차단기 미설치, 접지 미실시 등으로 『설비에서 누설된 전류』에 감전","▶ 물기 또는 습기가 있는 장소 등 감전의 위험이 있는 기계기구에 접지 실시
▶ 이동형 또는 휴대형 전기기계에 누전차단기를 설치하여 감전위험 방지"
2020-72-11-005,제조업,기계기구·금속·비금속광물제품제조업,제강압연업,2020년 9월 OO공장에서 산소 공급라인에서 홀더가 갑자기 분리되어 튕기면서 근처에 있던 재해자의 머리부위를 가격하여 사망,분류 불가,작업장소 통행/이동,"『설비 내부의 잔여 유·공압을 제거하지 않은 상태』에서 설비를 해체하여 구조물, 부속품 등이 튕겨나와 맞음","▶ 설비 점검 시 내부의 잔여 물질을 배출하여, 작업자에게 영향을 미치지 않도록 확인할 수 있는 근원적 위험방지대책 수립"
2020-72-11-006,제조업,기계기구·금속·비금속광물제품제조업,코팅사업,2020년 9월 OO 작업장에서 재해자가 전진하는 코팅용 대차에 충돌하면서 코팅용 대차와 파이프 운반용 롤러기둥에 끼여 사망,이동대차,비정형 작업(점검),"『주변 설비의 움직임을 인지하지 못하거나, 안전거리를 확보하지 않고 작업』 하여 작동하는 설비에 부딪히거나, 말림·끼임","▶ 같은 장소에서 이루어지는 도급인과 수급인의 작업 혼재 시 재해 발생 예방을 위한 의사 전달 체계 수립
▶ 안전작업허가제도로 작업 전·중·후 안전확보 상태 지속 확인"
2020-72-11-008,제조업,식료품제조업,도정및제분업,2020년 9월경 사일로 내부에서 재해자가 이물질 제거작업을 하던 중 이물질이 무너져 매몰되어 사망,분류 불가,비정형 작업(이물질 제거·청소),『매달아 올리거나 적재 상태가 불량한 물체』가 떨어지거나 무너지면서 맞거나 깔림,"▶ 주변의 중량물로 인한 깔림 방지를 위해 중량물 제거 후 작업
▶ 중량물 지지대 설치 후 수리·교체작업 실시"
2020-72-11-012,제조업,기계기구·금속·비금속광물제품제조업,원동기제조업,2020년 12월 OO현장에서 재해자가 천장주행 크레인을 이용하여 철판을 들어올리는 중 달기구 훅이 빠지면서 재해자를 가격하여 사망,줄걸이기구(훅),"크레인(천장주행, 갠트리, 지브 등) 사용 작업",훅해지장치가 없는 등 『줄걸이가 훅에서 이탈』해 떨어지는 화물에 부딪히거나 깔림,"▶ 인양하중 및 화물의 형태를 고려하여 체인블록의 훅을 선정
▶ 훅과 훅 해지장치 등을 상시 점검하여 사용하고, 이상 시 폐기 처리"
2020-81-11-002,제조업,섬유및섬유제품제조업,기타섬유제품제조업,2020년 2월 섬유공장에서 재해자가 방사기 와인더 교체 작업 중 원사를 놓쳐 바닥에 쌓이는 원사를 제거하던 중 밟고있는 원사에 감겨 연신기 롤러에 끼임,생산설비(연신기),비정형 작업(이물질 제거·청소),『설비를 정지시키지 않거나 전원을 차단하지 않은 상태』에서 정비·보수·청소 등의 작업을 하다가 끼이거나 말림,"▶ 설비 가동중 이물질 제거 등이 발생할 수 있는 생산작업을 분석하고 근원적 접근방지대책 수립
▶ 끼임재해 우려가 있어 가동정지 후 작업이 필요한 설비 목록화→LOTO(Lock Out,  Tag Out) 대상 확정·시행 
▶ 작업 절차에 대해 근로자 교육실시"
2020-81-11-003,제조업,선박건조및수리업,강선건조또는수리업,2020년 2월경 OO사업장 선박 제품 제조공정에서 재해자가 구조물 조립을 위해 작업발판을 설치하는 중 17미터 아래로 떨어져 사망,분류 불가,"설비 위, 지붕 등 높은 장소에서의 작업",『작업을 위해 밟고 있던 구조물이 파손되거나 균형을 잃기 쉬운 불안한 자세』로 작업하여 넘어지거나 떨어짐,"▶ 안전난간이 설치된 작업발판을 설치·사용
▶ 고소작업대 사용 또는 3.5m미만은 A자형 사다리 사용(2인1조) 관리
▶ 안전대 및 안전모 지급·착용 등 관리감독자 확인"
2020-81-11-004,제조업,기계기구·금속·비금속광물제품제조업,용융도금업,2020년 3월 OO소속 재해자가 공장내 인산염피막조의 비닐을 덮는 과정에서 중심을 잃고 피막조에 빠져 전신화상 입어 사망.  ,분류 불가,"설비 위, 지붕 등 높은 장소에서의 작업",『작업을 위해 밟고 있던 구조물이 파손되거나 균형을 잃기 쉬운 불안한 자세』로 작업하여 넘어지거나 떨어짐,"▶ 안전난간이 설치된 작업발판을 설치·사용
▶ 고소작업대 사용 또는 3.5m미만은 A자형 사다리 사용(2인1조) 관리
▶ 안전대 및 안전모 지급·착용 등 관리감독자 확인"
2020-81-11-006,기타의사업,시설관리및사업지원서비스업,사업서비스업,"2020년 3월경 선박 내에서 재해자가 셀가이드 레일 교체를 위한 자재를 2인1조로 인력 운반하던 중, 이동통로에 쌓여있던 고박용 자재(라싱바)를 밟고 개방되어 있던 화물창 단부 아래(약 20m)로 떨어져 사망",분류 불가,인력 운반 작업,무거운 물체를 운반하던 중 『바닥의 요철부』에 걸려 넘어지면서 떨어지거나 바닥에 머리가 부딪힘,"▶ 작업구간 바닥상태 평탄화 조치
▶ 폭 넓은 운반용구로 구입·변경 조치
▶ 이동통로 상 바닥에 이물질 등 제거 조치"
2020-81-11-007,제조업,기계기구·금속·비금속광물제품제조업,금속가공기계제조업,2020년 3월 OO 소속 재해자가 연마공정의 수도호스를 이용한 바닥세척등을 위하여 진입 후 연마기 동력전달부 V-Belt에 끼어 사망,생산설비(연마기),비정형 작업(이물질 제거·청소),『설비를 정지시키지 않거나 전원을 차단하지 않은 상태』에서 정비·보수·청소 등의 작업을 하다가 끼이거나 말림,"▶ 설비 가동중 이물질 제거 등이 발생할 수 있는 생산작업을 분석하고 근원적 접근방지대책 수립
▶ 끼임재해 우려가 있어 가동정지 후 작업이 필요한 설비 목록화→LOTO(Lock Out,  Tag Out) 대상 확정·시행 
▶ 작업 절차에 대해 근로자 교육실시"
2020-81-11-008,제조업,선박건조및수리업,강선건조또는수리업,2020년 2월경 OO사업장 선박 제품 도장공정에서 재해자가 제품 반출용 동력문을 동작하는 중 문 사이에 끼여 사망,기타 설비(동력문),용접·절단·사상 또는 도장 작업,"『주변 설비의 움직임을 인지하지 못하거나, 안전거리를 확보하지 않고 작업』 하여 작동하는 설비에 부딪히거나, 말림·끼임","▶ 같은 장소에서 이루어지는 도급인과 수급인의 작업 혼재 시 재해 발생 예방을 위한 의사 전달 체계 수립
▶ 안전작업허가제도로 작업 전·중·후 안전확보 상태 지속 확인"
2020-81-11-009,제조업,선박건조및수리업,강선건조또는수리업,2020년 4월경 OO사업장 선박 제품 제조공정에서 재해자가 제품 반출용 동력문(발사관 도어)을 조정작업하던 중 동력문 사이에 머리가 끼여 사망,기타 설비(동력문),비정형 작업(시운전),"『주변 설비의 움직임을 인지하지 못하거나, 안전거리를 확보하지 않고 작업』 하여 작동하는 설비에 부딪히거나, 말림·끼임","▶ 같은 장소에서 이루어지는 도급인과 수급인의 작업 혼재 시 재해 발생 예방을 위한 의사 전달 체계 수립
▶ 안전작업허가제도로 작업 전·중·후 안전확보 상태 지속 확인"
2020-81-11-010,제조업,선박건조및수리업,강선건조또는수리업,2020년 5월경 OO사업장 선박 내에서 재해자가 용접 중인 배관 내에 진입하여 점검 중 산소결핍으로 사망,분류 불가,"피트, 맨홀, 오·폐수 처리시설 등 밀폐된 장소에서 작업",『산소·가소농도 미측정 및 송풍기를 이용한 강제환기 미실시』로 불활성 가스 또는 유해가스에 의한 산소결핍·질식·중독,"▶ 가스농도측정기로 적정공기 상태 선 확인
▶ 환기팬 등으로 환기 실시 후 작업을 실시
▶ 밀폐공간 출입금지 위험 표시"
2020-81-11-011,제조업,기계기구·금속·비금속광물제품제조업,원동기제조업,2020년 5월 OO 공장 재해자가 유압실린더 수리를 위하여 분해작업 중 트롤게이트가 불시 하강하여 재해자가 질식 사망한 사고임_x000D_,분류 불가,비정형 작업(정비·보수),『설비를 정지시키지 않거나 전원을 차단하지 않은 상태』에서 정비·보수·청소 등의 작업을 하다가 끼이거나 말림,"▶ 설비 가동중 이물질 제거 등이 발생할 수 있는 생산작업을 분석하고 근원적 접근방지대책 수립
▶ 끼임재해 우려가 있어 가동정지 후 작업이 필요한 설비 목록화→LOTO(Lock Out,  Tag Out) 대상 확정·시행 
▶ 작업 절차에 대해 근로자 교육실시"
2020-81-11-012,제조업,기계기구·금속·비금속광물제품제조업,자동차및모터사이클수리업,2020년 5월 OO 작업장 내에서 재해자가 LPG-산소를 이용하여 용단작업중 불씨가 재해자에 옮겨붙어 화상을 입고 사망.,분류 불가,용접·절단·사상 또는 도장 작업,『불티비산 방지조치가 안된 상태에서 작업』하여 용접·절단 불똥이 주변의 적재물 또는 인화성 물질에 옮겨 붙어 화재 폭발,"▶ 절단기에서 발생하는 불티의 비산 거리 등 비산 반경 분석
▶ 작업구역 내 불티가 비산되지 않도록 절단기 등에 비산방지덮개 및 가연물에 용접방화포 설치"
2020-81-11-013,제조업,선박건조및수리업,강선건조또는수리업,2020년 5월경 OO사업장 선박 내에서 재해자가 용접 작업 후 이동 중 설비에 걸려 개구부로 떨어져 사망,분류 불가,작업장소 통행/이동,『설비를 밟고 올라 이동하거나 설비 사이를 뛰어넘어 이동』하다가 구조물에 다리가 걸려 넘어지거나 균형을 잃고 떨어짐,"▶ 추락위험구간에 안전난간 추가 설치
▶ 출하장소를 추락위험이 없는 장소로 위치 변경"
2020-81-11-014,제조업,선박건조및수리업,강선건조또는수리업,2020년 5월경 OO사업장 선박 제품 제조공정에서 재해자가 인양화물 내에서 점검 중 설비가 동작하며 내부에서 끼이는 사고로 사망,인양물,"크레인(천장주행, 갠트리, 지브 등) 사용 작업",운반하는 물체 또는 주변 구조물 등에 의해 『설비 조작자의 시야가 확보되지 않은 상태에서 운반』하여 다른 구조물에 부딪히거나 그 사이에 끼임,"▶ 이송방향 전면에서 조작 및 시야 확보가 가능한 정도의 물량 운반
▶ 신호수를 배치하여 신호에 따라 운반작업 실시"
2020-81-11-015,제조업,선박건조및수리업,강선건조또는수리업,2020년 7월경 OO사업장 선박 내에서 재해자가 엔진 내부에 진입하여 조립작업 중 동작하는 엔진 샤프트에 끼여 사망,기타 설비(엔진/크랭크 샤프트),비정형 작업(정비·보수),『정비작업 중 작업자 외 근로자가 설비를 가동』하여 갑자기 작동된 설비에 말리거나 끼임,"▶ 생산 설비의 불시 가동을 방지하기 위한 LOTO(Lock Out_잠금장치, Tag Out_점검 중 꼬리표)제도 시행
▶ 관리감독자 확인 의무 부여"
2020-81-11-016,운수창고통신업,육상및수상운수업,여객자동차운수업,"2020년 8월경 버스 주차장에서 재해자가 유압잭을 이용해 마을버스의 차동기어를 교체하는 작업 중, 차량 후미에 받쳐 놓았던 유압잭 및 받침목의 갑작스러운 이탈로 차량 하부에서 작업중이던 재해자가 깔려 사망",적재물(유압잭),비정형 작업(정비·보수),『화물을 지지하던 물체가 파손』되어 화물이 무너지면서 그 아래 깔림,"▶ 깔림 방지를 위해 중량물 제거 후 작업
▶ 중량물 지지대 설치 후 수리·교체작업 실시"
2020-81-11-017,제조업,기계기구·금속·비금속광물제품제조업,일반산업용기계장치제조업,2020년 8월 재해자가 기계식 주차설비의 구동부와 체결된 와이어로프 커팅작업을 하던 중 주차장 상부에서 바닥으로 추락하여 사망.,기계식 주차설비,기계식 주차설비 정비·점검 작업,『화물용 리프트(또는 기계식 주차장) 운반구에 탑승하여 작업 또는 이동』하다가 승강로 내부 구조물과 운반구 사이에 끼이거나 그 사이 개구부로 떨어짐,"▶ 기동장치에 잠금장치, 표지판 부착
▶ 출입문 연동장치, 비상정지스위치 등 기능 유지 관리
▶ 승강기 이상발생 시 임의 수리 금지"
2020-81-11-018,기타의사업,국가및지방자치단체의사업,국가및지방자치단체의사업,"2020년 8월경 공원내에서 재해자가 화물자동차 적재함에 탑승하여 공원내의 쓰레리가 담긴 마대를 수거하는 작업 중, 도로로 추락하여 사망",화물운반트럭(카고트럭),도로 청소 등 환경미화 작업,『적재함에 탑승한 상태로 이동』하여 작업자가 떨어짐,"▶ 차량 상부작업 시 작업장소 상부에 안전대 걸이설비 설치·사용
▶ 적재함에 오르내리기 위한 설비 설치·사용
▶ 작업 시 안전대, 안전모 등 보호구 착용"
2020-81-11-019,제조업,선박건조및수리업,강선건조또는수리업,2020년 8월경 OO사업장 선박 제품 제조공정에서 재해자가 탱크 내부에서 스프레이 도장작업 중 폭발이 발생하여 사망,인화성물질,위험물질 취급 또는 그 장소에서 수행하는 작업,"『작업장소에서 취급하는 위험물질 및 관리되지 않는 점화원(아크, 정전기 등)』으로 인해 화재·폭발","▶ 위험장소 주변 용접 및 사상작업 금지 등 점화원 관리
▶ 용접불티 비산방지덮개 또는 용접방화포 조치"
2020-81-11-020,기타의사업,도소매·음식·숙박업,음식및숙박업,"2020년 8월경 지하 보일러실에서 재해자 2명이 냉수 순환펌프 후단에 설치된 여과기 내 필터를 청소하기 위해 여과기 상부를 열던 중, 뜨거운 물이 분출되면서 재해자 2명이 화상을 입은 재해임",분류 불가,비정형 작업(이물질 제거·청소),『설비를 정지시키지 않거나 전원을 차단하지 않은 상태』에서 정비·보수·청소 등의 작업을 하다가 끼이거나 말림,"▶ 설비 가동중 이물질 제거 등이 발생할 수 있는 생산작업을 분석하고 근원적 접근방지대책 수립
▶ 끼임재해 우려가 있어 가동정지 후 작업이 필요한 설비 목록화→LOTO(Lock Out,  Tag Out) 대상 확정·시행 
▶ 작업 절차에 대해 근로자 교육실시"
2020-81-11-021,제조업,기계기구·금속·비금속광물제품제조업,자동차부분품제조업,2020년 8월 OO기업 근로자가 휴게장소에서 작업공정 라인으로이동하던 중 파렛트를 운반하던 지게차에 부딪혀 사망,지게차,지게차를 사용하는 작업,『근로자와 작업차량 간 이동동선(통행로)를 구분하지 않은 상태』에서 근로자가 작업차량에 부딪히거나 깔림 또는 주변 구조물과 차량사이에 끼임,"▶ 주문량 증가로 제품 적재공간 확대에 따라 지게차 작업구역이 확대, 지게차 운행 구역과 근로자 작업장소를 별도로 구획 실시
▶ 지게차 이용 중량물 취급에 대한 작업계획서 작성(작업방법, 운행경로, 근로자와 지게차 혼재 작업 여부 등)
▶ 혼재 작업 시 작업지휘자 또는 유도자 배치"
2020-81-11-023,제조업,식료품제조업,빵및과자류제조업,2019년 9월경 철거현장에서 재해자가 지붕 판넬 해체작업을 하던 중 판넬이 파손되어 2m 아래로 떨어져 사망 ,지붕·대들보(샌드위치판넬),"설비 위, 지붕 등 높은 장소에서의 작업",『작업을 위해 밟고 있던 구조물이 파손되거나 균형을 잃기 쉬운 불안한 자세』로 작업하여 넘어지거나 떨어짐,"▶ 안전난간이 설치된 작업발판을 설치·사용
▶ 고소작업대 사용 또는 3.5m미만은 A자형 사다리 사용(2인1조) 관리
▶ 안전대 및 안전모 지급·착용 등 관리감독자 확인"
2020-81-11-024,제조업,전기기계기구·정밀기구·전자제품제조업,기타전기기계기구제조업,2020년 10월 전기부품제조공장 소속 재해자가 컨테이너 야적장 내 갠트리크레인 상부에 LED 조명을 설치하던 중 크레인 거더와 레그 사이 개구부로 떨어짐(약 20m),분류 불가,"설비 위, 지붕 등 높은 장소에서의 작업",『안전난간의 설치상태가 불량하거나 없는 상태』에서 주변 구조물 또는 생명줄에 안전대를 체결하지 않아 떨어짐,"▶ 지붕 재질 확인 및 하중 분산용 작업발판 설치 후 작업
▶ 지붕 파손 대비 공장 내부에 추락방호망 설치
▶ 지붕 끝단부에 안전난간 설치"
2020-81-11-025,기타의사업,시설관리및사업지원서비스업,사업서비스업,"2020년 11월경 공장 옥외 현장에서 재해자가 현장바닥을 빗자루로 청소하던 도중, 후진하는 지게차에 부딪혀 사망",지게차,혼재작업(작업자-작업차량),근로자와 작업차량 간 『혼재작업 장소에서 근로자 이동과 작업차량 운행을 통제하지 않은 상태』에서 근로자가 작업차량에 부딪히나 깔림 또는 주변 구조물과 작업차량 사이에 끼임,"▶ 지게차 이용 중량물 취급에 대한 작업계획서 작성(작업방법, 운행경로, 근로자와 지게차 혼재 작업 여부 등)
▶ 혼재 작업 시 작업지휘자 또는 유도자 배치"
2020-81-11-026,제조업,수제품및기타제품제조업,기타각종제조업,2020년 10월 재해자가 고소작업대에 탑승하여 광고물을 설치하던 중 고소작업대(보행식)가 넘어지면서 떨어짐(약 5.5m),고소작업대(보행식),고소작업대 사용 작업,『작업대를 상승시킨 상태에서 이동하거나 작업중 변하는 무게중심』에 의해 고소작업대가 넘어지면서 작업자가 떨어짐,"▶ 고소작업대 작업발판 주변 안전난간 수리
▶ 작업발판 외부로 신체 이탈작업 금지"
2019-26-11-006,운수창고통신업,철도·항공·창고·운수관련서비스업,육상화물취급업,2019년 7월경 사무실 옆 창고에서 재해자가 냉장고 주변에 쓰러져 있는 채로 발견되어 사망(냉장고에 감전된 것으로 추정),기타 설비(냉장고),전기설비 취급 작업,"누전차단기 미설치, 접지 미실시 등으로 『설비에서 누설된 전류』에 감전","▶ 물기 또는 습기가 있는 장소 등 감전의 위험이 있는 기계기구에 접지 실시
▶ 이동형 또는 휴대형 전기기계에 누전차단기를 설치하여 감전위험 방지"
2020-81-11-028,기타의사업,기타의각종사업,건설업본사,"2020년 12월경 2층 자재적재장에서 재해자가 단열재 사양을 확인하던 중, 덮개가 개방된 자재운반용 개구부 아래로(약 4.481m) 떨어져 사망",분류 불가,비정형 작업(점검),『안전난간의 설치상태가 불량하거나 없는 상태』에서 주변 구조물 또는 생명줄에 안전대를 체결하지 않아 떨어짐,"▶ 지붕 재질 확인 및 하중 분산용 작업발판 설치 후 작업
▶ 지붕 파손 대비 공장 내부에 추락방호망 설치
▶ 지붕 끝단부에 안전난간 설치"
2020-81-11-029,제조업,기계기구·금속·비금속광물제품제조업,자동차부분품제조업,2020년 12월 OO공장에서 일반작업용 리프트의 승강로 상부에 설치된 호이스트의 와이어로프가 파단되어 재해자가 추락하여 사망,줄걸이기구(와이어로프),리프트 관련 작업,"설비를 정기적으로 유지·관리 및 점검하지 않아 『설비의 주요 구조부분(용접부, 볼트 등)에 균열·변형·부식·마모·탈락 등이 발생』하여 재해발생 위험",▶ 설비·구조물 상태 정기적 점검 및 예방 관리
2020-81-11-030,제조업,전기기계기구·정밀기구·전자제품제조업,기타전기기계기구제조업,2020년 12월 선박수리업체에서 재해자가 에어콤프레셔를 들고 발판사다리에 오르던 중 중심을 잃고 지면으로 떨어짐(약 6m),사다리(고정식),사다리를 이용한 작업 또는 통행,사다리 사용 시 『미끄러운 상태의 신발 또는 사다리 발판때문에 실족』하여 떨어짐,"▶ 고정형 계단을 설치하여 통행토록 조치
▶ A자형 사다리 사용 시 2인1조 및 아웃트리거 설치
▶ 운동화 착용 금지 및 안전화 착용"
2020-81-21-003,제조업,선박건조및수리업,강선건조또는수리업,2019년 9월경 OO사업장 기계식 주차장에서 재해자가 주차설비 해체 작업 중 설비가 아래로 떨어져 다수의 근로자가 부상을 당함,기계식 주차설비,기계식 주차설비 정비·점검 작업,『매달아 올리거나 적재 상태가 불량한 물체』가 떨어지거나 무너지면서 맞거나 깔림,"▶ 주변의 중량물로 인한 깔림 방지를 위해 중량물 제거 후 작업
▶ 중량물 지지대 설치 후 수리·교체작업 실시"
2021-26-51-001,기타의사업,시설관리및사업지원서비스업,사업서비스업,"2020년 5월경 아파트 단지 내에서 재해자 2명이 높이 7m 높이 선홈통의 상태를 확인하기 위하여 2단 이동식 비계 상부에 일자형 사다리를 설치하여 작업하던 중, 이동식 비계가 전도되며 함께 바닥으로 떨어져 부상",비계(BT아시바/이동식비계),"설비 위, 지붕 등 높은 장소에서의 작업",『작업을 위해 밟고 있던 구조물이 파손되거나 균형을 잃기 쉬운 불안한 자세』로 작업하여 넘어지거나 떨어짐,"▶ 안전난간이 설치된 작업발판을 설치·사용
▶ 고소작업대 사용 또는 3.5m미만은 A자형 사다리 사용(2인1조) 관리
▶ 안전대 및 안전모 지급·착용 등 관리감독자 확인"
2020-81-51-001,기타의사업,전문·보건·교육·여가관련서비스업,기타과학기술서비스업,"2019년 12월경 주유소에서 재해자가 탱크접속배관 누설점검 및 지하저장탱크 내부청소작을 실시하기 위해 맨홀 개방후 유증기를 제거하지 않은 상태로 맨홀 입구로 들어가 탱크 내부 바닥의 잔여 유류를 회수하는 순간, 탱크 내 체류하고 있던 유증기에 스파크 또는 정전기 발생으로 폭발하여 사망",인화성물질(유증기),위험물질 취급 또는 그 장소에서 수행하는 작업,"『작업장소에서 취급하는 위험물질 및 관리되지 않는 점화원(아크, 정전기 등)』으로 인해 화재·폭발","▶ 위험장소 주변 용접 및 사상작업 금지 등 점화원 관리
▶ 용접불티 비산방지덮개 또는 용접방화포 조치"
2016-62-11-004,제조업,기계기구·금속·비금속광물제품제조업,각종금속의용접또는용단을행하는사업,"2016년 8월경 사업장 내 확관기 헤더에 확관툴을 연결하고 작업 중, 확관툴의 끝부분이 파손되면서 중심을 잃고 회전부에 재해자의 상의가 말려들어가 사망",생산설비(확관기),가공 설비를 이용한 작업,『작업을 위해 밟고 있던 구조물이 파손되거나 균형을 잃기 쉬운 불안한 자세』로 작업하여 넘어지거나 떨어짐,"▶ 안전난간이 설치된 작업발판을 설치·사용
▶ 고소작업대 사용 또는 3.5m미만은 A자형 사다리 사용(2인1조) 관리
▶ 안전대 및 안전모 지급·착용 등 관리감독자 확인"
2020-82-11-001,제조업,기계기구·금속·비금속광물제품제조업,각종금속의용접또는용단을행하는사업,2019년 12월 OO공장에서 전도방지조치가 되지 않은 H형강 상부가 가우징작업 중이던 재해자 위로 넘어져 사망,가공물(H빔),상하차 작업 또는 적재된 화물,『매달아 올리거나 적재 상태가 불량한 물체』가 떨어지거나 무너지면서 맞거나 깔림,"▶ 주변의 중량물로 인한 깔림 방지를 위해 중량물 제거 후 작업
▶ 중량물 지지대 설치 후 수리·교체작업 실시"
2020-82-11-002,제조업,기계기구·금속·비금속광물제품제조업,전기도금업,2020년 2월 OO공장에서 재해자가 도금제품 행거를 바퀴가 달린 안전블록으로 운반하던 중 떨어지는 행거에 머리를 맞아 사망,운반물(도금제품 행거),상하차 작업 또는 적재된 화물,『화물의 무게가 한쪽으로 치우쳐진 상태 등』 적재상태가 불량한 화물이 무너지면서 맞거나 깔림,"▶ 전도·낙하 방지를 위해 중량물 제거 후 작업
▶ 중량물 고정 실시 후 수리작업 실시"
2020-82-11-004,기타의사업,시설관리및사업지원서비스업,위생및유사서비스업,"2020년 3월경 폐토야적장에서 재해자가 로더 뒤에서 폐목 청소작업을 하던 중, 폐토사를 버켓에 싣기 위해 후진하던 로더의 우측 뒷바퀴에 깔려 사망",건설기계(로더),혼재작업(작업자-작업차량),근로자와 작업차량 간 『혼재작업 장소에서 근로자 이동과 작업차량 운행을 통제하지 않은 상태』에서 근로자가 작업차량에 부딪히나 깔림 또는 주변 구조물과 작업차량 사이에 끼임,"▶ 지게차 이용 중량물 취급에 대한 작업계획서 작성(작업방법, 운행경로, 근로자와 지게차 혼재 작업 여부 등)
▶ 혼재 작업 시 작업지휘자 또는 유도자 배치"
2020-82-11-005,운수창고통신업,철도·항공·창고·운수관련서비스업,기타보관업,2018년 12월경 후숙창고 중2층 선별작업장에서 재해자가 동료작업자와 개폐식 안전난간이 개방된 상태에서 과일박스 더미(860kg)의 위치를 조정하기 위해 Box 묶음용 PP밴드를 잡고 당기던 중 PP밴드가 끊어지면서 몸의 균형을 잃고 1층 바닥(높이 약 2.75m)으로 떨어져 사망,분류 불가,인력 운반 작업,"『화물 고정용 벨트, 고무 등이 삭아 끊어지면서』 뒤로 넘어져 바닥에 머리를 부딪힘","▶ 하중이 한쪽으로 치우치지 않도록 적재
▶ 팔레트 등을 사용하여 적재상태 개선"
2020-82-11-006,임업,임업,영림업,"2020년 2월경 OO산 벌목현장에서 재해자가 벌목작업을 하던 중 벌도목(1번 나무)이 경사면 아래 참나무(2번 나무)에 걸쳐졌고, 두 나무(1번, 2번 나무)를 동시에 쓰러뜨리기 위해 참나무(2번 나무)를 벌목하던 중 벌도목(1번 나무)을 지지하던 참나무(2번 나무)가 쪼개지면서 떨어지는 벌도목(1번 나무)에 경추부위를 맞아 치료 중 사망",나무(벌도목),벌목·조재 작업,작업자 방향으로 『주변에서 작업하던 벌도목 또는 주변 수목에 걸려있던 벌도목』이 떨어(쓰러)지면서 작업자가 벌도목에 머리를 맞거나 그 아래 깔림,"▶ 벌목 작업 전 주변 나무에 걸려있는 나무를 확인하여 주변에서 작업 금지
▶ 충분한 안전거리를 확보하여, 다른 작업자와 동시에 작업 금지"
2020-82-11-008,제조업,수제품및기타제품제조업,기타각종제조업,2020년 7월 골재공장에서 재해자가 이동식크레인(25톤)을 이용하여 골재선별기 철망(약 453kg) 교체작업 중 인양된 철망에 체결된 철사(줄걸이용구로 사용)가 파단되면서 떨어지는 철망에 깔림,줄걸이기구(부적합한 줄걸이기구<철사>),"이동식 크레인(카고 크레인, 집게차)을 사용한 작업",『운반하는 화물에 적합하지 않은 줄걸이 기구』를 사용해 화물이 줄걸이에서 이탈해 떨어져 깔림,"▶ 최대 중량물 기준 안전율을 고려한 달기구 사용
▶ 자체제작 달기구 폐기 및 손상된 제품은 즉시 폐기"
2020-82-11-009,제조업,기계기구·금속·비금속광물제품제조업,철강또는비철금속주물제조업,2020년 07월 OO 공정에서 재해자가 용해로 폭발로 인한 화염과 고열물에 접촉하여 화상을 입고 사망,분류 불가,용해로를 이용한 작업,"『용해로에 물이 묻은 재료를 투입, 냉각수의 누출』등으로 인해 수증기 폭발이 일어나 화상 위험","▶ 원재료 수분 제거여부 확인 후 용해로 투입 관리
▶ 재료 보관장소 및 피트 지하수, 빗물 유입방지조치 실시
▶ 방열복 등 보호구 지급 및 착용상태 확인"
2020-82-11-010,기타의사업,국가및지방자치단체의사업,국가및지방자치단체의사업,"2020년 7월경 중앙분리대에서 재해자가 중앙분리대 화단 제초작업의 주변차량 통제 작업을 하던 중, 차량차단용 안전표시삼각콘을 회수하기 위해 후진하던 작업차량에 부딪혀 사망",화물운반트럭(카고트럭),혼재작업(작업자-작업차량),근로자와 작업차량 간 『혼재작업 장소에서 근로자 이동과 작업차량 운행을 통제하지 않은 상태』에서 근로자가 작업차량에 부딪히나 깔림 또는 주변 구조물과 작업차량 사이에 끼임,"▶ 지게차 이용 중량물 취급에 대한 작업계획서 작성(작업방법, 운행경로, 근로자와 지게차 혼재 작업 여부 등)
▶ 혼재 작업 시 작업지휘자 또는 유도자 배치"
2020-82-11-011,제조업,기계기구·금속·비금속광물제품제조업,원동기제조업,2020년 8월 OO 작업장에서 재해자가 밸브 테스트 작업 중 밸브 액추에이터 내부에서 발생한 폭발로 인해 사망,인화성물질(LPG),위험물질 취급 또는 그 장소에서 수행하는 작업,"『작업장소에서 취급하는 위험물질 및 관리되지 않는 점화원(아크, 정전기 등)』으로 인해 화재·폭발","▶ 위험장소 주변 용접 및 사상작업 금지 등 점화원 관리
▶ 용접불티 비산방지덮개 또는 용접방화포 조치"
2020-82-11-012,제조업,기계기구·금속·비금속광물제품제조업,기타금속제품제조업또는금속가공업,2020년 8월 OO 소속 근로자가 철판코일을 크레인으로 적재장소로 이동시킨 후 철판코일을 매단 슬링벨트를 해체하는 과정에서 쓰러지는 철판코일 하부에 깔려 사망,적재물(철판코일),"크레인(천장주행, 갠트리, 지브 등) 사용 작업",『매달아 올리거나 적재 상태가 불량한 물체』가 떨어지거나 무너지면서 맞거나 깔림,"▶ 주변의 중량물로 인한 깔림 방지를 위해 중량물 제거 후 작업
▶ 중량물 지지대 설치 후 수리·교체작업 실시"
2020-82-11-013,제조업,식료품제조업,도정및제분업,2020년 8월경 재해자가 수직사다리를 이용하여 내부로 이동 중 떨어져 스크류 컨베이어에 몸이 끼여 사망,사다리(고정식),사다리를 이용한 작업 또는 통행,사다리 사용 시 『미끄러운 상태의 신발 또는 사다리 발판때문에 실족』하여 떨어짐,"▶ 고정형 계단을 설치하여 통행토록 조치
▶ A자형 사다리 사용 시 2인1조 및 아웃트리거 설치
▶ 운동화 착용 금지 및 안전화 착용"
2020-82-11-014,제조업,기계기구·금속·비금속광물제품제조업,일반산업용기계장치제조업,2020년 8월 OO산업 재해자가 A동에서 제품의 도장 전처리 작업 중 구조물을 받치고 있던 지지대가 넘어지면서 떨어지는 구조물에 맞아 사망.,적재물(적재대),상하차 작업 또는 적재된 화물,『매달아 올리거나 적재 상태가 불량한 물체』가 떨어지거나 무너지면서 맞거나 깔림,"▶ 주변의 중량물로 인한 깔림 방지를 위해 중량물 제거 후 작업
▶ 중량물 지지대 설치 후 수리·교체작업 실시"
2020-82-11-015,제조업,기계기구·금속·비금속광물제품제조업,각종기계또는동부속품제조업,2020년 8월 OO공장 내 재해자가 폐유드럼위로 이동하여 분철보관소 앞으로 내려오던 중 약 2.5m 깊이의 피트 아래로 떨어져 사망,분류 불가,작업장소 통행/이동,『설비를 밟고 올라 이동하거나 설비 사이를 뛰어넘어 이동』하다가 구조물에 다리가 걸려 넘어지거나 균형을 잃고 떨어짐,"▶ 추락위험구간에 안전난간 추가 설치
▶ 출하장소를 추락위험이 없는 장소로 위치 변경"
2020-82-11-016,제조업,식료품제조업,도정및제분업,"2020년 9월경 재해자가 원료저장소로 집입하던 중 셔터를 상승시키고 아래로 이동하던 중, 슬라이트가 하강하며 재해자가 맞아 사망",분류 불가,작업장소 통행/이동,『설비를 정지시키지 않거나 전원을 차단하지 않은 상태』에서 정비·보수·청소 등의 작업을 하다가 끼이거나 말림,"▶ 설비 가동중 이물질 제거 등이 발생할 수 있는 생산작업을 분석하고 근원적 접근방지대책 수립
▶ 끼임재해 우려가 있어 가동정지 후 작업이 필요한 설비 목록화→LOTO(Lock Out,  Tag Out) 대상 확정·시행 
▶ 작업 절차에 대해 근로자 교육실시"
2020-82-11-017,운수창고통신업,철도·항공·창고·운수관련서비스업,육상화물취급업,2020년 10월경 부두내에서 재해자가 항만크레인 운전실 상부 트롤리에서 횡행레일 측면에 오일 도포작업 중 균형을 잃고 23m 아래 지면으로 떨어져 사망,크레인(갠트리크레인),"설비 위, 지붕 등 높은 장소에서의 작업",『안전난간의 설치상태가 불량하거나 없는 상태』에서 주변 구조물 또는 생명줄에 안전대를 체결하지 않아 떨어짐,"▶ 지붕 재질 확인 및 하중 분산용 작업발판 설치 후 작업
▶ 지붕 파손 대비 공장 내부에 추락방호망 설치
▶ 지붕 끝단부에 안전난간 설치"
2020-82-11-018,제조업,기계기구·금속·비금속광물제품제조업,도자기제조업,2020년 10월 OO공업 교반기 파이프렌치 손잡이에 삽입된 파이프가 탈락 되면서 슬립탱크 상부에서 바닥으로 추락(높이 약 1.9m)하여 사망,수공구(공구길이 연장용 파이프),"설비 위, 지붕 등 높은 장소에서의 작업",『작업을 위해 밟고 있던 구조물이 파손되거나 균형을 잃기 쉬운 불안한 자세』로 작업하여 넘어지거나 떨어짐,"▶ 안전난간이 설치된 작업발판을 설치·사용
▶ 고소작업대 사용 또는 3.5m미만은 A자형 사다리 사용(2인1조) 관리
▶ 안전대 및 안전모 지급·착용 등 관리감독자 확인"
2020-82-11-019,제조업,기계기구·금속·비금속광물제품제조업,각종시멘트제품제조업,2020년 10월 OO산업에서 재해자가 전진하던 지게차에 부딪혀 사망,지게차,혼재작업(작업자-작업차량),『근로자와 작업차량 간 이동동선(통행로)를 구분하지 않은 상태』에서 근로자가 작업차량에 부딪히거나 깔림 또는 주변 구조물과 차량사이에 끼임,"▶ 주문량 증가로 제품 적재공간 확대에 따라 지게차 작업구역이 확대, 지게차 운행 구역과 근로자 작업장소를 별도로 구획 실시
▶ 지게차 이용 중량물 취급에 대한 작업계획서 작성(작업방법, 운행경로, 근로자와 지게차 혼재 작업 여부 등)
▶ 혼재 작업 시 작업지휘자 또는 유도자 배치"
2020-82-11-020,제조업,기계기구·금속·비금속광물제품제조업,각종기계또는동부속품제조업,2020년 10월 OO공장 내 재해자가 작업장에서 이동하던 중 칩 보관피트 내부(높이 2m)로 떨어지면서 사망,분류 불가,작업장소 통행/이동,『설비를 밟고 올라 이동하거나 설비 사이를 뛰어넘어 이동』하다가 구조물에 다리가 걸려 넘어지거나 균형을 잃고 떨어짐,"▶ 추락위험구간에 안전난간 추가 설치
▶ 출하장소를 추락위험이 없는 장소로 위치 변경"
2020-82-11-021,광업,석회석·금속·비금속광업및기타광업,쇄석채취업,2020년 10월경 OO사업장에서 재해자가 화물자동차에 실려있는 철판 4장(3.1m*2.1m)을 벨트슬링으로 페이로더 버킷에 걸어 하역하던 중 벨트슬링이 끊어지면서 떨어진 철판에 깔려 사망,줄걸이기구(섬유로프/슬링벨트),건설기계를 사용하는 작업,"『줄걸이 기구의 용접 불량, 마모, 변형, 손상』으로 인해 운반하는 화물이 떨어지면서 부딪히거나 그 아래 깔림","▶ 설비·구조물 상태 정기적 점검 및 예방 관리
▶ 와이어로프 손상 시 즉시 교체하여 사용"
2020-82-11-022,제조업,기계기구·금속·비금속광물제품제조업,각종시멘트제품제조업,2020년 11월 OO소속 재해자가 굴삭기 버킷의 후크와 드럼 축을 슬링 체인으로 연결하여 드럼을 들어올리던 중 버킷이 재해자를 타격 사망,굴착기(백호우),건설기계를 사용하는 작업,『핀 등을 이용해 작업장치의 연결부를 체결하지 않고 걸쳐놓은 상태』로 작업해 이탈한 작업장치에 맞거나 깔림,"▶ 기계기구의 운전시작 전에는 설비의 설치 상태, 방호장치 등을 점검
▶ 기계기구의 결함이 확인된 경우 관리자에게 알리고, 조치 전에는 사용을 금지하도록 규정 마련"
2020-82-11-023,제조업,기계기구·금속·비금속광물제품제조업,각종기계또는동부속품제조업,2020년 11월 OO 가공 작업장 내에서 재해자가 설비 시험작동 중 수직선반의 Z축 구조물이 이탈하면서 재해자를 충격하여 사망,생산설비(수직선반),비정형 작업(시운전),『설비에서 이탈하거나 튕겨나온 물체』에 맞음 ,"▶ 선반가공 시 척, 방진구 및 심압대 체결상태 확인 및 갇독 철저
▶ 칩 브레이커 등 설치·사용
▶ 보안경/보안면 등 안면보호구 착용"
2020-82-11-025,기타의사업,기타의각종사업,각급사무소,"2020년 11월경 선박내에서 재해자가 냉동컨테이너 전원공급용 플러그를 리셉터클(콘센트)과 분리 후 전선정리 작업을 하던 중, 6m 아래의 화물창 덮개 아래로 추락하여 사망",분류 불가,"설비 위, 지붕 등 높은 장소에서의 작업",『작업을 위해 밟고 있던 구조물이 파손되거나 균형을 잃기 쉬운 불안한 자세』로 작업하여 넘어지거나 떨어짐,"▶ 안전난간이 설치된 작업발판을 설치·사용
▶ 고소작업대 사용 또는 3.5m미만은 A자형 사다리 사용(2인1조) 관리
▶ 안전대 및 안전모 지급·착용 등 관리감독자 확인"
2020-82-11-026,기타의사업,기타의각종사업,건설업본사,2020년 11월경 야적장에서 재해자가 강관주를 내리기 위하여 로프를 풀던 중 적재함에서 떨어진 강관주에 머리를 맞아 사망,적재물(강관주),상하차 작업 또는 적재된 화물,『화물의 무게가 한쪽으로 치우쳐진 상태 등』 적재상태가 불량한 화물이 무너지면서 맞거나 깔림,"▶ 전도·낙하 방지를 위해 중량물 제거 후 작업
▶ 중량물 고정 실시 후 수리작업 실시"
2020-82-11-027,제조업,기계기구·금속·비금속광물제품제조업,일반산업용기계장치제조업,2020년 12월 OO 공장에서 재해자가 천장주행 크레인 주행레일 고정장치를 설치하는 과정에서 약 8m 아래의 작업장 바닥으로 떨어져 사망.,분류 불가,"설비 위, 지붕 등 높은 장소에서의 작업",『작업을 위해 밟고 있던 구조물이 파손되거나 균형을 잃기 쉬운 불안한 자세』로 작업하여 넘어지거나 떨어짐,"▶ 안전난간이 설치된 작업발판을 설치·사용
▶ 고소작업대 사용 또는 3.5m미만은 A자형 사다리 사용(2인1조) 관리
▶ 안전대 및 안전모 지급·착용 등 관리감독자 확인"
2020-82-11-028,운수창고통신업,육상및수상운수업,특수화물운수업,"2020년 12월경 컨테이너터미널 내에서 트레일러 운전원인 재해자가 냉동컨테이너 반출을 위해 장치장 내부로 진입하여 냉동컨테이너 전원 플러그를 뽑고 이동하던 중, 무인 자동화 야드 크레인에 운반되던 냉동컨테이너에 깔려 사망",크레인(갠트리크레인),"크레인(천장주행, 갠트리, 지브 등) 사용 작업",『운반하는 물체의 이동경로에 근로자의 출입을 통제하지 않아』 부딪히거나 주변 구조물과 운반물 사이에 끼임,"▶ 지게차 이용 중량물 취급에 대한 작업계획서 작성(작업방법, 운행경로, 근로자와 지게차 혼재 작업 여부 등)
▶ 혼재 작업 시 작업지휘자 또는 유도자 배치"
2020-82-21-005,기타의사업,기타의각종사업,건설업본사,"2020년 6월경 야적장에서 재해자가 이동식크레인 적재함에 실려 있는 전신주에 와이어로프를 체결하고 무게 중심을 잡던 중, 적재함에 적재되어 있던 강관주가 적재함에서 낙하하면서 전신주와 강관주 사이에 끼어 사망",적재물(강관주),상하차 작업 또는 적재된 화물,『화물의 무게가 한쪽으로 치우쳐진 상태 등』 적재상태가 불량한 화물이 무너지면서 맞거나 깔림,"▶ 전도·낙하 방지를 위해 중량물 제거 후 작업
▶ 중량물 고정 실시 후 수리작업 실시"
2020-82-51-001,기타의사업,전문·보건·교육·여가관련서비스업,기타과학기술서비스업,"2020년 10월경 수문조사 지점에서 재해자가 수문조사를 위해 하천 내부로 진입하여 측량 업무를 하던 중, 물에 빠져 사망",분류 불가,작업장소 통행/이동,"『미끄러운 상태의 바닥(오일, 빙판 등)을 밟거나 바닥의 요철부』에 걸려 넘어지면서 머리를 부딪히거나 떨어짐","▶ 바닥에 존재하는 기름기 등 제거 조치
▶ 유분 비산을 방지하기 위한 가림판 설치"
2020-83-11-002,제조업,수제품및기타제품제조업,기타각종제조업,2019년 10월 철구조물 설치현장에서 재해자 2명이 이동식 크레인으로 화물자동차 적재함에 있는 철재를 하역하던 중 야적된 철 구조물이 재해자들이 있는 쪽으로 붕괴되면서 깔림,적재물(철 구조물),"이동식 크레인(카고 크레인, 집게차)을 사용한 작업",『매달아 올리거나 적재 상태가 불량한 물체』가 떨어지거나 무너지면서 맞거나 깔림,"▶ 주변의 중량물로 인한 깔림 방지를 위해 중량물 제거 후 작업
▶ 중량물 지지대 설치 후 수리·교체작업 실시"
2020-83-11-003,제조업,기계기구·금속·비금속광물제품제조업,각종기계또는동부속품제조업,2020년 2월 OO공장 내에 위치한 수전설비에서 재해자가 까치집 제거 작업 후 내려가는 과정에서 감전되어 사망,전기충전부(고압충전전로),전기설비 취급 작업,『전원을 차단하지 않은 상태』에서 노출된 충전부에 접촉하여 감전,"▶ 정전작업 후 전기점검 및 조작 실시
▶ 활선작업용기구·장치  사용 및 절연용 보호구 착용"
2020-83-11-004,제조업,기계기구·금속·비금속광물제품제조업,일반산업용기계장치제조업,2020년 3월 OO공장 내에 위치한 전신주 위 수전설비(약 8.7M)에서 재해자가 까치집 제거 작업 중 감전되어 추락하여 사망,전기충전부(전선),전기설비 취급 작업,『전원을 차단하지 않은 상태』에서 노출된 충전부에 접촉하여 감전,"▶ 정전작업 후 전기점검 및 조작 실시
▶ 활선작업용기구·장치  사용 및 절연용 보호구 착용"
2020-83-11-006,제조업,화학및고무제품제조업,플라스틱가공제품제조업,2020년 6월경 OO사업장 플라스틱 제품 제조공정에서 재해자가 성형기 내부에서 금형 점검 중 성형기가 동작하여 금형사이에 끼여 사망,생산설비(발포기/가압성형기),비정형 작업(점검),『정비작업 중 작업자 외 근로자가 설비를 가동』하여 갑자기 작동된 설비에 말리거나 끼임,"▶ 생산 설비의 불시 가동을 방지하기 위한 LOTO(Lock Out_잠금장치, Tag Out_점검 중 꼬리표)제도 시행
▶ 관리감독자 확인 의무 부여"
2020-83-11-007,제조업,화학및고무제품제조업,플라스틱가공제품제조업,2019년 11월경 OO사업장 플라스틱 제품 제조공정에서 재해자가 지게차로 설비를 인양하여 교체작업 중 설비가 기울어지며 끼임,지게차,비정형 작업(정비·보수),『화물의 무게가 한쪽으로 치우쳐진 상태 등』 적재상태가 불량한 화물이 무너지면서 맞거나 깔림,"▶ 전도·낙하 방지를 위해 중량물 제거 후 작업
▶ 중량물 고정 실시 후 수리작업 실시"
2020-83-11-008,제조업,화학및고무제품제조업,기타화학제품제조업,2020년 5월경 OO사업장 폐플라스틱 재생공정에서 재해자가 설비 가동 중 발생한 폐가스에 의해 발생한 화재로 사망,유해가스(부탄),위험물질 취급 또는 그 장소에서 수행하는 작업,『작업장소 또는 그 주변엥서 취급하는 위험물질을 파악 및 제거하지 않은 상태』에서 작업하여 화재·폭발·질식 위험,"▶ 위험물질에 대한 MSDS 비치 및 근로자 교육
▶ 공급원재료의 종류, 공급되는 설비명 표시
▶ 가스검지 및 경보장치·긴급차단장치 및 방유제 설치"
2020-83-11-010,제조업,화학및고무제품제조업,플라스틱가공제품제조업,2019년 11월경 OO사업장 캔 재활 공정에서 재해자가 캔을 압축이에 투입하는 작업 중 압축기 내에서 화재가 발생하여 다수의 근로자가 화상을 입음,인화성물질(부탄),위험물질 취급 또는 그 장소에서 수행하는 작업,『위험물질을 파악 및 제거하지 않은 상태』에서 작업하여 화재·폭발·누출로 인한 재해발생 위험,"▶ 위험물질에 대한 MSDS 비치 및 근로자 교육
▶ 공급원재료의 종류, 공급되는 설비명 표시
▶ 가스검지 및 경보장치·긴급차단장치 및 방유제 설치"
2020-83-11-013,제조업,기계기구·금속·비금속광물제품제조업,기타금속제품제조업또는금속가공업,2020년 9월 OO 작업장에서 철판을 천장크레인으로 옮기던 중 철판에 용접된 러그가 탈락되며 분리된 철판이 근로자 2명을 가격,줄걸이기구(리프팅 러그),"크레인(천장주행, 갠트리, 지브 등) 사용 작업","『줄걸이 기구의 용접 불량, 마모, 변형, 손상』으로 인해 운반하는 화물이 떨어지면서 부딪히거나 그 아래 깔림","▶ 설비·구조물 상태 정기적 점검 및 예방 관리
▶ 와이어로프 손상 시 즉시 교체하여 사용"
2020-83-11-014,제조업,기계기구·금속·비금속광물제품제조업,각종시멘트제품제조업,2020년 11년 OO공장에서 재해자가 벨트 컨베이어의 롤러 교체 작업 도중 운전자가 가동 버튼을 오작동하여 재해자가 컨베이어 철제 구조물과 벨트 사이에 끼어 사망.,컨베이어,비정형 작업(정비·보수),『정비작업 중 작업자 외 근로자가 설비를 가동』하여 갑자기 작동된 설비에 말리거나 끼임,"▶ 생산 설비의 불시 가동을 방지하기 위한 LOTO(Lock Out_잠금장치, Tag Out_점검 중 꼬리표)제도 시행
▶ 관리감독자 확인 의무 부여"
2020-83-11-015,기타의사업,전문·보건·교육·여가관련서비스업,보건및사회복지사업,"2019년 11월경 여자화장실 입구에서 재해자가 화장실 안으로 들어가던 중, 발을 헛딛으면서 우측 대퇴부 원위부가 골절되어 치료중 사망",분류 불가,작업장소 통행/이동,"『미끄러운 상태의 바닥(오일, 빙판 등)을 밟거나 바닥의 요철부』에 걸려 넘어지면서 머리를 부딪히거나 떨어짐","▶ 바닥에 존재하는 기름기 등 제거 조치
▶ 유분 비산을 방지하기 위한 가림판 설치"
2018-24-11-009,제조업,수제품및기타제품제조업,포류및기타피혁제품제조업,2018년 6월 가죽공장에서 재해자가 2층 작업발판에 올라 유성드럼에 크롬을 투입하던 중 드럼과 발판 사이 개구부로 떨어짐(약 3.6m),분류 불가,원료 투입 작업,『작업을 위해 밟고 있던 구조물이 파손되거나 균형을 잃기 쉬운 불안한 자세』로 작업하여 넘어지거나 떨어짐,"▶ 안전난간이 설치된 작업발판을 설치·사용
▶ 고소작업대 사용 또는 3.5m미만은 A자형 사다리 사용(2인1조) 관리
▶ 안전대 및 안전모 지급·착용 등 관리감독자 확인"
2020-83-12-001,제조업,화학및고무제품제조업,화학비료제조업,2020년 3월경 OO사업장 화학제품 제조공정에서 재해자가 황산이 잔류한 배관에 질소를 주입하여 작업 중 황산이 주위로 비산하여 화상을 입음,화학물질(황산),위험물질 취급 또는 그 장소에서 수행하는 작업,『취급하는 물질이 배관·호스·용기 등에서 누출』되어 화학물질 접촉·질식 또는 화재·폭발,"▶ 위험물질에 대한 MSDS 비치 및 근로자 교육
▶ 공급원재료의 종류, 공급되는 설비명 표시
▶ 가스검지 및 경보장치·긴급차단장치 및 방유제 설치"
2020-83-12-002,제조업,화학및고무제품제조업,도료제품또는유지가공제품제조업,2020년 4월경 OO사업장 화학제품 제조공정에서 재해자가 황산이 잔류한 배관 플랜지 해체작업 중 황산이 누출되어 다수의 근로자가 화상을 입음,화학물질(황산),위험물질 취급 또는 그 장소에서 수행하는 작업,『취급하는 물질이 배관·호스·용기 등에서 누출』되어 화학물질 접촉·질식 또는 화재·폭발,"▶ 위험물질에 대한 MSDS 비치 및 근로자 교육
▶ 공급원재료의 종류, 공급되는 설비명 표시
▶ 가스검지 및 경보장치·긴급차단장치 및 방유제 설치"
2020-83-12-003,제조업,화학및고무제품제조업,기타화학제품제조업,2020년 6월경 OO사업장 폐수처리장에서 재해자가 폐수집수조에서 넘친 폐수로 인해 발생한 화재로 화상을 입음,분류 불가,위험물질 취급 또는 그 장소에서 수행하는 작업,"『작업장소에서 취급하는 위험물질 및 관리되지 않는 점화원(아크, 정전기 등)』으로 인해 화재·폭발","▶ 위험장소 주변 용접 및 사상작업 금지 등 점화원 관리
▶ 용접불티 비산방지덮개 또는 용접방화포 조치"
2020-83-21-012,제조업,기계기구·금속·비금속광물제품제조업,기타금속제품제조업또는금속가공업,2020년 11월 OO공업 재해자가 공장동 지붕 위에서 부품 탈락 부분을 확인하기 위하여 이동 중 선라이트가 파손되어 콘크리트 바닥으로 떨어져(H≒10.6m) 사망.,지붕·대들보(선라이트/채광창),"설비 위, 지붕 등 높은 장소에서의 작업",『작업을 위해 밟고 있던 구조물이 파손되거나 균형을 잃기 쉬운 불안한 자세』로 작업하여 넘어지거나 떨어짐,"▶ 안전난간이 설치된 작업발판을 설치·사용
▶ 고소작업대 사용 또는 3.5m미만은 A자형 사다리 사용(2인1조) 관리
▶ 안전대 및 안전모 지급·착용 등 관리감독자 확인"
2020-83-42-001,제조업,화학및고무제품제조업,무기화학제품제조업,2020년 2월경 OO사업장 삼불화질소(NF3) 충전장에서 재해자가 벤트밸브를 조작하는 순간 내부의 가스가 방출되면서 화재가 발생,화학물질(삼불화질소),위험물질 취급 또는 그 장소에서 수행하는 작업,『취급하는 물질이 배관·호스·용기 등에서 누출』되어 화학물질 접촉·질식 또는 화재·폭발,"▶ 위험물질에 대한 MSDS 비치 및 근로자 교육
▶ 공급원재료의 종류, 공급되는 설비명 표시
▶ 가스검지 및 경보장치·긴급차단장치 및 방유제 설치"
2020-83-42-002,제조업,화학및고무제품제조업,화약및성냥제조업,2020년 6월경 OO사업장 화약 제품 제조공정에서 재해자가 제품 점검 중 폭발이 발생하여 다수의 근로자가 부상을 입음,화학물질(화약),위험물질 취급 또는 그 장소에서 수행하는 작업,"『작업장소에서 취급하는 위험물질 및 관리되지 않는 점화원(아크, 정전기 등)』으로 인해 화재·폭발","▶ 위험장소 주변 용접 및 사상작업 금지 등 점화원 관리
▶ 용접불티 비산방지덮개 또는 용접방화포 조치"
2020-83-42-003,제조업,금속제련업,비철금속의제련또는정련업,2020년 7월 OO공장에서 질소 가스를 이용한 누설시험을 실시하는 과정에서 배관에 잔류한 98% 황산이 누출되어 협력업체 작업자가 화상을 입은 사고임.,화학물질(황산),위험물질 취급 또는 그 장소에서 수행하는 작업,『취급하는 물질이 배관·호스·용기 등에서 누출』되어 화학물질 접촉·질식 또는 화재·폭발,"▶ 위험물질에 대한 MSDS 비치 및 근로자 교육
▶ 공급원재료의 종류, 공급되는 설비명 표시
▶ 가스검지 및 경보장치·긴급차단장치 및 방유제 설치"
2020-83-11-016,제조업,기계기구·금속·비금속광물제품제조업,일반산업용기계장치제조업,2020년 10월 재해자가 고소작업대 발판에 올라간 상태에서 작업하던 중 작업대 발판이 탈락하여 재해자가 바닥으로 추락해 사망,고소작업대,고소작업대 사용 작업,『작업을 위해 밟고 있던 구조물이 파손되거나 균형을 잃기 쉬운 불안한 자세』로 작업하여 넘어지거나 떨어짐,"▶ 안전난간이 설치된 작업발판을 설치·사용
▶ 고소작업대 사용 또는 3.5m미만은 A자형 사다리 사용(2인1조) 관리
▶ 안전대 및 안전모 지급·착용 등 관리감독자 확인"
2020-83-51-002,운수창고통신업,철도·항공·창고·운수관련서비스업,육상화물취급업,"2018년 7월경 야적장에서 재해자가 휴게실로 이동하던 중, 컨테이너를 운반 중이던 32톤 지게차에 충돌하여 사망",지게차,작업장소 통행/이동,『근로자와 작업차량 간 이동동선(통행로)를 구분하지 않은 상태』에서 근로자가 작업차량에 부딪히거나 깔림 또는 주변 구조물과 차량사이에 끼임,"▶ 주문량 증가로 제품 적재공간 확대에 따라 지게차 작업구역이 확대, 지게차 운행 구역과 근로자 작업장소를 별도로 구획 실시
▶ 지게차 이용 중량물 취급에 대한 작업계획서 작성(작업방법, 운행경로, 근로자와 지게차 혼재 작업 여부 등)
▶ 혼재 작업 시 작업지휘자 또는 유도자 배치"
2020-84-11-002,제조업,기계기구·금속·비금속광물제품제조업,철강재제조업,2020년 2월 OO공장 재해자가 스토퍼 로드 방열커버를 제거하고 이동하던 중 턴디쉬 커버가 파손되면서 내부로 빠져 화상으로 사망,생산설비(턴디쉬),작업장소 통행/이동,『설비를 밟고 올라 이동하거나 설비 사이를 뛰어넘어 이동』하다가 구조물에 다리가 걸려 넘어지거나 균형을 잃고 떨어짐,"▶ 추락위험구간에 안전난간 추가 설치
▶ 출하장소를 추락위험이 없는 장소로 위치 변경"
2020-84-11-003,제조업,기계기구·금속·비금속광물제품제조업,선재제품제조업,"2020년 2월 OO공장 근로자가 변전실 내 점검중 변성기가 폭발하여 2명이 사상(사망 1명, 부상 1명)",기타 설비(변성기/MOF),전기설비 취급 작업,『정기적으로 전기 설비의 유지·관리 및 점검을 실시하지 않아』 전기로 인한 화재·폭발 위험,"▶ 유자격자가 정비 및 방염처리된 작업복 착용
▶ 해당 전압에 적합한 전기점검장비 사용 "
2020-84-11-004,제조업,화학및고무제품제조업,합성수지제조업,2020년 3월경 OO사업장 컨베이어 가동 공정에서 재해자가 컨베이어 가동 중 하부의 이물질을 제거하려다 벨트와 롤러사이에 끼여 사망,컨베이어,비정형 작업(이물질 제거·청소),『설비를 정지시키지 않거나 전원을 차단하지 않은 상태』에서 정비·보수·청소 등의 작업을 하다가 끼이거나 말림,"▶ 설비 가동중 이물질 제거 등이 발생할 수 있는 생산작업을 분석하고 근원적 접근방지대책 수립
▶ 끼임재해 우려가 있어 가동정지 후 작업이 필요한 설비 목록화→LOTO(Lock Out,  Tag Out) 대상 확정·시행 
▶ 작업 절차에 대해 근로자 교육실시"
2020-84-11-005,제조업,기계기구·금속·비금속광물제품제조업,건설기계또는광산기계및설비품제조업,2014년 9월 OO공장에서 쇼트기 정비 작업중이던 재해자가 천장크레인이 작업자 방향으로 접근하자 이를 피하던 중 중심을 잃고 떨어지면서 방호덮개에 부딪힌 재해임,크레인(천장주행크레인),"설비 위, 지붕 등 높은 장소에서의 작업",『작업을 위해 밟고 있던 구조물이 파손되거나 균형을 잃기 쉬운 불안한 자세』로 작업하여 넘어지거나 떨어짐,"▶ 안전난간이 설치된 작업발판을 설치·사용
▶ 고소작업대 사용 또는 3.5m미만은 A자형 사다리 사용(2인1조) 관리
▶ 안전대 및 안전모 지급·착용 등 관리감독자 확인"
2020-84-11-006,제조업,식료품제조업,야채및과실의통조림과기타절임식료품제조업,2020년 7월경 재해자가 대형 솥에 식재료를 넣고 내용물을 저어주던 몸의 균형을 잃고 솥 내부로 떨어져 사망,위험물질(고온의 물),인력 운반 작업,무거운 물체를 운반하던 중 『바닥의 요철부』에 걸려 넘어지면서 떨어지거나 바닥에 머리가 부딪힘,"▶ 작업구간 바닥상태 평탄화 조치
▶ 폭 넓은 운반용구로 구입·변경 조치
▶ 이동통로 상 바닥에 이물질 등 제거 조치"
2020-84-11-008,제조업,기계기구·금속·비금속광물제품제조업,자동차부분품제조업,2020년 8월 OO공장 내에서 생산직이 보행하던 중 주행하는 지게차에 충돌되어 넘어지면서 포크와 지면사이에 상체가 끼여 사망함,지게차,지게차를 사용하는 작업,『근로자와 작업차량 간 이동동선(통행로)를 구분하지 않은 상태』에서 근로자가 작업차량에 부딪히거나 깔림 또는 주변 구조물과 차량사이에 끼임,"▶ 주문량 증가로 제품 적재공간 확대에 따라 지게차 작업구역이 확대, 지게차 운행 구역과 근로자 작업장소를 별도로 구획 실시
▶ 지게차 이용 중량물 취급에 대한 작업계획서 작성(작업방법, 운행경로, 근로자와 지게차 혼재 작업 여부 등)
▶ 혼재 작업 시 작업지휘자 또는 유도자 배치"
2020-84-11-010,제조업,기계기구·금속·비금속광물제품제조업,각종기계또는동부속품제조업,2020년 12월 OO공장에서 OO 소속 근로자가 부식된 용접부위가 파손되면서 국소배기장치 덕트 내부로 떨어진 후 이동하는 과정에서 수직 굴곡부(7.5m) 아래로 추락하여 사망,분류 불가,작업장소 통행/이동,『작업을 위해 밟고 있던 구조물이 파손되거나 균형을 잃기 쉬운 불안한 자세』로 작업하여 넘어지거나 떨어짐,"▶ 안전난간이 설치된 작업발판을 설치·사용
▶ 고소작업대 사용 또는 3.5m미만은 A자형 사다리 사용(2인1조) 관리
▶ 안전대 및 안전모 지급·착용 등 관리감독자 확인"
2020-84-51-001,기타의사업,기타의각종사업,각급사무소,"2020년 4월경 식당 창고에서 재해자가 식자재 운반용 리프트에 탑승하여 이동하던 중, 리프트 양중용 와이어로프가 파단되면서 바닥과 리프트 상부 프레임 사이에 끼어 사망",리프트(간이리프트),리프트 관련 작업,"설비를 정기적으로 유지·관리 및 점검하지 않아 『설비의 주요 구조부분(용접부, 볼트 등)에 균열·변형·부식·마모·탈락 등이 발생』하여 재해발생 위험",▶ 설비·구조물 상태 정기적 점검 및 예방 관리
2020-84-51-002,기타의사업,도소매·음식·숙박업,도소매및소비자용품수리업,"2020년 7월경 폐수처리시설에서 재해자가 침천조 자동제어센서 교체를 위해 침전조 하부로 내려가 작업을 하던 중, 황화수소 질식으로 사망",유해가스(황화수소),"피트, 맨홀, 오·폐수 처리시설 등 밀폐된 장소에서 작업",『산소·가소농도 미측정 및 송풍기를 이용한 강제환기 미실시』로 불활성 가스 또는 유해가스에 의한 산소결핍·질식·중독,"▶ 가스농도측정기로 적정공기 상태 선 확인
▶ 환기팬 등으로 환기 실시 후 작업을 실시
▶ 밀폐공간 출입금지 위험 표시"
2020-84-51-003,기타의사업,전문·보건·교육·여가관련서비스업,교육서비스업,"2019년 6월경 기숙사에서 재해자가 1층에서 계단을 통해 2층으로 올라가던 중, 약 2.5m 아래로 추락하여 사망",분류 불가,작업장소 통행/이동,"『미끄러운 상태의 바닥(오일, 빙판 등)을 밟거나 바닥의 요철부』에 걸려 넘어지면서 머리를 부딪히거나 떨어짐","▶ 바닥에 존재하는 기름기 등 제거 조치
▶ 유분 비산을 방지하기 위한 가림판 설치"
2020-85-11-002,제조업,기계기구·금속·비금속광물제품제조업,각종기계또는동부속품제조업,2019년 7월 OO공장에서 재해자가 이송모터 회전축에 파이프렌치가 결린 상태에서 모터 기동과 동시에 비래된 파이프렌치에 안면부를 맞아 사망한 재해.,생산설비(보링기),비정형 작업(정비·보수),『설비를 정지시키지 않거나 전원을 차단하지 않은 상태』에서 정비·보수·청소 등의 작업을 하다가 끼이거나 말림,"▶ 설비 가동중 이물질 제거 등이 발생할 수 있는 생산작업을 분석하고 근원적 접근방지대책 수립
▶ 끼임재해 우려가 있어 가동정지 후 작업이 필요한 설비 목록화→LOTO(Lock Out,  Tag Out) 대상 확정·시행 
▶ 작업 절차에 대해 근로자 교육실시"
2020-85-11-003,제조업,기계기구·금속·비금속광물제품제조업,철강또는비철금속주물제조업,"2020년 6월 OO공장에서 재해자가 찌꺼기가 담긴 용기를 지게차로 옮기는 중, 도가니 내에서 발생한 폭발로 전신화상을 입고 사망._x000D_",분류 불가,용해로를 이용한 작업,"『용해로에 물이 묻은 재료를 투입, 냉각수의 누출』등으로 인해 수증기 폭발이 일어나 화상 위험","▶ 원재료 수분 제거여부 확인 후 용해로 투입 관리
▶ 재료 보관장소 및 피트 지하수, 빗물 유입방지조치 실시
▶ 방열복 등 보호구 지급 및 착용상태 확인"
2020-85-11-004,제조업,기계기구·금속·비금속광물제품제조업,각종기계또는동부속품제조업,2020년 6월 OO공장에서 재해자가 유압 실린더의 카플러 교체 작업 중 내부 압력에 의하여 방출된 카플러에 흉부를 맞아 사망.,기타 설비(릴리프 밸브),비정형 작업(정비·보수),"『설비 내부의 잔여 유·공압을 제거하지 않은 상태』에서 설비를 해체하여 구조물, 부속품 등이 튕겨나와 맞음","▶ 설비 점검 시 내부의 잔여 물질을 배출하여, 작업자에게 영향을 미치지 않도록 확인할 수 있는 근원적 위험방지대책 수립"
2020-85-11-005,농업,농업,농업서비스업,2020년 9월경 OO농장에서 재해자가 비닐하우스 지붕 위에 펼처진 보온덮개를 정비하던 중 가동된 보온덮개 개폐기의 봉과 비닐하우스 철제 구조물 사이에 끼어 사망,기타 설비(두루마리형 보온덮개 동력 개폐기),비정형 작업(정비·보수),『설비를 정지시키지 않거나 전원을 차단하지 않은 상태』에서 정비·보수·청소 등의 작업을 하다가 끼이거나 말림,"▶ 설비 가동중 이물질 제거 등이 발생할 수 있는 생산작업을 분석하고 근원적 접근방지대책 수립
▶ 끼임재해 우려가 있어 가동정지 후 작업이 필요한 설비 목록화→LOTO(Lock Out,  Tag Out) 대상 확정·시행 
▶ 작업 절차에 대해 근로자 교육실시"
2020-85-11-007,제조업,식료품제조업,수산식료품제조업,2020년 8월경 재해자가 지지대 딛고 고정식 사다리 보수작업을 하던 중 2m 아래로 떨어져 사망,분류 불가,"설비 위, 지붕 등 높은 장소에서의 작업",『작업을 위해 밟고 있던 구조물이 파손되거나 균형을 잃기 쉬운 불안한 자세』로 작업하여 넘어지거나 떨어짐,"▶ 안전난간이 설치된 작업발판을 설치·사용
▶ 고소작업대 사용 또는 3.5m미만은 A자형 사다리 사용(2인1조) 관리
▶ 안전대 및 안전모 지급·착용 등 관리감독자 확인"
2020-85-11-008,제조업,기계기구·금속·비금속광물제품제조업,일반산업용기계장치제조업,2020년 10월 OO공장에서 재해자가 갠트리 머신의 거더 위에서 핸드레일을 수리하던 중 몸의 중심을 잃고 약 4.3m 아래의 바닥으로 떨어져 사망한 재해,분류 불가,"설비 위, 지붕 등 높은 장소에서의 작업",『작업을 위해 밟고 있던 구조물이 파손되거나 균형을 잃기 쉬운 불안한 자세』로 작업하여 넘어지거나 떨어짐,"▶ 안전난간이 설치된 작업발판을 설치·사용
▶ 고소작업대 사용 또는 3.5m미만은 A자형 사다리 사용(2인1조) 관리
▶ 안전대 및 안전모 지급·착용 등 관리감독자 확인"
2020-85-11-009,제조업,기계기구·금속·비금속광물제품제조업,배관공사용부속품제조업,2020년 10월 OO공장 재해자가 바스켓의 인양을 위해 달기구 체결을 준비하던 중 실족하여 냉각조 안으로빠져 전신에 화상을 입고 사망함.,분류 불가,작업장소 통행/이동,『설비를 밟고 올라 이동하거나 설비 사이를 뛰어넘어 이동』하다가 구조물에 다리가 걸려 넘어지거나 균형을 잃고 떨어짐,"▶ 추락위험구간에 안전난간 추가 설치
▶ 출하장소를 추락위험이 없는 장소로 위치 변경"
2020-85-11-010,제조업,화학및고무제품제조업,합성수지제조업,2020년 11월경 OO사업장 화약 제품 제조공정에서 재해자가 연삭 작업 중 반동으로 튀어나온 자재에 맞아 사망,분류 불가,그라인더 등 수공구를 사용하는 작업,보호구를 착용하지 않은 상태에서 『튕겨나온 가공날 또는 가공물』에 눈을 찔리거나 머리를 맞음,"▶ 선반가공 시 척, 방진구 및 심압대 체결상태 확인 및 갇독 철저
▶ 칩 브레이커 등 설치·사용
▶ 보안경/보안면 등 안면보호구 착용"
2021-22-11-009,기타의사업,시설관리및사업지원서비스업,위생및유사서비스업,"2021년 2월경 고속도로에서 재해자가 차량을 정차하고 암롤트럭의 비산방지용 덮개 정리 작업을 위해 교량 방호벽(높이 약 1.3m)을 발판 삼아 작업을 하던 중, 중심을 잃고 교량 하부(높이 약 11m)로 추락하여 사망",분류 불가,"설비 위, 지붕 등 높은 장소에서의 작업",『작업을 위해 밟고 있던 구조물이 파손되거나 균형을 잃기 쉬운 불안한 자세』로 작업하여 넘어지거나 떨어짐,"▶ 안전난간이 설치된 작업발판을 설치·사용
▶ 고소작업대 사용 또는 3.5m미만은 A자형 사다리 사용(2인1조) 관리
▶ 안전대 및 안전모 지급·착용 등 관리감독자 확인"
2020-85-21-002,기타의사업,전문·보건·교육·여가관련서비스업,기타과학기술서비스업,"2020년 2월경 공장철거현장에서 재해자가 지붕 철거작업을 위해 지붕 위에서 칼라강판을 들고 옮기던 중, 노후화된 썬라이트를 밟는 순간 부서지면서 약 9.1m 아래로 떨어지며 사망",지붕·대들보(선라이트/채광창),"설비 위, 지붕 등 높은 장소에서의 작업",『작업을 위해 밟고 있던 구조물이 파손되거나 균형을 잃기 쉬운 불안한 자세』로 작업하여 넘어지거나 떨어짐,"▶ 안전난간이 설치된 작업발판을 설치·사용
▶ 고소작업대 사용 또는 3.5m미만은 A자형 사다리 사용(2인1조) 관리
▶ 안전대 및 안전모 지급·착용 등 관리감독자 확인"
2020-85-51-001,기타의사업,전문·보건·교육·여가관련서비스업,오락·문화및운동관련사업,"2020년 6월경 캐노피 상부에서 재해자가 방수공사를 위해 도장작업을 하던 중, 몸의 중심을 잃고 3.9m 아래로 떨어져 사망",분류 불가,"설비 위, 지붕 등 높은 장소에서의 작업",『안전난간의 설치상태가 불량하거나 없는 상태』에서 주변 구조물 또는 생명줄에 안전대를 체결하지 않아 떨어짐,"▶ 지붕 재질 확인 및 하중 분산용 작업발판 설치 후 작업
▶ 지붕 파손 대비 공장 내부에 추락방호망 설치
▶ 지붕 끝단부에 안전난간 설치"
2020-91-11-001,광업,석회석·금속·비금속광업및기타광업,쇄석채취업,2020년 1월경 OO사업장 채석장에서 재해자가 가설펜스를 정리하던 중 채석장 상부에서 굴러온 낙석에 맞아 사망,암석,채석장에서의 작업,"『사면에 붙어있던 암석(부석이나 전석)이 풍화 침식, 발파 진동 등에 의해 떨어지면서 굴러와』 작업자가 맞거나 그 아래 깔림","▶ 발파 시 안전한 피난장소 설치 및 사용
▶ 근로자 대피 확인 후 발파작업 실시
▶ 발파작업 후 일정시간 경과 후 발파장소 접근"
2020-91-11-003,제조업,화학및고무제품제조업,합성수지제조업,2020년 3월경 OO사업장 폐기물 처리공정에서 재해자가 굴삭기 후미에서 폐기물 처리작업을 지켜보는 중 후진하는 굴삭기에 부딪혀 사망,굴착기(백호우),건설기계를 사용하는 작업,『차량 작업 구역에 근로자 출입을 통제하지 않은 상태』에서 근로자가 작업차량 또는 운반하는 화물에 부딪히거나 깔림 또는 주변 구조물과 그 사이에 끼임,▶ 차량을 사용하는 작업하는 구역과 차량 이동 경로를 근로자 이동 통로와 구분 실시
2020-91-11-004,임업,임업,영림업,2020년 3월경 OO방제사업 현장에서 재해자가 경사로에서 동력운반차에 벌도목을 싣는 작업을 하던 중 동력운반차가 뒤로 밀려 재해자가 나무와 동력운반차 사이에 끼어 사망,기타 차량(동력운반차),상하차 작업 또는 적재된 화물,『운전석 이탈 시 작업차량이 움직이는 것을 방지하기 위한 조치를 실시하지 않아』 운전자 없이 움직이는 작업차량에 부딪히거나 깔림,"▶ 운전석에서 이탈 시 확실히 정지 조치 실시
▶ 이탈 시에는 시동키를 분리하여 별도 보관하여 무자격자 등이 운전하지 못하도록 조치"
2020-91-11-006,제조업,기계기구·금속·비금속광물제품제조업,기타금속제품제조업또는금속가공업,2020년 7월 OO공장에서 재해자가 포장이 완료된 제품의 라벨부착 확인 중 적재 코일과 크레인으로 이송 중이던 코일 사이에 협착되어 사망,운반물(코일),"크레인(천장주행, 갠트리, 지브 등) 사용 작업",운반하는 물체 또는 주변 구조물 등에 의해 『설비 조작자의 시야가 확보되지 않은 상태에서 운반』하여 다른 구조물에 부딪히거나 그 사이에 끼임,"▶ 이송방향 전면에서 조작 및 시야 확보가 가능한 정도의 물량 운반
▶ 신호수를 배치하여 신호에 따라 운반작업 실시"
2020-91-11-007,농업,농업,작물생산업,2020년 8월경 OO사업장에서 재해자가 이동식 컨베이어를 세척 후 보관장소로 이동시키던 중 넘어지는 이동식 컨베이어에 재해자가 깔려 사망,컨베이어,인력 운반 작업,무거운 물체를 운반하던 중 『바닥의 요철부』에 걸려 넘어지면서 떨어지거나 바닥에 머리가 부딪힘,"▶ 작업구간 바닥상태 평탄화 조치
▶ 폭 넓은 운반용구로 구입·변경 조치
▶ 이동통로 상 바닥에 이물질 등 제거 조치"
2020-91-11-008,제조업,식료품제조업,조미료(장류포함)제조업및제염업,2020년 9월경 재해자가 교반기 청소작업을 하던 중 다른 작업자가 교반기를 작동해 내부 회전날에 끼여 사망,혼합기(교반기),비정형 작업(이물질 제거·청소),『정비작업 중 작업자 외 근로자가 설비를 가동』하여 갑자기 작동된 설비에 말리거나 끼임,"▶ 생산 설비의 불시 가동을 방지하기 위한 LOTO(Lock Out_잠금장치, Tag Out_점검 중 꼬리표)제도 시행
▶ 관리감독자 확인 의무 부여"
2020-91-11-009,기타의사업,전문·보건·교육·여가관련서비스업,골프장및경마장운영업,"2020년 10월경 사업장(컨트리클럽) 내에서 재해자가 견인식 블로어의 파손된 부품을 교체한 후 시운전 하던 중, 제자리에서 빠르게 회전하는 견인식 블로어의 견인 고리 지지대에 걸려 넘어지며 바닥에 머리를 부딪혀 사망",분류 불가,비정형 작업(시운전),"『주변 설비의 움직임을 인지하지 못하거나, 안전거리를 확보하지 않고 작업』 하여 작동하는 설비에 부딪히거나, 말림·끼임","▶ 같은 장소에서 이루어지는 도급인과 수급인의 작업 혼재 시 재해 발생 예방을 위한 의사 전달 체계 수립
▶ 안전작업허가제도로 작업 전·중·후 안전확보 상태 지속 확인"
2020-91-11-010,기타의사업,시설관리및사업지원서비스업,건물등의종합관리사업,"2020년 11월경 집수정 주변에서 관리소장인 재해자가 집수정 내부를 확인하던 중, 입주민의 차량출고 조작으로 하강 작동하는 균형추와 가이드레일 사이에 협착되어 사망",기계식 주차설비,기계식 주차설비 정비·점검 작업,『설비를 정지시키지 않거나 전원을 차단하지 않은 상태』에서 정비·보수·청소 등의 작업을 하다가 끼이거나 말림,"▶ 설비 가동중 이물질 제거 등이 발생할 수 있는 생산작업을 분석하고 근원적 접근방지대책 수립
▶ 끼임재해 우려가 있어 가동정지 후 작업이 필요한 설비 목록화→LOTO(Lock Out,  Tag Out) 대상 확정·시행 
▶ 작업 절차에 대해 근로자 교육실시"
2020-91-11-011,제조업,기계기구·금속·비금속광물제품제조업,철근콘크리트제품제조업,2020년 11월 OO공장에서 재해자가 갠트리크레인 설치작업 중 차량탑재형 고소작업대에서 약 10미터 아래 콘크리트 바닥으로 추락하여 사망,차량탑재형 고소작업대(스카이),고소작업대 사용 작업,『안전난간의 설치상태가 불량하거나 없는 상태』에서 주변 구조물 또는 생명줄에 안전대를 체결하지 않아 떨어짐,"▶ 지붕 재질 확인 및 하중 분산용 작업발판 설치 후 작업
▶ 지붕 파손 대비 공장 내부에 추락방호망 설치
▶ 지붕 끝단부에 안전난간 설치"
2020-91-31-002,기타의사업,국가및지방자치단체의사업,국가및지방자치단체의사업,"2020년 11월경 재해자가 환경정비(쓰레기 수거, 낙엽청소 등) 업무 수행 중, 몸상태가 좋지 않아 병원에서 치료받는 과정에서 쯔쯔가무시병에 의해 사망",독충(진드기),조경·제초작업,『작업장소 인근 독충·독사·벌·진드기』등에 물릴 위험,"▶ 작업 시 긴소매, 긴바지의 작업복을 착용하여 작업 실시
▶ 작업 시작 전 주변의 위험요소를 확인 후 위험요인을 제거 후 작업 실시"
2020-92-11-001,임업,임업,영림업,2019년 12월경 OO방제현장의 경사로에서 재해자가 크롤러 캐리어로 운재작업을 하던 중 아래로 굴러 떨어져 사망,분류 불가,상하차 작업 또는 적재된 화물,『차량의 지지면 등 지반』이 무너지면서 차량이 넘어가거나 떨어짐,▶ 차량 작업구역과 이동 경로를 점검하여 안전하게 작업할 수 있는 구역 확보
2020-92-11-002,광업,석회석·금속·비금속광업및기타광업,쇄석채취업,2020년 1월경 OO사업장 석재 파쇄 작업장에서 재해자(덤프트럭 운전자)가 크러셔 호퍼에 투입된 원석을 건설기계(굴삭기)로 파쇄하는 과정을 지켜보던 중 회전하는 건설기계(굴삭기)의 후미에 부딪혀 8.2미터 아래 바닥으로 추락함,굴착기(백호우),건설기계를 사용하는 작업,『차량 작업 구역에 근로자 출입을 통제하지 않은 상태』에서 근로자가 작업차량 또는 운반하는 화물에 부딪히거나 깔림 또는 주변 구조물과 그 사이에 끼임,▶ 차량을 사용하는 작업하는 구역과 차량 이동 경로를 근로자 이동 통로와 구분 실시
2020-92-11-003,제조업,목재및종이제품제조업,골판지및종이용기제조업,2020년 1월 골판지공장에서 재해자가 톰슨기 배지장치 정비를 위해 장치하부로 진입하여 작업하던 중 회전하는 클립바와 고정레버 사이에 끼임,생산설비(톰슨기),비정형 작업(정비·보수),『설비를 정지시키지 않거나 전원을 차단하지 않은 상태』에서 정비·보수·청소 등의 작업을 하다가 끼이거나 말림,"▶ 설비 가동중 이물질 제거 등이 발생할 수 있는 생산작업을 분석하고 근원적 접근방지대책 수립
▶ 끼임재해 우려가 있어 가동정지 후 작업이 필요한 설비 목록화→LOTO(Lock Out,  Tag Out) 대상 확정·시행 
▶ 작업 절차에 대해 근로자 교육실시"
2020-92-11-004,제조업,기계기구·금속·비금속광물제품제조업,각종기계또는동부속품제조업,"2019년 10월 OO공장에서 재해자가 천장크레인 점검 중, 주행하는 크레인과 건축물 기둥 사이에 끼여 사망",크레인(천장주행크레인),"크레인(천장주행, 갠트리, 지브 등) 사용 작업",작업자 간 『작업 상황에 대해 의사소통을 하지 않고 작업』을 실시해 운반하는 물체에 부딪히거나 깔림 또는 주변 구조물과 운반하는 물체 사이에 끼임,"▶ 작업자 간 신호체계 통일 및 숙지 조치
▶ 중량물 취급 시 보조운반기구 사용"
2020-92-11-005,제조업,기계기구·금속·비금속광물제품제조업,금속가공기계제조업,2020년 3월 OO공장에서 OO 소속 재해자가 프레스(C형 싱글 크랭크 프레스) 분해 작업 중 슬라이드가 불시 상승하면서 본체와 슬라이드 상부 사이에 끼여 사망,생산설비(프레스),비정형 작업(정비·보수),『설비를 정지시키지 않거나 전원을 차단하지 않은 상태』에서 정비·보수·청소 등의 작업을 하다가 끼이거나 말림,"▶ 설비 가동중 이물질 제거 등이 발생할 수 있는 생산작업을 분석하고 근원적 접근방지대책 수립
▶ 끼임재해 우려가 있어 가동정지 후 작업이 필요한 설비 목록화→LOTO(Lock Out,  Tag Out) 대상 확정·시행 
▶ 작업 절차에 대해 근로자 교육실시"
2020-92-11-006,제조업,기계기구·금속·비금속광물제품제조업,각종시멘트제품제조업,2020년 4월 재해자가 도로변에 콘크리트 믹서 트럭을 정차해 놓고 드럼 및 슈트의 잔존물 확인과 청소작업 중 약2.69m 아래 바닥으로 떨어져 사망함,분류 불가,건설기계를 사용하는 작업,『적재된 제품·재료 또는 화물 적재함 위에 올라 작업』하던 중 균형을 잃고 떨어짐,"▶ 차량 상부작업 시 작업장소 상부에 안전대 걸이설비 설치·사용
▶ 적재함에 오르내리기 위한 설비 설치·사용
▶ 작업 시 안전대, 안전모 등 보호구 착용"
2020-92-11-007,제조업,기계기구·금속·비금속광물제품제조업,금속가공기계제조업,2020년 12월 재해자가 CNC선반을 가동한 상태에서 회전하는 가공물에 면장갑이 걸리면서 회전하는 설비에 몸이 말려 사망,금속가공기계(CNC 선반),가공 설비를 이용한 작업,『말릴 위험이 있는 옷이나 장갑을 착용하고 회전축에 근접하여 작업』해 손이나 팔이 말려 절단,"▶ 목장갑 등 사용 시 손이 말려 들어갈 위험이 있음을 근로자에게 교육하고, 밀착형 가죽장갑 등을 지급하여 착용하도록 조치"
2020-92-11-008,제조업,기계기구·금속·비금속광물제품제조업,각종금속의용접또는용단을행하는사업,2020년 12월 OO공장 근로자가 드릴 설비에서 강판을 고정하는 작업 중 스핀들헤드와 칩비산방지판 틈 사이에 끼여 사망,금속가공설비(CNC 드릴),비정형 작업(점검),『설비를 정지시키지 않거나 전원을 차단하지 않은 상태』에서 정비·보수·청소 등의 작업을 하다가 끼이거나 말림,"▶ 설비 가동중 이물질 제거 등이 발생할 수 있는 생산작업을 분석하고 근원적 접근방지대책 수립
▶ 끼임재해 우려가 있어 가동정지 후 작업이 필요한 설비 목록화→LOTO(Lock Out,  Tag Out) 대상 확정·시행 
▶ 작업 절차에 대해 근로자 교육실시"
2020-92-51-001,기타의사업,도소매·음식·숙박업,도소매및소비자용품수리업,"2020년 9월경 빌딩 에어컨 실외기 철거 현장에서 재해자가 에어컨 실외기 분해작업을 위해 지하대피소 지붕으로 이동하던 중, FRP 재질의 선라이트를 밟는 순간 파손되면서 약 5m 아래로 떨어져 사망",지붕·대들보(선라이트/채광창),"설비 위, 지붕 등 높은 장소에서의 작업",『작업을 위해 밟고 있던 구조물이 파손되거나 균형을 잃기 쉬운 불안한 자세』로 작업하여 넘어지거나 떨어짐,"▶ 안전난간이 설치된 작업발판을 설치·사용
▶ 고소작업대 사용 또는 3.5m미만은 A자형 사다리 사용(2인1조) 관리
▶ 안전대 및 안전모 지급·착용 등 관리감독자 확인"
2020-92-51-002,기타의사업,국가및지방자치단체의사업,국가및지방자치단체의사업,"2020년 11월경 아파트앞 도로에서 재해자가 음식물쓰레기 수거차량 뒤쪽 발판에 탑승하여 이동하던 중, 음주운전차량이 수거차량의 오른쪽 뒤편을 추돌, 재해자를 충돌하여 사망",기타 차량(승용차),도로 청소 등 환경미화 작업,『본인 또는 타인의 교통법규 위반』으로 사고발생 위험,"▶ 운전자는 작업 전 충분한 휴식을 취하고 운전 작업 실시
▶ 도로 상에서 운전 시 교통신호 등을 철저히 준수하여 운전 실시"
2020-93-11-001,제조업,식료품제조업,빵및과자류제조업,2020년 2월경 재해자가 자동화 설비 내 투입부 하부 청소작업을 하던 중 원재료 투입 리프트와 설비 바닥면 사이에 끼여 사망,자동화설비,비정형 작업(이물질 제거·청소),『설비를 정지시키지 않거나 전원을 차단하지 않은 상태』에서 정비·보수·청소 등의 작업을 하다가 끼이거나 말림,"▶ 설비 가동중 이물질 제거 등이 발생할 수 있는 생산작업을 분석하고 근원적 접근방지대책 수립
▶ 끼임재해 우려가 있어 가동정지 후 작업이 필요한 설비 목록화→LOTO(Lock Out,  Tag Out) 대상 확정·시행 
▶ 작업 절차에 대해 근로자 교육실시"
2018-24-51-011,기타의사업,기타의각종사업,개인및가사서비스업,2018년 7월경 세탁물 검수작업을 하던 재해자가 작업대 위에 올라가 트롤리 컨베이어로 운반된 세탁물 자루를 풀어주던 중 쏟아지는 세탁물 더미에 밀려 떨어지면서(0.75m) 바닥에 머리를 부딪혀 사망,운반물(세탁물 더미),상하차 작업 또는 적재된 화물,『작업을 위해 밟고 있던 구조물이 파손되거나 균형을 잃기 쉬운 불안한 자세』로 작업하여 넘어지거나 떨어짐,"▶ 안전난간이 설치된 작업발판을 설치·사용
▶ 고소작업대 사용 또는 3.5m미만은 A자형 사다리 사용(2인1조) 관리
▶ 안전대 및 안전모 지급·착용 등 관리감독자 확인"
2018-26-51-003,기타의사업,시설관리및사업지원서비스업,위생및유사서비스업,2018년 4월경 재해자가 선별작업장으로 이동하던 중 후진하는 쓰레기 수거차량에 치여 사망,화물운반트럭(청소차량/압착식진개차),혼재작업(작업자-작업차량),『근로자와 작업차량 간 이동동선(통행로)를 구분하지 않은 상태』에서 근로자가 작업차량에 부딪히거나 깔림 또는 주변 구조물과 차량사이에 끼임,"▶ 주문량 증가로 제품 적재공간 확대에 따라 지게차 작업구역이 확대, 지게차 운행 구역과 근로자 작업장소를 별도로 구획 실시
▶ 지게차 이용 중량물 취급에 대한 작업계획서 작성(작업방법, 운행경로, 근로자와 지게차 혼재 작업 여부 등)
▶ 혼재 작업 시 작업지휘자 또는 유도자 배치"
2020-99-11-002,제조업,화학및고무제품제조업,플라스틱가공제품제조업,2020년 5월경 OO사업장 화학제품 제조공정에서 재해자가 열처리로 시험 운전 중 열처리로 내부에 설치된 내화물에 포함된 물이 누출되어 수증기로 변하면서 팽창 폭발하여 다수의 근로자가 사망,생산설비(열처리로),용해로를 이용한 작업,"『용해로에 물이 묻은 재료를 투입, 냉각수의 누출』등으로 인해 수증기 폭발이 일어나 화상 위험","▶ 원재료 수분 제거여부 확인 후 용해로 투입 관리
▶ 재료 보관장소 및 피트 지하수, 빗물 유입방지조치 실시
▶ 방열복 등 보호구 지급 및 착용상태 확인"
2020-99-11-003,기타의사업,전문·보건·교육·여가관련서비스업,"건축기술,엔지니어링및관련기술서비스업","2020년 6월경 LPG충전소 내 기계실에서 재해자 4명이 LPG 저장탱크 개방검사를 위해 맨홀을 개방하던 중 화재가 발생하여 2명 사망, 2명 부상",기타 설비(LPG저장탱크),위험물질 취급 또는 그 장소에서 수행하는 작업,"『작업장소에서 취급하는 위험물질 및 관리되지 않는 점화원(아크, 정전기 등)』으로 인해 화재·폭발","▶ 위험장소 주변 용접 및 사상작업 금지 등 점화원 관리
▶ 용접불티 비산방지덮개 또는 용접방화포 조치"
2020-99-11-004,제조업,화학및고무제품제조업,무기화학제품제조업,2020년 7월경 OO사업장 과산화수소 탱크에 재해자가 가성소다를 잘못 주입하여 내부에서 폭발이 발생하여 사망,화학물질(수산화나트륨/가성소다),위험물질 취급 또는 그 장소에서 수행하는 작업,"『반응을 제어할 연동장치가 없고, 작업절차 없이 작업자의 경험에만 의존한 공정 운영』으로 화재·폭발·누출 위험","▶ 작업절차 수립하고 작업자 교육 실시
▶ 안전밸브, 파열판 설치 및 계측장치 유지 관리 
▶ 반응 억제제 투입 설비 설치 및 비상대피훈련 실시"
2016-43-11-012,제조업,기계기구·금속·비금속광물제품제조업,철근콘크리트제품제조업,2016년 12월경 재해자가 몰드투입 작업장을 가로질러 이동 중 성형몰드 이동대차와 벽체 사이에 끼어 사망,이동대차,작업장소 통행/이동,『근로자와 작업차량 간 이동동선(통행로)를 구분하지 않은 상태』에서 근로자가 작업차량에 부딪히거나 깔림 또는 주변 구조물과 차량사이에 끼임,"▶ 주문량 증가로 제품 적재공간 확대에 따라 지게차 작업구역이 확대, 지게차 운행 구역과 근로자 작업장소를 별도로 구획 실시
▶ 지게차 이용 중량물 취급에 대한 작업계획서 작성(작업방법, 운행경로, 근로자와 지게차 혼재 작업 여부 등)
▶ 혼재 작업 시 작업지휘자 또는 유도자 배치"
2020-99-11-008,제조업,기계기구·금속·비금속광물제품제조업,원동기제조업,2020년 11월 OO공장 내 재해자가 혼합·충전설비의 충진 불량 개선작업 중 설비가 폭발하여 사망,화학물질(수산화나트륨/가성소다),위험물질 취급 또는 그 장소에서 수행하는 작업,"『작업장소에서 취급하는 위험물질 및 관리되지 않는 점화원(아크, 정전기 등)』으로 인해 화재·폭발","▶ 위험장소 주변 용접 및 사상작업 금지 등 점화원 관리
▶ 용접불티 비산방지덮개 또는 용접방화포 조치"
2020-99-11-009,제조업,기계기구·금속·비금속광물제품제조업,일반산업용기계장치제조업,2020년 11월 OO공장 OO 소속 근로자들이 상판을 고정하던 C형 클램프가 철골 빔에서 빠지면서 상판이 낙하하여 상판 위에서 작업 중이던 근로자가 사망,줄걸이기구(클램프),상하차 작업 또는 적재된 화물,『매달아 올리거나 적재 상태가 불량한 물체』가 떨어지거나 무너지면서 맞거나 깔림,"▶ 주변의 중량물로 인한 깔림 방지를 위해 중량물 제거 후 작업
▶ 중량물 지지대 설치 후 수리·교체작업 실시"
2017-82-51-008,기타의사업,기타의각종사업,각급사무소,2017년 9월경 재해자가 트리밍 작업을 수행하던 중 인접 단조기에 연결된 에어 배관의 고무조인트가 파열되어 넘어지는 배관에 맞아 사망,분류 불가,가공 설비를 이용한 작업,"『과도한 힘(하중)으로 인해 설비, 재료 등이 파손·파단』되어 날라와 맞음","▶ 기계, 기구 등의 사용 시 정격하중을 확인하여, 적합한 기계, 기구를 선정하여 사용할 수 있는 절차 마련
▶ 설비 사용 전 점검을 실시하여 이상 시 적시에 조치 후 작업 실시"
2020-99-21-010,기타의사업,기타의각종사업,건설업본사,"2020년 10월경 고속국도 건설공사 현장에서 재해자 2명이 크롤러 크레인 붐 연장을 위해 연결부 하부로 들어가 상하부 총 4개의 연결핀 중 하부 2개의 핀을 제거하는 순간, 연결부가 아래쪽으로 꺾이면서 붐에 깔려 사망",크레인(기타/건설기계/크롤러크레인),비정형 작업(정비·보수),"『들어올린 설비의 고정상태 불량, 안전블록·지지대 미설치』로 설비 하부에서 작업 중 갑자기 설비가 내려앉아 끼이거나 깔림","▶ 중량물 이동방지용 지지대 추가 설치
▶ 갑작스런 이동방지를 위한 중량물 위치 변경
▶ 낙하물에 대비한 방망 또는 울 설치후 작업"
2020-99-21-011,제조업,화학및고무제품제조업,플라스틱가공제품제조업,2020년 12월경 발코니창호 교체공사 현장에서 재해자가 작업 중 우레탄 폼 용기가 가열되어 폭발하여 다수의 근로자가 폭발 압력으로 떨어져 사망,기타 설비(우레탄 폼 용기),위험물질 취급 또는 그 장소에서 수행하는 작업,『위험물질을 파악 및 제거하지 않은 상태』에서 작업하여 화재·폭발·누출로 인한 재해발생 위험,"▶ 위험물질에 대한 MSDS 비치 및 근로자 교육
▶ 공급원재료의 종류, 공급되는 설비명 표시
▶ 가스검지 및 경보장치·긴급차단장치 및 방유제 설치"
2020-99-31-002,제조업,수제품및기타제품제조업,기타각종제조업,"2020년 6월 폐기물처리장에서 근로자A가 파지전송 컨베이어 하부피트 청소작업 중 파지의 부패로 발생한 유해가스를 흡입하여 쓰러졌고, 이를 구하기 위해 차례로 들어간 B, C, D가 피트 내부에서 쓰러짐",유해가스,"피트, 맨홀, 오·폐수 처리시설 등 밀폐된 장소에서 작업",『산소·가소농도 미측정 및 송풍기를 이용한 강제환기 미실시』로 불활성 가스 또는 유해가스에 의한 산소결핍·질식·중독,"▶ 가스농도측정기로 적정공기 상태 선 확인
▶ 환기팬 등으로 환기 실시 후 작업을 실시
▶ 밀폐공간 출입금지 위험 표시"
2020-99-31-003,기타의사업,시설관리및사업지원서비스업,건물등의종합관리사업,"2020년 8월경 오피스텔 지하2층 토목집수정에서 재해자1과 재해자2가 수중모터 고장 수리를 위해 집수정 내부로 들어갔다가 쓰러짐. 이후 재해자3이 재해자1,2를 구조하기 위해 집수정 내부로 들어갔다가 쓰러진 후 119에 구조되었으나 3명 사망",유해가스,"피트, 맨홀, 오·폐수 처리시설 등 밀폐된 장소에서 작업",『산소·가소농도 미측정 및 송풍기를 이용한 강제환기 미실시』로 불활성 가스 또는 유해가스에 의한 산소결핍·질식·중독,"▶ 가스농도측정기로 적정공기 상태 선 확인
▶ 환기팬 등으로 환기 실시 후 작업을 실시
▶ 밀폐공간 출입금지 위험 표시"
2020-99-51-001,기타의사업,시설관리및사업지원서비스업,사업서비스업,"2020년 7월경 물류센터 지하4층 제상수 탱크실에서 플랜지형 시즈히터가 과열로 인해 발화되면서 화재가 물류센터로 확산되어, 입주업체의 직원인 재해자 5명이 사망하고, 8명이 부상",생산설비(열교환기),전기설비 취급 작업,『정기적으로 전기 설비의 유지·관리 및 점검을 실시하지 않아』 전기로 인한 화재·폭발 위험,"▶ 유자격자가 정비 및 방염처리된 작업복 착용
▶ 해당 전압에 적합한 전기점검장비 사용 "
2018-61-11-003,제조업,기계기구·금속·비금속광물제품제조업,각종기계또는동부속품제조업,2017년 4월경 사업장내에서 재해자가 합금을 제조하는 작업 중 용해실의 몸체와 뚜껑을 체결하는 볼트가 파단되면서 날라온 뚜껑에 머리를 맞고 치료중 사망,생산설비(그레뉼 합금 제조기),가공 설비를 이용한 작업,"『과도한 힘(하중)으로 인해 설비, 재료 등이 파손·파단』되어 날라와 맞음","▶ 기계, 기구 등의 사용 시 정격하중을 확인하여, 적합한 기계, 기구를 선정하여 사용할 수 있는 절차 마련
▶ 설비 사용 전 점검을 실시하여 이상 시 적시에 조치 후 작업 실시"
2021-11-11-001,제조업,기계기구·금속·비금속광물제품제조업,시멘트제조업,2021년 2월 OO공장 내 협력회사 재해자가 냉각기의 정기보수 중 선회하는 굴삭기의 유압 브레이커와 충돌 후 분쇄기 개구부로 추락하여 사망,굴착기(백호우),"설비 위, 지붕 등 높은 장소에서의 작업",『작업을 위해 밟고 있던 구조물이 파손되거나 균형을 잃기 쉬운 불안한 자세』로 작업하여 넘어지거나 떨어짐,"▶ 안전난간이 설치된 작업발판을 설치·사용
▶ 고소작업대 사용 또는 3.5m미만은 A자형 사다리 사용(2인1조) 관리
▶ 안전대 및 안전모 지급·착용 등 관리감독자 확인"
2021-11-11-002,제조업,기계기구·금속·비금속광물제품제조업,시멘트제조업,2021년 3월 OO공장에서 청소 및 신호를 하던 근로자가 후진하는 굴착기 바퀴에 깔려 사망,굴착기(백호우),건설기계를 사용하는 작업,근로자와 작업차량 간 『혼재작업 장소에서 근로자 이동과 작업차량 운행을 통제하지 않은 상태』에서 근로자가 작업차량에 부딪히나 깔림 또는 주변 구조물과 작업차량 사이에 끼임,"▶ 지게차 이용 중량물 취급에 대한 작업계획서 작성(작업방법, 운행경로, 근로자와 지게차 혼재 작업 여부 등)
▶ 혼재 작업 시 작업지휘자 또는 유도자 배치"
2021-11-11-003,제조업,기계기구·금속·비금속광물제품제조업,시멘트제조업,2021년 5월 OO공장 내에서 협력회사 재해자가 천장주행 크레인에 운전하여 규석을 싣고 이동 중 천장주행 크레인과 함께 약 19m 아래로 추락하여 사망,크레인(천장주행크레인),"크레인(천장주행, 갠트리, 지브 등) 사용 작업","설비를 정기적으로 유지·관리 및 점검하지 않아 『설비의 주요 구조부분(용접부, 볼트 등)에 균열·변형·부식·마모·탈락 등이 발생』하여 재해발생 위험",▶ 설비·구조물 상태 정기적 점검 및 예방 관리
2021-11-11-004,기타의사업,기타의각종사업,각급사무소,"2016년 5월경 공원 내부 산책로에서 재해자가 전기체인톱을 이용하여 경사면에 있는 위험수목(밑둥지름 63cm)을 벌목하던 중에, 벌도목이 주변 인접목에 걸려 쓰러지지 않아 벌도목 주변에서 추가 추구작업을 하다가 의도치 않은 방향으로 넘어진 나무에 깔려 사망",나무(벌도목),벌목·조재 작업,"『벌도목이 의도하지 않은 방향으로 쓰러지거나, 주변 장애물에 걸려』 작업자 방향으로 쓰러지면서 안면 또는 머리를 가격(부딪힘)","▶ 벌목 작업 시에는 사전에 대피장소를 정하여 작업 실시
▶ 충분한 안전거리를 확보하여, 다른 작업자와 동시에 작업 금지"
2021-11-11-006,기타의사업,기타의각종사업,건설업본사,2021년 7월경 채석장에서 재해자가 굴절덤프 차량에 탑승하여 산위로 향하던 중 차량이 약 30m아래로 떨어져 사망,화물운반트럭(덤프트럭),건설기계를 사용하는 작업,『차량의 지지면 등 지반』이 무너지면서 차량이 넘어가거나 떨어짐,▶ 차량 작업구역과 이동 경로를 점검하여 안전하게 작업할 수 있는 구역 확보
2021-11-11-007,기타의사업,도소매·음식·숙박업,도소매및소비자용품수리업,2021년 9월경 출장 가전 수리 업무를 수행하던 재해자가 아파트 세대 내에서 세탁기를 수리하던 중 감전되어 사망,기타 설비(세탁기),비정형 작업(정비·보수),"누전차단기 미설치, 접지 미실시 등으로 『설비에서 누설된 전류』에 감전","▶ 물기 또는 습기가 있는 장소 등 감전의 위험이 있는 기계기구에 접지 실시
▶ 이동형 또는 휴대형 전기기계에 누전차단기를 설치하여 감전위험 방지"
2021-11-11-008,제조업,기계기구·금속·비금속광물제품제조업,각종시멘트제품제조업,2021년 9월 OO 공장에서 보행 중인 작업자가 뒤쪽에서 출발한 덤프트럭에 깔려 사망,화물운반트럭(덤프트럭),작업장소 통행/이동,『근로자와 작업차량 간 이동동선(통행로)를 구분하지 않은 상태』에서 근로자가 작업차량에 부딪히거나 깔림 또는 주변 구조물과 차량사이에 끼임,"▶ 주문량 증가로 제품 적재공간 확대에 따라 지게차 작업구역이 확대, 지게차 운행 구역과 근로자 작업장소를 별도로 구획 실시
▶ 지게차 이용 중량물 취급에 대한 작업계획서 작성(작업방법, 운행경로, 근로자와 지게차 혼재 작업 여부 등)
▶ 혼재 작업 시 작업지휘자 또는 유도자 배치"
2021-11-11-009,기타의사업,국가및지방자치단체의사업,국가및지방자치단체의사업,"2021년 11월경 공원에서 재해자가 감따기 작업을 위해 조경용 사다리에서 작업을 하던 중, 약 2.9m 아래 바닥으로 떨어져 사망",사다리(이동식/조경용),사다리를 이용한 작업 또는 통행,『사다리 위에 올라가 작업』하던 중 균형을 잃고 머리부터 바닥으로 떨어짐,"▶ 3.5m 미만 작업 시 A자형 사다리만 사용(2인1조)
▶ 아웃트리거 설치 및 안전대, 안전모 등 개인보호구 착용"
2021-11-21-006,기타의사업,기타의각종사업,건설업본사,"2021년 3월경 아파트 외벽에서 재해자가 달비계를 이용하여 외벽작업을 하던 중, 20층 발코니 돌출부위(유리천장) 상부 모서리에 접촉되어 달비계 작업대용 로프가 파단되어 약 53m 아래로 떨어져 사망",달비계 로프,"설비 위, 지붕 등 높은 장소에서의 작업",『달비계 지지로프의 결속·파손 및 고정부 접속 상태를 확인하지 않은 상태』에서 안전대를 생명줄(수직 구명줄)에 체결하지 않아 떨어짐,"▶ 지붕 재질 확인 및 하중 분산용 작업발판 설치 후 작업
▶ 지붕 파손 대비 공장 내부에 추락방호망 설치
▶ 지붕 끝단부에 안전난간 설치"
2021-11-51-001,기타의사업,시설관리및사업지원서비스업,건물등의종합관리사업,"2021년 1월경 상가건물 실내 계단에서 재해자가 조명이 꺼진 상태에서 계단을 내려오던 중, 중심을 잃고 건물 1층 바닥으로 굴러 떨어져 사망",분류 불가,작업장소 통행/이동,『설비를 밟고 올라 이동하거나 설비 사이를 뛰어넘어 이동』하다가 구조물에 다리가 걸려 넘어지거나 균형을 잃고 떨어짐,"▶ 추락위험구간에 안전난간 추가 설치
▶ 출하장소를 추락위험이 없는 장소로 위치 변경"
2021-11-51-002,기타의사업,시설관리및사업지원서비스업,사업서비스업,"2021년 2월경 아파트에서 재해자가 계단을 이용해 지하 1층으로 내려오던 중, 중심을 잃고 지하 1층 바닥으로 굴러 떨어져 사망",분류 불가,작업장소 통행/이동,『설비를 밟고 올라 이동하거나 설비 사이를 뛰어넘어 이동』하다가 구조물에 다리가 걸려 넘어지거나 균형을 잃고 떨어짐,"▶ 추락위험구간에 안전난간 추가 설치
▶ 출하장소를 추락위험이 없는 장소로 위치 변경"
2021-11-51-004,기타의사업,시설관리및사업지원서비스업,건물등의종합관리사업,"2021년 3월경 아파트 지하1층 주차장에서 경비원인 재해자가 배관 위에 올려놓은 손전등을 회수하기 위하여 미화원 휴게실 지붕 위(높이 2.56m)에 올라가 이동하던 중, 균형을 잃고 바닥으로 떨어져 사망",분류 불가,작업장소 통행/이동,『설비를 밟고 올라 이동하거나 설비 사이를 뛰어넘어 이동』하다가 구조물에 다리가 걸려 넘어지거나 균형을 잃고 떨어짐,"▶ 추락위험구간에 안전난간 추가 설치
▶ 출하장소를 추락위험이 없는 장소로 위치 변경"
2021-11-51-005,기타의사업,시설관리및사업지원서비스업,건물등의종합관리사업,2021년 1월경 아파트 상가에서 재해자가 상가 실외 복도를 통행하다가 물이 얼어있는 바닥에 미끄러져 머리를 바닥에 부딪친 후 사망,분류 불가,작업장소 통행/이동,"『미끄러운 상태의 바닥(오일, 빙판 등)을 밟거나 바닥의 요철부』에 걸려 넘어지면서 머리를 부딪히거나 떨어짐","▶ 바닥에 존재하는 기름기 등 제거 조치
▶ 유분 비산을 방지하기 위한 가림판 설치"
2021-11-51-006,기타의사업,국가및지방자치단체의사업,국가및지방자치단체의사업,"2021년 9월경 재해자가 고사목(죽은 벚나무)을 벌목하던 중, 넘어지는 나무를 피하다가 2.5m 높이 옹벽 아래로 떨어져 사망",분류 불가,벌목·조재 작업,"『주변 위험요소(낭떠러지, 회전체 등)를 파악하지 않고 작업』해 돌발상황에 적절하게 대처하지 못해 사고로 이어질 위험","▶ 같은 장소에서 이루어지는 도급인과 수급인의 작업 혼재 시 재해 발생 예방을 위한 의사 전달 체계 수립
▶ 안전작업허가제도로 작업 전·중·후 안전확보 상태 지속 확인"
2021-11-51-007,기타의사업,도소매·음식·숙박업,음식및숙박업,"2017년 6월경 식당에서 재해자가 2층으로 이동하기 위해 간이 리프트에 탑승하여 이동하던 중, 1층 천장과 리프트 운반구 바닥 사이에 끼어 사망",리프트(간이리프트),리프트 관련 작업,"『설비에 안전장치가 설치되어 있지 않거나, 설치된 안전장치를 무력화한 상태』로 사용하던 중 말리거나 끼임","▶ 방호장치 작동불량 등 이상시 관리감독자 등에게 선보고 및 조치 후 작업 재개가 당연한 안전문화 구축　
▶ 작업 전 광전자식 방호장치 정상 여부 확인 "
2021-11-51-008,기타의사업,시설관리및사업지원서비스업,위생및유사서비스업,"2021년 10월경 생활폐기물처리장내 매립지에서 재해자가 폐기물 운반차량(압착진개차)의 유압실린더 고장으로 압착장치(파카)를 올린 후 갈고리로 쓰레기를 꺼내던 중, 압착장치(파카)가 하강하여 적재함과 파카사이에 끼어 사망",화물운반트럭(청소차량/압착식진개차),비정형 작업(이물질 제거·청소),"『들어올린 설비의 고정상태 불량, 안전블록·지지대 미설치』로 설비 하부에서 작업 중 갑자기 설비가 내려앉아 끼이거나 깔림","▶ 중량물 이동방지용 지지대 추가 설치
▶ 갑작스런 이동방지를 위한 중량물 위치 변경
▶ 낙하물에 대비한 방망 또는 울 설치후 작업"
2021-11-51-009,기타의사업,도소매·음식·숙박업,음식및숙박업,"2021년 1월경 기계식 주차장치 내에서 재해자가 누수상태를 확인하기 위해 기계식 주차장치의 리프트를 상부로 올려놓고 소방설비 배관을 확인하던 중, 내려오는 리프트와 바닥사이에 끼어 사망",기계식 주차설비,기계식 주차설비 정비·점검 작업,『설비를 정지시키지 않거나 전원을 차단하지 않은 상태』에서 정비·보수·청소 등의 작업을 하다가 끼이거나 말림,"▶ 설비 가동중 이물질 제거 등이 발생할 수 있는 생산작업을 분석하고 근원적 접근방지대책 수립
▶ 끼임재해 우려가 있어 가동정지 후 작업이 필요한 설비 목록화→LOTO(Lock Out,  Tag Out) 대상 확정·시행 
▶ 작업 절차에 대해 근로자 교육실시"
2021-11-51-010,기타의사업,도소매·음식·숙박업,도소매및소비자용품수리업,"2019년 5월경 사업장 내에서 재해자 2명이 일반작업용 리프트에 탑승하여 화물을 1층으로 내리던 중, 낱개 화물이 운반구와 1층 바닥 사이에 끼어 화물을 빼내는 순간, 운반구가 지하 1층으로 떨어져 재해자 2명 부상",리프트(일반작업용),리프트 관련 작업,"『설비에 안전장치가 설치되어 있지 않거나, 설치된 안전장치를 무력화한 상태』로 사용하던 중 말리거나 끼임","▶ 방호장치 작동불량 등 이상시 관리감독자 등에게 선보고 및 조치 후 작업 재개가 당연한 안전문화 구축　
▶ 작업 전 광전자식 방호장치 정상 여부 확인 "
2021-11-51-011,기타의사업,기타의각종사업,각급사무소,"2021년 11월경 야간 근무를 수행하는 재해자가 보이지 않아 실종신고 후, 지하3층 간이정화조 내부에서 사망한 상태로 발견",유해가스,"피트, 맨홀, 오·폐수 처리시설 등 밀폐된 장소에서 작업",『산소·가소농도 미측정 및 송풍기를 이용한 강제환기 미실시』로 불활성 가스 또는 유해가스에 의한 산소결핍·질식·중독,"▶ 가스농도측정기로 적정공기 상태 선 확인
▶ 환기팬 등으로 환기 실시 후 작업을 실시
▶ 밀폐공간 출입금지 위험 표시"
2021-11-51-014,기타의사업,시설관리및사업지원서비스업,위생및유사서비스업,"2021년 12월경 도로위에서 환경미화원인 재해자가 쓰레기 수거작업을 하던 중, 주행하는 승용차가 재해차를 충돌하여 사망",기타 차량(승용차),도로 청소 등 환경미화 작업,"『차량운행 중 차량의 진행방향 및 사각지대를 확인하지 않아』근로자가 작업차량에 깔리거나, 주변 구조물과 작업차량 사이에 끼임","▶ 지게차 이용 중량물 취급에 대한 작업계획서 작성(작업방법, 운행경로, 근로자와 지게차 혼재 작업 여부 등)
▶ 혼재 작업 시 작업지휘자 또는 유도자 배치"
2021-11-51-015,기타의사업,시설관리및사업지원서비스업,건물등의종합관리사업,"2021년 12월경 아파트 건물 내에서 건물관리자인 재해자가 동파로 인한 밸브 잠금상태 확인을 위해 지하 3층으로 이동하던 중, 결빙된 바닥에 미끄러져 지하 4층(높이 약 26.4m)으로 떨어져 사망",분류 불가,작업장소 통행/이동,"『미끄러운 상태의 바닥(오일, 빙판 등)을 밟거나 바닥의 요철부』에 걸려 넘어지면서 머리를 부딪히거나 떨어짐","▶ 바닥에 존재하는 기름기 등 제거 조치
▶ 유분 비산을 방지하기 위한 가림판 설치"
2021-12-51-001,기타의사업,시설관리및사업지원서비스업,사업서비스업,"2021년 4월경 아파트에서 경비원인 재해자가 아파트 외부 도로측 화단에서 전지 작업을 하던 중, 약 1.4m 높이의 경계석 상부에서 떨어져 사망",분류 불가,조경·제초작업,『난간이 없는 작업대 사용 또는 임시 구조물(나뭇가지 등)을 밟고 작업』하다가 균형을 잃고 떨어짐,"▶ 안전난간이 설치된 작업발판을 설치·사용
▶ 고소작업대 사용 또는 3.5m미만은 A자형 사다리 사용(2인1조) 관리
▶ 안전대 및 안전모 지급·착용 등 관리감독자 확인"
2021-21-11-001,제조업,기계기구·금속·비금속광물제품제조업,자동차및모터사이클수리업,2021년 1월 OO공장 근로자가 이동식 사다리를 사용하여 지게차 파렛트 위로 이동 중 발을 헛디뎌 높이 약 2.15m 아래 바닥으로 추락하여 사망,지게차,작업장소 통행/이동,『설비를 밟고 올라 이동하거나 설비 사이를 뛰어넘어 이동』하다가 구조물에 다리가 걸려 넘어지거나 균형을 잃고 떨어짐,"▶ 추락위험구간에 안전난간 추가 설치
▶ 출하장소를 추락위험이 없는 장소로 위치 변경"
2021-21-11-002,기타의사업,시설관리및사업지원서비스업,위생및유사서비스업,"2021년 1월경 건설폐기물 파쇄 작업장에서 재해자 2명이 작업 종료 후 벨트컨베이어 상부에서 청소작업을 하던 중에, 운전실 작업자가 오조작하여 컨베이어가 갑자기 작동하면서 재해자 2명이 몸의 중심을 잃고 쓰러지며 재해자1은 풀리와 벨트 사이에 끼어 사망, 재해자2는 하부 슈트로 떨어져 부상",컨베이어,비정형 작업(이물질 제거·청소),『정비작업 중 작업자 외 근로자가 설비를 가동』하여 갑자기 작동된 설비에 말리거나 끼임,"▶ 생산 설비의 불시 가동을 방지하기 위한 LOTO(Lock Out_잠금장치, Tag Out_점검 중 꼬리표)제도 시행
▶ 관리감독자 확인 의무 부여"
2021-21-11-003,제조업,섬유및섬유제품제조업,기타섬유제품제조업,2021년 3월 섬유공장 내 보관창고에서 재해자가 지붕 천막보수작업을 위해 창고 지붕에 올라 천막을 밟고 이동하던 중 천막이 찢어지면서 떨어짐(약 8.5m),지붕·대들보(천막),작업장소 통행/이동,『설비를 밟고 올라 이동하거나 설비 사이를 뛰어넘어 이동』하다가 구조물에 다리가 걸려 넘어지거나 균형을 잃고 떨어짐,"▶ 추락위험구간에 안전난간 추가 설치
▶ 출하장소를 추락위험이 없는 장소로 위치 변경"
2019-25-21-004,제조업,기계기구·금속·비금속광물제품제조업,일반산업용기계장치제조업, 2019년 3월 OO공장 체인블록을 사용하여 압력용기를 들어 세우던 중 체인블록의 체인이 파단되면서 주변 작업 재해자가 전도되는 압력용기에 깔려 사망.,수공구(체인블록),상하차 작업 또는 적재된 화물,"『과도한 힘(하중)으로 인해 설비, 재료 등이 파손·파단』되어 날라와 맞음","▶ 기계, 기구 등의 사용 시 정격하중을 확인하여, 적합한 기계, 기구를 선정하여 사용할 수 있는 절차 마련
▶ 설비 사용 전 점검을 실시하여 이상 시 적시에 조치 후 작업 실시"
2021-21-21-009,기타의사업,기타의각종사업,건설업본사,2021년 9월경 인테리어 공사 현장에서 재해자가 2층 바닥 단부에서 벽체 설치를 위한 기준선 표시작업 중 1층 바닥(높이 약 2.5m)으로 떨어져 사망,분류 불가,"설비 위, 지붕 등 높은 장소에서의 작업",『작업을 위해 밟고 있던 구조물이 파손되거나 균형을 잃기 쉬운 불안한 자세』로 작업하여 넘어지거나 떨어짐,"▶ 안전난간이 설치된 작업발판을 설치·사용
▶ 고소작업대 사용 또는 3.5m미만은 A자형 사다리 사용(2인1조) 관리
▶ 안전대 및 안전모 지급·착용 등 관리감독자 확인"
2021-21-51-001,제조업,기계기구·금속·비금속광물제품제조업,일반산업용기계장치제조업,2021년 1월 OO공장 OO소속 재해자가 천장 상부로 올라가 이동 중 천장 석고보드가 부서지면서 14m 아래 바닥으로 떨어져 사망,지붕·대들보(석고보드),"설비 위, 지붕 등 높은 장소에서의 작업",『작업을 위해 밟고 있던 구조물이 파손되거나 균형을 잃기 쉬운 불안한 자세』로 작업하여 넘어지거나 떨어짐,"▶ 안전난간이 설치된 작업발판을 설치·사용
▶ 고소작업대 사용 또는 3.5m미만은 A자형 사다리 사용(2인1조) 관리
▶ 안전대 및 안전모 지급·착용 등 관리감독자 확인"
2021-22-11-001,제조업,기계기구·금속·비금속광물제품제조업,자동차부분품제조업,2020년 12월 OO공장 재해자가 다이캐스팅기 수리하던 중 로봇이 작동되어 재해자가 레이들에 눌려 화상을 입어 사망,산업용로봇,비정형 작업(정비·보수),『설비를 정지시키지 않거나 전원을 차단하지 않은 상태』에서 정비·보수·청소 등의 작업을 하다가 끼이거나 말림,"▶ 설비 가동중 이물질 제거 등이 발생할 수 있는 생산작업을 분석하고 근원적 접근방지대책 수립
▶ 끼임재해 우려가 있어 가동정지 후 작업이 필요한 설비 목록화→LOTO(Lock Out,  Tag Out) 대상 확정·시행 
▶ 작업 절차에 대해 근로자 교육실시"
2021-22-11-002,제조업,화학및고무제품제조업,플라스틱가공제품제조업,2020년 12월경 OO사업장 폐플라스틱 재생공정에서 재해자가 내부에 유기용매가 남아있는 용기를 분쇄기에 투입하여 설비 내부에서 폭발이 발생,인화성물질,위험물질 취급 또는 그 장소에서 수행하는 작업,『위험물질을 파악 및 제거하지 않은 상태』에서 작업하여 화재·폭발·누출로 인한 재해발생 위험,"▶ 위험물질에 대한 MSDS 비치 및 근로자 교육
▶ 공급원재료의 종류, 공급되는 설비명 표시
▶ 가스검지 및 경보장치·긴급차단장치 및 방유제 설치"
2021-22-11-003,임업,임업,벌목업,2021년 1월경 OO산 벌목현장에서 재해자가 벌목작업을 하던 중 벌도목이 주변에 벚나무에 걸쳐 벚나무가 뿌리째 뽑히면서 재해자 방향으로 쓰러져 깔림,나무(벌도목),벌목·조재 작업,"『벌도목이 의도하지 않은 방향으로 쓰러지거나, 주변 장애물에 걸려』 작업자 방향으로 쓰러지면서 안면 또는 머리를 가격(부딪힘)","▶ 벌목 작업 시에는 사전에 대피장소를 정하여 작업 실시
▶ 충분한 안전거리를 확보하여, 다른 작업자와 동시에 작업 금지"
2021-22-11-004,기타의사업,도소매·음식·숙박업,도소매및소비자용품수리업,"2020년 12월경 지하1층 주차장에서 재해자가 냉동육절기(200kg)를 트럭의 테일리프트를 이용하여 내리는 작업을 하던 중, 냉동육절기가 밀리며 같이 떨어지며 재해자가 깔려 사망",생산설비(육절기),상하차 작업 또는 적재된 화물,『화물의 무게가 한쪽으로 치우쳐진 상태 등』 적재상태가 불량한 화물이 무너지면서 맞거나 깔림,"▶ 전도·낙하 방지를 위해 중량물 제거 후 작업
▶ 중량물 고정 실시 후 수리작업 실시"
2021-22-11-005,제조업,수제품및기타제품제조업,기타각종제조업,2021년 1월 폐기물처리장에서 재해자가 운휴 중인 압축기를 작동시켜 작업하는 과정에서 압축기 내부 슬라이드에 끼인 폐기물을 제거하기 위하여 압축기 내부로 진입하던 중 갑자기 작동하는 슬라이드와 압축기 프레임 사이에 끼어 사망,생산설비(압축기),비정형 작업(이물질 제거·청소),『설비를 정지시키지 않거나 전원을 차단하지 않은 상태』에서 정비·보수·청소 등의 작업을 하다가 끼이거나 말림,"▶ 설비 가동중 이물질 제거 등이 발생할 수 있는 생산작업을 분석하고 근원적 접근방지대책 수립
▶ 끼임재해 우려가 있어 가동정지 후 작업이 필요한 설비 목록화→LOTO(Lock Out,  Tag Out) 대상 확정·시행 
▶ 작업 절차에 대해 근로자 교육실시"
2021-22-11-006,제조업,수제품및기타제품제조업,기타각종제조업,2021년 2월 물류보관창고에서 재해자가 지붕천막 설치작업을 위해 창고 상부 빗물받이를 밟고 서서 작업하던 중 중심을 잃고 지면으로 떨어짐(약 6m),지붕·대들보(빗물받이),"설비 위, 지붕 등 높은 장소에서의 작업",『작업을 위해 밟고 있던 구조물이 파손되거나 균형을 잃기 쉬운 불안한 자세』로 작업하여 넘어지거나 떨어짐,"▶ 안전난간이 설치된 작업발판을 설치·사용
▶ 고소작업대 사용 또는 3.5m미만은 A자형 사다리 사용(2인1조) 관리
▶ 안전대 및 안전모 지급·착용 등 관리감독자 확인"
2021-22-11-007,제조업,의약품·화장품·연탄·석유제품제조업,석유정제품제조업,2020년 11월경 OO사업장 폐기물 처리공정에서 재해자가 설비 상부에 올라가서 작업 중 설비가 파손되면서 아래로 떨어져 사망,혼합기,"설비 위, 지붕 등 높은 장소에서의 작업",『작업을 위해 밟고 있던 구조물이 파손되거나 균형을 잃기 쉬운 불안한 자세』로 작업하여 넘어지거나 떨어짐,"▶ 안전난간이 설치된 작업발판을 설치·사용
▶ 고소작업대 사용 또는 3.5m미만은 A자형 사다리 사용(2인1조) 관리
▶ 안전대 및 안전모 지급·착용 등 관리감독자 확인"
2021-26-11-001,운수창고통신업,육상및수상운수업,여객자동차운수업,"2021년 1월경 보관창고 내부에서 재해자가 드럼에 저장된 부동액을 공기압축기를 사용하여 보관탱크로 이송하던 중, 고압에 의해 파열된 드럼에 재해자가 맞아 사망",기타 설비(공기압축기),위험물질 취급 또는 그 장소에서 수행하는 작업,"『과도한 힘(하중)으로 인해 설비, 재료 등이 파손·파단』되어 날라와 맞음","▶ 기계, 기구 등의 사용 시 정격하중을 확인하여, 적합한 기계, 기구를 선정하여 사용할 수 있는 절차 마련
▶ 설비 사용 전 점검을 실시하여 이상 시 적시에 조치 후 작업 실시"
2021-22-11-010,제조업,기계기구·금속·비금속광물제품제조업,일반산업용기계장치제조업,2021년 2월 재해자가 기계식 주차설비 조립 작업을 수행하던 중 주차설비를 받치던 고임목이 넘어지면서 재해자가 주차설비 아래 깔려 사망,기계식 주차설비,기계식 주차설비 정비·점검 작업,『매달아 올리거나 적재 상태가 불량한 물체』가 떨어지거나 무너지면서 맞거나 깔림,"▶ 주변의 중량물로 인한 깔림 방지를 위해 중량물 제거 후 작업
▶ 중량물 지지대 설치 후 수리·교체작업 실시"
2021-22-11-011,기타의사업,시설관리및사업지원서비스업,위생및유사서비스업,"2021년 2월경 작업장 내에서 야간 순찰을 하던 재해자가 자력선별기에 장착된 회전벨트에 이물질이 끼어 작동하지 않자 이물질 제거를 위해 회전벨트 내측으로 작업을 하던 중, 불시에 자력선별기가 가동되어 재해자가 끼어 사망",생산설비(자력선별기),비정형 작업(이물질 제거·청소),『설비를 정지시키지 않거나 전원을 차단하지 않은 상태』에서 정비·보수·청소 등의 작업을 하다가 끼이거나 말림,"▶ 설비 가동중 이물질 제거 등이 발생할 수 있는 생산작업을 분석하고 근원적 접근방지대책 수립
▶ 끼임재해 우려가 있어 가동정지 후 작업이 필요한 설비 목록화→LOTO(Lock Out,  Tag Out) 대상 확정·시행 
▶ 작업 절차에 대해 근로자 교육실시"
2021-22-11-013,기타의사업,도소매·음식·숙박업,음식및숙박업,"2021년 2월경 초밥매장 내에서 재해자가 주방 보조업무를 수행하던 중, 계산을 위해 이동하는 과정에서 장식장 선반에 놓여 있던 횟칼(사시미 칼)에 왼쪽 늑골이 찔려 과다출혈로 사망",적재물(칼),작업장소 통행/이동,"『이동동선 주변에 방치된 물체, 구조물 등』을 인지하지 못하고 이동하다가 부딪히거나 떨어짐","▶ 위험장소 출입금지용 방책 설치
▶ 하역운반기계 출입문에 비상등·벨 설치
▶ 위험장소에 안전보건표지 부착"
2021-22-11-014,제조업,기계기구·금속·비금속광물제품제조업,유리제품가공업,2020년 8월 OO공장에서 강화로 설비 위로 올라가 이동 중 미끄러지면서 강화조 내부로 추락하여 사망,분류 불가,작업장소 통행/이동,『설비를 밟고 올라 이동하거나 설비 사이를 뛰어넘어 이동』하다가 구조물에 다리가 걸려 넘어지거나 균형을 잃고 떨어짐,"▶ 추락위험구간에 안전난간 추가 설치
▶ 출하장소를 추락위험이 없는 장소로 위치 변경"
2021-22-11-015,제조업,전기기계기구·정밀기구·전자제품제조업,전자관또는반도체소자제조업,2021년 3월 반도체 공장 내 폐수처리장에서 재해자가 폐수조 압롤박스 위에 올라가 슬러지 평탄화 작업 중 중심을 잃고 지면으로 떨어짐(약 2.5m),분류 불가,"설비 위, 지붕 등 높은 장소에서의 작업",『작업을 위해 밟고 있던 구조물이 파손되거나 균형을 잃기 쉬운 불안한 자세』로 작업하여 넘어지거나 떨어짐,"▶ 안전난간이 설치된 작업발판을 설치·사용
▶ 고소작업대 사용 또는 3.5m미만은 A자형 사다리 사용(2인1조) 관리
▶ 안전대 및 안전모 지급·착용 등 관리감독자 확인"
2021-22-11-016,제조업,화학및고무제품제조업,합성수지제조업,2021년 4월경 OO사업장 식당에서 재해자가 수도 설비 수리 작업 중 인근의 멀티콘센트 전선 손상으로 누전된 전기에 감전되어 사망,전기충전부(콘센트),전기설비 취급 작업,"누전차단기 미설치, 접지 미실시 등으로 『설비에서 누설된 전류』에 감전","▶ 물기 또는 습기가 있는 장소 등 감전의 위험이 있는 기계기구에 접지 실시
▶ 이동형 또는 휴대형 전기기계에 누전차단기를 설치하여 감전위험 방지"
2021-22-11-017,기타의사업,시설관리및사업지원서비스업,위생및유사서비스업,"2021년 3월경 건축폐기물 처리현장에서 재해자가 1차 선별기 보수 작업 감독을 위해 안전난간이 없는 작업발판에서 감독업무를 수행하던 중, 중심을 잃고 4.1m 아래로 추락하여 사망",분류 불가,폐기물 수거·선별 작업,『설비를 밟고 올라 이동하거나 설비 사이를 뛰어넘어 이동』하다가 구조물에 다리가 걸려 넘어지거나 균형을 잃고 떨어짐,"▶ 추락위험구간에 안전난간 추가 설치
▶ 출하장소를 추락위험이 없는 장소로 위치 변경"
2021-22-11-018,제조업,식료품제조업,제빙업,2021년 4월경 재해자가 제빙기 정비작업을 하던 중 얼음 이송용 컨베이어 스크류에 끼여 사망,컨베이어,비정형 작업(정비·보수),『설비를 정지시키지 않거나 전원을 차단하지 않은 상태』에서 정비·보수·청소 등의 작업을 하다가 끼이거나 말림,"▶ 설비 가동중 이물질 제거 등이 발생할 수 있는 생산작업을 분석하고 근원적 접근방지대책 수립
▶ 끼임재해 우려가 있어 가동정지 후 작업이 필요한 설비 목록화→LOTO(Lock Out,  Tag Out) 대상 확정·시행 
▶ 작업 절차에 대해 근로자 교육실시"
2021-22-11-019,제조업,화학및고무제품제조업,플라스틱가공제품제조업,2021년 3월 플라스틱제품공장에서 재해자가 압출기 투입구에 부산물 투입 작업 중 신체 일부가 투입구 내부 스크류컨베이어에 끼임,컨베이어,원료 투입 작업,"『별도의 수공구 없이 설비의 구동부에 근접하여 작업』하다가 구동부에 끼이거나 말림, 절단","▶ 광전자, 양수조작식 등 방호장치 설치 및 기능유지 철저
▶ 재료투입용 보조기구 및 사용상태 철저 관리"
2021-22-11-020,제조업,기계기구·금속·비금속광물제품제조업,동력용전기기계기구제조업,2021년 3월 재해자가 천장주행 크레인으로 하역 작업을 하던 중 이전에 적재한 철판 코일과 충돌하면서 기존 철판 코일이 넘어지며 사망_x000D_,크레인(천장주행크레인),"크레인(천장주행, 갠트리, 지브 등) 사용 작업",『화물의 무게가 한쪽으로 치우쳐진 상태 등』 적재상태가 불량한 화물이 무너지면서 맞거나 깔림,"▶ 전도·낙하 방지를 위해 중량물 제거 후 작업
▶ 중량물 고정 실시 후 수리작업 실시"
2021-22-11-021,제조업,기계기구·금속·비금속광물제품제조업,자동차부분품제조업,2021년 3월 OO공장 재해자가 초음파 세척기에 제품 투입 및 반출을 하던 재해자가 세척기 후면으로 이동해 점검하던 중 자동 세척기의 리프트 실린더에 끼어 사망,자동화설비(세척기),비정형 작업(점검),『설비를 정지시키지 않거나 전원을 차단하지 않은 상태』에서 정비·보수·청소 등의 작업을 하다가 끼이거나 말림,"▶ 설비 가동중 이물질 제거 등이 발생할 수 있는 생산작업을 분석하고 근원적 접근방지대책 수립
▶ 끼임재해 우려가 있어 가동정지 후 작업이 필요한 설비 목록화→LOTO(Lock Out,  Tag Out) 대상 확정·시행 
▶ 작업 절차에 대해 근로자 교육실시"
2021-22-11-022,제조업,기계기구·금속·비금속광물제품제조업,금속가공기계제조업,2021년 4월 OO공장에서 크레인을 이용하여 적재함을 인양하는 과정에서 줄걸이 고리가 파단되며 적재함이 낙하하여 재해자가 사망,줄걸이기구(리프팅 러그),"크레인(천장주행, 갠트리, 지브 등) 사용 작업","『줄걸이 기구의 용접 불량, 마모, 변형, 손상』으로 인해 운반하는 화물이 떨어지면서 부딪히거나 그 아래 깔림","▶ 설비·구조물 상태 정기적 점검 및 예방 관리
▶ 와이어로프 손상 시 즉시 교체하여 사용"
2021-22-11-023,제조업,기계기구·금속·비금속광물제품제조업,제강압연업,2021년 4월 OO공장 지게차 운전자가 전방 시야확보가 되지 않은 상태에서 이동 중인 재해자와 충돌하면서 재해자 사망,지게차,작업장소 통행/이동,『근로자와 작업차량 간 이동동선(통행로)를 구분하지 않은 상태』에서 근로자가 작업차량에 부딪히거나 깔림 또는 주변 구조물과 차량사이에 끼임,"▶ 주문량 증가로 제품 적재공간 확대에 따라 지게차 작업구역이 확대, 지게차 운행 구역과 근로자 작업장소를 별도로 구획 실시
▶ 지게차 이용 중량물 취급에 대한 작업계획서 작성(작업방법, 운행경로, 근로자와 지게차 혼재 작업 여부 등)
▶ 혼재 작업 시 작업지휘자 또는 유도자 배치"
2021-22-11-024,제조업,식료품제조업,육제품또는유제품제조업,2021년 4월경 승강로 피트 내부에서 재해자가 청소작업을 하던 중 하강하는 리프트에 끼여 사망,리프트(일반작업용),비정형 작업(이물질 제거·청소),『설비를 정지시키지 않거나 전원을 차단하지 않은 상태』에서 정비·보수·청소 등의 작업을 하다가 끼이거나 말림,"▶ 설비 가동중 이물질 제거 등이 발생할 수 있는 생산작업을 분석하고 근원적 접근방지대책 수립
▶ 끼임재해 우려가 있어 가동정지 후 작업이 필요한 설비 목록화→LOTO(Lock Out,  Tag Out) 대상 확정·시행 
▶ 작업 절차에 대해 근로자 교육실시"
2021-22-11-025,광업,석회석·금속·비금속광업및기타광업,쇄석채취업,2021년 5월경 OO사업장 채석장에서 설비(석재 절단기)의 유압호스에 누유가 발생하자 재해자가 구동부를 들어올린 상태에서 유압호스 교체 작업을 하던 중 상승시킨 설비의 구동부가 갑자기 하강하면서 설비 본체와 하강한 구동부 사이에 끼어 2명이 사망,생산설비(석재절단기),비정형 작업(정비·보수),"『들어올린 설비의 고정상태 불량, 안전블록·지지대 미설치』로 설비 하부에서 작업 중 갑자기 설비가 내려앉아 끼이거나 깔림","▶ 중량물 이동방지용 지지대 추가 설치
▶ 갑작스런 이동방지를 위한 중량물 위치 변경
▶ 낙하물에 대비한 방망 또는 울 설치후 작업"
2021-22-11-026,제조업,기계기구·금속·비금속광물제품제조업,각종기계또는동부속품제조업,2021년 4월경 OO사업장에서 재해자가 리프트 하부에 끼인 드럼통을 옮기기 위해 아래에서 작업 중 불시에 작동한 리프트에 깔려 사망,리프트(일반작업용),리프트 관련 작업,『정비작업 중 작업자 외 근로자가 설비를 가동』하여 갑자기 작동된 설비에 말리거나 끼임,"▶ 생산 설비의 불시 가동을 방지하기 위한 LOTO(Lock Out_잠금장치, Tag Out_점검 중 꼬리표)제도 시행
▶ 관리감독자 확인 의무 부여"
2021-22-11-027,제조업,기계기구·금속·비금속광물제품제조업,각종기계또는동부속품제조업,2021년 5월경 OO사업장 설비 조립공정에서 재해자가 자동화 라인에서 점검 중 설비사이에 끼여 사망,자동화설비(갠트리 로더),비정형 작업(점검),『설비를 정지시키지 않거나 전원을 차단하지 않은 상태』에서 정비·보수·청소 등의 작업을 하다가 끼이거나 말림,"▶ 설비 가동중 이물질 제거 등이 발생할 수 있는 생산작업을 분석하고 근원적 접근방지대책 수립
▶ 끼임재해 우려가 있어 가동정지 후 작업이 필요한 설비 목록화→LOTO(Lock Out,  Tag Out) 대상 확정·시행 
▶ 작업 절차에 대해 근로자 교육실시"
2021-22-11-028,제조업,기계기구·금속·비금속광물제품제조업,일반산업용기계장치제조업,2021년 5월경 OO사업장 탱크(용기) 제조공정에서 재해자가 천장주행 크레인으로 화물 인상 후 그 아래에서 작업하던 중 화물이 줄걸이(클램프)에서 이탈하여 떨어져 이에 맞아 사망,줄걸이기구(클램프),"크레인(천장주행, 갠트리, 지브 등) 사용 작업",『운반하는 화물에 적합하지 않은 줄걸이 기구』를 사용해 화물이 줄걸이에서 이탈해 떨어져 깔림,"▶ 최대 중량물 기준 안전율을 고려한 달기구 사용
▶ 자체제작 달기구 폐기 및 손상된 제품은 즉시 폐기"
2021-22-11-029,제조업,목재및종이제품제조업,목재및나무제품제조업,2021년 5월 목재가공공장에서 스펀지 블록 재단작업을 수행하던 재해자가 재단기 턴테이블에 올라 재단된 스펀지 정리 작업 중 재단기 칼날에 베임,생산설비(수평재단기),비정형 작업(이물질 제거·청소),『설비를 정지시키지 않거나 전원을 차단하지 않은 상태』에서 정비·보수·청소 등의 작업을 하다가 끼이거나 말림,"▶ 설비 가동중 이물질 제거 등이 발생할 수 있는 생산작업을 분석하고 근원적 접근방지대책 수립
▶ 끼임재해 우려가 있어 가동정지 후 작업이 필요한 설비 목록화→LOTO(Lock Out,  Tag Out) 대상 확정·시행 
▶ 작업 절차에 대해 근로자 교육실시"
2021-22-11-030,기타의사업,도소매·음식·숙박업,도소매및소비자용품수리업,"2021년 4월경 사업장 내에서 재해자가 미상의 물질이 남아 있는 폐드럼통을 절단하기 위해 풀라즈마 절단기를 이용하여 절단 작업을 하던 중, 점화원에 의해 드럼이 파열되며 화염이 옷에 옮겨 붙어 화상을 입고 병원치료 중 사망",인화성물질,용접·절단·사상 또는 도장 작업,『불티비산 방지조치가 안된 상태에서 작업』하여 용접·절단 불똥이 주변의 적재물 또는 인화성 물질에 옮겨 붙어 화재 폭발,"▶ 절단기에서 발생하는 불티의 비산 거리 등 비산 반경 분석
▶ 작업구역 내 불티가 비산되지 않도록 절단기 등에 비산방지덮개 및 가연물에 용접방화포 설치"
2021-22-11-031,제조업,화학및고무제품제조업,플라스틱가공제품제조업,2021년 3월 플라스틱제품공장에서 재해자가 폐플라스틱 압출기 상부 국소배기장치 필터교체를 위하여 설비 상부로 이동하던 중 개구부로 추락(약 3.3m),분류 불가,작업장소 통행/이동,『설비를 밟고 올라 이동하거나 설비 사이를 뛰어넘어 이동』하다가 구조물에 다리가 걸려 넘어지거나 균형을 잃고 떨어짐,"▶ 추락위험구간에 안전난간 추가 설치
▶ 출하장소를 추락위험이 없는 장소로 위치 변경"
2021-22-11-032,제조업,기계기구·금속·비금속광물제품제조업,석재및석공품제조업,2021년 6월경 OO사업장 야적장에서 재해자가 차광막 설치 작업 중 상부에서 굴러 떨어진 대형 석재에 끼어 사망,암석,채석장에서의 작업,"『사면에 붙어있던 암석(부석이나 전석)이 풍화 침식, 발파 진동 등에 의해 떨어지면서 굴러와』 작업자가 맞거나 그 아래 깔림","▶ 발파 시 안전한 피난장소 설치 및 사용
▶ 근로자 대피 확인 후 발파작업 실시
▶ 발파작업 후 일정시간 경과 후 발파장소 접근"
2021-22-11-033,제조업,기계기구·금속·비금속광물제품제조업,철강또는비철금속주물제조업,2021년 6월경 OO사업장에서 재해자가 크레인으로 제품 인양 작업을 하는 중 적재된 제품이 무너지면서 끼어 사망,적재물(주물형틀),"크레인(천장주행, 갠트리, 지브 등) 사용 작업",『매달아 올리거나 적재 상태가 불량한 물체』가 떨어지거나 무너지면서 맞거나 깔림,"▶ 주변의 중량물로 인한 깔림 방지를 위해 중량물 제거 후 작업
▶ 중량물 지지대 설치 후 수리·교체작업 실시"
2021-22-11-034,제조업,전기기계기구·정밀기구·전자제품제조업,통신기계기구또는이에관련한기계기구제조업,2021년 7월 통신기계제조공장에서 일반작업용 리프트를 이용한 반제품 이동(4층->1층)작업 중 승강기 운반구와 3층 승강로 틈새에 박스가 끼여 작동하지 않는 것을 확인한 재해자가 3층 승강장과 운반구 사이에서 이물질제거를 하는 순간 정지해 있던 운반구가 불시 하강하면서 끼임,리프트(일반작업용),비정형 작업(이물질 제거·청소),『설비를 정지시키지 않거나 전원을 차단하지 않은 상태』에서 정비·보수·청소 등의 작업을 하다가 끼이거나 말림,"▶ 설비 가동중 이물질 제거 등이 발생할 수 있는 생산작업을 분석하고 근원적 접근방지대책 수립
▶ 끼임재해 우려가 있어 가동정지 후 작업이 필요한 설비 목록화→LOTO(Lock Out,  Tag Out) 대상 확정·시행 
▶ 작업 절차에 대해 근로자 교육실시"
2021-22-11-035,기타의사업,시설관리및사업지원서비스업,위생및유사서비스업,"2021년 7월경 건설 폐기물 처리현장에서 재해자가 컨베이어 하부의 골재 청소를 위해 청소용구(당글개)를 사용하여 청소 작업 중, 청소용구(당글개) 손잡이 끝부분이 벨트와 회귀 아이들러 사이에 말리면서 재해자도 함께 끼어 가망",컨베이어,비정형 작업(이물질 제거·청소),『설비를 정지시키지 않거나 전원을 차단하지 않은 상태』에서 정비·보수·청소 등의 작업을 하다가 끼이거나 말림,"▶ 설비 가동중 이물질 제거 등이 발생할 수 있는 생산작업을 분석하고 근원적 접근방지대책 수립
▶ 끼임재해 우려가 있어 가동정지 후 작업이 필요한 설비 목록화→LOTO(Lock Out,  Tag Out) 대상 확정·시행 
▶ 작업 절차에 대해 근로자 교육실시"
2021-22-11-036,기타의사업,도소매·음식·숙박업,도소매및소비자용품수리업,2021년 6월경 야적장에서 작업자가 이동식 크레인(집게형)을 사용하여 200kg의 철구조물을 운반하던 중 이동식 크레인(집게) 주변에 있던 재해자를 발견하고 작동을 멈추는 순간 철구조물이 관성에 의해 흔들리면서 재해자와 부딪혀 사망,크레인(이동식크레인/집게차),작업장소 통행/이동,『운반하는 물체의 이동경로에 근로자의 출입을 통제하지 않아』 부딪히거나 주변 구조물과 운반물 사이에 끼임,"▶ 지게차 이용 중량물 취급에 대한 작업계획서 작성(작업방법, 운행경로, 근로자와 지게차 혼재 작업 여부 등)
▶ 혼재 작업 시 작업지휘자 또는 유도자 배치"
2021-22-11-037,제조업,화학및고무제품제조업,플라스틱가공제품제조업,2021년 7월 플라스틱가공공장에서 재해자가 사출성형기(블로우몰딩머신)의 전원을 차단하고 금형교체작업을 하던 중 잔여유압으로 금형이 닫히면서 금형 사이에 끼임,사출성형기(블로우몰딩머신),비정형 작업(정비·보수),"『설비 내부의 잔여 유·공압을 제거하지 않은 상태』에서 설비를 해체하여 구조물, 부속품 등이 튕겨나와 맞음","▶ 설비 점검 시 내부의 잔여 물질을 배출하여, 작업자에게 영향을 미치지 않도록 확인할 수 있는 근원적 위험방지대책 수립"
2021-22-11-042,제조업,기계기구·금속·비금속광물제품제조업,석재및석공품제조업,2021년 8월경 OO사업장 건설현장에서 재해자가 트럭 정차 후 적재함으로 이동 중 후면에서 작업 중인 로더와 트럭 사이에 끼여 사망,건설기계(로더),건설기계를 사용하는 작업,『근로자와 작업차량 간 이동동선(통행로)를 구분하지 않은 상태』에서 근로자가 작업차량에 부딪히거나 깔림 또는 주변 구조물과 차량사이에 끼임,"▶ 주문량 증가로 제품 적재공간 확대에 따라 지게차 작업구역이 확대, 지게차 운행 구역과 근로자 작업장소를 별도로 구획 실시
▶ 지게차 이용 중량물 취급에 대한 작업계획서 작성(작업방법, 운행경로, 근로자와 지게차 혼재 작업 여부 등)
▶ 혼재 작업 시 작업지휘자 또는 유도자 배치"
2021-22-11-044,제조업,화학및고무제품제조업,플라스틱가공제품제조업,2021년 6월 플라스틱가공공장에서 재해자가 사출성형기(블로우몰딩머신) 내부 노즐의 플라스틱 스크랩 제거를 위하여 도어를 열고 내부로 진입하던 중 기계가 갑자기 작동하면서 형체장치 사이에 끼임,사출성형기(블로우몰딩머신),비정형 작업(점검),『설비를 정지시키지 않거나 전원을 차단하지 않은 상태』에서 정비·보수·청소 등의 작업을 하다가 끼이거나 말림,"▶ 설비 가동중 이물질 제거 등이 발생할 수 있는 생산작업을 분석하고 근원적 접근방지대책 수립
▶ 끼임재해 우려가 있어 가동정지 후 작업이 필요한 설비 목록화→LOTO(Lock Out,  Tag Out) 대상 확정·시행 
▶ 작업 절차에 대해 근로자 교육실시"
2021-22-11-045,제조업,기계기구·금속·비금속광물제품제조업,자동차제조업,2021년 9월경 OO사업장 자동차 조립공정에서 재해자가 설비 상부에 올라가 용접로봇에 부착된 포토센서 교정(티칭)작업 중 2.7미터 아래로 떨어져 사망,산업용로봇,비정형 작업(정비·보수),『설비를 정지시키지 않거나 전원을 차단하지 않은 상태』에서 정비·보수·청소 등의 작업을 하다가 끼이거나 말림,"▶ 설비 가동중 이물질 제거 등이 발생할 수 있는 생산작업을 분석하고 근원적 접근방지대책 수립
▶ 끼임재해 우려가 있어 가동정지 후 작업이 필요한 설비 목록화→LOTO(Lock Out,  Tag Out) 대상 확정·시행 
▶ 작업 절차에 대해 근로자 교육실시"
2021-22-11-046,기타의사업,시설관리및사업지원서비스업,건물등의종합관리사업,"2021년 9월경 수변전실에서 재해자가 ASS(고장구간자동개폐기) 교체 작업을 위해 다른 수용가 책임분계점 내린 후 옥상 수전설비 내에 설치된 ASS에 연결 전선을 분리하는 작업 중, 전원이 차단되어 있지 않은 단자에 접촉 감전되어 병원 치료중 사망",전기충전부,전기설비 취급 작업,『전원을 차단하지 않은 상태』에서 노출된 충전부에 접촉하여 감전,"▶ 정전작업 후 전기점검 및 조작 실시
▶ 활선작업용기구·장치  사용 및 절연용 보호구 착용"
2021-22-11-048,제조업,화학및고무제품제조업,기타화학제품제조업,2021년 8월 화학제품공장에서 재해자가 혼합기를 이용하여 1차 혼합작업 중 반응이상을 감지하여 혼합기 전원을 차단하는 순간 폭발하여 화상,혼합기,위험물질 취급 또는 그 장소에서 수행하는 작업,"『반응을 제어할 연동장치가 없고, 작업절차 없이 작업자의 경험에만 의존한 공정 운영』으로 화재·폭발·누출 위험","▶ 작업절차 수립하고 작업자 교육 실시
▶ 안전밸브, 파열판 설치 및 계측장치 유지 관리 
▶ 반응 억제제 투입 설비 설치 및 비상대피훈련 실시"
2021-22-11-049,제조업,기계기구·금속·비금속광물제품제조업,유리제품가공업,2021년 10월경 OO사업장 방충망 제조공정에서 재해자가 작동되지 않는 리프트 수리를 위해 작업 중 불시에 작업한 리프트로 인해 3.5미터 아래로 떨어져 사망,리프트(일반작업용),리프트 관련 작업,『리프트의 출입문(도어)을 해체한 상태』에서 점검 및 수리작업 중 출입금지조치가 되어있지 않은 개구부(승강로)로 떨어짐,"▶ 각층 출입문에 인터록장치 등 연동장치 설치
▶ 승강로 주변은 방호울 등으로 밀폐 조치"
2021-22-11-050,기타의사업,시설관리및사업지원서비스업,위생및유사서비스업,2021년 9월경 지하주차장에서 재해자가 천장 오수배관 상부에서 고압세척 및 방수테이핑 작업을 마친 후 이동식 사다리에서 내려오던 중 이동식 사다리와 함께 높이 약 2.65m 아래 바닥으로 떨어져 사망,사다리(이동식/A형),사다리를 이용한 작업 또는 통행,『사다리 위에 올라가 작업』하던 중 균형을 잃고 머리부터 바닥으로 떨어짐,"▶ 3.5m 미만 작업 시 A자형 사다리만 사용(2인1조)
▶ 아웃트리거 설치 및 안전대, 안전모 등 개인보호구 착용"
2021-22-11-051,제조업,기계기구·금속·비금속광물제품제조업,일반산업용기계장치제조업,2021년 10월경 OO사업장 공조설비 제조공장에서 재해자가 크레인 작업 중 배관에 걸린 슬링벨트를 이동하기 위해 사다리 위에서 작업 중 약 1.4미터 아래로 떨어져 사망,사다리(이동식/A형),사다리를 이용한 작업 또는 통행,『사다리 위에 올라가 작업』하던 중 균형을 잃고 머리부터 바닥으로 떨어짐,"▶ 3.5m 미만 작업 시 A자형 사다리만 사용(2인1조)
▶ 아웃트리거 설치 및 안전대, 안전모 등 개인보호구 착용"
2021-22-11-052,제조업,식료품제조업,도정및제분업,2021년 10월경 재해자가 저온저장고에서 톤백 상부 측면의 구멍을 보수하기 위해 톤백을 밟고 작업하던 중 톤백이 무너지면서 떨어져 그 아래 깔려 사망,적재물(톤백),작업장소 통행/이동,『설비를 밟고 올라 이동하거나 설비 사이를 뛰어넘어 이동』하다가 구조물에 다리가 걸려 넘어지거나 균형을 잃고 떨어짐,"▶ 추락위험구간에 안전난간 추가 설치
▶ 출하장소를 추락위험이 없는 장소로 위치 변경"
2021-22-11-053,제조업,목재및종이제품제조업,일반제재및목재약품처리업,2021년 10월 제약공장에서 재해자가 집진설비 이전을 위한 설비 상부에 올라 해체작업 중 중심을 잃고 지면으로 떨어짐(약 2.1m),분류 불가,"설비 위, 지붕 등 높은 장소에서의 작업",『작업을 위해 밟고 있던 구조물이 파손되거나 균형을 잃기 쉬운 불안한 자세』로 작업하여 넘어지거나 떨어짐,"▶ 안전난간이 설치된 작업발판을 설치·사용
▶ 고소작업대 사용 또는 3.5m미만은 A자형 사다리 사용(2인1조) 관리
▶ 안전대 및 안전모 지급·착용 등 관리감독자 확인"
2021-22-11-054,기타의사업,시설관리및사업지원서비스업,위생및유사서비스업,"2021년 11월경 건설폐기물 처리현장에서 재해자가 컨베이어 테일풀리에 끼인 이물질을 제거하기 위해 작업을 하던 중, 테일풀리 물림점에 끼어 사망",컨베이어,비정형 작업(이물질 제거·청소),『설비를 정지시키지 않거나 전원을 차단하지 않은 상태』에서 정비·보수·청소 등의 작업을 하다가 끼이거나 말림,"▶ 설비 가동중 이물질 제거 등이 발생할 수 있는 생산작업을 분석하고 근원적 접근방지대책 수립
▶ 끼임재해 우려가 있어 가동정지 후 작업이 필요한 설비 목록화→LOTO(Lock Out,  Tag Out) 대상 확정·시행 
▶ 작업 절차에 대해 근로자 교육실시"
2021-22-11-055,기타의사업,기타의각종사업,건설업본사,2021년 11월경 재해자가 전주의 한전책임분계점 전원투입 작업을 위해 전주에 올라가 컷아웃스위치(COS)에 휴즈봉을 거치 후 충전부(COS 1차측)DP 접촉으로 감전되어 사망,전기충전부,전기설비 취급 작업,『전원을 차단하지 않은 상태』에서 노출된 충전부에 접촉하여 감전,"▶ 정전작업 후 전기점검 및 조작 실시
▶ 활선작업용기구·장치  사용 및 절연용 보호구 착용"
2021-22-11-056,제조업,화학및고무제품제조업,합성수지제조업,2021년 11월 건축자재공장에서 단열재 생산을 위한 압축성형기에서 작업을 하던 재해자가 미상의 이유로 성형기 내부로 진입하여 작업 중 설비에 끼여 단열재와 함께 압축된 상태로 발견됨,생산설비(압축성형기),비정형 작업(점검),『설비를 정지시키지 않거나 전원을 차단하지 않은 상태』에서 정비·보수·청소 등의 작업을 하다가 끼이거나 말림,"▶ 설비 가동중 이물질 제거 등이 발생할 수 있는 생산작업을 분석하고 근원적 접근방지대책 수립
▶ 끼임재해 우려가 있어 가동정지 후 작업이 필요한 설비 목록화→LOTO(Lock Out,  Tag Out) 대상 확정·시행 
▶ 작업 절차에 대해 근로자 교육실시"
2021-22-11-057,제조업,식료품제조업,기타식료품제조업,2021년 12월경 지붕에서 재해자가 냉각기 누수원인을 확인하기 위해 수공구를 동료작업자로부터 전달받던 중 지붕 단부에서 4.85m 아래로 떨어져 사망,분류 불가,"설비 위, 지붕 등 높은 장소에서의 작업",『작업을 위해 밟고 있던 구조물이 파손되거나 균형을 잃기 쉬운 불안한 자세』로 작업하여 넘어지거나 떨어짐,"▶ 안전난간이 설치된 작업발판을 설치·사용
▶ 고소작업대 사용 또는 3.5m미만은 A자형 사다리 사용(2인1조) 관리
▶ 안전대 및 안전모 지급·착용 등 관리감독자 확인"
2021-22-11-059,제조업,수제품및기타제품제조업,기타각종제조업,2021년 10월 고철작업장에서 재해자 2명이 플라즈마절단기를 이용하여 폐드럼통 절단작업 중 드럼통 내 체류 중인 인화성 증기에 의해 폭발이 발생하면서 화염과 비산물에 맞아 화상(2명 동시 부상),인화성물질,위험물질 취급 또는 그 장소에서 수행하는 작업,"『작업장소에서 취급하는 위험물질 및 관리되지 않는 점화원(아크, 정전기 등)』으로 인해 화재·폭발","▶ 위험장소 주변 용접 및 사상작업 금지 등 점화원 관리
▶ 용접불티 비산방지덮개 또는 용접방화포 조치"
2021-22-11-060,제조업,기계기구·금속·비금속광물제품제조업,특수산업용기계제조업,2021년 12월경 OO사업장 제품 적재장에서 재해자가 화물트럭 적재함에 상차된 검사장비 하역 작업 중 넘어지는 검사장비 아래에 깔려 사망,적재물[반도체 검사장비(WAFER INSPECTION STAGE)],상하차 작업 또는 적재된 화물,『화물의 무게가 한쪽으로 치우쳐진 상태 등』 적재상태가 불량한 화물이 무너지면서 맞거나 깔림,"▶ 전도·낙하 방지를 위해 중량물 제거 후 작업
▶ 중량물 고정 실시 후 수리작업 실시"
2016-22-21-041,기타의사업,부동산업및임대업,임대업,2016년 12월경 다가구주택 신축공사 현장에서 재해자가 환풍구 캡 설치를 위해 동료작업자와 함께 2층 계단참을 올라가던 중 몸의 중심을 잃고 4.6m 하부 콘크리트 바닥으로 추락하여 사망,분류 불가,작업장소 통행/이동,『안전난간의 설치상태가 불량하거나 없는 상태』에서 주변 구조물 또는 생명줄에 안전대를 체결하지 않아 떨어짐,"▶ 지붕 재질 확인 및 하중 분산용 작업발판 설치 후 작업
▶ 지붕 파손 대비 공장 내부에 추락방호망 설치
▶ 지붕 끝단부에 안전난간 설치"
2021-22-11-062,제조업,전기기계기구·정밀기구·전자제품제조업,전자관또는반도체소자제조업,2021년 12월 천막지붕 설치작업을 수행하던 재해자가 건축물 상부에 설치된 천막을 밟고 작업 중 천막이 찢어지면서 떨어짐(약 8m),지붕·대들보(천막),"설비 위, 지붕 등 높은 장소에서의 작업",『작업을 위해 밟고 있던 구조물이 파손되거나 균형을 잃기 쉬운 불안한 자세』로 작업하여 넘어지거나 떨어짐,"▶ 안전난간이 설치된 작업발판을 설치·사용
▶ 고소작업대 사용 또는 3.5m미만은 A자형 사다리 사용(2인1조) 관리
▶ 안전대 및 안전모 지급·착용 등 관리감독자 확인"
2021-22-11-063,제조업,화학및고무제품제조업,플라스틱가공제품제조업,2021년 12월 플라스틱제품공장에서 재해자가 블로워 압출기 금형조정 작업 중 금형부와 설비 프레임 사이에 끼임,사출성형기(블로우몰딩머신),비정형 작업(점검),『설비를 정지시키지 않거나 전원을 차단하지 않은 상태』에서 정비·보수·청소 등의 작업을 하다가 끼이거나 말림,"▶ 설비 가동중 이물질 제거 등이 발생할 수 있는 생산작업을 분석하고 근원적 접근방지대책 수립
▶ 끼임재해 우려가 있어 가동정지 후 작업이 필요한 설비 목록화→LOTO(Lock Out,  Tag Out) 대상 확정·시행 
▶ 작업 절차에 대해 근로자 교육실시"
2021-22-11-064,제조업,기계기구·금속·비금속광물제품제조업,석재및석공품제조업,2021년 12월경 OO사업장 토사 야적장에서 재해자가 트럭 진출입 신호 작업 중 운행하는 화물트럭에 부딪혀 사망,화물운반트럭(덤프트럭),혼재작업(작업자-작업차량),근로자와 작업차량 간 『혼재작업 장소에서 근로자 이동과 작업차량 운행을 통제하지 않은 상태』에서 근로자가 작업차량에 부딪히나 깔림 또는 주변 구조물과 작업차량 사이에 끼임,"▶ 지게차 이용 중량물 취급에 대한 작업계획서 작성(작업방법, 운행경로, 근로자와 지게차 혼재 작업 여부 등)
▶ 혼재 작업 시 작업지휘자 또는 유도자 배치"
2021-22-11-065,제조업,기계기구·금속·비금속광물제품제조업,일반산업용기계장치제조업,2021년 12월경 OO사업장 물탱크 제조공정에서 재해자가 용접작업 중 물탱크가 기울어지면서 아래로 추락하여 사망,용접중인 제품(물탱크),용접·절단·사상 또는 도장 작업,『매달아 올리거나 적재 상태가 불량한 물체』가 떨어지거나 무너지면서 맞거나 깔림,"▶ 주변의 중량물로 인한 깔림 방지를 위해 중량물 제거 후 작업
▶ 중량물 지지대 설치 후 수리·교체작업 실시"
2021-22-13-001,제조업,화학및고무제품제조업,기타화학제품제조업,2021년 6월 화학제품공장에서 도료용 첨가제 생산을 위해 반응기에 호이스트를 이용하여 원료분말을 넣던 중 분진폭발로 근로자 2명 화상(부상 동시 2명),인화성물질,위험물질 취급 또는 그 장소에서 수행하는 작업,"『작업장소에서 취급하는 위험물질 및 관리되지 않는 점화원(아크, 정전기 등)』으로 인해 화재·폭발","▶ 위험장소 주변 용접 및 사상작업 금지 등 점화원 관리
▶ 용접불티 비산방지덮개 또는 용접방화포 조치"
2021-22-13-003,제조업,기계기구·금속·비금속광물제품제조업,각종기계또는동부속품제조업,2021년 10월경 OO사업장 공장기계 가동공정에서 재해자가 설비 내부에서 수리 작업 중 타 근로자가 설비를 가동하여 구동부와 설비 사이에 끼여 사망,금속가공설비(머시닝센터<MCT>),비정형 작업(정비·보수),『정비작업 중 작업자 외 근로자가 설비를 가동』하여 갑자기 작동된 설비에 말리거나 끼임,"▶ 생산 설비의 불시 가동을 방지하기 위한 LOTO(Lock Out_잠금장치, Tag Out_점검 중 꼬리표)제도 시행
▶ 관리감독자 확인 의무 부여"
2021-22-21-051,기타의사업,기타의각종사업,건설업본사,2021년 8월경 주택개발 정비사업현장에서 재해자가 타워크레인 캣헤드 설치 후 이동식 크레인 줄걸이를 해체하고 사다리로 내려오던 중 실족하여 약 21m 아래 바닥으로 떨어져 사망,사다리(고정식),사다리를 이용한 작업 또는 통행,『사다리 위에 올라가 작업』하던 중 균형을 잃고 머리부터 바닥으로 떨어짐,"▶ 3.5m 미만 작업 시 A자형 사다리만 사용(2인1조)
▶ 아웃트리거 설치 및 안전대, 안전모 등 개인보호구 착용"
2021-22-31-001,기타의사업,시설관리및사업지원서비스업,하수도업,"2021년 2월경 미생물 처리시설 폭기조에서 재해자1이 작업을 마치고 상부로 올라던 중 송기마스크를 벗어 의식을 잃고 쓰러졌고, 재해자2가 구조작업 중 쓰러져 1명 사망, 1명 부상",유해가스,"피트, 맨홀, 오·폐수 처리시설 등 밀폐된 장소에서 작업","『순간적으로 다량의 유해가스, 화학물질, 낮은 산소농도에 노출』되어 산소결핍·질식·중독 위험","▶ 가스농도측정기로 적정공기 상태 선 확인
▶ 환기팬 등으로 환기 실시 후 작업을 실시
▶ 밀폐공간 출입금지 위험 표시"
2021-22-31-002,제조업,화학및고무제품제조업,무기화학제품제조업,2021년 10월 화학제품공장 내 폐수처리장에서 재해자가 중화처리조 수위를 육안으로 확인하기 위해 탱크 상부에 올라 맨홀을 열고 육안점검 중 다량의 황화수소에 노출되어 쓰러짐,유해가스(황화수소),"피트, 맨홀, 오·폐수 처리시설 등 밀폐된 장소에서 작업","『순간적으로 다량의 유해가스, 화학물질, 낮은 산소농도에 노출』되어 산소결핍·질식·중독 위험","▶ 가스농도측정기로 적정공기 상태 선 확인
▶ 환기팬 등으로 환기 실시 후 작업을 실시
▶ 밀폐공간 출입금지 위험 표시"
2021-22-42-001,제조업,전기기계기구·정밀기구·전자제품제조업,전자관또는반도체소자제조업,2021년 4월 반도체공장에서 신규 분석장비를 시운전하던 설치업체 소속 재해자가 장비 내부에서 누출된 불화수소(49%)에 접촉하여 화상,화학물질(불화수소),비정형 작업(시운전),『취급하는 물질이 배관·호스·용기 등에서 누출』되어 화학물질 접촉·질식 또는 화재·폭발,"▶ 위험물질에 대한 MSDS 비치 및 근로자 교육
▶ 공급원재료의 종류, 공급되는 설비명 표시
▶ 가스검지 및 경보장치·긴급차단장치 및 방유제 설치"
2021-22-42-002,제조업,화학및고무제품제조업,기타화학제품제조업,2021년 7월 화학제품공장에서 황산탱크 하부에 설치된 벨로우즈 배관이 파열되면서 인근에서 작업중이던 재해자가 비산되는 황산(98%)에 노출되어 화상,화학물질(황산),위험물질 취급 또는 그 장소에서 수행하는 작업,『취급하는 물질이 배관·호스·용기 등에서 누출』되어 화학물질 접촉·질식 또는 화재·폭발,"▶ 위험물질에 대한 MSDS 비치 및 근로자 교육
▶ 공급원재료의 종류, 공급되는 설비명 표시
▶ 가스검지 및 경보장치·긴급차단장치 및 방유제 설치"
2021-22-42-003,제조업,화학및고무제품제조업,무기화학제품제조업,2021년 7월 화학제품공장에서 탱크 내부 세척(중화)을 위해 탱크 상부 노즐을 통해 중화물질 투입 작업 중 발생한 폭발로 작업 중인 근로자 3명 화상,화학물질,위험물질 취급 또는 그 장소에서 수행하는 작업,"『작업장소에서 취급하는 위험물질 및 관리되지 않는 점화원(아크, 정전기 등)』으로 인해 화재·폭발","▶ 위험장소 주변 용접 및 사상작업 금지 등 점화원 관리
▶ 용접불티 비산방지덮개 또는 용접방화포 조치"
2021-22-51-001,운수창고통신업,철도·항공·창고·운수관련서비스업,육상화물취급업,"2021년 1월경 아파트에서 재해자가 사다리차 운반구 위의 이삿짐을 내리기 위하여 운반구에 탑승하던 중, 식족하여 운반구 측면을 통해 높이 약 16.2m아래 바닥으로 떨어져 사망",기타 차량(사다리차/이삿짐운반용 차량),사다리차(이삿짐 운반용 차량) 사용 작업,무거운 물체를 운반하던 중 『바닥의 요철부』에 걸려 넘어지면서 떨어지거나 바닥에 머리가 부딪힘,"▶ 작업구간 바닥상태 평탄화 조치
▶ 폭 넓은 운반용구로 구입·변경 조치
▶ 이동통로 상 바닥에 이물질 등 제거 조치"
2021-22-51-003,기타의사업,도소매·음식·숙박업,도소매및소비자용품수리업,2021년 4월경 LPG충전소에서 재해자가 자동세차기의 공기압축기의 수리를 보내기 위해 전원선을 절단하여 절연테이프 이용해 전원측 전선 절연작업 중 충전부에 접촉하여 사망,전기충전부,전기설비 취급 작업,『전원을 차단하지 않은 상태』에서 노출된 충전부에 접촉하여 감전,"▶ 정전작업 후 전기점검 및 조작 실시
▶ 활선작업용기구·장치  사용 및 절연용 보호구 착용"
2021-22-51-004,기타의사업,도소매·음식·숙박업,도소매및소비자용품수리업,"2021년 6월경 항만 창고에서 재해자가 트레일러 적재함에 실린 톤백 하역 작업을 하던 중, 옆으로 이동하는 과정에서 1단 톤백 위에서 약 2.5m 아래 바닥으로 떨어져 사망",적재물(톤백),상하차 작업 또는 적재된 화물,『적재된 제품·재료 또는 화물 적재함 위에 올라 작업』하던 중 균형을 잃고 떨어짐,"▶ 차량 상부작업 시 작업장소 상부에 안전대 걸이설비 설치·사용
▶ 적재함에 오르내리기 위한 설비 설치·사용
▶ 작업 시 안전대, 안전모 등 보호구 착용"
2021-22-51-006,기타의사업,시설관리및사업지원서비스업,사업서비스업,"2021년 5월경 저수지 내에서 재해자가 저수지내 정밀안전점검을 위한 현장조사 도중, 동료근로자가 미끄러지는 것을 보고 돕기 위해 뒤따라가다 함께 정수지에 빠져 사망(익사)",분류 불가,작업장소 통행/이동,"『미끄러운 상태의 바닥(오일, 빙판 등)을 밟거나 바닥의 요철부』에 걸려 넘어지면서 머리를 부딪히거나 떨어짐","▶ 바닥에 존재하는 기름기 등 제거 조치
▶ 유분 비산을 방지하기 위한 가림판 설치"
2021-22-51-008,운수창고통신업,철도·항공·창고·운수관련서비스업,육상화물취급업,"2021년 7월경 아파트에서 재해자가 이삿짐운반용 리프트 운반구에 탑승하여 지상 5층에 위치한 이사 세대의 베란다에 도착 후, 운반구에 실은 짐을 내리던 도중 운반구를 지지하는 와이어로프가 파단되어 운반구가 낙하하며 재해자가 16.5m 아래의 도로로 떨어져 사망",기타 차량(사다리차/이삿짐운반용 차량),사다리차(이삿짐 운반용 차량) 사용 작업,"설비를 정기적으로 유지·관리 및 점검하지 않아 『설비의 주요 구조부분(용접부, 볼트 등)에 균열·변형·부식·마모·탈락 등이 발생』하여 재해발생 위험",▶ 설비·구조물 상태 정기적 점검 및 예방 관리
2021-22-51-009,기타의사업,시설관리및사업지원서비스업,건물등의종합관리사업,"2021년 7월경 호텔 주차장에서 재해자가 은행나무 가지를 전지작업하기 위해 이동식비계를 사용하여 상부 2단에서 작업을 하던 중, 높이 약 3.6m 아래 바닥으로 추락하여 사망",분류 불가,조경·제초작업,『난간이 없는 작업대 사용 또는 임시 구조물(나뭇가지 등)을 밟고 작업』하다가 균형을 잃고 떨어짐,"▶ 안전난간이 설치된 작업발판을 설치·사용
▶ 고소작업대 사용 또는 3.5m미만은 A자형 사다리 사용(2인1조) 관리
▶ 안전대 및 안전모 지급·착용 등 관리감독자 확인"
2021-22-51-010,제조업,화학및고무제품제조업,도료제품또는유지가공제품제조업,2021년 7월 화학제품공장에서 재해자가 이동식 크레인에 부착된 탑승설비에 탑승하여 소나무 상부에 올라 나뭇가지를 밟고 전지 작업 중 지면으로 떨어짐(약 8m),크레인(이동식크레인/카고크레인),작업장소 통행/이동,『이동식 크레인에 작업대를 장착하는 등 불법 구조변경』하여 사용하다가 작업대가 이탈되면서 떨어짐,"▶ 기준에 적합한 고소작업대 등을 사용하여 고소 작업 실시
▶ 임의로 구조를 변경하여 탑승대를 설치하는 등 기준에 적합하지 않은 방법으로 설비 개조를 금지하는 규정 마련"
2021-22-51-011,기타의사업,전문·보건·교육·여가관련서비스업,"건축기술,엔지니어링및관련기술서비스업","2021년 8월경 전신주에서 재해자가 변압기의 고장난 부품 교체를 위해 전신주 상부의 발판 위에서 작업을 하던 중, 지상에서 위로 던져주는 수리 공구를 받으려다 중심을 잃고 5m아래 바닥으로 떨어져 사망",분류 불가,비정형 작업(정비·보수),『작업을 위해 밟고 있던 구조물이 파손되거나 균형을 잃기 쉬운 불안한 자세』로 작업하여 넘어지거나 떨어짐,"▶ 안전난간이 설치된 작업발판을 설치·사용
▶ 고소작업대 사용 또는 3.5m미만은 A자형 사다리 사용(2인1조) 관리
▶ 안전대 및 안전모 지급·착용 등 관리감독자 확인"
2021-22-51-013,기타의사업,시설관리및사업지원서비스업,위생및유사서비스업,"2021년 9월경 아파트 외부 유리 청소 현장에서 재해자가 외부 유리 청소를 위해 달비계를 이용하여 작업하던 중, 작업로프가 절단되며 지상 15층(높이 약 51m)에서 바닥으로 떨어져 사망",달비계 로프,"설비 위, 지붕 등 높은 장소에서의 작업",『달비계 지지로프의 결속·파손 및 고정부 접속 상태를 확인하지 않은 상태』에서 안전대를 생명줄(수직 구명줄)에 체결하지 않아 떨어짐,"▶ 지붕 재질 확인 및 하중 분산용 작업발판 설치 후 작업
▶ 지붕 파손 대비 공장 내부에 추락방호망 설치
▶ 지붕 끝단부에 안전난간 설치"
2021-22-51-014,기타의사업,시설관리및사업지원서비스업,건물등의종합관리사업,"2021년 11월경 아파트 승강기에서 재해자가 아파트 승강기 정기검사를 위해 승강장 출입문을 임의로 열어 확인하던 중, 승강기 상부로 떨어져 사망",엘리베이터,리프트 관련 작업,『리프트의 출입문(도어)을 해체한 상태』에서 점검 및 수리작업 중 출입금지조치가 되어있지 않은 개구부(승강로)로 떨어짐,"▶ 각층 출입문에 인터록장치 등 연동장치 설치
▶ 승강로 주변은 방호울 등으로 밀폐 조치"
2021-22-51-015,기타의사업,시설관리및사업지원서비스업,사업서비스업,"2021년 11월경 골프장에서 재해자가 골프장 코스관리를 위해 칡넝쿨 등 제초작업을 하던 중, 플라스틱 생수병에 소분된 제초제를 음료수로 오인하고 음용하여 사망",분류 불가,조경·제초작업,"음료병에 들어있는 『무향, 무채색의 화학물질』 을 음료수로 오인하여 음용 위험","▶ 작업장에 사용하는 화학물질의 용기에 화학물질명과 경고표시 실시
▶ 사용 화학물질의 사용, 보관방법을 근로자에게 교육 실시"
2021-22-51-016,운수창고통신업,철도·항공·창고·운수관련서비스업,육상화물취급업,2021년 12월경 사업장내에서 재해자가 물류 출고를 위해 입식지게차를 조종하여 화물이 적재된 파렛트(약 80kg)를 도크 단부에 정렬하기 위해 파렛트를 내려놓고 후진하던 중 지게차가 회전하여 도크 아래로 지게차와 함께 높이 1m 아래로 떨어져 지게차에 깔려 사망,분류 불가,지게차를 사용하는 작업,"작업차량이 『운행경로 상의 지형(급경사, 커브, 바닥의 요철, 지반 등) 또는 구조물』로 인해 떨어지거나 넘어지면서 그 아래 깔림","▶ 주·정차 시 불시 이동방지를 위한 브레이크, 고임목 체결 철저
▶ 작업장 내 바닥 평탄화 및 제한속도 준수
▶ 지게차 운전자격이 있는 지정자에 한해 운전 및 시동키 관리"
2021-22-53-001,운수창고통신업,철도·항공·창고·운수관련서비스업,육상화물취급업,2021년 6월경 물류센터 지하2층에 설치된 진열대 상부에 설치된 2구 콘센트에서 발화 추정되는 화재가 발생하여 완전 소화된 화재 사고,전기충전부(콘센트),전기설비 취급 작업,『정기적으로 전기 설비의 유지·관리 및 점검을 실시하지 않아』 전기로 인한 화재·폭발 위험,"▶ 유자격자가 정비 및 방염처리된 작업복 착용
▶ 해당 전압에 적합한 전기점검장비 사용 "
2021-22-53-002,기타의사업,도소매·음식·숙박업,도소매및소비자용품수리업,"2021년 12월경 노유자시설 용도변경 현장에서 재해자가 건물 5층에 시스템에어컨 배관작업을 위해 차량탑재형 고소작업대에 탑승하여 건물 5층 외벽 타공 위치로 이동하던 중, 차량탑재형 고소작업대가 전도되며 20m아래로 추락하여 사망",차량탑재형 고소작업대(스카이),고소작업대 사용 작업,『작업대를 상승시킨 상태에서 이동하거나 작업중 변하는 무게중심』에 의해 고소작업대가 넘어지면서 작업자가 떨어짐,"▶ 고소작업대 작업발판 주변 안전난간 수리
▶ 작업발판 외부로 신체 이탈작업 금지"
2021-23-11-001,제조업,기계기구·금속·비금속광물제품제조업,각종기계또는동부속품제조업,2021년 10월경 OO사업장 공장기계 가동공정에서 재해자가 동작중인 설비 내부에서 수리 작업 중 설비의 볼트가 파단되어 이에 맞아 사망,금속가공설비(CNC 선반),비정형 작업(정비·보수),『정비작업 중 작업자 외 근로자가 설비를 가동』하여 갑자기 작동된 설비에 말리거나 끼임,"▶ 생산 설비의 불시 가동을 방지하기 위한 LOTO(Lock Out_잠금장치, Tag Out_점검 중 꼬리표)제도 시행
▶ 관리감독자 확인 의무 부여"
2021-23-11-002,제조업,기계기구·금속·비금속광물제품제조업,일반산업용기계장치제조업,2020년 6월경 OO사업장 철 구조물 제조공정에서 재해자가 동작중인 전단기의 방호장치를 해체하고 점검 작업 중 동작하는 전단기 칼날에 신체부위가 절단됨,생산설비(전단기),비정형 작업(점검),"『설비에 안전장치가 설치되어 있지 않거나, 설치된 안전장치를 무력화한 상태』로 사용하던 중 말리거나 끼임","▶ 방호장치 작동불량 등 이상시 관리감독자 등에게 선보고 및 조치 후 작업 재개가 당연한 안전문화 구축　
▶ 작업 전 광전자식 방호장치 정상 여부 확인 "
2021-23-11-003,제조업,기계기구·금속·비금속광물제품제조업,건설용금속제품제조업,2020년 1월경 OO사업장 압출 공정에서 재해자가 크레인으로 운반중인 인양화물 아래에서 작업 중 인양화물 일부가 아래로 떨어져 이에 맞아 다수의 근로자가 부상을 입음,운반물(파렛트),"크레인(천장주행, 갠트리, 지브 등) 사용 작업",『매달아 올리거나 적재 상태가 불량한 물체』가 떨어지거나 무너지면서 맞거나 깔림,"▶ 주변의 중량물로 인한 깔림 방지를 위해 중량물 제거 후 작업
▶ 중량물 지지대 설치 후 수리·교체작업 실시"
2021-23-51-001,운수창고통신업,철도·항공·창고·운수관련서비스업,육상화물취급업,"2019년 7월경 다세대주택에서 재해자 2명이 이삿짐 포장을 위해 베란다 안전난간에 기댄 자세로 실외기를 들어 올리던 중, 건물 외벽에 붙어있던 안전난간이 벽체에서 이탈되며 재해자 2명이 높이 2.83m 아래로 떨어져 사망",분류 불가,"설비 위, 지붕 등 높은 장소에서의 작업",『작업을 위해 밟고 있던 구조물이 파손되거나 균형을 잃기 쉬운 불안한 자세』로 작업하여 넘어지거나 떨어짐,"▶ 안전난간이 설치된 작업발판을 설치·사용
▶ 고소작업대 사용 또는 3.5m미만은 A자형 사다리 사용(2인1조) 관리
▶ 안전대 및 안전모 지급·착용 등 관리감독자 확인"
2021-24-11-001,제조업,출판·인쇄·제본업,인쇄업,2020년 12월 인쇄공장에서 재해자가 지게차 포크에 파레트를 끼워 그 위에 올라 적재대 2단 상부에 적재된 제품박스 선별작업 중 중심을 잃고 지면으로 떨어짐(약 1.5m),지게차,지게차를 사용하는 작업,"지게차 포크, 파렛트, 굴삭기 버킷에 탑승하여 높은 장소로 승강하는 등 『설비를 주용도(하역운반장치) 외로 사용』하여 떨어짐","▶ 중량물 제작 작업 등 생산용도에 사용금지
▶ 전동교체 시 고소작업대 사용 및 운전석 외 탑승금지"
2021-24-51-001,기타의사업,시설관리및사업지원서비스업,위생및유사서비스업,"2021년 1월경 사업장 내에서 재해자가 화물자동차 암롤박스 뒷문을 닫던 중, 후진하던 로더와 암롤박스 사이에 끼어 사망",건설기계(로더),건설기계를 사용하는 작업,"『차량운행 중 차량의 진행방향 및 사각지대를 확인하지 않아』근로자가 작업차량에 깔리거나, 주변 구조물과 작업차량 사이에 끼임","▶ 지게차 이용 중량물 취급에 대한 작업계획서 작성(작업방법, 운행경로, 근로자와 지게차 혼재 작업 여부 등)
▶ 혼재 작업 시 작업지휘자 또는 유도자 배치"
2021-25-11-002,제조업,목재및종이제품제조업,목재및나무제품제조업,2021년 11월 목재가공공장에서 재해자가 동료작업자와 함께 건축물 상부 빗물 누수부위 보수작업을 위해 지붕 이동 중 채광창이 파손되면서 지면으로 떨어짐(약 5.1m),지붕·대들보(선라이트/채광창),작업장소 통행/이동,『설비를 밟고 올라 이동하거나 설비 사이를 뛰어넘어 이동』하다가 구조물에 다리가 걸려 넘어지거나 균형을 잃고 떨어짐,"▶ 추락위험구간에 안전난간 추가 설치
▶ 출하장소를 추락위험이 없는 장소로 위치 변경"
2021-25-21-001,기타의사업,기타의각종사업,건설업본사,"2020년 10월경 조경공사 현장에서 재해자가 조경수를 이동식 크레인을 사용하여 이식하기 위해 크레인의 훅을 잡고 있던 중, 크레인 지브(붐) 끝 부분이 인접한 충전전로(22.9kV)에 접촉하면서 감전되어 사망",크레인(이동식크레인/카고크레인),"이동식 크레인(카고 크레인, 집게차)을 사용한 작업",『작업장소 주변의 전로』 에 크레인(카고)의 붐대가 접촉되어 감전,"▶ 정전작업 후 전기점검 및 조작 실시
▶ 활선작업용기구·장치  사용 및 절연용 보호구 착용"
2016-22-51-011,기타의사업,도소매·음식·숙박업,도소매및소비자용품수리업,"2016년 9월경 골재 야적장에서 재해자가 골재 선별기 설치를 위해 설치 작업 중, 넘어지는 흙막이판에 깔려서 사망",적재물(흙막이판/철재 구조물),상하차 작업 또는 적재된 화물,『매달아 올리거나 적재 상태가 불량한 물체』가 떨어지거나 무너지면서 맞거나 깔림,"▶ 주변의 중량물로 인한 깔림 방지를 위해 중량물 제거 후 작업
▶ 중량물 지지대 설치 후 수리·교체작업 실시"
2021-26-11-002,농업,농업,작물생산업,2021년 1월경 OO시설에서 재해자가 울타리에 안전 펜스를 설치하기 위해 지면에 세워져 있던 통나무를 작업발판 대용을 밟고 올라서서 작업하던 중 통나무가 부러지면서 재해자가 2.9미터 아래 저수지 바위 우로 떨어져 머리를 다쳐 사망,나무(기타),"설비 위, 지붕 등 높은 장소에서의 작업",『작업을 위해 밟고 있던 구조물이 파손되거나 균형을 잃기 쉬운 불안한 자세』로 작업하여 넘어지거나 떨어짐,"▶ 안전난간이 설치된 작업발판을 설치·사용
▶ 고소작업대 사용 또는 3.5m미만은 A자형 사다리 사용(2인1조) 관리
▶ 안전대 및 안전모 지급·착용 등 관리감독자 확인"
2021-26-11-003,운수창고통신업,육상및수상운수업,여객자동차운수업,"2021년 1월경 버스 차고지에서 재해자가 걸어가던 중, 충전을 위해 충전소 방향으로 진행하던 버스에 부딪힌 후 앞바퀴에 역과하여 사망",기타 차량(버스),도로에서의 자동차 운전,"『차량운행 중 차량의 진행방향 및 사각지대를 확인하지 않아』근로자가 작업차량에 깔리거나, 주변 구조물과 작업차량 사이에 끼임","▶ 지게차 이용 중량물 취급에 대한 작업계획서 작성(작업방법, 운행경로, 근로자와 지게차 혼재 작업 여부 등)
▶ 혼재 작업 시 작업지휘자 또는 유도자 배치"
2021-26-11-004,제조업,기계기구·금속·비금속광물제품제조업,철근콘크리트제품제조업,2021년 2월경 OO사업장 야적장에서 재해자가 적재된 콘크리트 부재위에 올라가 갠트리 크레인으로 인양작업을 하던 중 인양화물에 부딪혀 콘크리트 부재위에서 떨어지면서(약 1.5m) 주변 적재된 콘크리트 부재에 머리를 부딪혀 사망,크레인(갠트리크레인),"크레인(천장주행, 갠트리, 지브 등) 사용 작업",『운반하는 물체를 밟고 올라선 상태』에서 줄걸이 체결 또는 줄걸이 상태를 확인하다 균형을 잃고 떨어짐,"▶ 안전난간이 설치된 작업발판을 설치·사용
▶ 적재장소 주변 안전난간 적정 설치상태 관리
▶ 안전대 및 안전모 지급·착용 등 관리감독자 확인"
2021-26-11-005,제조업,식료품제조업,육제품또는유제품제조업,2020년 12월경 재해자가 압력솥으로 식료품 제조 시운전 작업을 하던 중 압력솥이 폭발하여 고온 스팀에 화상을 입어 사망,고온물질(스팀),비정형 작업(시운전),안전장치의 노후화·파손 등 『설비에 설치된 안전장치가 작동하지 않아』 사고 발생 위험,"▶ 방호장치 작동불량 등 이상시 관리감독자 등에게 선보고 및 조치 후 작업 재개가 당연한 안전문화 구축　
▶ 작업 전 광전자식 방호장치 정상 여부 확인 "
2021-26-21-004,기타의사업,기타의각종사업,건설업본사,"2021년 10월경 목장에서 재해자가 지붕판 교체공사를 위해 축사 지붕 위에서 이동하던 중, 선라이트 판넬이 파손되면서 높이 약 5.6m 바닥으로 떨어져 사망",지붕·대들보(선라이트/채광창),"설비 위, 지붕 등 높은 장소에서의 작업",『작업을 위해 밟고 있던 구조물이 파손되거나 균형을 잃기 쉬운 불안한 자세』로 작업하여 넘어지거나 떨어짐,"▶ 안전난간이 설치된 작업발판을 설치·사용
▶ 고소작업대 사용 또는 3.5m미만은 A자형 사다리 사용(2인1조) 관리
▶ 안전대 및 안전모 지급·착용 등 관리감독자 확인"
2021-26-21-005,제조업,기계기구·금속·비금속광물제품제조업,건설용금속제품제조업,"2020년 5월경 OO사업장 생산동 지붕에서 작업자가 지붕 교체 작업을 하며 이동하던 중 지붕에서 미끄러지면서 개구부로 빠지면서 4m 아래로 떨어져 2명 사상(1명 사망, 1명 부상)",분류 불가,"설비 위, 지붕 등 높은 장소에서의 작업",『작업을 위해 밟고 있던 구조물이 파손되거나 균형을 잃기 쉬운 불안한 자세』로 작업하여 넘어지거나 떨어짐,"▶ 안전난간이 설치된 작업발판을 설치·사용
▶ 고소작업대 사용 또는 3.5m미만은 A자형 사다리 사용(2인1조) 관리
▶ 안전대 및 안전모 지급·착용 등 관리감독자 확인"
2016-43-11-003,제조업,수제품및기타제품제조업,기타각종제조업,2016년 3월 6층 빌딩(건물)에서 재해자가 선거 홍보물(현수막) 설치를 위해 달비계를 이용하여 작업하던 중 로프 파단으로 떨어짐,달비계 로프,"설비 위, 지붕 등 높은 장소에서의 작업",『달비계 지지로프의 결속·파손 및 고정부 접속 상태를 확인하지 않은 상태』에서 안전대를 생명줄(수직 구명줄)에 체결하지 않아 떨어짐,"▶ 지붕 재질 확인 및 하중 분산용 작업발판 설치 후 작업
▶ 지붕 파손 대비 공장 내부에 추락방호망 설치
▶ 지붕 끝단부에 안전난간 설치"
2021-26-51-002,기타의사업,부동산업및임대업,부동산업,"2021년 11월경 빌딩에서 재해자가 건물 울타리 안쪽 화단에 버려진 쓰레기를 수거하고, 이동을 위해 하부 화단에 발을 내딛는 순간 실족하여 약 4m 아래 주차장 램프통로 바닥으로 떨어져 사망",분류 불가,"설비 위, 지붕 등 높은 장소에서의 작업","『이동동선 주변에 방치된 물체, 구조물 등』을 인지하지 못하고 이동하다가 부딪히거나 떨어짐","▶ 위험장소 출입금지용 방책 설치
▶ 하역운반기계 출입문에 비상등·벨 설치
▶ 위험장소에 안전보건표지 부착"
2021-27-11-001,제조업,기계기구·금속·비금속광물제품제조업,철강또는비철금속주물제조업,2021년 1월경 OO사업장 생산동 옥상에서 재해자가 배관 점검 작업 중 10미터 아래로 떨어져 사망,분류 불가,비정형 작업(점검),『작업을 위해 밟고 있던 구조물이 파손되거나 균형을 잃기 쉬운 불안한 자세』로 작업하여 넘어지거나 떨어짐,"▶ 안전난간이 설치된 작업발판을 설치·사용
▶ 고소작업대 사용 또는 3.5m미만은 A자형 사다리 사용(2인1조) 관리
▶ 안전대 및 안전모 지급·착용 등 관리감독자 확인"
2021-27-51-001,기타의사업,시설관리및사업지원서비스업,건물등의종합관리사업,"2021년 7월경 주택에서 재해자가 청소를 위해 빗자루를 들고 이동하였으며, 뒤편 화닥 바닥에 떨어져 사망한 채로 발견",분류 불가,"설비 위, 지붕 등 높은 장소에서의 작업","『이동동선 주변에 방치된 물체, 구조물 등』을 인지하지 못하고 이동하다가 부딪히거나 떨어짐","▶ 위험장소 출입금지용 방책 설치
▶ 하역운반기계 출입문에 비상등·벨 설치
▶ 위험장소에 안전보건표지 부착"
2021-31-11-002,임업,임업,벌목업,2021년 6월경 OO산 벌목현장에서 재해자가 벌목작업을 하던 중 벌도목이 넘어지면서 다른 나무가 뿌리째 뽑혀 재해자 방향으로 쓰러져 깔리면서 사망,나무(벌도목),벌목·조재 작업,"『주변 위험요소(낭떠러지, 회전체 등)를 파악하지 않고 작업』해 돌발상황에 적절하게 대처하지 못해 사고로 이어질 위험","▶ 같은 장소에서 이루어지는 도급인과 수급인의 작업 혼재 시 재해 발생 예방을 위한 의사 전달 체계 수립
▶ 안전작업허가제도로 작업 전·중·후 안전확보 상태 지속 확인"
2021-31-11-003,임업,임업,영림업,"2021년 9월경 OO산 잣 채취 현장에서 재해자가 잣나무 상부에 올라가 장대로 잣을 떨어뜨리던 중, 인근 철탑의 충전전로에 접촉하여 감전되 사망",전기충전부(충전전로),벌목·조재 작업,『고압선 주변에서 장대 등 긴 물체를 이용해 작업』 하던 중 접촉하여 감전,"▶ 정전작업 후 전기점검 및 조작 실시
▶ 활선작업용기구·장치  사용 및 절연용 보호구 착용"
2016-82-21-017,기타의사업,기타의각종사업,건설업본사,"2016년 8월경 OO현장에서 건물 내부 벽체 해체작업 중 지붕 슬래부가 무너지며 매몰되어 4명이 사상(사망 2명, 부상 2명)",분류 불가,상하차 작업 또는 적재된 화물,『화물을 지지하던 물체가 파손』되어 화물이 무너지면서 그 아래 깔림,"▶ 깔림 방지를 위해 중량물 제거 후 작업
▶ 중량물 지지대 설치 후 수리·교체작업 실시"
2021-31-11-005,임업,임업,벌목업,2021년 11월경 OO산 벌목현장에서 재해자가 벌도목을 재단하기 위해 길이를 측정하던 중 주변 수목에 걸쳐진 벌도목이 떨어지면서 재해자를 덮쳐 사망,나무(벌도목),벌목·조재 작업,작업자 방향으로 『주변에서 작업하던 벌도목 또는 주변 수목에 걸려있던 벌도목』이 떨어(쓰러)지면서 작업자가 벌도목에 머리를 맞거나 그 아래 깔림,"▶ 벌목 작업 전 주변 나무에 걸려있는 나무를 확인하여 주변에서 작업 금지
▶ 충분한 안전거리를 확보하여, 다른 작업자와 동시에 작업 금지"
2021-31-21-002,기타의사업,기타의각종사업,건설업본사,"2021년 2월경 축사 지붕에서 재해자가 선라이트 교체를 위해 기존에 설치된 선라이트 고정용 볼트를 핸드 그라인더로 절단하는 순간, 재해자가 밟은 노후 선라이트가 파손되면서 높이 약 4.8m 아래 축사 바닥으로 떨어져 사망",지붕·대들보(선라이트/채광창),"설비 위, 지붕 등 높은 장소에서의 작업",『작업을 위해 밟고 있던 구조물이 파손되거나 균형을 잃기 쉬운 불안한 자세』로 작업하여 넘어지거나 떨어짐,"▶ 안전난간이 설치된 작업발판을 설치·사용
▶ 고소작업대 사용 또는 3.5m미만은 A자형 사다리 사용(2인1조) 관리
▶ 안전대 및 안전모 지급·착용 등 관리감독자 확인"
2021-32-11-001,제조업,의약품·화장품·연탄·석유제품제조업,연탄및응집고체연료생산업,2021년 3월 연탄가공공장에서 재해자가 제설작업 지원을 위해 페이로더로 작업 중 작업공간에 떨어진 부품을 수거하기 위해 로더에서 내려 확인하는 과정에서 전진하는 로더에 깔림,건설기계(로더),건설기계를 사용하는 작업,"작업차량이 『운행경로 상의 지형(급경사, 커브, 바닥의 요철, 지반 등) 또는 구조물』로 인해 떨어지거나 넘어지면서 그 아래 깔림","▶ 주·정차 시 불시 이동방지를 위한 브레이크, 고임목 체결 철저
▶ 작업장 내 바닥 평탄화 및 제한속도 준수
▶ 지게차 운전자격이 있는 지정자에 한해 운전 및 시동키 관리"
2021-32-11-002,기타의사업,도소매·음식·숙박업,도소매및소비자용품수리업,"2021년 7월경 가구매장에서 재해자 2명이 건물 외벽에 설치된 리프트에 가구(쇼파2개)를 싣고 탑승하여 3층 옥상으로 상승 중, 가이드레일에서 운반구의 가이드롤러가 빠지면서 운반구가 훅에서 이탈하여 약 7.8m 높이에서 추락하며 재해자 2명이 같이 떨어져 부상",리프트(일반작업용),리프트 관련 작업,"『설비에 안전장치가 설치되어 있지 않거나, 설치된 안전장치를 무력화한 상태』로 사용하던 중 말리거나 끼임","▶ 방호장치 작동불량 등 이상시 관리감독자 등에게 선보고 및 조치 후 작업 재개가 당연한 안전문화 구축　
▶ 작업 전 광전자식 방호장치 정상 여부 확인 "
2021-41-11-001,제조업,기계기구·금속·비금속광물제품제조업,철근콘크리트제품제조업,2021년 3월경 OO사업장 옥외 현장에서 재해자가 크레인으로 철근망을 인양하기 위해 훅에 걸어 이송 중 인양화물이 훅에서 이탈되어 이에 깔려 사망,줄걸이기구(훅),"크레인(천장주행, 갠트리, 지브 등) 사용 작업",훅해지장치가 없는 등 『줄걸이가 훅에서 이탈』해 떨어지는 화물에 부딪히거나 깔림,"▶ 인양하중 및 화물의 형태를 고려하여 체인블록의 훅을 선정
▶ 훅과 훅 해지장치 등을 상시 점검하여 사용하고, 이상 시 폐기 처리"
2021-41-11-002,제조업,기계기구·금속·비금속광물제품제조업,자동차제조업,2021년 5월경 OO사업장 옥외 현장에서 재해자가 로더의 모터를 수리하고 내려오던 중 아래로 떨어져 사망,건설기계(로더),비정형 작업(정비·보수),『작업을 위해 밟고 있던 구조물이 파손되거나 균형을 잃기 쉬운 불안한 자세』로 작업하여 넘어지거나 떨어짐,"▶ 안전난간이 설치된 작업발판을 설치·사용
▶ 고소작업대 사용 또는 3.5m미만은 A자형 사다리 사용(2인1조) 관리
▶ 안전대 및 안전모 지급·착용 등 관리감독자 확인"
2021-41-11-004,제조업,금속제련업,금속의제련또는정련업,2021년 5월경 OO사업장 열연 공장에서 재해자가 가열로 하부에서 점검 중 이동하는 설비 사이에 끼여 사망,생산설비(가열로),비정형 작업(점검),『설비를 정지시키지 않거나 전원을 차단하지 않은 상태』에서 정비·보수·청소 등의 작업을 하다가 끼이거나 말림,"▶ 설비 가동중 이물질 제거 등이 발생할 수 있는 생산작업을 분석하고 근원적 접근방지대책 수립
▶ 끼임재해 우려가 있어 가동정지 후 작업이 필요한 설비 목록화→LOTO(Lock Out,  Tag Out) 대상 확정·시행 
▶ 작업 절차에 대해 근로자 교육실시"
2021-41-11-005,제조업,기계기구·금속·비금속광물제품제조업,각종시멘트제품제조업,2021년 7월경 OO사업장 시멘트 제조공정에서 재해자가 포장 기계 아래에서 정리작업 중 가동한 기계에 끼어 사망,자동화설비(포장기/덤웨이트),비정형 작업(이물질 제거·청소),『설비를 정지시키지 않거나 전원을 차단하지 않은 상태』에서 정비·보수·청소 등의 작업을 하다가 끼이거나 말림,"▶ 설비 가동중 이물질 제거 등이 발생할 수 있는 생산작업을 분석하고 근원적 접근방지대책 수립
▶ 끼임재해 우려가 있어 가동정지 후 작업이 필요한 설비 목록화→LOTO(Lock Out,  Tag Out) 대상 확정·시행 
▶ 작업 절차에 대해 근로자 교육실시"
2021-41-11-006,제조업,기계기구·금속·비금속광물제품제조업,철근콘크리트제품제조업,2021년 6월경 OO사업장 슬러지 처리장에서 재해자가 지게차를 정차하고 청소 작업을 하던 중 지게차가 경사면을 따라 미쓰러지며 충돌하여 사망,지게차,지게차를 사용하는 작업,『운전석 이탈 시 작업차량이 움직이는 것을 방지하기 위한 조치를 실시하지 않아』 운전자 없이 움직이는 작업차량에 부딪히거나 깔림,"▶ 운전석에서 이탈 시 확실히 정지 조치 실시
▶ 이탈 시에는 시동키를 분리하여 별도 보관하여 무자격자 등이 운전하지 못하도록 조치"
2021-41-11-007,제조업,기계기구·금속·비금속광물제품제조업,철근콘크리트제품제조업,2021년 5월경 OO사업장 콘크리트 제조공정에서 재해자가 콘크리트 혼합기 내부에 고착된 제품 제거 작업 중 혼합기 도어가 닫히면서 이에 끼여 사망,혼합기(콘크리트 믹서),비정형 작업(이물질 제거·청소),『정비작업 중 작업자 외 근로자가 설비를 가동』하여 갑자기 작동된 설비에 말리거나 끼임,"▶ 생산 설비의 불시 가동을 방지하기 위한 LOTO(Lock Out_잠금장치, Tag Out_점검 중 꼬리표)제도 시행
▶ 관리감독자 확인 의무 부여"
2021-41-11-009,제조업,화학및고무제품제조업,플라스틱가공제품제조업,2021년 9월 플라스틱제품공장에서 재해자가 지게차를 운전하여 스티로폼 단열재를 야적한 뒤 클램프를 들어올린 상태에서 후진 급선회하던 중 지게차가 전도되면서 지게차 프레임과 지면 사이에 깔림,지게차,지게차를 사용하는 작업,"작업차량이 『운행경로 상의 지형(급경사, 커브, 바닥의 요철, 지반 등) 또는 구조물』로 인해 떨어지거나 넘어지면서 그 아래 깔림","▶ 주·정차 시 불시 이동방지를 위한 브레이크, 고임목 체결 철저
▶ 작업장 내 바닥 평탄화 및 제한속도 준수
▶ 지게차 운전자격이 있는 지정자에 한해 운전 및 시동키 관리"
2021-41-11-010,제조업,기계기구·금속·비금속광물제품제조업,건설용금속제품제조업,"2021년 10월경 OO사업장 강관 생산공정에서 재해자가 이송대에 올려져 있던 대형 파형 강관을 가이드레일을 통해 이송하려던 순간, 구르는 파형강관과 가이드레일 가로 연결대에 끼어 사망",운반물(가이드레일),인력 운반 작업,『화물의 무게가 한쪽으로 치우쳐진 상태 등』 적재상태가 불량한 화물이 무너지면서 맞거나 깔림,"▶ 전도·낙하 방지를 위해 중량물 제거 후 작업
▶ 중량물 고정 실시 후 수리작업 실시"
2021-41-11-011,제조업,목재및종이제품제조업,목재및나무제품제조업,2021년 10월 가구공장 내 창고동에서 재해자가 이동식 사다리(일자형)를 타고 적재대 상부에 올라 작업 후 다시 이동식 사다리를 타고 내려오던 중 사다리가 미끄러지면서 사다리와 함께 지면으로 떨어짐(약 2.3m) ,사다리(이동식/일자형),사다리를 이용한 작업 또는 통행,사다리 사용 시 『미끄러운 상태의 신발 또는 사다리 발판때문에 실족』하여 떨어짐,"▶ 고정형 계단을 설치하여 통행토록 조치
▶ A자형 사다리 사용 시 2인1조 및 아웃트리거 설치
▶ 운동화 착용 금지 및 안전화 착용"
2021-41-11-012,제조업,기계기구·금속·비금속광물제품제조업,자동차부분품제조업,2021년 10월경 OO사업장 자동차 부품 제조공정에서 재해자가 장비실 내부에서 점검 중 가동하는 설비에 끼여 사망,자동화설비(갠트리로더),비정형 작업(점검),"『주변 설비의 움직임을 인지하지 못하거나, 안전거리를 확보하지 않고 작업』 하여 작동하는 설비에 부딪히거나, 말림·끼임","▶ 같은 장소에서 이루어지는 도급인과 수급인의 작업 혼재 시 재해 발생 예방을 위한 의사 전달 체계 수립
▶ 안전작업허가제도로 작업 전·중·후 안전확보 상태 지속 확인"
2021-41-11-013,제조업,화학및고무제품제조업,플라스틱가공제품제조업,2021년 10월 플라스틱가공공장에서 재해자가 신규 유압프레스를 시운전하기 위해 가동하는 순간 금형에 꽃힌 핀이 압력을 받아 튕겨나오면서 날아오는 핀에 맞음,생산설비(프레스),비정형 작업(시운전),"『과도한 힘(하중)으로 인해 설비, 재료 등이 파손·파단』되어 날라와 맞음","▶ 기계, 기구 등의 사용 시 정격하중을 확인하여, 적합한 기계, 기구를 선정하여 사용할 수 있는 절차 마련
▶ 설비 사용 전 점검을 실시하여 이상 시 적시에 조치 후 작업 실시"
2021-41-11-014,제조업,화학및고무제품제조업,합성수지제조업,2021년 10월 합성수지공장에서 재해자가 제품교체를 위해 라미네이터에 공급되는 원단을 교체하던 중 회전하는 2개의 원단 사이에 끼인 후 하단 가이드롤러에 추가로 끼임,생산설비(롤러),비정형 작업(정비·보수),"『설비에 안전장치가 설치되어 있지 않거나, 설치된 안전장치를 무력화한 상태』로 사용하던 중 말리거나 끼임","▶ 방호장치 작동불량 등 이상시 관리감독자 등에게 선보고 및 조치 후 작업 재개가 당연한 안전문화 구축　
▶ 작업 전 광전자식 방호장치 정상 여부 확인 "
2021-41-11-015,제조업,기계기구·금속·비금속광물제품제조업,각종시멘트제품제조업,2020년 6월경 OO사업장에서 재해자가 경비시 지붕 수리 작업을 위해 로더 운반구에 탑승하여 작업 중 2.6미터 아래로 떨어져 사망,건설기계(로더),건설기계를 사용하는 작업,"지게차 포크, 파렛트, 굴삭기 버킷에 탑승하여 높은 장소로 승강하는 등 『설비를 주용도(하역운반장치) 외로 사용』하여 떨어짐","▶ 중량물 제작 작업 등 생산용도에 사용금지
▶ 전동교체 시 고소작업대 사용 및 운전석 외 탑승금지"
2021-41-11-016,제조업,의약품·화장품·연탄·석유제품제조업,의약품및의약부외품제조업,2021년 12월 의약품제조공장 내 수액 포장실에서 재해자가 운전 중인 적재로봇 안전방책 내부로 진입하던 중 작동되는 로봇의 로딩장치와 벨트컨베이어 사이에 끼임,산업용로봇,비정형 작업(점검),『설비를 정지시키지 않거나 전원을 차단하지 않은 상태』에서 정비·보수·청소 등의 작업을 하다가 끼이거나 말림,"▶ 설비 가동중 이물질 제거 등이 발생할 수 있는 생산작업을 분석하고 근원적 접근방지대책 수립
▶ 끼임재해 우려가 있어 가동정지 후 작업이 필요한 설비 목록화→LOTO(Lock Out,  Tag Out) 대상 확정·시행 
▶ 작업 절차에 대해 근로자 교육실시"
2021-41-31-001,제조업,화학및고무제품제조업,고무제품제조업,2021년 2월 타이어공장에서 재해자가 압연동 옥상에 있는 세정탑 펌프 배관 수리작업을 하던 중 근처 환기설비 배기구에서 배출되는 오존가스에 노출,유해가스(오존가스),위험물질 취급 또는 그 장소에서 수행하는 작업,『작업장소 또는 그 주변엥서 취급하는 위험물질을 파악 및 제거하지 않은 상태』에서 작업하여 화재·폭발·질식 위험,"▶ 위험물질에 대한 MSDS 비치 및 근로자 교육
▶ 공급원재료의 종류, 공급되는 설비명 표시
▶ 가스검지 및 경보장치·긴급차단장치 및 방유제 설치"
2021-41-51-001,운수창고통신업,육상및수상운수업,구역화물운수업,"2021년 2월경 작업장내에서 재해자가 장기간 주차되어 있던 지게차 시동을 걸자 지게차가 갑자기 후진하였고, 재해자가 지게차 후면으로 이동하며 후진하는 지게차와 후면에 있던 트럭 사이에 끼어 사망",지게차,지게차를 사용하는 작업,"『설비를 오조작』하여 갑자기 작동한 설비의 구동부에 끼이거나 말림, 절단","▶ 설비 조작스위치, 판넬 등에 조작 스위치의 기능(정지, 작동, 수동, 반자동, 자동, 역회전 등) 표시
▶ 생산 설비의 불시 가동을 방지하기 위한 LOTO(Lock Out_잠금장치, Tag Out_점검 중 꼬리표)제도 시행
▶ 작업자간 의사소통 방안 수립 및 실시"
2021-41-51-002,기타의사업,도소매·음식·숙박업,도소매및소비자용품수리업,"2021년 4월경 지붕 위에서 재해자가 나뭇가지 절단작업을 하던 중, 밟고 있던 슬레이트 지붕이 파손되며 높이 약 3m 아래 바닥으로 떨어져 사망",지붕·대들보(슬레이트),"설비 위, 지붕 등 높은 장소에서의 작업",『작업을 위해 밟고 있던 구조물이 파손되거나 균형을 잃기 쉬운 불안한 자세』로 작업하여 넘어지거나 떨어짐,"▶ 안전난간이 설치된 작업발판을 설치·사용
▶ 고소작업대 사용 또는 3.5m미만은 A자형 사다리 사용(2인1조) 관리
▶ 안전대 및 안전모 지급·착용 등 관리감독자 확인"
2021-41-51-004,기타의사업,도소매·음식·숙박업,도소매및소비자용품수리업,"2021년 5월경 컨테이너 하역장에서 재해자가 컨테이너 차량을 하역장(도크에)에 후진으로 정차시킨 후 컨테이너 문을 개방하는 순간, 내부에서 떨어진 폐지 베일(bale)에 부딪히고 깔리면서 사망",운반물(폐지베일),상하차 작업 또는 적재된 화물,『화물의 무게가 한쪽으로 치우쳐진 상태 등』 적재상태가 불량한 화물이 무너지면서 맞거나 깔림,"▶ 전도·낙하 방지를 위해 중량물 제거 후 작업
▶ 중량물 고정 실시 후 수리작업 실시"
2021-41-51-005,기타의사업,시설관리및사업지원서비스업,위생및유사서비스업,"2021년 8월경 도로에서 기준보다 초과 상차된 암롤 박스의 폐기물을 굴삭기를 이용하여 빈 암롤 박스로 옮기는 과정에서, 재해자가 암롤 박스 우측 상부(높이 약 2.5m)에서 바닥으로 떨어져 사망",분류 불가,"설비 위, 지붕 등 높은 장소에서의 작업",『작업을 위해 밟고 있던 구조물이 파손되거나 균형을 잃기 쉬운 불안한 자세』로 작업하여 넘어지거나 떨어짐,"▶ 안전난간이 설치된 작업발판을 설치·사용
▶ 고소작업대 사용 또는 3.5m미만은 A자형 사다리 사용(2인1조) 관리
▶ 안전대 및 안전모 지급·착용 등 관리감독자 확인"
2021-41-51-006,기타의사업,시설관리및사업지원서비스업,위생및유사서비스업,2021년 8월경 산업용폐기물 처리현장에서 산업용 폐기물을 압착하는 과정에서 발생한 인화성 물질에 인근의 화기작업 불씨가 옮겨 붙여 화재가 발생하며 사망자 발생,인화성물질,용접·절단·사상 또는 도장 작업,『불티비산 방지조치가 안된 상태에서 작업』하여 용접·절단 불똥이 주변의 적재물 또는 인화성 물질에 옮겨 붙어 화재 폭발,"▶ 절단기에서 발생하는 불티의 비산 거리 등 비산 반경 분석
▶ 작업구역 내 불티가 비산되지 않도록 절단기 등에 비산방지덮개 및 가연물에 용접방화포 설치"
2021-41-51-008,임업,임업,영림업,2021년 10월경 OO건물에서 피해목이 비스듬히 쓰려저 피해목을 바닥에 완전히 눕히려 잔가지를 절단하자 피해목이 돌아가 넘어지면서 재해자가 깔려 사망,나무(피해목),벌목·조재 작업,"『주변 구조물에 걸려있던 나무(벌도목, 조재목 등)』 가 작업상황에 의해 무게중심이 변하면서 떨어지거나 지렛대처럼 튀어올라 얼굴을 맞음","▶ 벌목 작업 전 주변 나무에 걸려있는 나무를 확인하여 주변에서 작업 금지
▶ 충분한 안전거리를 확보하여, 다른 작업자와 동시에 작업 금지"
2021-41-51-009,기타의사업,전문·보건·교육·여가관련서비스업,골프장및경마장운영업,2021년 10월경 골프장 내에서 재해자가 조경작업을 위해 이동식 사다리 2단 높이(약 60cm)에서 뒤로 떨어져 머리를 바닥에 부딪힌 후 병원에 후송 되었으나 사망,사다리(이동식/조경용),사다리를 이용한 작업 또는 통행,『사다리 위에 올라가 작업』하던 중 균형을 잃고 머리부터 바닥으로 떨어짐,"▶ 3.5m 미만 작업 시 A자형 사다리만 사용(2인1조)
▶ 아웃트리거 설치 및 안전대, 안전모 등 개인보호구 착용"
2021-41-51-010,기타의사업,시설관리및사업지원서비스업,위생및유사서비스업,"2021년 11월경 순환골재라인에서 재해자가 컨베이어 위에 올라가 작업을 하던 중, 갑자기 작동한 컨베이어에 실려 크라셔(Crusher)로 이동되어 사망",컨베이어,비정형 작업(점검),『설비를 정지시키지 않거나 전원을 차단하지 않은 상태』에서 정비·보수·청소 등의 작업을 하다가 끼이거나 말림,"▶ 설비 가동중 이물질 제거 등이 발생할 수 있는 생산작업을 분석하고 근원적 접근방지대책 수립
▶ 끼임재해 우려가 있어 가동정지 후 작업이 필요한 설비 목록화→LOTO(Lock Out,  Tag Out) 대상 확정·시행 
▶ 작업 절차에 대해 근로자 교육실시"
2021-41-51-011,제조업,식료품제조업,수산식료품제조업,2021년 11월경 재해자가 중량물을 이동식 크레인에 상하차 하는 과정에서 중량물과 적재함 사이에 끼여 사망,운반물(닻),"크레인(천장주행, 갠트리, 지브 등) 사용 작업",운반하는 물체 또는 주변 구조물 등에 의해 『설비 조작자의 시야가 확보되지 않은 상태에서 운반』하여 다른 구조물에 부딪히거나 그 사이에 끼임,"▶ 이송방향 전면에서 조작 및 시야 확보가 가능한 정도의 물량 운반
▶ 신호수를 배치하여 신호에 따라 운반작업 실시"
2020-43-11-016,제조업,기계기구·금속·비금속광물제품제조업,철근콘크리트제품제조업,2020년 11월 OO 사업장 골재 선별기 슈트에서 재해자가 청소작업 중 벽에 붙어 있던 석분이 떨어지면서 재해자가 매몰되어 사망,암석(석분덩이),상하차 작업 또는 적재된 화물,『화물의 무게가 한쪽으로 치우쳐진 상태 등』 적재상태가 불량한 화물이 무너지면서 맞거나 깔림,"▶ 전도·낙하 방지를 위해 중량물 제거 후 작업
▶ 중량물 고정 실시 후 수리작업 실시"
2021-43-11-003,제조업,화학및고무제품제조업,동·식물유지제조업,2021년 1월 식물성 유지 제조공장에서 재해자가 도보로 이동하던 중 동료작업자가 운전 중인 후진하는 이동식 크레인(집게차)와 부딪힘 ,크레인(이동식크레인/집게차),작업장소 통행/이동,"『차량운행 중 차량의 진행방향 및 사각지대를 확인하지 않아』근로자가 작업차량에 깔리거나, 주변 구조물과 작업차량 사이에 끼임","▶ 지게차 이용 중량물 취급에 대한 작업계획서 작성(작업방법, 운행경로, 근로자와 지게차 혼재 작업 여부 등)
▶ 혼재 작업 시 작업지휘자 또는 유도자 배치"
2020-51-21-007,제조업,기계기구·금속·비금속광물제품제조업,철근콘크리트제품제조업,2020년 8월 OO공장에서 배관공이 강관 설치 작업 중 콘크리트 포장면 하부의 토사와 콘크리트가 붕괴되면서 재해자를 덮쳐 사망.,분류 불가,상하차 작업 또는 적재된 화물,『화물의 무게가 한쪽으로 치우쳐진 상태 등』 적재상태가 불량한 화물이 무너지면서 맞거나 깔림,"▶ 전도·낙하 방지를 위해 중량물 제거 후 작업
▶ 중량물 고정 실시 후 수리작업 실시"
2021-43-11-005,제조업,섬유및섬유제품제조업,기타섬유제품제조업,"2020년 10월 기계기구 제조공장 내 연구소에서 재해자가 개발 중인 부하개폐기의 전원을 차단하지 않고 상 교체 작업을 하던 중 감전되었고, 재해자를 구하기 위해 접촉한 동료근로자도 감전(2명 동시 부상)",전기충전부,전기설비 취급 작업,『전원을 차단하지 않은 상태』에서 노출된 충전부에 접촉하여 감전,"▶ 정전작업 후 전기점검 및 조작 실시
▶ 활선작업용기구·장치  사용 및 절연용 보호구 착용"
2021-43-11-006,제조업,식료품제조업,기타식료품제조업,2021년 7월경 저장창고에서 재해자가 강관설치를 위해 중량물 위에 올라가 작업 하던 중 1.9m 아래로 떨어져 사망,적재물(톤백),상하차 작업 또는 적재된 화물,『화물의 무게가 한쪽으로 치우쳐진 상태 등』 적재상태가 불량한 화물이 무너지면서 맞거나 깔림,"▶ 전도·낙하 방지를 위해 중량물 제거 후 작업
▶ 중량물 고정 실시 후 수리작업 실시"
2021-43-11-007,제조업,식료품제조업,육제품또는유제품제조업,2021년 10월경 재해자가 출입문 보수를 위해 지게차 포크에 끼운 파렛트에 올라가 작업을 하던 중 1.85m 아래로 떨어져 사망,지게차,지게차를 사용하는 작업,"지게차 포크, 파렛트, 굴삭기 버킷에 탑승하여 높은 장소로 승강하는 등 『설비를 주용도(하역운반장치) 외로 사용』하여 떨어짐","▶ 중량물 제작 작업 등 생산용도에 사용금지
▶ 전동교체 시 고소작업대 사용 및 운전석 외 탑승금지"
2021-43-11-008,제조업,기계기구·금속·비금속광물제품제조업,자동차제조업,2020년 8월경 OO사업장 자동차 도장공정에서 재해자가 컨베이어로 이송되는 건조로 내에서 생산품을 점검하는 중 내부의 열기에 화상을 입음,분류 불가,위험물질 취급 또는 그 장소에서 수행하는 작업,『작업장소 또는 그 주변엥서 취급하는 위험물질을 파악 및 제거하지 않은 상태』에서 작업하여 화재·폭발·질식 위험,"▶ 위험물질에 대한 MSDS 비치 및 근로자 교육
▶ 공급원재료의 종류, 공급되는 설비명 표시
▶ 가스검지 및 경보장치·긴급차단장치 및 방유제 설치"
2021-43-12-001,제조업,의약품·화장품·연탄·석유제품제조업,의약품및의약부외품제조업,2020년 4월 약품공장에서 재해자가 고순도 화학물질을 석출하기 위하여 분말상태의 원료를 반응기에 투입하는 작업 중 화재 발생,인화성물질,위험물질 취급 또는 그 장소에서 수행하는 작업,"『반응을 제어할 연동장치가 없고, 작업절차 없이 작업자의 경험에만 의존한 공정 운영』으로 화재·폭발·누출 위험","▶ 작업절차 수립하고 작업자 교육 실시
▶ 안전밸브, 파열판 설치 및 계측장치 유지 관리 
▶ 반응 억제제 투입 설비 설치 및 비상대피훈련 실시"
2021-43-12-002,제조업,기계기구·금속·비금속광물제품제조업,선재제품제조업,2021년 6월경 OO사업장 열처리 공정에서 재해자가 세척액 공급밸브를 점검하는 중 내부의 물질이 누출되어 화재가 발생,인화성물질,위험물질 취급 또는 그 장소에서 수행하는 작업,『취급하는 물질이 배관·호스·용기 등에서 누출』되어 화학물질 접촉·질식 또는 화재·폭발,"▶ 위험물질에 대한 MSDS 비치 및 근로자 교육
▶ 공급원재료의 종류, 공급되는 설비명 표시
▶ 가스검지 및 경보장치·긴급차단장치 및 방유제 설치"
2021-51-11-001,기타의사업,도소매·음식·숙박업,도소매및소비자용품수리업,"2020년 12월경 사업장내에서 재해자 2명이 리프트운반구에 탑승하여 하강조작을 하던 중, 조작케이블이 승강로 레일에 끼어 운반구가 정지되는 사이 호이스트 후크에서 운반구 인양고리가 빠지면서 운반구와 함께 4m아래로 추락하여 2명 부상",리프트(일반작업용),리프트 관련 작업,"『설비에 안전장치가 설치되어 있지 않거나, 설치된 안전장치를 무력화한 상태』로 사용하던 중 말리거나 끼임","▶ 방호장치 작동불량 등 이상시 관리감독자 등에게 선보고 및 조치 후 작업 재개가 당연한 안전문화 구축　
▶ 작업 전 광전자식 방호장치 정상 여부 확인 "
2021-51-11-002,제조업,기계기구·금속·비금속광물제품제조업,각종시멘트제품제조업,2021년 1월경 OO사업장 콘크리트 양생장소에서 재해자가 거푸집 위에서 콘트리트 타설 작업 중 2.7미터 아래로 떨어져 사망,분류 불가,"설비 위, 지붕 등 높은 장소에서의 작업",『작업을 위해 밟고 있던 구조물이 파손되거나 균형을 잃기 쉬운 불안한 자세』로 작업하여 넘어지거나 떨어짐,"▶ 안전난간이 설치된 작업발판을 설치·사용
▶ 고소작업대 사용 또는 3.5m미만은 A자형 사다리 사용(2인1조) 관리
▶ 안전대 및 안전모 지급·착용 등 관리감독자 확인"
2021-51-42-001,제조업,의약품·화장품·연탄·석유제품제조업,의약품및의약부외품제조업,2021년 3월 약품제조공장에서 2층 반응기를 이용하여 톨루엔으로 규조토 혼합물을 정제한 뒤 플렉시블 호스로 혼합물을 1층 누체필터로 이송하던 중 폭발하여 인근 작업자 2명이 화상,생산설비(누체필터),위험물질 취급 또는 그 장소에서 수행하는 작업,"『작업장소에서 취급하는 위험물질 및 관리되지 않는 점화원(아크, 정전기 등)』으로 인해 화재·폭발","▶ 위험장소 주변 용접 및 사상작업 금지 등 점화원 관리
▶ 용접불티 비산방지덮개 또는 용접방화포 조치"
2021-51-51-001,기타의사업,시설관리및사업지원서비스업,위생및유사서비스업,"2021년 1월경 폐기물 처리설비에서 재해자가 출하 벨트컨베이어 고장을 점검하던 중, 컨베이어가 작동하여 컨베이어와 벨트 누름장치 회전판 축 사이에 끼어 사망",컨베이어,비정형 작업(점검),『설비를 정지시키지 않거나 전원을 차단하지 않은 상태』에서 정비·보수·청소 등의 작업을 하다가 끼이거나 말림,"▶ 설비 가동중 이물질 제거 등이 발생할 수 있는 생산작업을 분석하고 근원적 접근방지대책 수립
▶ 끼임재해 우려가 있어 가동정지 후 작업이 필요한 설비 목록화→LOTO(Lock Out,  Tag Out) 대상 확정·시행 
▶ 작업 절차에 대해 근로자 교육실시"
2021-51-51-002,기타의사업,시설관리및사업지원서비스업,건물등의종합관리사업,"2021년 3월 폐기물 처리집합소에서 재해자가 암롤박스 상부에서 폐기물을 정리하던 중, 높이 2.1m 아래 바닥으로 떨어져 사망",분류 불가,"설비 위, 지붕 등 높은 장소에서의 작업",『설비 구조물을 밟고 올라서거나 난간이 없는 작업대 위』에서 불안전한 자세로 작업하다 떨어짐,"▶ 추락위험구간에 안전난간 추가 설치
▶ 출하장소를 추락위험이 없는 장소로 위치 변경"
2021-61-11-001,제조업,화학및고무제품제조업,플라스틱가공제품제조업,2021년 11월 플라스틱 제품 공장에서 재해자가 압출기 투입구에 폐 비닐 등 부자재를 투입하던 중 우측 팔이 투입구 내부 스크류 컨베이어에 끼임,컨베이어,원료 투입 작업,"『별도의 수공구 없이 설비의 구동부에 근접하여 작업』하다가 구동부에 끼이거나 말림, 절단","▶ 광전자, 양수조작식 등 방호장치 설치 및 기능유지 철저
▶ 재료투입용 보조기구 및 사용상태 철저 관리"
2021-61-11-002,제조업,전기기계기구·정밀기구·전자제품제조업,일상생활용전기기계기구제조업,2021년 3월 생활용 기기 부품공장에서 재해자가 수직형 사출성형기(400톤)를 점검하기 위하여 성형기 내부 프레임과 이동형판 사이에 신체 일부를 넣고 작업 중 상승하는 이동형판과 프레임 사이에 끼임,사출성형기,비정형 작업(점검),『설비를 정지시키지 않거나 전원을 차단하지 않은 상태』에서 정비·보수·청소 등의 작업을 하다가 끼이거나 말림,"▶ 설비 가동중 이물질 제거 등이 발생할 수 있는 생산작업을 분석하고 근원적 접근방지대책 수립
▶ 끼임재해 우려가 있어 가동정지 후 작업이 필요한 설비 목록화→LOTO(Lock Out,  Tag Out) 대상 확정·시행 
▶ 작업 절차에 대해 근로자 교육실시"
2021-61-11-003,제조업,기계기구·금속·비금속광물제품제조업,기타산업용기계기구제조업,2021년 4월경 OO사업장 생산동 지붕에서 재해자가 도장 작업을 위해 사전 준비작업 중 노후화된 지붕을 밟아 9.5미터 아래로 떨어져 사망,지붕·대들보(구분불가),"설비 위, 지붕 등 높은 장소에서의 작업",『작업을 위해 밟고 있던 구조물이 파손되거나 균형을 잃기 쉬운 불안한 자세』로 작업하여 넘어지거나 떨어짐,"▶ 안전난간이 설치된 작업발판을 설치·사용
▶ 고소작업대 사용 또는 3.5m미만은 A자형 사다리 사용(2인1조) 관리
▶ 안전대 및 안전모 지급·착용 등 관리감독자 확인"
2021-61-11-004,운수창고통신업,철도·항공·창고·운수관련서비스업,항만내의육상하역업,"2021년 5월경 선박에서 재해자 2명이 선창에서 벽탄 제거작업을 하던 중 경사면에서 미끄러졌고, 불도저가 석탄을 보으기 위해 토공판을 하강시키면서 경사면과 불도저 토공판 사이에 재해자 2명이 끼어 1명 사망, 1명 부상",건설기계(불도저),건설기계를 사용하는 작업,작업자 간 『작업 상황에 대해 의사소통을 하지 않고 작업』을 실시해 운반하는 물체에 부딪히거나 깔림 또는 주변 구조물과 운반하는 물체 사이에 끼임,"▶ 작업자 간 신호체계 통일 및 숙지 조치
▶ 중량물 취급 시 보조운반기구 사용"
2021-61-11-005,제조업,기계기구·금속·비금속광물제품제조업,기타금속제품제조업또는금속가공업,2021년 5월경 OO사업장 철구조물 생산공정에서 재해자가 성형설비(자동절단프레스) 내부에서 남아있는 절삭유의 잔액을 확인하던 중 전진하는 설비 사이에 끼여 사망,자동화설비(자동절단프레스),비정형 작업(점검),『설비를 정지시키지 않거나 전원을 차단하지 않은 상태』에서 정비·보수·청소 등의 작업을 하다가 끼이거나 말림,"▶ 설비 가동중 이물질 제거 등이 발생할 수 있는 생산작업을 분석하고 근원적 접근방지대책 수립
▶ 끼임재해 우려가 있어 가동정지 후 작업이 필요한 설비 목록화→LOTO(Lock Out,  Tag Out) 대상 확정·시행 
▶ 작업 절차에 대해 근로자 교육실시"
2021-61-11-006,제조업,식료품제조업,육제품또는유제품제조업,2021년 2월경 실험실 슬래브 및 안전난간 철거현장에서 재해자가 절단기로 슬라브를 절단하던 중 슬라브가 꺾이면서 3.2m 아래로 떨어져 사망,지붕·대들보(슬라브),"설비 위, 지붕 등 높은 장소에서의 작업",『작업을 위해 밟고 있던 구조물이 파손되거나 균형을 잃기 쉬운 불안한 자세』로 작업하여 넘어지거나 떨어짐,"▶ 안전난간이 설치된 작업발판을 설치·사용
▶ 고소작업대 사용 또는 3.5m미만은 A자형 사다리 사용(2인1조) 관리
▶ 안전대 및 안전모 지급·착용 등 관리감독자 확인"
2021-61-11-007,제조업,기계기구·금속·비금속광물제품제조업,석재및석공품제조업,2021년 6월경 OO사업장 내에서 재해자가 설비를 이동하던 중 지게차가 넘어지면서 재해자가 그 아래 깔려 사망,지게차,지게차를 사용하는 작업,『화물의 무게가 한쪽으로 치우쳐진 상태 등』 적재상태가 불량한 화물이 무너지면서 맞거나 깔림,"▶ 전도·낙하 방지를 위해 중량물 제거 후 작업
▶ 중량물 고정 실시 후 수리작업 실시"
2021-61-11-008,제조업,식료품제조업,육제품또는유제품제조업,2021년 6월경 재해자가 스팀보일러 보수작업 중 연료 탱크 내 유증기가 점화되어 화재 폭발되어 사망,용접기(아르곤용접기),용접·절단·사상 또는 도장 작업,『불티비산 방지조치가 안된 상태에서 작업』하여 용접·절단 불똥이 주변의 적재물 또는 인화성 물질에 옮겨 붙어 화재 폭발,"▶ 절단기에서 발생하는 불티의 비산 거리 등 비산 반경 분석
▶ 작업구역 내 불티가 비산되지 않도록 절단기 등에 비산방지덮개 및 가연물에 용접방화포 설치"
2021-61-11-009,제조업,화학및고무제품제조업,화학비료제조업,2021년 7월 비료공장에서 재해자가 천장크레인(2.8톤)을 이용하여 원료가 든 톤백마대를 인양하여 호퍼에 투입하는 작업 중 마대의 고리가 파손되면서 마대가 재해자쪽으로 넘어오면서 마대와 마대 거치대 프레임 사이에 끼임,줄걸이기구(톤백 끈),"크레인(천장주행, 갠트리, 지브 등) 사용 작업","『줄걸이 기구의 용접 불량, 마모, 변형, 손상』으로 인해 운반하는 화물이 떨어지면서 부딪히거나 그 아래 깔림","▶ 설비·구조물 상태 정기적 점검 및 예방 관리
▶ 와이어로프 손상 시 즉시 교체하여 사용"
2021-61-11-010,제조업,기계기구·금속·비금속광물제품제조업,기타금속제품제조업또는금속가공업,2021년 8월경 OO사업장 하역장에서 재해자가 탱크로리 상부에서 배관 설치를 위해 용접 작업 중 내부에 잔류한 유증기에 점화되어 발생한 화재로 사망,용접기(아르곤용접기),용접·절단·사상 또는 도장 작업,『불티비산 방지조치가 안된 상태에서 작업』하여 용접·절단 불똥이 주변의 적재물 또는 인화성 물질에 옮겨 붙어 화재 폭발,"▶ 절단기에서 발생하는 불티의 비산 거리 등 비산 반경 분석
▶ 작업구역 내 불티가 비산되지 않도록 절단기 등에 비산방지덮개 및 가연물에 용접방화포 설치"
2021-61-11-013,제조업,기계기구·금속·비금속광물제품제조업,건설용금속제품제조업,2021년 9월경 OO사업장 용접 작업 장에서 재해자가 철골 구조물 하부 용접 작업 중 구조물이 무너지며 아래애 깔려 사망,가공물(철골),용접·절단·사상 또는 도장 작업,『매달아 올리거나 적재 상태가 불량한 물체』가 떨어지거나 무너지면서 맞거나 깔림,"▶ 주변의 중량물로 인한 깔림 방지를 위해 중량물 제거 후 작업
▶ 중량물 지지대 설치 후 수리·교체작업 실시"
2021-61-11-015,제조업,화학및고무제품제조업,플라스틱가공제품제조업,2021년 11월 플라스틱 제품 공장에서 재해자가 원심분리기에 열분해유를 투입하여 시운전 중 기계 내부에서 발생한 화재폭발로 화상,인화성물질,위험물질 취급 또는 그 장소에서 수행하는 작업,"『작업장소에서 취급하는 위험물질 및 관리되지 않는 점화원(아크, 정전기 등)』으로 인해 화재·폭발","▶ 위험장소 주변 용접 및 사상작업 금지 등 점화원 관리
▶ 용접불티 비산방지덮개 또는 용접방화포 조치"
