industry_div,accident_kind,accident_summary,causal_object,high_risk_situation,causal_factor,countermeasure,content,gong_jong,jak_up_myung,mid_industry,accident_type_mapped
건설업,,2016년 1월경 문화집회시설 신축공사에서 재해자가 작업 준비작업을 하던 중 후진하면서 자재 운반중인 굴착기에 치여 사망,굴착기,1. 토공사,시야가 미확보된 상태에서 후진하던 차량계 건설기계에 주변 근로자가 깔림,"▶ 차량계 건설기계 작업계획서를 사전에 작성하고 관리감독자를 배치하여 작업계획서에 맞게 작업
▶ 굴삭기 이용 작업 시 후방경고시스템 설치를 권고하여 사고를 예방함
▶ 차량계 건설기계 접촉을 방지하기 위해 근로자 출입금지 및 신호수(유도자)를 배치함","2016년 1월경 문화집회시설 신축공사에서 재해자가 작업 준비작업을 하던 중 후진하면서 자재 운반중인 굴착기에 치여 사망 [유발요인] 시야가 미확보된 상태에서 후진하던 차량계 건설기계에 주변 근로자가 깔림 [대책] ▶ 차량계 건설기계 작업계획서를 사전에 작성하고 관리감독자를 배치하여 작업계획서에 맞게 작업
▶ 굴삭기 이용 작업 시 후방경고시스템 설치를 권고하여 사고를 예방함
▶ 차량계 건설기계 접촉을 방지하기 위해 근로자 출입금지 및 신호수(유도자)를 배치함",1. 토공사,1.2 흙막이 지보공 작업,,
건설업,,2016년 10월경 배수관 정비공사 현장에서 재해자가 흙막이 가시설 설치 작업 중 굴착기로 인양하던 H형강이 이탈되면서 머리를 가격당해 사망,굴착기,1. 토공사,해지장치가 불량한 체인블록 후크에서 자재가 이탈하여 근로자에게 낙하,"▶ 중량물 인양시 작업순서 및 방법, 사용장비, 인양물 탈락방지 및 근로자 출입금지 관련 작업계획서 작성
▶ 중량물 취급 작업 시 근로자 출입 통제 및 유도자 배치","2016년 10월경 배수관 정비공사 현장에서 재해자가 흙막이 가시설 설치 작업 중 굴착기로 인양하던 H형강이 이탈되면서 머리를 가격당해 사망 [유발요인] 해지장치가 불량한 체인블록 후크에서 자재가 이탈하여 근로자에게 낙하 [대책] ▶ 중량물 인양시 작업순서 및 방법, 사용장비, 인양물 탈락방지 및 근로자 출입금지 관련 작업계획서 작성
▶ 중량물 취급 작업 시 근로자 출입 통제 및 유도자 배치",1. 토공사,1.2 흙막이 지보공 작업,,
건설업,,"2020년 7월경 업무시설 신축공사 현장에서 재해자가 흙막이 가시설 두 번째 단의 우각부 스트러트 밀림방지 부재 설치 작업 중 작업구간 상부에서 설치 중이던 띠장(H-440×300, L≒17m, W≒2.1t)이 하부로 떨어지면서(H≒40cm) 두부를 강타하여 사망",흙막이가시설,1. 토공사,낙하물 위험구간에서 작업중이던 근로자가 상부에서 설치중이던 띠장이 낙하하여 맞음,"▶ 중량물 낙하 위험이 있는 곳에 출입금지 구역 설정 및 출입인원 통제
▶ 낙하물 위험구간 상하 동시 작업 제한 ","2020년 7월경 업무시설 신축공사 현장에서 재해자가 흙막이 가시설 두 번째 단의 우각부 스트러트 밀림방지 부재 설치 작업 중 작업구간 상부에서 설치 중이던 띠장(H-440×300, L≒17m, W≒2.1t)이 하부로 떨어지면서(H≒40cm) 두부를 강타하여 사망 [유발요인] 낙하물 위험구간에서 작업중이던 근로자가 상부에서 설치중이던 띠장이 낙하하여 맞음 [대책] ▶ 중량물 낙하 위험이 있는 곳에 출입금지 구역 설정 및 출입인원 통제
▶ 낙하물 위험구간 상하 동시 작업 제한 ",1. 토공사,1.2 흙막이 지보공 작업,,
건설업,,2019년 8월 OO(주)에서 시공 중인 철도 노반신설공사 현장에서 천공기의 스크류를 해체하여 권상장치(와이어로프)에 매달아 지면에 내려놓던 중 매달려 있던 스크류가 수평으로 회전하며 주변에 서 있던 재해자의 복부 강타하여 사망,천공기/항타기,1. 토공사,천공기의 스크류를 해체하여 권상장치(와이어로프)에 매달아 지면에 내려놓던 중 바닥에 닿은 부분을 중심으로 체인에 매달려있던 스크류의 상부가 회전하며 주변에 서 있던 재해자의 복부 강타,"▶ 중량물의 탈락 및 낙하 방지 예방을 위해 근로자 접근 통제 및 작업지휘자 배치
▶  작업 전 기계의 이상유무를 점검하고 유해, 위험 방지조치 실시","2019년 8월 OO(주)에서 시공 중인 철도 노반신설공사 현장에서 천공기의 스크류를 해체하여 권상장치(와이어로프)에 매달아 지면에 내려놓던 중 매달려 있던 스크류가 수평으로 회전하며 주변에 서 있던 재해자의 복부 강타하여 사망 [유발요인] 천공기의 스크류를 해체하여 권상장치(와이어로프)에 매달아 지면에 내려놓던 중 바닥에 닿은 부분을 중심으로 체인에 매달려있던 스크류의 상부가 회전하며 주변에 서 있던 재해자의 복부 강타 [대책] ▶ 중량물의 탈락 및 낙하 방지 예방을 위해 근로자 접근 통제 및 작업지휘자 배치
▶  작업 전 기계의 이상유무를 점검하고 유해, 위험 방지조치 실시",1. 토공사,1.3 기초파일 작업,,
건설업,,"2016년 8월경 OO에서 시공중인 OO아파트 신축공사 현장에서 재해자(파일공)가 PHC파일(D=600) 이음을 위해 천공한 가설홀(700, 깊이 GL-14m)에 인접한 상태에서, 가설홀 굴착후 케이싱(18m)을 인발하던 중  케이싱 주변 토사가 함몰되면서(직경≒2.3m～2.6m, 깊이≒1.5m), 케이싱 인근에 있던 재해자가 함께 매몰되어 사망",토사,1. 토공사,PHC 파일 이음을 위해 천공한 가설홀에 인접한 상태에서 가설홀 굴착후 케이싱을 인발하던 중 케이싱 주변 토사가 함몰되면서 인근 근로자 매몰,"▶ 사전 근로자의 매몰 위험을 방지하기 위해 지반의 상태, 공벽 붕괴 위험, 근로자의 출입 상태 점검 후 작업 수행
▶ 파일 이음을 위한 가설홀 천공작업 시 지반의 붕괴에 위험이 있는 경우 케이싱을 인발하는 과정이 없는 방법으로 진행하여 지반의 함몰 방지","2016년 8월경 OO에서 시공중인 OO아파트 신축공사 현장에서 재해자(파일공)가 PHC파일(D=600) 이음을 위해 천공한 가설홀(700, 깊이 GL-14m)에 인접한 상태에서, 가설홀 굴착후 케이싱(18m)을 인발하던 중  케이싱 주변 토사가 함몰되면서(직경≒2.3m～2.6m, 깊이≒1.5m), 케이싱 인근에 있던 재해자가 함께 매몰되어 사망 [유발요인] PHC 파일 이음을 위해 천공한 가설홀에 인접한 상태에서 가설홀 굴착후 케이싱을 인발하던 중 케이싱 주변 토사가 함몰되면서 인근 근로자 매몰 [대책] ▶ 사전 근로자의 매몰 위험을 방지하기 위해 지반의 상태, 공벽 붕괴 위험, 근로자의 출입 상태 점검 후 작업 수행
▶ 파일 이음을 위한 가설홀 천공작업 시 지반의 붕괴에 위험이 있는 경우 케이싱을 인발하는 과정이 없는 방법으로 진행하여 지반의 함몰 방지",1. 토공사,1.3 기초파일 작업,,
건설업,,2019년 5월경 ㈜OO 공사현장 재해자(RCD공)은 이동식크레인을 이용하여 오실레이터 구동용 유압호스를 해당 장비 상부에 똬리형태로 감아 정돈하던 중 크레인 붐대에 매달린 권과방지장치의 추 매달기용 와이어로프의 파단으로 추가 지상으로 떨어지면서(약40m) 재해자의 두부를 강타하여 사망(추정),이동식크레인,1. 토공사,이동식크레인을 이용하여 오실레이터 유압호스를 정돈하던 중이동식크레인 붐대에 매달린 권과방지장치의 추 매달기용 와이어로프의 파단으로 추가 지상으로 낙하,"▶ 사용 장비의 정비·정검 수시 실시
▶ 이동식 크레인 양중작업 시 와이어로프의 상태 점검
▶ 중량물의 탈락 및 낙하 방지 예방을 위해 근로자 접근 통제","2019년 5월경 ㈜OO 공사현장 재해자(RCD공)은 이동식크레인을 이용하여 오실레이터 구동용 유압호스를 해당 장비 상부에 똬리형태로 감아 정돈하던 중 크레인 붐대에 매달린 권과방지장치의 추 매달기용 와이어로프의 파단으로 추가 지상으로 떨어지면서(약40m) 재해자의 두부를 강타하여 사망(추정) [유발요인] 이동식크레인을 이용하여 오실레이터 유압호스를 정돈하던 중이동식크레인 붐대에 매달린 권과방지장치의 추 매달기용 와이어로프의 파단으로 추가 지상으로 낙하 [대책] ▶ 사용 장비의 정비·정검 수시 실시
▶ 이동식 크레인 양중작업 시 와이어로프의 상태 점검
▶ 중량물의 탈락 및 낙하 방지 예방을 위해 근로자 접근 통제",1. 토공사,1.3 기초파일 작업,,
건설업,,"2021년 2경 OO(주)에서 시공하는 OO신축공사 현장에서, 협력업체인 OO산업(주)에서 장비 임대차 계약을 맺은 OO건설기계 소속 근로자 OOO이 흙막이 가시설공사(C.I.P공사) 작업 중 항타기에 의해 인발된 케이싱이 재해자의 가슴을 강타하여 사망",천공기/항타기,1. 토공사,항타기를 사용해 CIP 설치용 케이싱 근입작업 중 인발된 케이싱에 채워져 있던 토사와 물이 토출되며 케이싱이 유동하여 재해자의 가슴에 맞음,"▶ 중량물의 탈락 및 낙하 방지 예방을 위해 근로자 접근 통제
▶ 차량계 건설기계 작업계획서를 사전에 작성하고 관리감독자를 배치하여 작업계획서에 맞게 작업","2021년 2경 OO(주)에서 시공하는 OO신축공사 현장에서, 협력업체인 OO산업(주)에서 장비 임대차 계약을 맺은 OO건설기계 소속 근로자 OOO이 흙막이 가시설공사(C.I.P공사) 작업 중 항타기에 의해 인발된 케이싱이 재해자의 가슴을 강타하여 사망 [유발요인] 항타기를 사용해 CIP 설치용 케이싱 근입작업 중 인발된 케이싱에 채워져 있던 토사와 물이 토출되며 케이싱이 유동하여 재해자의 가슴에 맞음 [대책] ▶ 중량물의 탈락 및 낙하 방지 예방을 위해 근로자 접근 통제
▶ 차량계 건설기계 작업계획서를 사전에 작성하고 관리감독자를 배치하여 작업계획서에 맞게 작업",1. 토공사,1.3 기초파일 작업,,
건설업,,"2017년 1월경 (주)OO에서 시공하는 근린생활시설 및 다가구주택 신축공사 현장에서, 재해자가 항타기의 상부오거(Auger)와 스크류 사이에 완충기(항타기의 오거 부속장치)를 장착하기 위해 완충기를 벨트-슬링(Belt-sling)으로 묶어 올려 매단(H≒5.0m) 상태에서, 재해자가 완충기 하부의 케이싱 모터(하부오거)에 올라 작업하던 중, 매달린 완충기가 떨어지며 아래에 있던 재해자를 가격하여 사망",천공기/항타기,1. 토공사,근로자가 항타기의 스크류모터와 스크류 사이에 완충기를 장착하던 중 완충기의 벨트-슬링이 풀리면서 완충기가 떨어져 하부 근로자를 가격함,"▶ 벨트-슬링이 후크레서 이탈되지 않도록 양 끝단이 고리 등 구비된 것 사용하여 1줄 걸이 또는 2줄 걸이 방법 사용
▶ 물체에 맞을 위험이 있는 작업 시 근로자 출입금지 조치 실시","2017년 1월경 (주)OO에서 시공하는 근린생활시설 및 다가구주택 신축공사 현장에서, 재해자가 항타기의 상부오거(Auger)와 스크류 사이에 완충기(항타기의 오거 부속장치)를 장착하기 위해 완충기를 벨트-슬링(Belt-sling)으로 묶어 올려 매단(H≒5.0m) 상태에서, 재해자가 완충기 하부의 케이싱 모터(하부오거)에 올라 작업하던 중, 매달린 완충기가 떨어지며 아래에 있던 재해자를 가격하여 사망 [유발요인] 근로자가 항타기의 스크류모터와 스크류 사이에 완충기를 장착하던 중 완충기의 벨트-슬링이 풀리면서 완충기가 떨어져 하부 근로자를 가격함 [대책] ▶ 벨트-슬링이 후크레서 이탈되지 않도록 양 끝단이 고리 등 구비된 것 사용하여 1줄 걸이 또는 2줄 걸이 방법 사용
▶ 물체에 맞을 위험이 있는 작업 시 근로자 출입금지 조치 실시",1. 토공사,1.3 기초파일 작업,,
건설업,,2018년 9월경 ㈜OO 공동주택 신축공사현장에서 파일공사 협력업체 소속 재해자(항타공)이 항타기 주변에서 대기하던 중 해머를 인양하고 있던 와이어로프(직경 22mm)가 리더의 최상단 위치에서 순간 파단되어 아래로 비래된 와이어로프 파단부가 재해자의 머리를 강타하여 사망,천공기/항타기,1. 토공사,항타작업 후 보조파일을 항타기로 인양 시 체결한 섬유벨트가 파단되어 넘어져 깔림,"▶ 줄걸이 자재는 작업중 수시로 상태를 점검하며 예비를 두어 손상 발생 시 즉시 교체함 
▶ 중량물 취급 시 작업계획서를 사전에 작성하고 관리감독자를 배치하여 작업계획서에 맞게 작업","2018년 9월경 ㈜OO 공동주택 신축공사현장에서 파일공사 협력업체 소속 재해자(항타공)이 항타기 주변에서 대기하던 중 해머를 인양하고 있던 와이어로프(직경 22mm)가 리더의 최상단 위치에서 순간 파단되어 아래로 비래된 와이어로프 파단부가 재해자의 머리를 강타하여 사망 [유발요인] 항타작업 후 보조파일을 항타기로 인양 시 체결한 섬유벨트가 파단되어 넘어져 깔림 [대책] ▶ 줄걸이 자재는 작업중 수시로 상태를 점검하며 예비를 두어 손상 발생 시 즉시 교체함 
▶ 중량물 취급 시 작업계획서를 사전에 작성하고 관리감독자를 배치하여 작업계획서에 맞게 작업",1. 토공사,1.3 기초파일 작업,,
건설업,,2018년 8월경 산업단지 조성공사 현장에서 재해자가 시트파일 인발 보조작업 및 삽을 이용한 개흙(뻘) 제거작업과 흙막이용 띠장설치 보조작업을 하는 중 작업장소에서 약 20m 떨어진 휴식장소로 자력으로 이동하여 휴식 중 갑자기 경련을 일으키는 것을 동료작업자가 발견하고 인근에 있던 가시설팀장이 응급조치 후 응급실로 이송 후 치료 중 사망 (사망진단서 상 사망원인 : 열사병),분류불능,1. 토공사,"시트파일 인발 보조 및 삽을 이용한 뻘 제거, 흙막이용 띠장설치 보조작업을 하는 중 휴식장소로 이동하여 휴식 중 갑작스런 경련",▶ 원인 미상,"2018년 8월경 산업단지 조성공사 현장에서 재해자가 시트파일 인발 보조작업 및 삽을 이용한 개흙(뻘) 제거작업과 흙막이용 띠장설치 보조작업을 하는 중 작업장소에서 약 20m 떨어진 휴식장소로 자력으로 이동하여 휴식 중 갑자기 경련을 일으키는 것을 동료작업자가 발견하고 인근에 있던 가시설팀장이 응급조치 후 응급실로 이송 후 치료 중 사망 (사망진단서 상 사망원인 : 열사병) [유발요인] 시트파일 인발 보조 및 삽을 이용한 뻘 제거, 흙막이용 띠장설치 보조작업을 하는 중 휴식장소로 이동하여 휴식 중 갑작스런 경련 [대책] ▶ 원인 미상",1. 토공사,1.3 기초파일 작업,,
건설업,,2021년 2월경 다세대주택 신축공사현장에서 일용직 근로자인 재해자가 미상의 사유로 현장내 실내 계단실 1~2층 계단참에서 쓰러져 사망,분류불능,1. 토공사,외부 주차장 토사 평탄화 작업 중 미상의 사유로 현장내 계단참에서 쓰러진 채 발견,"▶ 근로자가 현장 투입시 건강검진 소견 결과 확인 등
   - 배치전 건강검진 결과 확인
   - 의사 유소견자는 구분하여 관리 (주기적 상담 등)
▶ 오전 일일 TBM시 근로자 건강상태 확인","2021년 2월경 다세대주택 신축공사현장에서 일용직 근로자인 재해자가 미상의 사유로 현장내 실내 계단실 1~2층 계단참에서 쓰러져 사망 [유발요인] 외부 주차장 토사 평탄화 작업 중 미상의 사유로 현장내 계단참에서 쓰러진 채 발견 [대책] ▶ 근로자가 현장 투입시 건강검진 소견 결과 확인 등
   - 배치전 건강검진 결과 확인
   - 의사 유소견자는 구분하여 관리 (주기적 상담 등)
▶ 오전 일일 TBM시 근로자 건강상태 확인",1. 토공사,1.4 되메움 작업,,
건설업,,2020년 5월경 도로 보수보강공사 현장에서 재해자가 동료근로자(리모콘 조작)와 함께 화물차 리프트를 이용하여 몰탈 믹서기(120kg) 하역작업 중 동료근로자의 리모콘 오조작으로 리프트 운반구 기울어짐과 함께 몰탈 믹서기가 재해자 쪽으로 전도되면서 두부를 강타당해 사망,기타건설장비,1. 토공사,미장보수공사 작업기계 반입 중 동료의 리모콘 오작동으로 인한 리프트 기울어짐으로 적재물(몰탈 믹서기)이 작업자 위로 낙하,"▶ 화물은 싣거나 내리는 작업 시 작업지휘자 배치 및 절차에 따른 작업 수행
▶ 떨어지는 물체에 대비하여 안전모 지급 및 착용","2020년 5월경 도로 보수보강공사 현장에서 재해자가 동료근로자(리모콘 조작)와 함께 화물차 리프트를 이용하여 몰탈 믹서기(120kg) 하역작업 중 동료근로자의 리모콘 오조작으로 리프트 운반구 기울어짐과 함께 몰탈 믹서기가 재해자 쪽으로 전도되면서 두부를 강타당해 사망 [유발요인] 미장보수공사 작업기계 반입 중 동료의 리모콘 오작동으로 인한 리프트 기울어짐으로 적재물(몰탈 믹서기)이 작업자 위로 낙하 [대책] ▶ 화물은 싣거나 내리는 작업 시 작업지휘자 배치 및 절차에 따른 작업 수행
▶ 떨어지는 물체에 대비하여 안전모 지급 및 착용",1. 토공사,1.6 그라우팅작업,,
건설업,,"2019년 1월경 ㈜OO 신축 현장에서 재해자가 의약품동 내부 시스템비계 6단에서 상부에 해체된 거푸집(유로폼) 정리작업 완료 후 시스템비계 외부를 통하여 지상으로 내려오던 중, 몸의 중심을 잃고 지상1층 바닥(H≒8m)으로 떨여져 사망",비계,2. 철근콘크리트공사,승강통로가 미설치된 상태에서 외부비계 바깥으로 이동 중 실족하여 추락,"▶ 비계 상하단 작업발판 사이에는 사다리, 계단 등의 승하강 통로 설치
▶ 추락 위험이 있는 작업발판, 통로 끝 및 개구부에는 안전난간 또는 덮개 등 설치
▶ 개구부 덮개 설치 시 개구부임을 표기하여 추락 위험 방지","2019년 1월경 ㈜OO 신축 현장에서 재해자가 의약품동 내부 시스템비계 6단에서 상부에 해체된 거푸집(유로폼) 정리작업 완료 후 시스템비계 외부를 통하여 지상으로 내려오던 중, 몸의 중심을 잃고 지상1층 바닥(H≒8m)으로 떨여져 사망 [유발요인] 승강통로가 미설치된 상태에서 외부비계 바깥으로 이동 중 실족하여 추락 [대책] ▶ 비계 상하단 작업발판 사이에는 사다리, 계단 등의 승하강 통로 설치
▶ 추락 위험이 있는 작업발판, 통로 끝 및 개구부에는 안전난간 또는 덮개 등 설치
▶ 개구부 덮개 설치 시 개구부임을 표기하여 추락 위험 방지",2. 철근콘크리트공사,2.1 거푸집 작업,,
건설업,,"철근콘크리트공사 협력업체 ㈜OO건설 소속 재해자가 지붕층 슬래브의 보(폭×춤=500×900mm, L=4.6m) 거푸집 설치작업을 하던 중 몸의 중심을 잃고 넘어지면서 보 측면 거푸집을 잡고 떨어지지 않으려고 버티다가, 지상 8층 바닥으로 떨어졌고(H=3.3m) 연이어 보 측면 거푸집이 떨어지면서 재해자를 가격하여 사망",거푸집,2. 철근콘크리트공사,추락방지조치 미실한 상태에서 보 하부 거푸집에서 합판 연결부을 못으로 고정하는 작업 중 중심을 잃고 근로자다 추락하여 바닥 돌출된 수직 철근에 가슴부위가 찔림,"▶ 거푸집 조립 작업을 위한 강관비계, 이동식비계 등의 작업발판 설치
▶ 추락 방지를 위해 안전대 부착설비 설치 및 안전대 착용 등 추락방지조치 실시","철근콘크리트공사 협력업체 ㈜OO건설 소속 재해자가 지붕층 슬래브의 보(폭×춤=500×900mm, L=4.6m) 거푸집 설치작업을 하던 중 몸의 중심을 잃고 넘어지면서 보 측면 거푸집을 잡고 떨어지지 않으려고 버티다가, 지상 8층 바닥으로 떨어졌고(H=3.3m) 연이어 보 측면 거푸집이 떨어지면서 재해자를 가격하여 사망 [유발요인] 추락방지조치 미실한 상태에서 보 하부 거푸집에서 합판 연결부을 못으로 고정하는 작업 중 중심을 잃고 근로자다 추락하여 바닥 돌출된 수직 철근에 가슴부위가 찔림 [대책] ▶ 거푸집 조립 작업을 위한 강관비계, 이동식비계 등의 작업발판 설치
▶ 추락 방지를 위해 안전대 부착설비 설치 및 안전대 착용 등 추락방지조치 실시",2. 철근콘크리트공사,2.1 거푸집 작업,,
건설업,,"2018년 10월경 OO신축공사 현장에서, 자재 양중 작업하던 이동식크레인 붐 끝단에 부착되어 있던 권과방지장치가 불분명한 원인으로 탈락·비래하여 지상 1층에서 보 거푸집 조립 작업을 하던 재해자의 머리와 흉부를 강타하여 사망",이동식크레인,2. 철근콘크리트공사,사용장비의 사전점검을 미실시한 상태에서 자재 양중 작업하던 이동식크레인 boom 끝단에 부착되어 있던 권과방지장치가 노후 등 원인으로 탈락·비래하여 근로자 머리를 강타,"▶ 건설기계 작업시 작업 전 주요구조부 체결볼트의 충분한 강도유지 및 이상유무 확인 철저
▶ 자재 양중 구간 양중 경로 하부에 근로자 출입 금지","2018년 10월경 OO신축공사 현장에서, 자재 양중 작업하던 이동식크레인 붐 끝단에 부착되어 있던 권과방지장치가 불분명한 원인으로 탈락·비래하여 지상 1층에서 보 거푸집 조립 작업을 하던 재해자의 머리와 흉부를 강타하여 사망 [유발요인] 사용장비의 사전점검을 미실시한 상태에서 자재 양중 작업하던 이동식크레인 boom 끝단에 부착되어 있던 권과방지장치가 노후 등 원인으로 탈락·비래하여 근로자 머리를 강타 [대책] ▶ 건설기계 작업시 작업 전 주요구조부 체결볼트의 충분한 강도유지 및 이상유무 확인 철저
▶ 자재 양중 구간 양중 경로 하부에 근로자 출입 금지",2. 철근콘크리트공사,2.1 거푸집 작업,,
건설업,,"2017년 7월경 ㈜OO건설이 시공하는 OO신축공사 현장에서, 협력업체 소속 재해자가 O동 3호라인 3층의 계단실 알루미늄 폼 설치작업을 수행하던 중 지하1층 엘리베이트홀 앞에서 쓰러진 채 발견되어 사망",분류불능,2. 철근콘크리트공사,폭염 속 계단실에서 알폼 설치작업 중 지하 E/V 전면 계단실에 쓰러져 있는 채로 발견,"▶ 폭염특보 발령 시, 1시간 주기로 10~15분 이상 규칙적으로 휴식시간을 부여하여 과도한 작업수행을 금지
▶ 하절기 작업 시, 폭염에 대비하여 부대시설, 임시 천막 등 현장 곳곳에 휴게공간을 마련하여 작업자들이 그늘진 곳에서 쉴 수 있도록 조치
▶ 하절기 작업 시, 작업자들에게 주기적으로 수분과 식염을 섭취할 것을 주지","2017년 7월경 ㈜OO건설이 시공하는 OO신축공사 현장에서, 협력업체 소속 재해자가 O동 3호라인 3층의 계단실 알루미늄 폼 설치작업을 수행하던 중 지하1층 엘리베이트홀 앞에서 쓰러진 채 발견되어 사망 [유발요인] 폭염 속 계단실에서 알폼 설치작업 중 지하 E/V 전면 계단실에 쓰러져 있는 채로 발견 [대책] ▶ 폭염특보 발령 시, 1시간 주기로 10~15분 이상 규칙적으로 휴식시간을 부여하여 과도한 작업수행을 금지
▶ 하절기 작업 시, 폭염에 대비하여 부대시설, 임시 천막 등 현장 곳곳에 휴게공간을 마련하여 작업자들이 그늘진 곳에서 쉴 수 있도록 조치
▶ 하절기 작업 시, 작업자들에게 주기적으로 수분과 식염을 섭취할 것을 주지",2. 철근콘크리트공사,2.1 거푸집 작업,,
건설업,,"2020년  5월경 OO건설(주) OO신축공사 현장에서, 하도급업체 소속 재해자가 지하 1층 바닥슬래브 거푸집 설치 작업 중 슬래브 설치 예정 개구부에서 떨어진(H≒3.5m) 후 병원에 후송되어 치료 중 사망한 재해임.",거푸집,2. 철근콘크리트공사,추락방지조치 미실시한 상태에서 지하층 바닥슬래브 거푸집 설치 작업 중 슬래브 개구부로 근로자 추락,"▶ 기둥 상부 작업 등 추락 위험이 있는 작업은 이동식 비계 등을 이용하여 발판 및 안전난간 등  설치
▶ 거푸집 조립 작업 등 추락 위험이 있는 장소에서 작업 시 추락방호망, 안전난간 설치, 안전대 착용 등 추락방호조치 실시
▶ 임시로 난간 등을 해체하여야 하는 경우 비계와 건물 사이에 추락방호망 설치","2020년  5월경 OO건설(주) OO신축공사 현장에서, 하도급업체 소속 재해자가 지하 1층 바닥슬래브 거푸집 설치 작업 중 슬래브 설치 예정 개구부에서 떨어진(H≒3.5m) 후 병원에 후송되어 치료 중 사망한 재해임. [유발요인] 추락방지조치 미실시한 상태에서 지하층 바닥슬래브 거푸집 설치 작업 중 슬래브 개구부로 근로자 추락 [대책] ▶ 기둥 상부 작업 등 추락 위험이 있는 작업은 이동식 비계 등을 이용하여 발판 및 안전난간 등  설치
▶ 거푸집 조립 작업 등 추락 위험이 있는 장소에서 작업 시 추락방호망, 안전난간 설치, 안전대 착용 등 추락방호조치 실시
▶ 임시로 난간 등을 해체하여야 하는 경우 비계와 건물 사이에 추락방호망 설치",2. 철근콘크리트공사,2.1 거푸집 작업,,
건설업,,2017년 3월경 OO건설(주) OO신축공사현장에서 협력업체 소속 재해자가 지하1층 형틀작업 과정에서 임시로 세워놓은 기둥거푸집의 버팀대가 이탈되어 넘어지는 기둥거푸집 상단부가 재해자의 뒷목을 타격하여 사망,거푸집,2. 철근콘크리트공사,인양장비에 매달지 않고 버팀대를 견고하게 설치하지 않은 상태에서 지하층 형틀작업 중 임시로 세워놓은 기둥거푸집이 버팀대의 이탈로 넘어져 근로자 뒷목 타격,"▶ 기둥거푸집이 넘어지지 않도록 인양장비에 매단 후, 견고한 구조의 버팀대를 변형 되지 않은 부재에 설치하고 작업하는 등 필요한 조치
▶ 버팀대 설치 부재의 손상여부를 사전에 확인하고 이탈되지 않도록 쐐기ㆍ못 등으로 견고하게 고정","2017년 3월경 OO건설(주) OO신축공사현장에서 협력업체 소속 재해자가 지하1층 형틀작업 과정에서 임시로 세워놓은 기둥거푸집의 버팀대가 이탈되어 넘어지는 기둥거푸집 상단부가 재해자의 뒷목을 타격하여 사망 [유발요인] 인양장비에 매달지 않고 버팀대를 견고하게 설치하지 않은 상태에서 지하층 형틀작업 중 임시로 세워놓은 기둥거푸집이 버팀대의 이탈로 넘어져 근로자 뒷목 타격 [대책] ▶ 기둥거푸집이 넘어지지 않도록 인양장비에 매단 후, 견고한 구조의 버팀대를 변형 되지 않은 부재에 설치하고 작업하는 등 필요한 조치
▶ 버팀대 설치 부재의 손상여부를 사전에 확인하고 이탈되지 않도록 쐐기ㆍ못 등으로 견고하게 고정",2. 철근콘크리트공사,2.1 거푸집 작업,,
건설업,,"2020년 4월경 OO신축공사 현장에서, 재해자가 이동식크레인(정격하중 25ton)을 이용하여 지상 1층으로 인양된 외벽 대형 거푸집(L≒2,300mm×3,000~3,600mm), W≒185.9kg)을 설치하고 지하로 이동하여 다른 외벽 대형 거푸집 해체를 위해 지하로 이동 중, 전도되어 떨어지는 지상 1층 설치된 외벽 대형 거푸집이 재해자를 덮쳐 사망",거푸집,2. 철근콘크리트공사,"거푸집 조립시 구조검토에 의한 조립도 미작성, 거푸집 전도방지조치 미실시한 상태로 콘크리트 옹벽 벽체거푸집 조립 작업 중 옹벽벽체 외벽 거푸집이 근로자의 전면으로 넘어져 깔림","▶ 거푸집을 설치 할 경우 자중 또는 외력에 의해 넘어지지 않도록 견고한 구조의 버팀대 또는 지지대를 설치 
▶ 벽체거푸집 조립 시 구조에 대해 자중, 풍하중, 작업하중 등에 의한 수평방향 하중에 대해 구조검토 후 부재의 재질, 간격, 고정방법 등이 포함된 조립도를 작성 
▶ 거푸집 조립 시 긴결재, 버팀대 또는 지지대 설치 등 전도방지조치 실행","2020년 4월경 OO신축공사 현장에서, 재해자가 이동식크레인(정격하중 25ton)을 이용하여 지상 1층으로 인양된 외벽 대형 거푸집(L≒2,300mm×3,000~3,600mm), W≒185.9kg)을 설치하고 지하로 이동하여 다른 외벽 대형 거푸집 해체를 위해 지하로 이동 중, 전도되어 떨어지는 지상 1층 설치된 외벽 대형 거푸집이 재해자를 덮쳐 사망 [유발요인] 거푸집 조립시 구조검토에 의한 조립도 미작성, 거푸집 전도방지조치 미실시한 상태로 콘크리트 옹벽 벽체거푸집 조립 작업 중 옹벽벽체 외벽 거푸집이 근로자의 전면으로 넘어져 깔림 [대책] ▶ 거푸집을 설치 할 경우 자중 또는 외력에 의해 넘어지지 않도록 견고한 구조의 버팀대 또는 지지대를 설치 
▶ 벽체거푸집 조립 시 구조에 대해 자중, 풍하중, 작업하중 등에 의한 수평방향 하중에 대해 구조검토 후 부재의 재질, 간격, 고정방법 등이 포함된 조립도를 작성 
▶ 거푸집 조립 시 긴결재, 버팀대 또는 지지대 설치 등 전도방지조치 실행",2. 철근콘크리트공사,2.1 거푸집 작업,,
건설업,,2018년 8월경 OO동 지하 1층 벽체 거푸집 플랫타이 체결 작업 중 동료작업자가 바닥에 쓰러져 있는 재해자를 발견 후 병원에서 사망,동바리,2. 철근콘크리트공사,시스템동바리 수평재에 올라서서 작업 중 추락,"▶ 작업장 주변 정리정돈 및 작업에 적합한 작업발판 설치
▶ 넘어짐 또는 추락방지를 위해 안전대 착용
▶ 개인보호구 지급 및 착용","2018년 8월경 OO동 지하 1층 벽체 거푸집 플랫타이 체결 작업 중 동료작업자가 바닥에 쓰러져 있는 재해자를 발견 후 병원에서 사망 [유발요인] 시스템동바리 수평재에 올라서서 작업 중 추락 [대책] ▶ 작업장 주변 정리정돈 및 작업에 적합한 작업발판 설치
▶ 넘어짐 또는 추락방지를 위해 안전대 착용
▶ 개인보호구 지급 및 착용",2. 철근콘크리트공사,2.1 거푸집 작업,,
건설업,,2018년 2월경 개인이 시공하는 (주)OO공사 현장에서 재해자가 데크플레이트 판개 및 용접 작업을 위해 철골 상부 이동 중 몸의 중심을 잃고 약 5.8m 아래 바닥으로 떨어지며 사망,철골(철골구조물),2. 철근콘크리트공사,추락 방지조치 미실시한 상태에서 데크플레이트 판개 및 용접 작업을 위해 철골 상부 이동 중 몸의 중심을 잃고 바닥으로 추락,"▶ 추락위험이 있는 구간에는 추락방호망, 안전난간 설치 또는 및 안전대 착용후 작업
▶ 안전난간 설치 기준 준수하여 살치 및 관리감독자 확인 ","2018년 2월경 개인이 시공하는 (주)OO공사 현장에서 재해자가 데크플레이트 판개 및 용접 작업을 위해 철골 상부 이동 중 몸의 중심을 잃고 약 5.8m 아래 바닥으로 떨어지며 사망 [유발요인] 추락 방지조치 미실시한 상태에서 데크플레이트 판개 및 용접 작업을 위해 철골 상부 이동 중 몸의 중심을 잃고 바닥으로 추락 [대책] ▶ 추락위험이 있는 구간에는 추락방호망, 안전난간 설치 또는 및 안전대 착용후 작업
▶ 안전난간 설치 기준 준수하여 살치 및 관리감독자 확인 ",2. 철근콘크리트공사,2.1 거푸집 작업,,
건설업,,"2017년 1월경, (주)OO건설 00아파트 신축공사 신축현장에서 협력업체  소속 재해자가 1층 계단실에서 바닥에 수평목을 설치하던 중 쓰러져 사망",분류불능,2. 철근콘크리트공사,계단실에서 바닥에 수평목을 설치하던 중 알수없는 이유로 근로자 쓰러짐,▶ 원인 미상,"2017년 1월경, (주)OO건설 00아파트 신축공사 신축현장에서 협력업체  소속 재해자가 1층 계단실에서 바닥에 수평목을 설치하던 중 쓰러져 사망 [유발요인] 계단실에서 바닥에 수평목을 설치하던 중 알수없는 이유로 근로자 쓰러짐 [대책] ▶ 원인 미상",2. 철근콘크리트공사,2.1 거푸집 작업,,
건설업,,"2021년 1월경 (주)OO건설에서 시공 중인 OO정비사업 현장에서, 재해자 가 지상 1층과 지하 1층을 연결하는 계단참 바닥 거푸집 설치 작업 중 알 수 없는 이유로 쓰러져 사망",분류불능,2. 철근콘크리트공사,지상층과 지하층을 연결하는 계단참 바닥 거푸집 설치 작업 중 알 수 없는 이유로 쓰러짐,▶ 원인 미상,"2021년 1월경 (주)OO건설에서 시공 중인 OO정비사업 현장에서, 재해자 가 지상 1층과 지하 1층을 연결하는 계단참 바닥 거푸집 설치 작업 중 알 수 없는 이유로 쓰러져 사망 [유발요인] 지상층과 지하층을 연결하는 계단참 바닥 거푸집 설치 작업 중 알 수 없는 이유로 쓰러짐 [대책] ▶ 원인 미상",2. 철근콘크리트공사,2.1 거푸집 작업,,
건설업,,"2020년 9월경 (주)OO건설이 시공하는 OO현장에서 협력업체 소속 재해자가 실습동 3층 외부계단에서 거푸집 해체작업 중 이동식크레인을 이용하여 3층으로 인양하던 철골부재(H형강 4개, L=9.2m, 총중량 3.3톤)가 떨어지며 가한 충격으로 휘어지던 수직철근(Ø25mm, L≒1.5m)에 머리를 맞고 사망",철골(철골자재),2. 철근콘크리트공사,낙하물 방지조치 미실시한 상태에서 지상층 외부계단에서 거푸집 해체작업 중 이동식크레인을 이용하여 같은층으로 인양하던 철골부재가 낙하하며 가한 충격으로 휘어지던 수직철근이 근로자 머리 가격,"▶ 이동식 크레인을 이용하여 철골부재를 인양하는 경우 사전에 근로자 출입 통제
▶ 철골부재 인양작업 시 낙하물 발생에 대비하여 작업 통제 신호수 배치","2020년 9월경 (주)OO건설이 시공하는 OO현장에서 협력업체 소속 재해자가 실습동 3층 외부계단에서 거푸집 해체작업 중 이동식크레인을 이용하여 3층으로 인양하던 철골부재(H형강 4개, L=9.2m, 총중량 3.3톤)가 떨어지며 가한 충격으로 휘어지던 수직철근(Ø25mm, L≒1.5m)에 머리를 맞고 사망 [유발요인] 낙하물 방지조치 미실시한 상태에서 지상층 외부계단에서 거푸집 해체작업 중 이동식크레인을 이용하여 같은층으로 인양하던 철골부재가 낙하하며 가한 충격으로 휘어지던 수직철근이 근로자 머리 가격 [대책] ▶ 이동식 크레인을 이용하여 철골부재를 인양하는 경우 사전에 근로자 출입 통제
▶ 철골부재 인양작업 시 낙하물 발생에 대비하여 작업 통제 신호수 배치",2. 철근콘크리트공사,2.1 거푸집 작업,,
건설업,,"2017년 5월경 OO상가주택 신축공사 현장 1층 바닥에서 재해자가 동료작업자와 기둥 띠철근 조립 후, 후속작업을 위해 이동하던 중 바닥에 놓인 나무각재에 걸려 넘어지면서, 바닥에서 돌출된 벽체철근이 재해자 머리에 박혀 사망","각재(파이프,강관,합판)",2. 철근콘크리트공사,"기둥 띠철근 조립 후, 후속작업을 위해 이동하던 중 바닥에 놓인 각재에 걸려 넘어지면서 돌출된 벽체철근이 근로자 머리에 찔림","▶ 현장 내부가 협소한 경우 별도의 자재보관 장소 확보 및 일부 자재만 내부에 순차적 반입으로 작업공간 및 이동통로 확보
▶ 부득이하게 바닥에 각재와 같은 자재적치 시 상부에 근로자 전도방지를 위해 바닥으로부터 띄워 이동통로 설치
▶ 이동구간에 돌출철근 등 재해우려 자재 돌출 시 철근 돌출부에 보호캡 설치","2017년 5월경 OO상가주택 신축공사 현장 1층 바닥에서 재해자가 동료작업자와 기둥 띠철근 조립 후, 후속작업을 위해 이동하던 중 바닥에 놓인 나무각재에 걸려 넘어지면서, 바닥에서 돌출된 벽체철근이 재해자 머리에 박혀 사망 [유발요인] 기둥 띠철근 조립 후, 후속작업을 위해 이동하던 중 바닥에 놓인 각재에 걸려 넘어지면서 돌출된 벽체철근이 근로자 머리에 찔림 [대책] ▶ 현장 내부가 협소한 경우 별도의 자재보관 장소 확보 및 일부 자재만 내부에 순차적 반입으로 작업공간 및 이동통로 확보
▶ 부득이하게 바닥에 각재와 같은 자재적치 시 상부에 근로자 전도방지를 위해 바닥으로부터 띄워 이동통로 설치
▶ 이동구간에 돌출철근 등 재해우려 자재 돌출 시 철근 돌출부에 보호캡 설치",2. 철근콘크리트공사,2.3 철근 작업,,
건설업,,"2016년 2월경 OO오피스텔 신축공사 현장 OO동의 최상층인 2층에서 협력업체 소속 재해자가 타워크레인으로 운반중인 철근 다발을 신호중 철근 운반구의 한쪽이 슬링벨트에서 탈락되면서 운반구에 실려있던 철근다발이 재해자를 강타, 사망","철근콘크리트자재(철근,콘크리트,PC)",2. 철근콘크리트공사,타워크레인으로 운반중인 철근 다발을 신호 중 철근 운반구의 한쪽이 슬링벨트에서 탈락되면서 운반구에 실려있던 철근다발이 근로자 강타,"▶ 타워크레인으로 철근다발을 운반하는 경우 운반 중인 철근다발이 머리 위로 통과하지 않도록 안전조치
▶ 철근다발 등 타원크레인으로 운반하는 등 작업을 할때의 작업방법 및 운반구가 적절한지 작업 전 확인 조치 
▶ 철근다발 등 중량물 취급시에는 운반 등의 작업에 있어서 계획서를 작업하고 그 계획에 따라 작업하도록 지시","2016년 2월경 OO오피스텔 신축공사 현장 OO동의 최상층인 2층에서 협력업체 소속 재해자가 타워크레인으로 운반중인 철근 다발을 신호중 철근 운반구의 한쪽이 슬링벨트에서 탈락되면서 운반구에 실려있던 철근다발이 재해자를 강타, 사망 [유발요인] 타워크레인으로 운반중인 철근 다발을 신호 중 철근 운반구의 한쪽이 슬링벨트에서 탈락되면서 운반구에 실려있던 철근다발이 근로자 강타 [대책] ▶ 타워크레인으로 철근다발을 운반하는 경우 운반 중인 철근다발이 머리 위로 통과하지 않도록 안전조치
▶ 철근다발 등 타원크레인으로 운반하는 등 작업을 할때의 작업방법 및 운반구가 적절한지 작업 전 확인 조치 
▶ 철근다발 등 중량물 취급시에는 운반 등의 작업에 있어서 계획서를 작업하고 그 계획에 따라 작업하도록 지시",2. 철근콘크리트공사,2.3 철근 작업,,
건설업,,2020년 8월경 (주)OO에서 시공하는 주택재개발 정비사업 현장에서 협력업체 소속 재해자가 작업을 마친 후 화장실 세면대 앞에서 쓰러져있는 것을 경비반장이 발견하여 119신고 후 병원으로 이송하여 치료 중 사망,분류불능,2. 철근콘크리트공사,작업을 마친 후 화장실 세면대 앞에서 열사병으로 인한 다기관부전으로 쓰러진 후 발견,"▶ 폭염에 노출되는 옥외 골조작업 시 근로자 모두를 수용할 수 있는 적절한 휴게시설 설치
▶ 햇볕을 완전히 차단할 수 있는 재질의 그늘막 활용 및 방음벽 인근 형성된 자연그늘에 의자나 돗자리, 음료수대 등 비품 비치하여 근로자들의 휴식 운영 실시
▶ 폭염특보의 종류에 따라 폭염주의보(33℃) 발령 시 매 시간당 10분씩, 폭염경보(35℃) 발령 시 15분씩 휴식 권장","2020년 8월경 (주)OO에서 시공하는 주택재개발 정비사업 현장에서 협력업체 소속 재해자가 작업을 마친 후 화장실 세면대 앞에서 쓰러져있는 것을 경비반장이 발견하여 119신고 후 병원으로 이송하여 치료 중 사망 [유발요인] 작업을 마친 후 화장실 세면대 앞에서 열사병으로 인한 다기관부전으로 쓰러진 후 발견 [대책] ▶ 폭염에 노출되는 옥외 골조작업 시 근로자 모두를 수용할 수 있는 적절한 휴게시설 설치
▶ 햇볕을 완전히 차단할 수 있는 재질의 그늘막 활용 및 방음벽 인근 형성된 자연그늘에 의자나 돗자리, 음료수대 등 비품 비치하여 근로자들의 휴식 운영 실시
▶ 폭염특보의 종류에 따라 폭염주의보(33℃) 발령 시 매 시간당 10분씩, 폭염경보(35℃) 발령 시 15분씩 휴식 권장",2. 철근콘크리트공사,2.3 철근 작업,,
건설업,,2020년 11월경 OO(주) 공장 신축공사 현장에서 육가공 공장동 지상1층 냉동창고 바닥 방수콘크리트 타설을 위하여 대기 중인 OO기업(주) 소속 콘크리트 믹서트럭이 제동장치 이상(추정)으로 현장 진입경사로에서 미끄러지면서 OO(주) 기존공장 출입구에 있던 경비실로 돌진하여 내부에서 근무 중인 OO건설(주) 소속 재해자(경비원)를 덮쳐 사망,콘크리트믹서,2. 철근콘크리트공사,콘크리트 타설을 위해 대기 중인 콘크리트 믹서트럭이 제동장치 이상으로 미끄러지며 근로자 깔림,"▶ 차량계 건설기계를 사용하여 작업 시 작업 전 관리감독자가 브레이크 및 클러치 등의 기능 점검
▶ 경사로에서 차량계 건설기계에 탑승하여 대기 시 사이드브레이크 체결 및 고임목 설치 등 미끄러짐 방지","2020년 11월경 OO(주) 공장 신축공사 현장에서 육가공 공장동 지상1층 냉동창고 바닥 방수콘크리트 타설을 위하여 대기 중인 OO기업(주) 소속 콘크리트 믹서트럭이 제동장치 이상(추정)으로 현장 진입경사로에서 미끄러지면서 OO(주) 기존공장 출입구에 있던 경비실로 돌진하여 내부에서 근무 중인 OO건설(주) 소속 재해자(경비원)를 덮쳐 사망 [유발요인] 콘크리트 타설을 위해 대기 중인 콘크리트 믹서트럭이 제동장치 이상으로 미끄러지며 근로자 깔림 [대책] ▶ 차량계 건설기계를 사용하여 작업 시 작업 전 관리감독자가 브레이크 및 클러치 등의 기능 점검
▶ 경사로에서 차량계 건설기계에 탑승하여 대기 시 사이드브레이크 체결 및 고임목 설치 등 미끄러짐 방지",2. 철근콘크리트공사,2.4 콘크리트 작업,,
건설업,,2021년 7월경 ㈜OO이 시공중인 재개발 정비사업 현장에서 재해자(보통인부)가 콘크리트 타설 예정인 110동 15층 슬래브 청소 작업을 하던 중 바닥에 쓰러진 상태로 발견되어 병원으로 이송하여 치료 중 사망(추정),분류불능,2. 철근콘크리트공사,혹서기 콘크리트 타설 예정인 슬래브 청소 작업을 하던 중 바닥에 쓰러진 상태로 발견됨,"▶ 폭염에 노출되는 옥외 골조작업 시 근로자 모두를 수용할 수 있는 적절한 휴게시설 설치
▶ 햇볕을 완전히 차단할 수 있는 재질의 그늘막 활용 및 방음벽 인근 형성된 자연그늘에 의자나 돗자리, 음료수대 등 비품 비치하여 근로자들의 휴식 운영 실시
▶ 폭염특보의 종류에 따라 폭염주의보(33℃) 발령 시 매 시간당 10분씩, 폭염경보(35℃) 발령 시 15분씩 휴식 권장","2021년 7월경 ㈜OO이 시공중인 재개발 정비사업 현장에서 재해자(보통인부)가 콘크리트 타설 예정인 110동 15층 슬래브 청소 작업을 하던 중 바닥에 쓰러진 상태로 발견되어 병원으로 이송하여 치료 중 사망(추정) [유발요인] 혹서기 콘크리트 타설 예정인 슬래브 청소 작업을 하던 중 바닥에 쓰러진 상태로 발견됨 [대책] ▶ 폭염에 노출되는 옥외 골조작업 시 근로자 모두를 수용할 수 있는 적절한 휴게시설 설치
▶ 햇볕을 완전히 차단할 수 있는 재질의 그늘막 활용 및 방음벽 인근 형성된 자연그늘에 의자나 돗자리, 음료수대 등 비품 비치하여 근로자들의 휴식 운영 실시
▶ 폭염특보의 종류에 따라 폭염주의보(33℃) 발령 시 매 시간당 10분씩, 폭염경보(35℃) 발령 시 15분씩 휴식 권장",2. 철근콘크리트공사,2.4 콘크리트 작업,,
건설업,,"2017년 1월경 ㈜OO 아파트 현장에서 재해자가 지하주차장 슬래브에서 콘크리트를 타설하고 있는 펌프카 하부로 들어가 고압살수기로 물청소를 하고 고압호스를 가지고 나오던 중, 엔진과 연결되어 고속 회전하는 죠인트에 옷이 감기면서 사망",콘크리트펌프카,2. 철근콘크리트공사,지하주차장 슬래브에서 콘크리트를 타설하고 있는 펌프카 하부로 들어가 고압살수기로 물청소를 하고 고압호스를 가지고 나오던 중 엔진과 연결되어 고속 회전하는 죠인트에 옷이 감기면서 사망,"▶ 엔진과 연결된 죠인트가 고속으로 회전하고 있는 펌프카 하부에 작업자 출입 금지를 위해 유도자, 관리감독자 배치 또는 펜스, 표지반 설치
▶ 차량계 건설기계 사용 시 작업 전 종류, 운행경로, 작업방법 등에 대한 내용 및 작업순서, 방법 등을 작업자에게 주지","2017년 1월경 ㈜OO 아파트 현장에서 재해자가 지하주차장 슬래브에서 콘크리트를 타설하고 있는 펌프카 하부로 들어가 고압살수기로 물청소를 하고 고압호스를 가지고 나오던 중, 엔진과 연결되어 고속 회전하는 죠인트에 옷이 감기면서 사망 [유발요인] 지하주차장 슬래브에서 콘크리트를 타설하고 있는 펌프카 하부로 들어가 고압살수기로 물청소를 하고 고압호스를 가지고 나오던 중 엔진과 연결되어 고속 회전하는 죠인트에 옷이 감기면서 사망 [대책] ▶ 엔진과 연결된 죠인트가 고속으로 회전하고 있는 펌프카 하부에 작업자 출입 금지를 위해 유도자, 관리감독자 배치 또는 펜스, 표지반 설치
▶ 차량계 건설기계 사용 시 작업 전 종류, 운행경로, 작업방법 등에 대한 내용 및 작업순서, 방법 등을 작업자에게 주지",2. 철근콘크리트공사,2.4 콘크리트 작업,,
건설업,,2021년 3월경 (주)OO에서 시공하는 OO센터 신축현장에서 철근콘크리트 협력업체 OO(주) 소속 재해자가 지하4층 합벽 콘크리트 타설 중 복공판 상부에 설치되어있던 콘크리트 펌프카의 1단과 2단 붐대 연결부분 파단으로 인해 붐이 주저앉으면서 그 충격으로 붐 끝에 연결되어 있던 호스가 유동하면서 재해자를 타격하여 사망,콘크리트펌프카,2. 철근콘크리트공사,지하층 합벽 콘크리트 타설 중 복공판 상부에 설치되어있던 콘크리트 펌프카의 1단과 2단 붐대 연결부분 파단으로 인해 붐이 주저앉으면서 붐 끝에 연결되어 있던 호스가 유동하여 재해자를 타격,"▶ 콘크리트 펌프카를 사용하여 작업 시 아웃트리거 설치 길이 준수, 붐 각도, 타설 작업반경 검토 후 실시
▶ 차량계 건설기계를 사용하여 작업 시 붐∙암 등 작업장치가 파괴될 위험 방지를 위해 최대사용하중 준수
▶ 콘크리트 펌프카 사용 중 지반침하 방지를 위해 지반 허용지내력을 고려하여 아웃트리거 지지면적 확보 및 아웃트리거 하부에 철판으로 충분한 접지면 확보 후 작업","2021년 3월경 (주)OO에서 시공하는 OO센터 신축현장에서 철근콘크리트 협력업체 OO(주) 소속 재해자가 지하4층 합벽 콘크리트 타설 중 복공판 상부에 설치되어있던 콘크리트 펌프카의 1단과 2단 붐대 연결부분 파단으로 인해 붐이 주저앉으면서 그 충격으로 붐 끝에 연결되어 있던 호스가 유동하면서 재해자를 타격하여 사망 [유발요인] 지하층 합벽 콘크리트 타설 중 복공판 상부에 설치되어있던 콘크리트 펌프카의 1단과 2단 붐대 연결부분 파단으로 인해 붐이 주저앉으면서 붐 끝에 연결되어 있던 호스가 유동하여 재해자를 타격 [대책] ▶ 콘크리트 펌프카를 사용하여 작업 시 아웃트리거 설치 길이 준수, 붐 각도, 타설 작업반경 검토 후 실시
▶ 차량계 건설기계를 사용하여 작업 시 붐∙암 등 작업장치가 파괴될 위험 방지를 위해 최대사용하중 준수
▶ 콘크리트 펌프카 사용 중 지반침하 방지를 위해 지반 허용지내력을 고려하여 아웃트리거 지지면적 확보 및 아웃트리거 하부에 철판으로 충분한 접지면 확보 후 작업",2. 철근콘크리트공사,2.4 콘크리트 작업,,
건설업,,"2020년 6월경 OO에서 시공하는 근린생활시설 신축공사현장에서 콘크리트 펌프카를 이용한 버림 콘크리트 타설을 완료한 후 붐(Boom, 총 4단 중 3단 접는 도중 사고발생)을 접는 순간, 유압실린더의 로드(Rod)가 전단파괴를 일으키며 파단되면서 붐이 구속력을 잃고 전방으로 펼쳐지면서 재해자(미장공)를 가격하여 사망",콘크리트펌프카,2. 철근콘크리트공사,버림 콘크리트 타설 완료 후 펌프카 붐을 접는 순간 유압실린더의 로드가 전단파괴를 일으키며 파단되면서 붐이 구속력을 잃고 전방으로 펼쳐지면서 재해자를 가격,"▶ 위험구역 내 근로자 출입금지
▶ 유도자 배치를 통한 근로자 출입통제 및 차량계 건설기계 유도","2020년 6월경 OO에서 시공하는 근린생활시설 신축공사현장에서 콘크리트 펌프카를 이용한 버림 콘크리트 타설을 완료한 후 붐(Boom, 총 4단 중 3단 접는 도중 사고발생)을 접는 순간, 유압실린더의 로드(Rod)가 전단파괴를 일으키며 파단되면서 붐이 구속력을 잃고 전방으로 펼쳐지면서 재해자(미장공)를 가격하여 사망 [유발요인] 버림 콘크리트 타설 완료 후 펌프카 붐을 접는 순간 유압실린더의 로드가 전단파괴를 일으키며 파단되면서 붐이 구속력을 잃고 전방으로 펼쳐지면서 재해자를 가격 [대책] ▶ 위험구역 내 근로자 출입금지
▶ 유도자 배치를 통한 근로자 출입통제 및 차량계 건설기계 유도",2. 철근콘크리트공사,2.4 콘크리트 작업,,
건설업,,"2016년 3월경 OO(주)가 시공하는 아파트 주차장 Slab 콘크리트 타설작업 현장에서 OO종건(주) 소속인 재해자(비계공)가 펌프카 붐 끝단부에 붙어 있는 End Hose를 잡고 Con`c 타설 중, 펌프카의 왼쪽 아웃트리거 하부 지반이 침하되며 아웃트리거가 고임목을 이탈하면서 펌프카 붐대가 아래로 처지면서 재해자를 덮쳐 사망",콘크리트펌프카,2. 철근콘크리트공사,콘크리트 타설 작업 중 펌프카 아웃트리거 하부 지반이 침하되어 펌프카가 기울어지며 펌프카 붐대가 근로자 가격,"▶ 콘크리트 펌프카를 이용한 타설 작업 시 지반·지층 상태 사전조사 및 다짐 등의 방법으로 지지력 확보
▶ 콘크리트 펌프카를 이용한 타설 작업 시 아웃트리거 손상 등에 의한 전도방지를 위해 아웃트리거 접지부 받침대 설치 등 실시
▶ 차량계 건설기계 사용 시 유도자를 배치하여 작업반경 내 근로자 접근 통제 실시","2016년 3월경 OO(주)가 시공하는 아파트 주차장 Slab 콘크리트 타설작업 현장에서 OO종건(주) 소속인 재해자(비계공)가 펌프카 붐 끝단부에 붙어 있는 End Hose를 잡고 Con`c 타설 중, 펌프카의 왼쪽 아웃트리거 하부 지반이 침하되며 아웃트리거가 고임목을 이탈하면서 펌프카 붐대가 아래로 처지면서 재해자를 덮쳐 사망 [유발요인] 콘크리트 타설 작업 중 펌프카 아웃트리거 하부 지반이 침하되어 펌프카가 기울어지며 펌프카 붐대가 근로자 가격 [대책] ▶ 콘크리트 펌프카를 이용한 타설 작업 시 지반·지층 상태 사전조사 및 다짐 등의 방법으로 지지력 확보
▶ 콘크리트 펌프카를 이용한 타설 작업 시 아웃트리거 손상 등에 의한 전도방지를 위해 아웃트리거 접지부 받침대 설치 등 실시
▶ 차량계 건설기계 사용 시 유도자를 배치하여 작업반경 내 근로자 접근 통제 실시",2. 철근콘크리트공사,2.4 콘크리트 작업,,
건설업,,2017년 4월경 OO건설이 시공하는 근린생활시설 부지조성 현장에서 재해자(목공)가 콘크리트 펌프카 붐 끝에 달린 호스를 잡고 옹벽(H=2.0m) 기초 콘크리트 타설작업 중 콘크리트 펌프카 전면부 우측의 아웃트리거 하부 지반이 침하되고 고임목이 파손되면서 콘크리트 펌프카가 기울어져 콘크리트 펌프카의 붐에 맞은 후 깔리면서 사망,콘크리트펌프카,2. 철근콘크리트공사,콘크리트 타설 작업 중 펌프카 아웃트리거 하부 지반이 침하되어 펌프카가 기울어지며 펌프카 붐대가 근로자 가격,"▶ 콘크리트 펌프카를 이용한 타설 작업 시 지반·지층 상태 사전조사 및 다짐 등의 방법으로 지지력 확보
▶ 콘크리트 펌프카를 이용한 타설 작업 시 아웃트리거 손상 등에 의한 전도방지를 위해 아웃트리거 접지부 받침대 설치 등 실시
▶ 차량계 건설기계 사용 시 유도자를 배치하여 작업반경 내 근로자 접근 통제 실시","2017년 4월경 OO건설이 시공하는 근린생활시설 부지조성 현장에서 재해자(목공)가 콘크리트 펌프카 붐 끝에 달린 호스를 잡고 옹벽(H=2.0m) 기초 콘크리트 타설작업 중 콘크리트 펌프카 전면부 우측의 아웃트리거 하부 지반이 침하되고 고임목이 파손되면서 콘크리트 펌프카가 기울어져 콘크리트 펌프카의 붐에 맞은 후 깔리면서 사망 [유발요인] 콘크리트 타설 작업 중 펌프카 아웃트리거 하부 지반이 침하되어 펌프카가 기울어지며 펌프카 붐대가 근로자 가격 [대책] ▶ 콘크리트 펌프카를 이용한 타설 작업 시 지반·지층 상태 사전조사 및 다짐 등의 방법으로 지지력 확보
▶ 콘크리트 펌프카를 이용한 타설 작업 시 아웃트리거 손상 등에 의한 전도방지를 위해 아웃트리거 접지부 받침대 설치 등 실시
▶ 차량계 건설기계 사용 시 유도자를 배치하여 작업반경 내 근로자 접근 통제 실시",2. 철근콘크리트공사,2.4 콘크리트 작업,,
건설업,,"2018년 12월경 OO(주)에서 시공하는 OO 태양광발전소 전기저장장치(ESS) 기초공사 현장에서 협력업체 소속 재해자(콘크리트 타설공)가 콘크리트 타설 작업을 준비 하던 중,  콘크리트 펌프카의 압송관이 막히자 압송관 교체작업을 위해 클립의 볼트를 해지하는 순간 막혀있던 콘크리트가 갑자기 분출하여 재해자의 머리를 타격하여 사망 ",콘크리트펌프카,2. 철근콘크리트공사,콘크리트 타설 작업 준비 중 콘크리트 펌프카의 압송관이 막혀 압송관 교체작업을 위해 클립의 볼트를 해지하는 순간 막혀있던 콘크리트가 분출하여 근로자 가격,"▶ 콘크리트 펌프용 압송관이 막혀 콘크리트 타설작업 중지 시 작업 중단 및 보수 실시
▶ 분출되는 콘크리트에 맞을 위험이 있는 장소에서는 작업내용에 적정한 개인 보호구 지급 및 착용","2018년 12월경 OO(주)에서 시공하는 OO 태양광발전소 전기저장장치(ESS) 기초공사 현장에서 협력업체 소속 재해자(콘크리트 타설공)가 콘크리트 타설 작업을 준비 하던 중,  콘크리트 펌프카의 압송관이 막히자 압송관 교체작업을 위해 클립의 볼트를 해지하는 순간 막혀있던 콘크리트가 갑자기 분출하여 재해자의 머리를 타격하여 사망  [유발요인] 콘크리트 타설 작업 준비 중 콘크리트 펌프카의 압송관이 막혀 압송관 교체작업을 위해 클립의 볼트를 해지하는 순간 막혀있던 콘크리트가 분출하여 근로자 가격 [대책] ▶ 콘크리트 펌프용 압송관이 막혀 콘크리트 타설작업 중지 시 작업 중단 및 보수 실시
▶ 분출되는 콘크리트에 맞을 위험이 있는 장소에서는 작업내용에 적정한 개인 보호구 지급 및 착용",2. 철근콘크리트공사,2.4 콘크리트 작업,,
건설업,,2015년 12월경 ㈜OO OO신축공사 현장에서 협력업체 ㈜OO건설 소속 재해자(콘크리트 타설공)가 지하2층 전기실 패드 콘크리트 타설 후 배관 내부 청소작업 중 콘크리트 타설용 주름관에 걸려 넘어지면서 머리를 바닥에 부딪쳐 사망,"기타자재(내부마감재,시멘트,마대)",2. 철근콘크리트공사,전기실 패드 콘크리트 타설 후 배관 내부 청소작업 중 콘크리트 타설용 주름관에 걸려 넘어지면서 머리를 바닥에 부딪힘,"▶ 배관 내부 청소작업시 장비 및 기계사용에 대한 작업순서, 작업방법 등이 포함된 작업계획서 작성 및 준수
▶ 주름관이 움직이지 않도록 견고히 고정하고, 근로자 접근 통제 구역 지정 및 신호수 배치","2015년 12월경 ㈜OO OO신축공사 현장에서 협력업체 ㈜OO건설 소속 재해자(콘크리트 타설공)가 지하2층 전기실 패드 콘크리트 타설 후 배관 내부 청소작업 중 콘크리트 타설용 주름관에 걸려 넘어지면서 머리를 바닥에 부딪쳐 사망 [유발요인] 전기실 패드 콘크리트 타설 후 배관 내부 청소작업 중 콘크리트 타설용 주름관에 걸려 넘어지면서 머리를 바닥에 부딪힘 [대책] ▶ 배관 내부 청소작업시 장비 및 기계사용에 대한 작업순서, 작업방법 등이 포함된 작업계획서 작성 및 준수
▶ 주름관이 움직이지 않도록 견고히 고정하고, 근로자 접근 통제 구역 지정 및 신호수 배치",2. 철근콘크리트공사,2.4 콘크리트 작업,,
건설업,,"2018년 7월경 OO(주) OO신축공사 현장 101동 27층 바닥 슬라브 콘크리트 타설 마무리 작업을 하던 재해자(타설공)가 갑자기 쓰러져, 작업반장 및 동료작업자가 재해자를 그늘로(26층 내부) 옮겨서 응급조치중, 도착한 119구조대에 의해 병원으로 후송되었으나 사망_x000D_",분류불능,2. 철근콘크리트공사,"폭염 속 바닥 슬라브 콘크리트 타설 후, 심장질환을 갖고 있던 작업자가 콘크리트 면 마감 작업 중 정신을 잃고 쓰러짐","▶ 하절기 작업 시, 현장 내 출입한 작업자를 대상으로 기 질환보유여부를 파악하여 필요시 해당 일에 작업을 제하는 등의 조치 실시
▶ 하절기 타설 작업 시, 파라솔 다수 개를 여러 개소에 설치하여 작업자들이 언제든 그늘에서 쉴 수 있도록 조치","2018년 7월경 OO(주) OO신축공사 현장 101동 27층 바닥 슬라브 콘크리트 타설 마무리 작업을 하던 재해자(타설공)가 갑자기 쓰러져, 작업반장 및 동료작업자가 재해자를 그늘로(26층 내부) 옮겨서 응급조치중, 도착한 119구조대에 의해 병원으로 후송되었으나 사망_x000D_ [유발요인] 폭염 속 바닥 슬라브 콘크리트 타설 후, 심장질환을 갖고 있던 작업자가 콘크리트 면 마감 작업 중 정신을 잃고 쓰러짐 [대책] ▶ 하절기 작업 시, 현장 내 출입한 작업자를 대상으로 기 질환보유여부를 파악하여 필요시 해당 일에 작업을 제하는 등의 조치 실시
▶ 하절기 타설 작업 시, 파라솔 다수 개를 여러 개소에 설치하여 작업자들이 언제든 그늘에서 쉴 수 있도록 조치",2. 철근콘크리트공사,2.4 콘크리트 작업,,
건설업,,"2020년 8월경 OO(주)이 시공하는 OO 공장동 건축공사 현장에서, 재해자(미장공)이 공장동 1층 콘크리트 타설구간 내 기계미장(휘니셔) 작업을 하던 중 갑자기 쓰러져 병원으로 이송 후 사망",분류불능,2. 철근콘크리트공사,콘크리트 타설구간 내 기계미장 작업을 하던 중 갑자기 쓰러져 근로자 사망,"▶ 고열에 의한 건강장해 예방 조치 
▶ 적절한 휴게시설 운영
▶ 적절한 휴게시간 제공 및 관리","2020년 8월경 OO(주)이 시공하는 OO 공장동 건축공사 현장에서, 재해자(미장공)이 공장동 1층 콘크리트 타설구간 내 기계미장(휘니셔) 작업을 하던 중 갑자기 쓰러져 병원으로 이송 후 사망 [유발요인] 콘크리트 타설구간 내 기계미장 작업을 하던 중 갑자기 쓰러져 근로자 사망 [대책] ▶ 고열에 의한 건강장해 예방 조치 
▶ 적절한 휴게시설 운영
▶ 적절한 휴게시간 제공 및 관리",2. 철근콘크리트공사,2.4 콘크리트 작업,,
건설업,,2017년 12월경 공동주택 신축공사 현장에서 ㈜OO 협력업체인 OO건설(주) 소속 근로자(최초 목격자)가 1동 옥탑2층 타설 후 콘크리트 보온양생을 위해 난로(대나무숯)를 점화하였고 이후 난로의 상태를 확인하기 위하여 해당 장소로 올라간 재해자가 사망,화학물질,2. 철근콘크리트공사,동절기 콘크리트 타설 후 보온양생용 숯 난로를 사용하는 현장에서 농도측정을 하지 않고 송기마스크를 착용하지 않은채 작업장에 출입한 근로자 질식,"▶ 동절기 콘크리트의 보온양생을 목적으로 갈탄, 목탄,야자열매 숯 등 난로를 사용하는 경우, 주기적으로 작업장 내 환기 실시
▶ 동절기 콘크리트의 보온양생을 목적으로 난로를 사용하는 경우, 재료(야자열매숯, 갈탄 등)의 일산화탄소 발생 시험성적, 밀폐 공간에서 사용 시 발생할 수 있는 질식재해 등과 같은 위험성을 사전에 확인 후 사용하도록 조치
▶ 동절기 콘크리트의 보온양생을 목적으로 난로를 사용하고 일정시간 사용 후 교체하는 경우, 반드시 호흡용 보호구를 착용하고 유해가스 농도 측정기를 사용하여 질식사고에 대비","2017년 12월경 공동주택 신축공사 현장에서 ㈜OO 협력업체인 OO건설(주) 소속 근로자(최초 목격자)가 1동 옥탑2층 타설 후 콘크리트 보온양생을 위해 난로(대나무숯)를 점화하였고 이후 난로의 상태를 확인하기 위하여 해당 장소로 올라간 재해자가 사망 [유발요인] 동절기 콘크리트 타설 후 보온양생용 숯 난로를 사용하는 현장에서 농도측정을 하지 않고 송기마스크를 착용하지 않은채 작업장에 출입한 근로자 질식 [대책] ▶ 동절기 콘크리트의 보온양생을 목적으로 갈탄, 목탄,야자열매 숯 등 난로를 사용하는 경우, 주기적으로 작업장 내 환기 실시
▶ 동절기 콘크리트의 보온양생을 목적으로 난로를 사용하는 경우, 재료(야자열매숯, 갈탄 등)의 일산화탄소 발생 시험성적, 밀폐 공간에서 사용 시 발생할 수 있는 질식재해 등과 같은 위험성을 사전에 확인 후 사용하도록 조치
▶ 동절기 콘크리트의 보온양생을 목적으로 난로를 사용하고 일정시간 사용 후 교체하는 경우, 반드시 호흡용 보호구를 착용하고 유해가스 농도 측정기를 사용하여 질식사고에 대비",2. 철근콘크리트공사,2.4 콘크리트 작업,,
건설업,,"2019년 11월경 OO체육관 개보수 현장에서 ㈜OO 소속 재해자(보통인부)가 츄레라에 적재된 철재기둥(Φ508, L=7.5m, , 2.02Ton) 에 올라가 하역 준비를 하던 중 츄레라 기사가 체인블럭을 푸는 순간 철재기둥이 무게중심을 잃고 츄레라 단부에서 철재기둥과 재해자가 바닥으로 떨어진 후(H=1.54m) 철재기둥이 굴러 재해자의 안면을 덮쳐 사망",철골(철골자재),3. 철골공사,츄레라에 적재된 철재기둥에 올라가 하역 준비를 하던 중 츄레라 기사가 체인블럭을 해체하는 순간 철재기둥이 무게 중심을 잃고 무너져 근로자와 함께 낙하,"▶ 철재기둥의 하역 작업 시 안전조치 후 작업 실시
▶ 지급된 개인보후구 착용 후 작업 실시","2019년 11월경 OO체육관 개보수 현장에서 ㈜OO 소속 재해자(보통인부)가 츄레라에 적재된 철재기둥(Φ508, L=7.5m, , 2.02Ton) 에 올라가 하역 준비를 하던 중 츄레라 기사가 체인블럭을 푸는 순간 철재기둥이 무게중심을 잃고 츄레라 단부에서 철재기둥과 재해자가 바닥으로 떨어진 후(H=1.54m) 철재기둥이 굴러 재해자의 안면을 덮쳐 사망 [유발요인] 츄레라에 적재된 철재기둥에 올라가 하역 준비를 하던 중 츄레라 기사가 체인블럭을 해체하는 순간 철재기둥이 무게 중심을 잃고 무너져 근로자와 함께 낙하 [대책] ▶ 철재기둥의 하역 작업 시 안전조치 후 작업 실시
▶ 지급된 개인보후구 착용 후 작업 실시",3. 철골공사,3.1 철골 작업,,
건설업,,"2015년 10월경 ㈜OO OO공장 신축공사 현장 주변 도로에서, 재해자(철골공)가 현장 인근의 야적장에서 철골자재를 트레일러에 싣고 적재함에 함께 탑승한 채 공사현장으로 이동하던 중 트레일러 적재함에 실린 철골자재가 재해자와 함께 도로로 떨어지면서 재해자 위로 덮쳐 사망",철골(철골자재),3. 철골공사,철골자재의 낙하방지조치가 불량한 상태에서 철골자재를 트레일러에 싣고 적재함에 함께 탑승한 채 공사현장으로 이동하던 중 철골부재와 재해자가 함께 도로로 떨어지면서 재해자 위로 덮쳐 깔림,▶ 트레일러에 화물적재시 화물의 붕괴 또는 낙하에 의한 위험을 방지하기 위해 화물에 로프등으로 고정하여 탈락하지 않도록 하여야 함,"2015년 10월경 ㈜OO OO공장 신축공사 현장 주변 도로에서, 재해자(철골공)가 현장 인근의 야적장에서 철골자재를 트레일러에 싣고 적재함에 함께 탑승한 채 공사현장으로 이동하던 중 트레일러 적재함에 실린 철골자재가 재해자와 함께 도로로 떨어지면서 재해자 위로 덮쳐 사망 [유발요인] 철골자재의 낙하방지조치가 불량한 상태에서 철골자재를 트레일러에 싣고 적재함에 함께 탑승한 채 공사현장으로 이동하던 중 철골부재와 재해자가 함께 도로로 떨어지면서 재해자 위로 덮쳐 깔림 [대책] ▶ 트레일러에 화물적재시 화물의 붕괴 또는 낙하에 의한 위험을 방지하기 위해 화물에 로프등으로 고정하여 탈락하지 않도록 하여야 함",3. 철골공사,3.1 철골 작업,,
건설업,,2020년 7월경 OOO(개인) 판매시설 신축 현장에서 재해자(직영인부)가 철골기둥에 철골보(도리)를 설치하고 1층 바닥에 앉아 철골기둥의 수직도를 확인하던 중 임시용접된 상부의 철골보(도리)가 떨어지며(h=3.25m) 재해자의 머리와 등을 가격하여 사망,철골(철골구조물),3. 철골공사,철골기둥 철골보를 설치하는 작업을 위해 철골기둥의 수직도를 확인하던 중 임시용접된 상부의 철골보가 탈락하여 근로자에게 낙하 ,"▶ 철골 조립 시 철골의 접합부가 충분히 지지되도록 볼트 체결
▶ 견고한 구조 형성 전 들어올린 철골을 걸이로프 등으로부터 결속 유지
▶ 철골조립 시 안전대 부착설비 설치 및 안전대 지급","2020년 7월경 OOO(개인) 판매시설 신축 현장에서 재해자(직영인부)가 철골기둥에 철골보(도리)를 설치하고 1층 바닥에 앉아 철골기둥의 수직도를 확인하던 중 임시용접된 상부의 철골보(도리)가 떨어지며(h=3.25m) 재해자의 머리와 등을 가격하여 사망 [유발요인] 철골기둥 철골보를 설치하는 작업을 위해 철골기둥의 수직도를 확인하던 중 임시용접된 상부의 철골보가 탈락하여 근로자에게 낙하  [대책] ▶ 철골 조립 시 철골의 접합부가 충분히 지지되도록 볼트 체결
▶ 견고한 구조 형성 전 들어올린 철골을 걸이로프 등으로부터 결속 유지
▶ 철골조립 시 안전대 부착설비 설치 및 안전대 지급",3. 철골공사,3.1 철골 작업,,
건설업,,"2017년 9월경 OOO(개인)이 시공하는 OO 근린생활시설 및 단독주택 신축공사 현장에서 재해자(철골공)가 데크플레이트(Deck Plate, 파형강판) 여러 장을 두줄걸이로 걸어서 인상 작업을 하던 중 데크 플레이트가 줄걸이 한쪽 슬링벨트에서 탈락되어 떨어지면서 아래에 있던 재해자의 머리를 강타하여 사망",철골(철골자재),3. 철골공사,데크플레이트 여러 장을 두줄걸이로 걸어서 인상 작업을 하던 중 데크 플레이트가 줄걸이 한쪽 슬링벨트에서 탈락되어 떨어지면서 아래에 있던 재해자의 머리를 강타,"▶ 자재 운반 시 낙하위험이 있는 경우 근로자 출입금지 구역 설정 및 근로자 출입 통체
▶ 중량물인 데크플레이트 인양시 중량물 취급방법, 인양장비의 재원 능력에 맞는 작업방식 지휘","2017년 9월경 OOO(개인)이 시공하는 OO 근린생활시설 및 단독주택 신축공사 현장에서 재해자(철골공)가 데크플레이트(Deck Plate, 파형강판) 여러 장을 두줄걸이로 걸어서 인상 작업을 하던 중 데크 플레이트가 줄걸이 한쪽 슬링벨트에서 탈락되어 떨어지면서 아래에 있던 재해자의 머리를 강타하여 사망 [유발요인] 데크플레이트 여러 장을 두줄걸이로 걸어서 인상 작업을 하던 중 데크 플레이트가 줄걸이 한쪽 슬링벨트에서 탈락되어 떨어지면서 아래에 있던 재해자의 머리를 강타 [대책] ▶ 자재 운반 시 낙하위험이 있는 경우 근로자 출입금지 구역 설정 및 근로자 출입 통체
▶ 중량물인 데크플레이트 인양시 중량물 취급방법, 인양장비의 재원 능력에 맞는 작업방식 지휘",3. 철골공사,3.1 철골 작업,,
건설업,,2016년 8월경 OO근린생활 신축공사에 설치 될 H-beam을 제작 작업 중 H-beam 전면부 용접을 완료하고 뒤집어 후면부를 용접하기 위해 하카를 이용하여 걸어 넘기는 과정에서 하카를 빼지 못하고 길이 185cm의 하카에 재해자가 안면부를 강타당하여 사망(추정),기타건설장비,3. 철골공사,H빔을 제작 작업 중 H빔 전면부 용접을 완료하고 후면부 용접하기 위해 하카를 이용하여 걸어 넘기는 과정에서 하카를 빼지 못하여 하카에 의해 근로자 안면부 강타,"▶ H-beam 용접 및 인양 작업 시 낙하, 맞음 등의 위험과 하카를 이용하여 중량물을 뒤집는 등에 작업 시 맞음 등의 위험발생가능성이 있어 개인 보호구 착용
▶ 중량물 인양 시 리프트, 크레인 등 차량용 건설기계의 활용으로 인재 방지","2016년 8월경 OO근린생활 신축공사에 설치 될 H-beam을 제작 작업 중 H-beam 전면부 용접을 완료하고 뒤집어 후면부를 용접하기 위해 하카를 이용하여 걸어 넘기는 과정에서 하카를 빼지 못하고 길이 185cm의 하카에 재해자가 안면부를 강타당하여 사망(추정) [유발요인] H빔을 제작 작업 중 H빔 전면부 용접을 완료하고 후면부 용접하기 위해 하카를 이용하여 걸어 넘기는 과정에서 하카를 빼지 못하여 하카에 의해 근로자 안면부 강타 [대책] ▶ H-beam 용접 및 인양 작업 시 낙하, 맞음 등의 위험과 하카를 이용하여 중량물을 뒤집는 등에 작업 시 맞음 등의 위험발생가능성이 있어 개인 보호구 착용
▶ 중량물 인양 시 리프트, 크레인 등 차량용 건설기계의 활용으로 인재 방지",3. 철골공사,3.1 철골 작업,,
건설업,,2017년 9월경 OO건설 공사현장에서 재해자가 아파트 O동 지하1층 제연휀룸 내 설치된 이동식비계 1단 하부 콘크리트 바닥에 쓰러져 사망,이동식비계,4. 마감공사,이동식비계 위에서 몸의 중심을 잃고 안전난간이 설치되지 않은 작업발판 단부로 추락,"▶ 이동식비계 최상부에는 안전난간을 견고하게 설치하고, 작업의 여건 상 안전난간을 설치하기 어려운 경우에는 안전대 부착설비를 설치하고 안전대 체결 후 작업하도록 관리감독 
▶ 이동식비계 작업 시 갑작스러운 이동 또는 전도방지를 위하여 발바퀴 고정 및 아웃트리거 설치 등 전도방지조치 준수","2017년 9월경 OO건설 공사현장에서 재해자가 아파트 O동 지하1층 제연휀룸 내 설치된 이동식비계 1단 하부 콘크리트 바닥에 쓰러져 사망 [유발요인] 이동식비계 위에서 몸의 중심을 잃고 안전난간이 설치되지 않은 작업발판 단부로 추락 [대책] ▶ 이동식비계 최상부에는 안전난간을 견고하게 설치하고, 작업의 여건 상 안전난간을 설치하기 어려운 경우에는 안전대 부착설비를 설치하고 안전대 체결 후 작업하도록 관리감독 
▶ 이동식비계 작업 시 갑작스러운 이동 또는 전도방지를 위하여 발바퀴 고정 및 아웃트리거 설치 등 전도방지조치 준수",4. 마감공사,"4.1 조적, 미장 및 견출작업",,
건설업,,2016년 9월경 OO신축공사에서 미장 작업 중 현장 우측 다용도실 앞에 쓰러진 상태로 발견되어 사망,암석,4. 마감공사,외벽 미장작업 중 바닥에 방치되어 있는 벽돌자재를 밟고 넘어지면서 경계석에머리를 부딪힘,"▶ 작업장소에서 넘어지거나 미끄러지는 등 위험이 없도록 조치 및 정리정돈 철저
▶ 작업 전 지반상태 확인 후 고르고 평탄하게 정리 후 작업 실시 ","2016년 9월경 OO신축공사에서 미장 작업 중 현장 우측 다용도실 앞에 쓰러진 상태로 발견되어 사망 [유발요인] 외벽 미장작업 중 바닥에 방치되어 있는 벽돌자재를 밟고 넘어지면서 경계석에머리를 부딪힘 [대책] ▶ 작업장소에서 넘어지거나 미끄러지는 등 위험이 없도록 조치 및 정리정돈 철저
▶ 작업 전 지반상태 확인 후 고르고 평탄하게 정리 후 작업 실시 ",4. 마감공사,"4.1 조적, 미장 및 견출작업",,
건설업,,2017년 9월 OO(주) OO아파트 주택재건축 현장에서 재해자가 아파트 계단실에서 이동하던 중 뒤로 넘어지면서 콘크리트 바닥에 머리를 부딪쳐 사망,계단,4. 마감공사,아파트 계단실에서 이동하던 중 발을 헛디뎌 근로자가 뒤로 넘어지면서 콘크리트 바닥에 머리를 부딪힘,▶ 근로자는 계단실을 이용하여 이동할 경우 안전난간을 잡고 이동 하는 등 안전하게 통행,2017년 9월 OO(주) OO아파트 주택재건축 현장에서 재해자가 아파트 계단실에서 이동하던 중 뒤로 넘어지면서 콘크리트 바닥에 머리를 부딪쳐 사망 [유발요인] 아파트 계단실에서 이동하던 중 발을 헛디뎌 근로자가 뒤로 넘어지면서 콘크리트 바닥에 머리를 부딪힘 [대책] ▶ 근로자는 계단실을 이용하여 이동할 경우 안전난간을 잡고 이동 하는 등 안전하게 통행,4. 마감공사,4.2 방수 작업,,
건설업,,"2020년 9월경 OO타워 누수 하자보수공사 현장에서 재해자가 건물 우측 하부 벽면의 방수시트 제거 및 정리작업 중, 건물 외벽에 부착되었던 간판베이스(110㎝×360㎝)가 넘어지면서 재해자의 머리를 가격하여 사망",기타구조물,4. 마감공사,벽면 하부의 방수시트 제거 및 정리작업 중 발생한 진동에 의해 불안전한 상태로 벽면에 부착(간판 지지대의 파손으로 하부에 돌을 받쳐놓는 등) 되어있던 간판구조물이 넘어지면서 맞음,"▶ 일부 파손된 각형강관 지지구조의 간판베이스 주변에서 바닥콘크리트 파쇄 등의 작업 시 간판베이스 등이 넘어지지 않도록 재시공 또는 지지대의 설치로 전도방지 조치 실시
▶ 개인보호구 지급 및 착용","2020년 9월경 OO타워 누수 하자보수공사 현장에서 재해자가 건물 우측 하부 벽면의 방수시트 제거 및 정리작업 중, 건물 외벽에 부착되었던 간판베이스(110㎝×360㎝)가 넘어지면서 재해자의 머리를 가격하여 사망 [유발요인] 벽면 하부의 방수시트 제거 및 정리작업 중 발생한 진동에 의해 불안전한 상태로 벽면에 부착(간판 지지대의 파손으로 하부에 돌을 받쳐놓는 등) 되어있던 간판구조물이 넘어지면서 맞음 [대책] ▶ 일부 파손된 각형강관 지지구조의 간판베이스 주변에서 바닥콘크리트 파쇄 등의 작업 시 간판베이스 등이 넘어지지 않도록 재시공 또는 지지대의 설치로 전도방지 조치 실시
▶ 개인보호구 지급 및 착용",4. 마감공사,4.2 방수 작업,,
건설업,,2020년 2월경 OO(주) OO 아파트 건설공사 1공구 현장에서 협력업체 소속 재해자가 공동구 방수작업을 위해 핸드그라인더를 사용하여 면정리 작업을 하던 중 집수정(물 웅덩이)에 쓰러져 사망,분류불능,4. 마감공사,공동구 방수작업을 위해 핸드그라인더를 사용하여 면정리 작업을 하던 중 원인미상으로 집수정에 쓰러짐,"▶ 물기가 있는 곳에서 핸드그라인더 등 감전위험이 있는 기구의 사용 시 피복의 손상부 및 콘센트의 접지 상태 확인 및 보호
▶ 집수정 부근 등 감전위험이 있는 장소에서 작업 시 방수형 플러그 및 콘센트 사용
▶ 인체가 물에 젖어있는 상태에서 전기를 사용하는 장소에 콘센트를 시설하는 경우 인체감전보호용 누전차단기로 보호된 전로에 접속","2020년 2월경 OO(주) OO 아파트 건설공사 1공구 현장에서 협력업체 소속 재해자가 공동구 방수작업을 위해 핸드그라인더를 사용하여 면정리 작업을 하던 중 집수정(물 웅덩이)에 쓰러져 사망 [유발요인] 공동구 방수작업을 위해 핸드그라인더를 사용하여 면정리 작업을 하던 중 원인미상으로 집수정에 쓰러짐 [대책] ▶ 물기가 있는 곳에서 핸드그라인더 등 감전위험이 있는 기구의 사용 시 피복의 손상부 및 콘센트의 접지 상태 확인 및 보호
▶ 집수정 부근 등 감전위험이 있는 장소에서 작업 시 방수형 플러그 및 콘센트 사용
▶ 인체가 물에 젖어있는 상태에서 전기를 사용하는 장소에 콘센트를 시설하는 경우 인체감전보호용 누전차단기로 보호된 전로에 접속",4. 마감공사,4.2 방수 작업,,
건설업,,"2016년 8월경 OO도시철도 102정거장 터널입구 본선개착구간(지하 17.2m 높이) 현장에서 박OO 반장 등 근로자 3명은 소속 현장소장의 지시에 따라 지하 SHEET 방수작업을 시작하였으며, 이OO 씨는 맨 아래층에서 “톨루엔” 등이 다량 함유된 아스팔트 프라이머 도포 작업을 하였고 그 위층에서 박OO 반장 및 김OO 씨는 방수용 시트 부착 작업을 실시함. 작업 중에 시트가 부족하여 김OO 씨가 지상 1층으로 올라가 시트를 가져오던 중 박OO 반장은 보이지 않고 맨 아래층에서 소리가 나 확인하니 박OO 반장과 이OO 씨가 쓰러져 있는 것을 발견함. 김OO 씨는 구조를 위해 아래로 내려갔으나 본인도 어지러워 잠시 정신을 잃은 후 대합실로 올라와 쓰러졌고 다른 근로자에게 도움을 요청함. 주변 목수들이 지하에 쓰러진 박OO 반장 및 이OO 씨를 구조한 후 14시 경 119에 신고하여 병원으로 후송하였으나 박OO 씨가 사망하고 1명이 부상",화학물질,4. 마감공사,터널입구 본선개착구간의 지하 SHEET 방수작업 중 '톨루엔' 등이 다량 함유된 아스팔트 프라이머를 도포하던 작업자는 지하에 쓰러진 상태로 발견,"▶ 지하 등 자연환기가 어려운 장소에서 '톨루엔' 등 유해화합물이 다량 혼합된 프라이머 도포작업을 하는 경우, 송풍기, 환기설비 등을 사용하여 강제 환기 조치 실시
▶ 지하 등 자연환기가 어려운 장소에서 '톨루엔' 등 유해화합물이 다량 혼합된 프라이머 도포작업을 하는 경우, 송기마스크나 방독마스크를 지급하여 착용하도록 조치","2016년 8월경 OO도시철도 102정거장 터널입구 본선개착구간(지하 17.2m 높이) 현장에서 박OO 반장 등 근로자 3명은 소속 현장소장의 지시에 따라 지하 SHEET 방수작업을 시작하였으며, 이OO 씨는 맨 아래층에서 “톨루엔” 등이 다량 함유된 아스팔트 프라이머 도포 작업을 하였고 그 위층에서 박OO 반장 및 김OO 씨는 방수용 시트 부착 작업을 실시함. 작업 중에 시트가 부족하여 김OO 씨가 지상 1층으로 올라가 시트를 가져오던 중 박OO 반장은 보이지 않고 맨 아래층에서 소리가 나 확인하니 박OO 반장과 이OO 씨가 쓰러져 있는 것을 발견함. 김OO 씨는 구조를 위해 아래로 내려갔으나 본인도 어지러워 잠시 정신을 잃은 후 대합실로 올라와 쓰러졌고 다른 근로자에게 도움을 요청함. 주변 목수들이 지하에 쓰러진 박OO 반장 및 이OO 씨를 구조한 후 14시 경 119에 신고하여 병원으로 후송하였으나 박OO 씨가 사망하고 1명이 부상 [유발요인] 터널입구 본선개착구간의 지하 SHEET 방수작업 중 '톨루엔' 등이 다량 함유된 아스팔트 프라이머를 도포하던 작업자는 지하에 쓰러진 상태로 발견 [대책] ▶ 지하 등 자연환기가 어려운 장소에서 '톨루엔' 등 유해화합물이 다량 혼합된 프라이머 도포작업을 하는 경우, 송풍기, 환기설비 등을 사용하여 강제 환기 조치 실시
▶ 지하 등 자연환기가 어려운 장소에서 '톨루엔' 등 유해화합물이 다량 혼합된 프라이머 도포작업을 하는 경우, 송기마스크나 방독마스크를 지급하여 착용하도록 조치",4. 마감공사,4.2 방수 작업,,
건설업,,"2019년 1월경 OO교회 신축공사 현장, 우측면 비계 위에서 석재 및 유리 코킹작업을 하던 중 갑작스러운 강풍으로 인해 비계가 좌굴되면서 도괴하자 재해자 2명이 3층 발코니로 뛰어내려 부상",비계,4. 마감공사,외벽 마감을 위해 벽이음 철물을 해체한 외부비계에서 석재 및 유리 코킹작업 중 갑작스러운 강품으로 인해 비계가 좌굴하면서 추락,"▶ 외벽마감 간섭 등에 의해 비계의 벽이음 철물을 제거하는 경우 비계 외측에 경사버팀대 등을 설치하여 전도방지조치
▶ 개인보호구 지급 및 착용관리","2019년 1월경 OO교회 신축공사 현장, 우측면 비계 위에서 석재 및 유리 코킹작업을 하던 중 갑작스러운 강풍으로 인해 비계가 좌굴되면서 도괴하자 재해자 2명이 3층 발코니로 뛰어내려 부상 [유발요인] 외벽 마감을 위해 벽이음 철물을 해체한 외부비계에서 석재 및 유리 코킹작업 중 갑작스러운 강품으로 인해 비계가 좌굴하면서 추락 [대책] ▶ 외벽마감 간섭 등에 의해 비계의 벽이음 철물을 제거하는 경우 비계 외측에 경사버팀대 등을 설치하여 전도방지조치
▶ 개인보호구 지급 및 착용관리",4. 마감공사,4.3 석재 및 타일 작업,,
건설업,,2015년 12월경 OOO 천연가스 발전소 건설공사 현장에서 재해자와 동료작업자가 컨테이너 접합작업 중 러그 용접부가 탈락하여 긴장되어 있던 체인이 재해자의 두부와 동료작업자의 왼쪽 어깨를 타격하여 재해자 사망,기타건설기계기구,4. 마감공사,컨테이너 접합작업 중 러그 용접부가 용접불량으로 탈락하면서 긴장되어 있던 체인에 맞음,"▶ 중량물 취급 작업계획서 수립 및 준수, 근로자 내용 주지  
▶ 중량물 양중작업 시 작업반경 내 접근통제 조치 및 작업지휘자 배치
▶ 양중작업 전 러그 용접상태 확인 철저","2015년 12월경 OOO 천연가스 발전소 건설공사 현장에서 재해자와 동료작업자가 컨테이너 접합작업 중 러그 용접부가 탈락하여 긴장되어 있던 체인이 재해자의 두부와 동료작업자의 왼쪽 어깨를 타격하여 재해자 사망 [유발요인] 컨테이너 접합작업 중 러그 용접부가 용접불량으로 탈락하면서 긴장되어 있던 체인에 맞음 [대책] ▶ 중량물 취급 작업계획서 수립 및 준수, 근로자 내용 주지  
▶ 중량물 양중작업 시 작업반경 내 접근통제 조치 및 작업지휘자 배치
▶ 양중작업 전 러그 용접상태 확인 철저",4. 마감공사,4.5 금속 및 잡철물 작업,,
건설업,,"2017년 9월경 ○○산업(주)공장 증축공사 현장에서 하청 소속 재해자가 현장 내부에서 고소작업대(일명:렌탈)를 사용하여 약 5m높이에 위치한 소화전 배관 용접작업 중 전기작업용 고소작업대가 재해자가 탑승한 고소작업대를 근접하여 지나가는 과정에서, 재해자가 사용중인 용접기와 연결된 이동전선이 전기작업자의 고소작업대에 걸려 당겨졌고, 이로 인해 재해자가 탑승한 고소작업대가 전도되면서 바닥으로 추학하여 사망",고소작업대,4. 마감공사,증축공장 내부 소화전 수직배관 연결을 위해 고소작업대에 탑승하여 용접작업 진행 중 전기작업용 고소작업대가 지나가면서 전기작업용 고소작업대에 연결된 이동전선에 의해 용접작업용 고소작업대가 전도되면서 바닥으로 추락,"▶ 고소작업대 이동통로에 장애물 등을 제거 후 이동 조치
▶ 고소작업대의 이동시 다른 고소작업대와의 이동 및 작업구역이 겹치지 않은 우회경로 설정 준수","2017년 9월경 ○○산업(주)공장 증축공사 현장에서 하청 소속 재해자가 현장 내부에서 고소작업대(일명:렌탈)를 사용하여 약 5m높이에 위치한 소화전 배관 용접작업 중 전기작업용 고소작업대가 재해자가 탑승한 고소작업대를 근접하여 지나가는 과정에서, 재해자가 사용중인 용접기와 연결된 이동전선이 전기작업자의 고소작업대에 걸려 당겨졌고, 이로 인해 재해자가 탑승한 고소작업대가 전도되면서 바닥으로 추학하여 사망 [유발요인] 증축공장 내부 소화전 수직배관 연결을 위해 고소작업대에 탑승하여 용접작업 진행 중 전기작업용 고소작업대가 지나가면서 전기작업용 고소작업대에 연결된 이동전선에 의해 용접작업용 고소작업대가 전도되면서 바닥으로 추락 [대책] ▶ 고소작업대 이동통로에 장애물 등을 제거 후 이동 조치
▶ 고소작업대의 이동시 다른 고소작업대와의 이동 및 작업구역이 겹치지 않은 우회경로 설정 준수",4. 마감공사,4.5 금속 및 잡철물 작업,,
건설업,,2018년 3월경 OO건설 공사 현장 지하4층 반입구에서 고소작업대를 이용하여 방화셔터 기둥(H-beam) 해체 작업 중 무게가 약 150kg인 기둥(H-beam)의 모멘트에 의해 고소작업대가 전도되어(H≒3.5m) 고소작업대에 탑승해있던 재해자 2명이 동시에 부상,고소작업대,4. 마감공사,고소작업대에 방화셔터 기둥을 묶어 해체하던 중 기둥의 모멘트에 의해 고소작업대가 전도되어 바닥으로 추락,"▶ H-beam등 무거운 자재를 고소작업대와 연결하여 해체하는 행위를 금지하고 크레인과 같은 인양장비를 사용하여 작업하도록 조치
▶ 고소작업대가 전도할 위험이 있는 작업을 할 경우, 안전대를 별도의 안전대 부착설비에 체결하여 고소작업대가 전도되어도 작업자의 안전을 확보할 수 있도록 조치","2018년 3월경 OO건설 공사 현장 지하4층 반입구에서 고소작업대를 이용하여 방화셔터 기둥(H-beam) 해체 작업 중 무게가 약 150kg인 기둥(H-beam)의 모멘트에 의해 고소작업대가 전도되어(H≒3.5m) 고소작업대에 탑승해있던 재해자 2명이 동시에 부상 [유발요인] 고소작업대에 방화셔터 기둥을 묶어 해체하던 중 기둥의 모멘트에 의해 고소작업대가 전도되어 바닥으로 추락 [대책] ▶ H-beam등 무거운 자재를 고소작업대와 연결하여 해체하는 행위를 금지하고 크레인과 같은 인양장비를 사용하여 작업하도록 조치
▶ 고소작업대가 전도할 위험이 있는 작업을 할 경우, 안전대를 별도의 안전대 부착설비에 체결하여 고소작업대가 전도되어도 작업자의 안전을 확보할 수 있도록 조치",4. 마감공사,4.5 금속 및 잡철물 작업,,
건설업,,"2020년 6월경 근린생활시설 증축공사 현장에서 이동식크레인(25톤, 유압식)을 이용하여 단열재 묶음(1,200×2,000×2,160, 중량: 206kg)을 옥상층 바닥으로 인양하던 중, 돌출된 비계기둥에 걸려 떨어진 단열재 묶음이 옥상에서 신호 중이던 재해자(철거공)의 머리를 타격하여 사망","기타자재(내부마감재,시멘트,마대)",4. 마감공사,이동식크레인으로 자재 인양 중 자재가 돌출된 장애물(비계기둥)에 걸려 낙하하면서 재해자가 맞음,"▶ 작업 전 사전조사 및 작업계획서 수립을 통해 장비 배치구간 선정 및 중량물 취급 시 줄걸이 방식 등을 계획
▶ 시야확보가 어려운 상황에서 크레인을 이용해 자재를 인양할 경우, 사전에 적절한 신호체계를 구축
▶ 자재 인양 시 훅 해지장치 등 이탈방지 장치 설치 및 정상작동 여부를 확인하고, 인양 전 관리감독자가 인양물과의 결합 상태 점검 등의 조치
▶ 크레인으로 자재 인양 시, 인양물의 형상과 재료적 특성에 따른 적절한 줄걸이 방법 사용
▶ 인양 작업 시 인양물이 낙하할 수 있는 작업반경 내 근로자 출입금지 조치","2020년 6월경 근린생활시설 증축공사 현장에서 이동식크레인(25톤, 유압식)을 이용하여 단열재 묶음(1,200×2,000×2,160, 중량: 206kg)을 옥상층 바닥으로 인양하던 중, 돌출된 비계기둥에 걸려 떨어진 단열재 묶음이 옥상에서 신호 중이던 재해자(철거공)의 머리를 타격하여 사망 [유발요인] 이동식크레인으로 자재 인양 중 자재가 돌출된 장애물(비계기둥)에 걸려 낙하하면서 재해자가 맞음 [대책] ▶ 작업 전 사전조사 및 작업계획서 수립을 통해 장비 배치구간 선정 및 중량물 취급 시 줄걸이 방식 등을 계획
▶ 시야확보가 어려운 상황에서 크레인을 이용해 자재를 인양할 경우, 사전에 적절한 신호체계를 구축
▶ 자재 인양 시 훅 해지장치 등 이탈방지 장치 설치 및 정상작동 여부를 확인하고, 인양 전 관리감독자가 인양물과의 결합 상태 점검 등의 조치
▶ 크레인으로 자재 인양 시, 인양물의 형상과 재료적 특성에 따른 적절한 줄걸이 방법 사용
▶ 인양 작업 시 인양물이 낙하할 수 있는 작업반경 내 근로자 출입금지 조치",4. 마감공사,4.7 수장 작업,,
건설업,,"2017년 4월경 ㈜OO OO실험동 신축공사 현장에서, 소속 재해자(뿜칠공)가 실험동 3층에서 천정 단열재 퍼티작업으로 사용 예정이던 이동식 비계 하부에 쓰러져 있는 상태로 발견되어 치료 중 사망",이동식비계,4. 마감공사,이동식비계에서 작업 중 발을 헛디뎌 안전난간이 설치되지 않은 작업발판 단부로 추락,"▶ 이동식비계 조립 시 안전난간, 아웃트리거 지지, 구름방지장치 등 설치기준을 준수하여 추락 및 전도방지 조치 철저
▶ 이동식비계 부재(주틀, 안전난간, 발바퀴, 아웃트리거 등)는 방호장치 안전인증 기준에 적합한 제품을 사용
▶ 부득이하게 안전난간 일부를 해체해야할 경우, 관리감독자 등 감시자 배치 및 근로자 안전대 체결여부 관리감독
▶ 이동식비계 승하강용 사다리 이용하여 이동 시, 작업자 실족 및 추락방지 하기 위한 작업장 조도 확보(적절한 조명기구 설치 등)
▶ 작업자의 개인보호구, 안전대 체결여부 점검 및 관리감독","2017년 4월경 ㈜OO OO실험동 신축공사 현장에서, 소속 재해자(뿜칠공)가 실험동 3층에서 천정 단열재 퍼티작업으로 사용 예정이던 이동식 비계 하부에 쓰러져 있는 상태로 발견되어 치료 중 사망 [유발요인] 이동식비계에서 작업 중 발을 헛디뎌 안전난간이 설치되지 않은 작업발판 단부로 추락 [대책] ▶ 이동식비계 조립 시 안전난간, 아웃트리거 지지, 구름방지장치 등 설치기준을 준수하여 추락 및 전도방지 조치 철저
▶ 이동식비계 부재(주틀, 안전난간, 발바퀴, 아웃트리거 등)는 방호장치 안전인증 기준에 적합한 제품을 사용
▶ 부득이하게 안전난간 일부를 해체해야할 경우, 관리감독자 등 감시자 배치 및 근로자 안전대 체결여부 관리감독
▶ 이동식비계 승하강용 사다리 이용하여 이동 시, 작업자 실족 및 추락방지 하기 위한 작업장 조도 확보(적절한 조명기구 설치 등)
▶ 작업자의 개인보호구, 안전대 체결여부 점검 및 관리감독",4. 마감공사,4.7 수장 작업,,
건설업,,2020년 3월경 커피전문점 실내 인테리어 (목공)공사 현장에서 재해자(목공)이 벽체 석고보드 위 몰딩 설치를 위한 먹선 표시 작업 중 A형 사다리 첫 번째 발판에서 바닥(H≒30cm)으로 떨어진 후 사망,사다리,4. 마감공사,이동식사다리에서 내려오던 중 발을 헛디뎌 바닥으로 추락,"▶ 사다리를 사용하여 고소작업을 하는 경우, 하부 아웃트리거 설치, 미끄럼방지패드 설치 등 전도방지조치를 실시하며 사다리 하부를 잡아줄 수 있도록 근로자 추가 배치하여 2인 1조 작업 실시
▶ 가능한 사다리 사용을 지양하고 비교적 안전성이 높은 이동식 비계, 고소작업대 등의 사용을 권고
▶ 접이식 사다리 기둥은 사용 시 접히거나 펼쳐지지 않도록 철물 등을 사용하여 견고하게 고정
▶ 사다리가 아닌 별도의 위치에 안전대 부착설비를 설치하고 안전대를 체결한 상태로 작업할 수 있도록 관리감독 
▶ 작업자의 개인보호구 착용상태 점검","2020년 3월경 커피전문점 실내 인테리어 (목공)공사 현장에서 재해자(목공)이 벽체 석고보드 위 몰딩 설치를 위한 먹선 표시 작업 중 A형 사다리 첫 번째 발판에서 바닥(H≒30cm)으로 떨어진 후 사망 [유발요인] 이동식사다리에서 내려오던 중 발을 헛디뎌 바닥으로 추락 [대책] ▶ 사다리를 사용하여 고소작업을 하는 경우, 하부 아웃트리거 설치, 미끄럼방지패드 설치 등 전도방지조치를 실시하며 사다리 하부를 잡아줄 수 있도록 근로자 추가 배치하여 2인 1조 작업 실시
▶ 가능한 사다리 사용을 지양하고 비교적 안전성이 높은 이동식 비계, 고소작업대 등의 사용을 권고
▶ 접이식 사다리 기둥은 사용 시 접히거나 펼쳐지지 않도록 철물 등을 사용하여 견고하게 고정
▶ 사다리가 아닌 별도의 위치에 안전대 부착설비를 설치하고 안전대를 체결한 상태로 작업할 수 있도록 관리감독 
▶ 작업자의 개인보호구 착용상태 점검",4. 마감공사,4.7 수장 작업,,
건설업,,"2020년 8월경 OO중 다목적강당 증축 및 기타공사 현장에서, 협력사 소속 재해자(지붕공)이 다목적강당 지붕에서 지붕 마감재(강판) 조립작업으로 클립을 끼우던 중 갑자기 서있던 자리에서 쓰러져 병원으로 이송 후 사망","지붕(처마,홈통)",4. 마감공사,지붕에서 작업 중 원인미상의 이유로 쓰러짐,▶ 원인 미상,"2020년 8월경 OO중 다목적강당 증축 및 기타공사 현장에서, 협력사 소속 재해자(지붕공)이 다목적강당 지붕에서 지붕 마감재(강판) 조립작업으로 클립을 끼우던 중 갑자기 서있던 자리에서 쓰러져 병원으로 이송 후 사망 [유발요인] 지붕에서 작업 중 원인미상의 이유로 쓰러짐 [대책] ▶ 원인 미상",4. 마감공사,4.8 판넬 등 외부마감 작업,,
건설업,,2017년 5월경 보안등 설치공사 현장에서 재해자가 전주를 차량탑재형 이동식크레인으로 인양하여 상차하려던 중 붐이 파손되어 떨어지면서 재해자를 가격하여 사망,이동식크레인,"5. 전기, 기계설비공사",이동식크레인을 통한 전주 인양 후 상차 도중 붐 파손에 의한 붐 낙하 및 근로자 충돌,"▶ 중량물 인양 시 낙하 위험장소의 근로자 출입금지구역 설치
▶ 작업 전 반복 하중에 의해 균열 등이 육안검사로 확인 즉시 작업 중단
▶ 주기적인 이동식 크레인 안전검사 철저","2017년 5월경 보안등 설치공사 현장에서 재해자가 전주를 차량탑재형 이동식크레인으로 인양하여 상차하려던 중 붐이 파손되어 떨어지면서 재해자를 가격하여 사망 [유발요인] 이동식크레인을 통한 전주 인양 후 상차 도중 붐 파손에 의한 붐 낙하 및 근로자 충돌 [대책] ▶ 중량물 인양 시 낙하 위험장소의 근로자 출입금지구역 설치
▶ 작업 전 반복 하중에 의해 균열 등이 육안검사로 확인 즉시 작업 중단
▶ 주기적인 이동식 크레인 안전검사 철저","5. 전기, 기계설비공사",5.1 전기 설비 작업,,
건설업,,통신용 전주 철거작업 현장에서 재해자가 이동식 크레인으로 콘크리트 전주를 인양하는 작업장 주변을 이동 중 와이어 로프로 결속한 부위가 부러지면서 전주 상부 부재가 재해자를 강타하여 사망,전주,"5. 전기, 기계설비공사","이동식크레인을 이용해 강관파이프 다발을 하역작업 중, 크레인의 보조원치 와이어로프가 파단되어 강관파이프가 근로자에게 낙하","▶ 작업 시작 전 안전장치(와이어로프 등) 설치 및 작동상태 확인 철저 
▶ 권과방지장치가 정상 작동될 수 있도록 작업 전 설치 및 조정
▶ 주기적인 이동식 크레인 안전검사 철저
▶ 하역작업을 하는 경우 근로자의 출입을 통제하여 인양중인 화물이 작업자의 머리 위로 통과하지 않도록 조치","통신용 전주 철거작업 현장에서 재해자가 이동식 크레인으로 콘크리트 전주를 인양하는 작업장 주변을 이동 중 와이어 로프로 결속한 부위가 부러지면서 전주 상부 부재가 재해자를 강타하여 사망 [유발요인] 이동식크레인을 이용해 강관파이프 다발을 하역작업 중, 크레인의 보조원치 와이어로프가 파단되어 강관파이프가 근로자에게 낙하 [대책] ▶ 작업 시작 전 안전장치(와이어로프 등) 설치 및 작동상태 확인 철저 
▶ 권과방지장치가 정상 작동될 수 있도록 작업 전 설치 및 조정
▶ 주기적인 이동식 크레인 안전검사 철저
▶ 하역작업을 하는 경우 근로자의 출입을 통제하여 인양중인 화물이 작업자의 머리 위로 통과하지 않도록 조치","5. 전기, 기계설비공사",5.1 전기 설비 작업,,
건설업,,2019년 9월경 OO공사에서 재해자가 선로 측면을 따라 작업장소로 이동하던 중 뒤에서 주행하며 다가오는 전동열차(K485)에 추돌하여 사망,교통수단,"5. 전기, 기계설비공사",노후된 광케이블 일부 철거 및 신규 광케이블 공사현장에서 업무협의를 위한 회의 종료 후 선로 측면을 따라 작업지점으로 복귀하던 중 뒤에서 다가오는 전동열차(K485)와 충돌,"▶ 선로 인접 작업 시 열차 이동이 없는 야간작업을 원칙으로 진행
▶ 부득이한 주간작업 진행 시 열차통행 중 작업제한 및 열차감시원 배치를 통한 충돌방지조치 실시","2019년 9월경 OO공사에서 재해자가 선로 측면을 따라 작업장소로 이동하던 중 뒤에서 주행하며 다가오는 전동열차(K485)에 추돌하여 사망 [유발요인] 노후된 광케이블 일부 철거 및 신규 광케이블 공사현장에서 업무협의를 위한 회의 종료 후 선로 측면을 따라 작업지점으로 복귀하던 중 뒤에서 다가오는 전동열차(K485)와 충돌 [대책] ▶ 선로 인접 작업 시 열차 이동이 없는 야간작업을 원칙으로 진행
▶ 부득이한 주간작업 진행 시 열차통행 중 작업제한 및 열차감시원 배치를 통한 충돌방지조치 실시","5. 전기, 기계설비공사",5.1 전기 설비 작업,,
건설업,,2019년 11월경 OO공사에서 재해자가 케이블(전선) 포설작업 중 후속작업을 위해 이동하다가 의식을 잃고 쓰러져 사망,분류불능,"5. 전기, 기계설비공사",포설작업 진행 후 이동 중 의식을 잃고 쓰러짐,"▶ 근로자가 현장 투입시 건강검진 소견 결과 확인 등
   - 배치전 건강검진 결과 확인
   - 의사 유소견자는 구분하여 관리 (주기적 상담 등)
▶ 오전 일일 TBM시 근로자 건강상태 확인","2019년 11월경 OO공사에서 재해자가 케이블(전선) 포설작업 중 후속작업을 위해 이동하다가 의식을 잃고 쓰러져 사망 [유발요인] 포설작업 진행 후 이동 중 의식을 잃고 쓰러짐 [대책] ▶ 근로자가 현장 투입시 건강검진 소견 결과 확인 등
   - 배치전 건강검진 결과 확인
   - 의사 유소견자는 구분하여 관리 (주기적 상담 등)
▶ 오전 일일 TBM시 근로자 건강상태 확인","5. 전기, 기계설비공사",5.1 전기 설비 작업,,
건설업,,2017년 5월경 OO 전송선로 지장이설공사의 국소*(局所)공사 작업인 광케이블 철거 작업구간에서 재해자가 광케이블 철거를 위해 전주로 이동 후 언덕(사면) 위에 승주용 사다리를 올려놓고 뒤돌아 나오는 과정에서 갑자기 지주(본주를 지지해주는 전주)가 쓰러져 우측 두부를 가격함,전주,"5. 전기, 기계설비공사",광케이블 철거 작업 통신전주를 지지해주는 보조전주가 쓰러져 작업자를 강타,"▶ 노후화된 전주에 승주하여 작업할 경우, 작업 전 전주의 콘크리트 균열 및 내부 강선의 상태 등 안전성에 대한 안전성 평가 실시 후 넘어짐 방지 조치 실시
▶ 노후화된 전주 작업 시 직접 승주하여 해체하는 방법이 아닌 별도의 장비를 이용, 고정 조치 후 해체작업을 하는 작업방식 실시","2017년 5월경 OO 전송선로 지장이설공사의 국소*(局所)공사 작업인 광케이블 철거 작업구간에서 재해자가 광케이블 철거를 위해 전주로 이동 후 언덕(사면) 위에 승주용 사다리를 올려놓고 뒤돌아 나오는 과정에서 갑자기 지주(본주를 지지해주는 전주)가 쓰러져 우측 두부를 가격함 [유발요인] 광케이블 철거 작업 통신전주를 지지해주는 보조전주가 쓰러져 작업자를 강타 [대책] ▶ 노후화된 전주에 승주하여 작업할 경우, 작업 전 전주의 콘크리트 균열 및 내부 강선의 상태 등 안전성에 대한 안전성 평가 실시 후 넘어짐 방지 조치 실시
▶ 노후화된 전주 작업 시 직접 승주하여 해체하는 방법이 아닌 별도의 장비를 이용, 고정 조치 후 해체작업을 하는 작업방식 실시","5. 전기, 기계설비공사",5.1 전기 설비 작업,,
건설업,,2016년 7월경 OO선로 단가공사 현장에서 재해자가 통신전주에 올라가 통신케이블 확인작업 중 전주가 지지력을 잃고 넘어지면서 통신전주와 함께 바닥으로 전도,전주,"5. 전기, 기계설비공사",통신전주에 올라 통신케이블 작업 중 전주가 지지력을 잃고 전도되면서 바닥으로 추락,"▶ 노후화된 전주에 승주하여 작업할 경우, 작업 전 전주의 콘크리트 균열 및 내부 강선의 상태 등 안전성에 대한 안전성 평가 실시 후 넘어짐 방지 조치 실시
▶ 노후화된 전주 작업 시 직접 승주하여 해체하는 방법이 아닌 별도의 장비를 이용, 고정 조치 후 해체작업을 하는 작업방식 실시","2016년 7월경 OO선로 단가공사 현장에서 재해자가 통신전주에 올라가 통신케이블 확인작업 중 전주가 지지력을 잃고 넘어지면서 통신전주와 함께 바닥으로 전도 [유발요인] 통신전주에 올라 통신케이블 작업 중 전주가 지지력을 잃고 전도되면서 바닥으로 추락 [대책] ▶ 노후화된 전주에 승주하여 작업할 경우, 작업 전 전주의 콘크리트 균열 및 내부 강선의 상태 등 안전성에 대한 안전성 평가 실시 후 넘어짐 방지 조치 실시
▶ 노후화된 전주 작업 시 직접 승주하여 해체하는 방법이 아닌 별도의 장비를 이용, 고정 조치 후 해체작업을 하는 작업방식 실시","5. 전기, 기계설비공사",5.1 전기 설비 작업,,
건설업,,2016년 11월경 OO증축공사 현장에서 재해자가 6.6kV전로에서 전압측정 작업 중 단락사고가 발생하여 사망,충전부,"5. 전기, 기계설비공사",반도체 공장 증축공사 현장에서 배전반 내부 전로 전압측정 중 감전,"▶ 감전될 위험이 있는 작업 시, 해당 충전전로의 정전상태 확인 준수
▶ 특별고압 충전전로에 대한 접근한계거리 확보 준수","2016년 11월경 OO증축공사 현장에서 재해자가 6.6kV전로에서 전압측정 작업 중 단락사고가 발생하여 사망 [유발요인] 반도체 공장 증축공사 현장에서 배전반 내부 전로 전압측정 중 감전 [대책] ▶ 감전될 위험이 있는 작업 시, 해당 충전전로의 정전상태 확인 준수
▶ 특별고압 충전전로에 대한 접근한계거리 확보 준수","5. 전기, 기계설비공사",5.1 전기 설비 작업,,
건설업,,2016년 11월경 플랜트 현장에서 재해자가 열교환기를 건물 내부로 이동 및 설치하는 작업 중_x000D_ 지게차로 지하 1층 자재 반입구까지 하역 후 작업자 4명이 하부에 중량물 운반용 활차(일명 : 도비캐스터)를 3개소 설치 후 인력으로 밀어 이동하던 중 반입구 바닥의 요철(반입구 차단문 하부)에 도비캐스터 1개 바퀴가 걸리며 이탈되어 열교환기가 중심을 잃고 재해자 쪽으로 전도,기계설비,"5. 전기, 기계설비공사",중량물 운반용 활차를 이용하여 자재 운반 중 자재가 넘어지며 깔림,"▶ 자재 운반 시 자재의 전도를 방지하기 위해 자재를 평탄한 발판 위에 올려놓는 등의 전도방지조치를 취한 후 작업 진행
▶ 작업구간 관계 근로자가 아닌 사람의 출입을 금지하고 근로자 이동통로를 별도로 지정하는 등 주변을 통제
▶ 중량물 취급 작업계획서를 작성하고 운반방법에 대한 위험성평가를 통해 안전작업방법을 해당 근로자에게 교육
▶ 근로자 개인보호구 지급 및 착용상태 관리감독","2016년 11월경 플랜트 현장에서 재해자가 열교환기를 건물 내부로 이동 및 설치하는 작업 중_x000D_ 지게차로 지하 1층 자재 반입구까지 하역 후 작업자 4명이 하부에 중량물 운반용 활차(일명 : 도비캐스터)를 3개소 설치 후 인력으로 밀어 이동하던 중 반입구 바닥의 요철(반입구 차단문 하부)에 도비캐스터 1개 바퀴가 걸리며 이탈되어 열교환기가 중심을 잃고 재해자 쪽으로 전도 [유발요인] 중량물 운반용 활차를 이용하여 자재 운반 중 자재가 넘어지며 깔림 [대책] ▶ 자재 운반 시 자재의 전도를 방지하기 위해 자재를 평탄한 발판 위에 올려놓는 등의 전도방지조치를 취한 후 작업 진행
▶ 작업구간 관계 근로자가 아닌 사람의 출입을 금지하고 근로자 이동통로를 별도로 지정하는 등 주변을 통제
▶ 중량물 취급 작업계획서를 작성하고 운반방법에 대한 위험성평가를 통해 안전작업방법을 해당 근로자에게 교육
▶ 근로자 개인보호구 지급 및 착용상태 관리감독","5. 전기, 기계설비공사",5.2 기계설비 작업,,
건설업,,2016년 3월경 공사자재 야적장에서 재해자가 화물차에 적재된 가스관을 동료작업자와 함께 하역하는 작업 중 가스관 묶음 줄이 끊어지면서 재해자가 가스관과 함께 높이 약2.5m아래 바닥으로 떨어지는 과정에서 가스관(2본)이 재해자의 골반을 덮침,배관,"5. 전기, 기계설비공사",화물차에 적재된 가스관 하역작업 중 가스관 묶음 줄(나일론) 파단에 의해 근로자가 가스관과 함께 2.5m 아래 바닥으로 추락 및 가스관에 깔림,▶ 가스관 등 길이가 긴 자재 인양 시 외줄달기 지양 및 중량물취급 안전작업방법(두줄걸이) 준수,2016년 3월경 공사자재 야적장에서 재해자가 화물차에 적재된 가스관을 동료작업자와 함께 하역하는 작업 중 가스관 묶음 줄이 끊어지면서 재해자가 가스관과 함께 높이 약2.5m아래 바닥으로 떨어지는 과정에서 가스관(2본)이 재해자의 골반을 덮침 [유발요인] 화물차에 적재된 가스관 하역작업 중 가스관 묶음 줄(나일론) 파단에 의해 근로자가 가스관과 함께 2.5m 아래 바닥으로 추락 및 가스관에 깔림 [대책] ▶ 가스관 등 길이가 긴 자재 인양 시 외줄달기 지양 및 중량물취급 안전작업방법(두줄걸이) 준수,"5. 전기, 기계설비공사",5.2 기계설비 작업,,
건설업,,"2016년 5월경 재해자가 말비계(높이 : 0.95m)에서 객실 화장실 상부 환기배관(flexible, 높이 : 2.4m))연결작업을  완료한 후, 불명의 원인에 의하여 말비계에서 떨어지며(추정)두부손상을 입어, 병원으로 후송되어 치료 중 사망한 재해임",말비계,"5. 전기, 기계설비공사",말비계를 사용한 전선관 배관작업 중 몸의 중심을 잃고 바닥으로 추락,"▶ 말비계 안전한 구조의 말비계를 사용
   - 발판의 폭이 40cm이상의 비계를 사용
   - 말비계의 4지점이 견고한 구조의 바닥에 지지
   - 발판의 양 끝지점은 단부의 위치를 알수있도록 표시
▶ 작업자는 안전모를 올바르게 착용하고 작업을 실시","2016년 5월경 재해자가 말비계(높이 : 0.95m)에서 객실 화장실 상부 환기배관(flexible, 높이 : 2.4m))연결작업을  완료한 후, 불명의 원인에 의하여 말비계에서 떨어지며(추정)두부손상을 입어, 병원으로 후송되어 치료 중 사망한 재해임 [유발요인] 말비계를 사용한 전선관 배관작업 중 몸의 중심을 잃고 바닥으로 추락 [대책] ▶ 말비계 안전한 구조의 말비계를 사용
   - 발판의 폭이 40cm이상의 비계를 사용
   - 말비계의 4지점이 견고한 구조의 바닥에 지지
   - 발판의 양 끝지점은 단부의 위치를 알수있도록 표시
▶ 작업자는 안전모를 올바르게 착용하고 작업을 실시","5. 전기, 기계설비공사",5.2 기계설비 작업,,
건설업,,"2021년 3월경 OO시 OO구 소재 OOOO 시설공사 현장에서 이동식비계를 사용하여 천장 상부에 위치한 신설 급수배관 연결작업을 하던 재해자가 원인 미상으로 바닥에 엎드려 있어 병원으로 후송·치료 중, 사망한 재해임.",이동식비계,"5. 전기, 기계설비공사",이동식 비계 위에서 설비 작업 중 몸의 중심을 잃고 추락,"▶ 이동식틀비계 등 고소작업 시 추락방지를 위한 안전난간 설치를 통한 추락방지조치 실시
▶ 이동식틀비계 작업 시 균형을 무너뜨릴만한 부산물(스티로품 조각) 위에서 작업금지조치 준수","2021년 3월경 OO시 OO구 소재 OOOO 시설공사 현장에서 이동식비계를 사용하여 천장 상부에 위치한 신설 급수배관 연결작업을 하던 재해자가 원인 미상으로 바닥에 엎드려 있어 병원으로 후송·치료 중, 사망한 재해임. [유발요인] 이동식 비계 위에서 설비 작업 중 몸의 중심을 잃고 추락 [대책] ▶ 이동식틀비계 등 고소작업 시 추락방지를 위한 안전난간 설치를 통한 추락방지조치 실시
▶ 이동식틀비계 작업 시 균형을 무너뜨릴만한 부산물(스티로품 조각) 위에서 작업금지조치 준수","5. 전기, 기계설비공사",5.2 기계설비 작업,,
건설업,,2018년 12월경 OOO도 OO시 소재 OOOO 설치 현장에서 직영 근로자인 재해자가 철구조물 상부 바닥판에 설치한 이동식 사다리(A형) 위에서 탈수기 룸(Room) 지붕 구조물의 용접작업 후 사다리에서 내려오려던 순간 몸의 중심을 잃고 약 6미터 아래 지면으로 떨어진 재해로 추정됨.,사다리,"5. 전기, 기계설비공사",A형 사다리 위에서 탈수설비 용접작업 후 내려오돈 중 몸의 중심을 잃고 추락,"▶ 추락할 위험이 있는 작업 시, 추락방호망, 안전난간대, 안전대 부착설비 설치 등의 안전방호조치 실시
▶ 작업자의 개인보호구, 안전대 체결여부 점검 및 관리감독","2018년 12월경 OOO도 OO시 소재 OOOO 설치 현장에서 직영 근로자인 재해자가 철구조물 상부 바닥판에 설치한 이동식 사다리(A형) 위에서 탈수기 룸(Room) 지붕 구조물의 용접작업 후 사다리에서 내려오려던 순간 몸의 중심을 잃고 약 6미터 아래 지면으로 떨어진 재해로 추정됨. [유발요인] A형 사다리 위에서 탈수설비 용접작업 후 내려오돈 중 몸의 중심을 잃고 추락 [대책] ▶ 추락할 위험이 있는 작업 시, 추락방호망, 안전난간대, 안전대 부착설비 설치 등의 안전방호조치 실시
▶ 작업자의 개인보호구, 안전대 체결여부 점검 및 관리감독","5. 전기, 기계설비공사",5.2 기계설비 작업,,
건설업,,2020년 2월경 OOO도 OO시 OO산단 소재 OOOOOOO(주) 2공장내 OOO(Ⅲ) 이성화 반응기 내부에서 폐촉매를 제거하던 재해자가 경사면에서 흘러내려온 폐촉매에 가슴까지 매몰된 후 119에 구조되어 병원으로 후송하였으나 사망한 재해임._x000D_,기계설비,"5. 전기, 기계설비공사",이성화 반응기 내부에서 폐촉매를 제거하던 중 경사면에서 흘러내려온 폐촉매에 매몰,"▶ 탱크연결부 등 해체시 탱크를 개방하여 잔류물질을 사전에 제거
▶ 작업 시작전 잔류물질 측정 (가스농도 측정 등) 
    - 측정시 개인보호구 착용(보호복, 장화 등)
▶ 탱크내 취급한 유해위험물질에 대한 교육 실시
    - MSDS교육 및 물질자료 현장 배치
▶ 유해위험물질 대상 탱크 해체 등 작업시 개인보호구 착용
▶ 작업구간 유해가스가 체류되지 않도록 환기조치 실시 (상시가동)","2020년 2월경 OOO도 OO시 OO산단 소재 OOOOOOO(주) 2공장내 OOO(Ⅲ) 이성화 반응기 내부에서 폐촉매를 제거하던 재해자가 경사면에서 흘러내려온 폐촉매에 가슴까지 매몰된 후 119에 구조되어 병원으로 후송하였으나 사망한 재해임._x000D_ [유발요인] 이성화 반응기 내부에서 폐촉매를 제거하던 중 경사면에서 흘러내려온 폐촉매에 매몰 [대책] ▶ 탱크연결부 등 해체시 탱크를 개방하여 잔류물질을 사전에 제거
▶ 작업 시작전 잔류물질 측정 (가스농도 측정 등) 
    - 측정시 개인보호구 착용(보호복, 장화 등)
▶ 탱크내 취급한 유해위험물질에 대한 교육 실시
    - MSDS교육 및 물질자료 현장 배치
▶ 유해위험물질 대상 탱크 해체 등 작업시 개인보호구 착용
▶ 작업구간 유해가스가 체류되지 않도록 환기조치 실시 (상시가동)","5. 전기, 기계설비공사",5.2 기계설비 작업,,
건설업,,"2019년 1월경 OOO시 OO구 OO산단로 소재 ㈜OOOO에서 시공하는 스파이럴 프리져(급속동결장치) 설치공사 현장에서 재해자가 스파이럴 프리져 기초 프레임 설치 작업 중 프레임(1.6m(폭)x7.5m(길이),약 447kg(중량))을 수직으로 세워 잡고 있던 중 프레임이 재해자 방향으로 기울어지면서 재해자의 머리를 강타하여 사망한 재해임. ",기계설비,"5. 전기, 기계설비공사",급속동결장치 기초프레임 설치작업 중 프레임을 수직상태로 세우고 대기하던 중 프레임이 균형을 잃고 근로자의 머리를 강타,"▶ 단차가 있는 자재 또는 부재 세우기 작업 중 전도방지를 위한 체인블럭, 윈치 등 달기구를 이용하여 지탱하는 방식으로 전도방지조치 실시","2019년 1월경 OOO시 OO구 OO산단로 소재 ㈜OOOO에서 시공하는 스파이럴 프리져(급속동결장치) 설치공사 현장에서 재해자가 스파이럴 프리져 기초 프레임 설치 작업 중 프레임(1.6m(폭)x7.5m(길이),약 447kg(중량))을 수직으로 세워 잡고 있던 중 프레임이 재해자 방향으로 기울어지면서 재해자의 머리를 강타하여 사망한 재해임.  [유발요인] 급속동결장치 기초프레임 설치작업 중 프레임을 수직상태로 세우고 대기하던 중 프레임이 균형을 잃고 근로자의 머리를 강타 [대책] ▶ 단차가 있는 자재 또는 부재 세우기 작업 중 전도방지를 위한 체인블럭, 윈치 등 달기구를 이용하여 지탱하는 방식으로 전도방지조치 실시","5. 전기, 기계설비공사",5.2 기계설비 작업,,
건설업,,"2018경 3월경 OO시 OO구 소재 OOOO(주)에서 시공하는 OO대학교 OO대학 신축공사 현장에서 설비공 2명이 지하 2층 기계실에서 온수저장탱크를 인력으로 이동 및 설치 작업을 하는 도중, 온수저장탱크가 중심을 잃고 전도되면서 재해자 1명을 강타하여 사망한 재해임.",기계설비,"5. 전기, 기계설비공사","온수저장탱크 이동 및 설치 작업 중 전도, 협착","▶ 장비 운반 시 전도되지 않도록 깔판, 깔목 등 견고한 받침대 설치
▶ 작업 전 안전점검을 통한 해당 기계설비 작동여부 확인","2018경 3월경 OO시 OO구 소재 OOOO(주)에서 시공하는 OO대학교 OO대학 신축공사 현장에서 설비공 2명이 지하 2층 기계실에서 온수저장탱크를 인력으로 이동 및 설치 작업을 하는 도중, 온수저장탱크가 중심을 잃고 전도되면서 재해자 1명을 강타하여 사망한 재해임. [유발요인] 온수저장탱크 이동 및 설치 작업 중 전도, 협착 [대책] ▶ 장비 운반 시 전도되지 않도록 깔판, 깔목 등 견고한 받침대 설치
▶ 작업 전 안전점검을 통한 해당 기계설비 작동여부 확인","5. 전기, 기계설비공사",5.2 기계설비 작업,,
건설업,,2016년 7월경 OO빌딩 신축공사 현장에서 재해자가 점심식사 이후 보이지 않아 동료 근로자가 찾던 중 지하 기계식주차시설피트(높이 2.5m)에 바닥에 머리에 피를 흘리고 있는 것을 발견하였으나 사망,개구부(바닥개구부),"5. 전기, 기계설비공사",안전난간이 미설치된 바닥 개구부 인근에서 이동 중 근로자가 몸의 중심을 잃고 바닥 개구부로 추락,▶ 엘리베이트 승강로 피트 등 추락 위험구간에서 근로자 작업 시 안전블럭 등을 설치하여 안전대 체결상태로 작업 실시,2016년 7월경 OO빌딩 신축공사 현장에서 재해자가 점심식사 이후 보이지 않아 동료 근로자가 찾던 중 지하 기계식주차시설피트(높이 2.5m)에 바닥에 머리에 피를 흘리고 있는 것을 발견하였으나 사망 [유발요인] 안전난간이 미설치된 바닥 개구부 인근에서 이동 중 근로자가 몸의 중심을 잃고 바닥 개구부로 추락 [대책] ▶ 엘리베이트 승강로 피트 등 추락 위험구간에서 근로자 작업 시 안전블럭 등을 설치하여 안전대 체결상태로 작업 실시,"5. 전기, 기계설비공사",5.2 기계설비 작업,,
건설업,,"2017년 9월경, OOO도 OO시 소재 OOOOOO(주)가 시공하는 OOOO 신축공사 현장에서 자재납품업체 소속 재해자가 지하2층 PIT구간에 설치 된 이동식비계 2단 작업발판에서 PVC덕트 설치작업 중 임시로 고정해 놓은 덕트가 탈락되면서 재해자를 덮쳐, 콘크리트 바닥(H=3.4m)으로 떨어졌고 병원으로 이송, 치료 중 사망한 재해임.",배관,"5. 전기, 기계설비공사",이동식비계 2단 작업발판에서 PVC덕트 설치작업 중 임시로 고정해 놓은 덕트가 탈락되면서 맞은 후 콘크리트 바닥으로 추락,"▶ 배관행거등 소방배관 고정철물은 앙카볼트 및 달대 시공시 충분한 깊이로 시공
    - 배관행거 등에 안전를 체결한 상태로 작업금지
    - 배관을 올라타서 작업하는 등 불안전한 행동 금지 ","2017년 9월경, OOO도 OO시 소재 OOOOOO(주)가 시공하는 OOOO 신축공사 현장에서 자재납품업체 소속 재해자가 지하2층 PIT구간에 설치 된 이동식비계 2단 작업발판에서 PVC덕트 설치작업 중 임시로 고정해 놓은 덕트가 탈락되면서 재해자를 덮쳐, 콘크리트 바닥(H=3.4m)으로 떨어졌고 병원으로 이송, 치료 중 사망한 재해임. [유발요인] 이동식비계 2단 작업발판에서 PVC덕트 설치작업 중 임시로 고정해 놓은 덕트가 탈락되면서 맞은 후 콘크리트 바닥으로 추락 [대책] ▶ 배관행거등 소방배관 고정철물은 앙카볼트 및 달대 시공시 충분한 깊이로 시공
    - 배관행거 등에 안전를 체결한 상태로 작업금지
    - 배관을 올라타서 작업하는 등 불안전한 행동 금지 ","5. 전기, 기계설비공사",5.2 기계설비 작업,,
건설업,,"2020년 6월경 OOOO O층(식당가 아래층)에서 엔진구동식 고압세척기로 배관세척 작업 후 건물 밖의 지상 1층 분수광장 벤치에서 휴식을 취하던 중, 재해자 OOO이 앉은 채 의식이 없는 것을 동료 작업자들이 확인하여 병원으로 이송하였으나 사망한 재해임._x000D_",분류불능,"5. 전기, 기계설비공사",엔진구동식 고압세척기로 배관세척 작업 후 건물 밖에서 휴식을 취하던 중 의식이 없는 상태로 발견,"▶ 근로자가 현장 투입시 건강검진 소견 결과 확인 등
   - 배치전 건강검진 결과 확인
   - 의사 유소견자는 구분하여 관리 (주기적 상담 등)
▶ 오전 일일 TBM시 근로자 건강상태 확인","2020년 6월경 OOOO O층(식당가 아래층)에서 엔진구동식 고압세척기로 배관세척 작업 후 건물 밖의 지상 1층 분수광장 벤치에서 휴식을 취하던 중, 재해자 OOO이 앉은 채 의식이 없는 것을 동료 작업자들이 확인하여 병원으로 이송하였으나 사망한 재해임._x000D_ [유발요인] 엔진구동식 고압세척기로 배관세척 작업 후 건물 밖에서 휴식을 취하던 중 의식이 없는 상태로 발견 [대책] ▶ 근로자가 현장 투입시 건강검진 소견 결과 확인 등
   - 배치전 건강검진 결과 확인
   - 의사 유소견자는 구분하여 관리 (주기적 상담 등)
▶ 오전 일일 TBM시 근로자 건강상태 확인","5. 전기, 기계설비공사",5.2 기계설비 작업,,
건설업,,"2019년 3월경 OOOO(주) OOOO 3층 Flux Bin들 중 석회석 Bin 하부에서 OOOO 소속 재해자 두 명이 Bin 내부 부식상태 확인 및 유지 보수를 위하여 석회석 Bin 하부 절개 작업 중 석회석이 외부로 쏟아지면서 OOO은 중상, OOO은 경상을 입었고, 석회석에 매몰된 재해자(OOO)가 요양 중 사망한 재해 임.  ",암석,"5. 전기, 기계설비공사",Bin 내부 부식상태 확인 및 유지 보수를 위하여 석회석 Bin 하부 절개 작업 중 석회석이 외부로 쏟아지면서 매몰(깔림),"▶ 장비 해체작업시 해체작업 계획서 작성
   - 해체 구조물에 대한 정보 확인 (도면, 구조검토서 등)
   - 설비의 해체순서 및 해체방법
   - 해체시 전도방지 조치 및 보강조치 수립
   - 탱크 내부 물질 확인","2019년 3월경 OOOO(주) OOOO 3층 Flux Bin들 중 석회석 Bin 하부에서 OOOO 소속 재해자 두 명이 Bin 내부 부식상태 확인 및 유지 보수를 위하여 석회석 Bin 하부 절개 작업 중 석회석이 외부로 쏟아지면서 OOO은 중상, OOO은 경상을 입었고, 석회석에 매몰된 재해자(OOO)가 요양 중 사망한 재해 임.   [유발요인] Bin 내부 부식상태 확인 및 유지 보수를 위하여 석회석 Bin 하부 절개 작업 중 석회석이 외부로 쏟아지면서 매몰(깔림) [대책] ▶ 장비 해체작업시 해체작업 계획서 작성
   - 해체 구조물에 대한 정보 확인 (도면, 구조검토서 등)
   - 설비의 해체순서 및 해체방법
   - 해체시 전도방지 조치 및 보강조치 수립
   - 탱크 내부 물질 확인","5. 전기, 기계설비공사",5.2 기계설비 작업,,
건설업,,"2018년 7월경 OO군 OO면 OO리 OOOO 태양광 시설공사 현장에서 태양광 모듈패널 설치 작업 후 현장 뒷정리 작업 중 재해자가 어지러움 증세를 느껴 동료작업자에게 보고한 후  나무그늘 아래에 앉아서 휴식을 취하던 중 갑자기 일어나 5~6m 정도 뛰어가다 쓰러지는 것을 동료작업자가 발견후 응급조치를 실시하고, 119를 통해 병원으로 후송하여 치료도중 사망한 재해임.",원인미상,"5. 전기, 기계설비공사",태양광 모듈패널 설치 작업 후 현장 뒷정리 작업 중 어지러움 증세를 느껴 앉아서 휴식을 취하던 중 쓰러짐,"▶ 근로자가 현장 투입시 건강검진 소견 결과 확인 등
   - 배치전 건강검진 결과 확인
   - 의사 유소견자는 구분하여 관리 (주기적 상담 등)
▶ 오전 일일 TBM시 근로자 건강상태 확인","2018년 7월경 OO군 OO면 OO리 OOOO 태양광 시설공사 현장에서 태양광 모듈패널 설치 작업 후 현장 뒷정리 작업 중 재해자가 어지러움 증세를 느껴 동료작업자에게 보고한 후  나무그늘 아래에 앉아서 휴식을 취하던 중 갑자기 일어나 5~6m 정도 뛰어가다 쓰러지는 것을 동료작업자가 발견후 응급조치를 실시하고, 119를 통해 병원으로 후송하여 치료도중 사망한 재해임. [유발요인] 태양광 모듈패널 설치 작업 후 현장 뒷정리 작업 중 어지러움 증세를 느껴 앉아서 휴식을 취하던 중 쓰러짐 [대책] ▶ 근로자가 현장 투입시 건강검진 소견 결과 확인 등
   - 배치전 건강검진 결과 확인
   - 의사 유소견자는 구분하여 관리 (주기적 상담 등)
▶ 오전 일일 TBM시 근로자 건강상태 확인","5. 전기, 기계설비공사",5.2 기계설비 작업,,
건설업,,"2016년 2월경, OOO도 OO군 소재 ㈜OOOOO에서 지게차[5톤]  운전자 OOOO이 맥주피처를 싣고 제품 포장동에서 출하장으로 운전 중 “OOOO 개조공사”를 위해 출하장으로 출근하던 OOOO소속 재해자(OOO)를 발견하지 못하고 지게차로 재해자를 충격, 재해자가 앞으로 넘어지고 그 머리 위로 지게차 우측 바퀴가 깔고 지나면서 재해자가 현장에서 사망한 재해임.",지게차,"5. 전기, 기계설비공사","사업장내 교육장소로 이동중이던 근로자가 맥주를 적재 한 상태로 운반중이던 지게차와 충돌, 깔림","▶ 지게차를 사용한 작업 시, 지정된 제한속도(10km/h) 준수
    - 하역물 운반시 급선회 금지, 경사로 이동시 제한속도 준수
▶ 지게자 작업반경 내 근로자 접근금지 조치 및 신호수 배치
▶ 지게차 운전자의 시야확보 (시야가 방해될정도로 하역물을 높이 쌓아 이동 금지)
▶ 지게차 안전장치 설치상태 및 기능점검 실시
    - 전조등, 후미등, 후사경, 후방카메라, 경보음
▶ 보행자 통로를 구획하여 표시","2016년 2월경, OOO도 OO군 소재 ㈜OOOOO에서 지게차[5톤]  운전자 OOOO이 맥주피처를 싣고 제품 포장동에서 출하장으로 운전 중 “OOOO 개조공사”를 위해 출하장으로 출근하던 OOOO소속 재해자(OOO)를 발견하지 못하고 지게차로 재해자를 충격, 재해자가 앞으로 넘어지고 그 머리 위로 지게차 우측 바퀴가 깔고 지나면서 재해자가 현장에서 사망한 재해임. [유발요인] 사업장내 교육장소로 이동중이던 근로자가 맥주를 적재 한 상태로 운반중이던 지게차와 충돌, 깔림 [대책] ▶ 지게차를 사용한 작업 시, 지정된 제한속도(10km/h) 준수
    - 하역물 운반시 급선회 금지, 경사로 이동시 제한속도 준수
▶ 지게자 작업반경 내 근로자 접근금지 조치 및 신호수 배치
▶ 지게차 운전자의 시야확보 (시야가 방해될정도로 하역물을 높이 쌓아 이동 금지)
▶ 지게차 안전장치 설치상태 및 기능점검 실시
    - 전조등, 후미등, 후사경, 후방카메라, 경보음
▶ 보행자 통로를 구획하여 표시","5. 전기, 기계설비공사",5.2 기계설비 작업,,
건설업,,"2016년 5월경, OOO도 OO면 소재 (주)OOOOOO OOO 물류공사현장의 5층 내부에서 반입되어 눕혀있는 Shelf(W900*L2600*H5600,390KG)를 지게차의 포크에 걸쳐놓은 후 포크를 상승시키면서 Shelf를 세우던 중 상승하던 포크에 의해 발생한 관성에 의해 Shelf가 반대편으로 넘어가 반대편에서 Shelf의 하부를 지지하고 있던 재해자 2명이 넘어오는 Shelf와 바닥사이에 끼이면서 부상을 당한 재해임.",지게차,"5. 전기, 기계설비공사",지게차를 통한 Shelf 운반작업 중 이탈방지 미조치에 의한 Shelf 전복 및 근로자 깔림,"▶ 지게차를 사용한 작업 시, 지정된 제한속도(10km/h) 준수
    - 하역물 운반시 급선회 금지, 경사로 이동시 제한속도 준수
▶ 지게자 작업반경 내 근로자 접근금지 조치 및 신호수 배치
▶ 지게차 운전자의 시야확보 (시야가 방해될정도로 하역물을 높이 쌓아 이동 금지)
▶ 지게차 안전장치 설치상태 및 기능점검 실시
    - 전조등, 후미등, 후사경, 후방카메라, 경보음
▶ 보행자 통로를 구획하여 표시","2016년 5월경, OOO도 OO면 소재 (주)OOOOOO OOO 물류공사현장의 5층 내부에서 반입되어 눕혀있는 Shelf(W900*L2600*H5600,390KG)를 지게차의 포크에 걸쳐놓은 후 포크를 상승시키면서 Shelf를 세우던 중 상승하던 포크에 의해 발생한 관성에 의해 Shelf가 반대편으로 넘어가 반대편에서 Shelf의 하부를 지지하고 있던 재해자 2명이 넘어오는 Shelf와 바닥사이에 끼이면서 부상을 당한 재해임. [유발요인] 지게차를 통한 Shelf 운반작업 중 이탈방지 미조치에 의한 Shelf 전복 및 근로자 깔림 [대책] ▶ 지게차를 사용한 작업 시, 지정된 제한속도(10km/h) 준수
    - 하역물 운반시 급선회 금지, 경사로 이동시 제한속도 준수
▶ 지게자 작업반경 내 근로자 접근금지 조치 및 신호수 배치
▶ 지게차 운전자의 시야확보 (시야가 방해될정도로 하역물을 높이 쌓아 이동 금지)
▶ 지게차 안전장치 설치상태 및 기능점검 실시
    - 전조등, 후미등, 후사경, 후방카메라, 경보음
▶ 보행자 통로를 구획하여 표시","5. 전기, 기계설비공사",5.2 기계설비 작업,,
건설업,,2017년 11월경 OO도 OO시 소재 OOOOOO(주) OOOO발전소 #O 가스터빈 발전기 차단기 큐비클 내부에서 단로기 수리·교체 보조작업 중 OOOO(주) 소속 재해자가 19kV 충전부에 접촉되어 사망함.,충전부,"5. 전기, 기계설비공사",발전소 내 가스터빈 발전기 차단기 큐비클 내부에서 단로기 수리·교체 보조작업 중 19kV 충전부에 접촉되어 감전,"▶ 감전될 위험이 있는 작업 시, 해당 전로의 정전상태 확인 준수
▶ 작업 전 절연장갑, 절연복 등 절연용 보호구 지급 및 착용상태 관리
▶ 작업 전 개인보호구 지급 및 착용 상태 관리","2017년 11월경 OO도 OO시 소재 OOOOOO(주) OOOO발전소 #O 가스터빈 발전기 차단기 큐비클 내부에서 단로기 수리·교체 보조작업 중 OOOO(주) 소속 재해자가 19kV 충전부에 접촉되어 사망함. [유발요인] 발전소 내 가스터빈 발전기 차단기 큐비클 내부에서 단로기 수리·교체 보조작업 중 19kV 충전부에 접촉되어 감전 [대책] ▶ 감전될 위험이 있는 작업 시, 해당 전로의 정전상태 확인 준수
▶ 작업 전 절연장갑, 절연복 등 절연용 보호구 지급 및 착용상태 관리
▶ 작업 전 개인보호구 지급 및 착용 상태 관리","5. 전기, 기계설비공사",5.2 기계설비 작업,,
건설업,,"2019년 11월경, OO시 OO로 소재, OOOO 아파트 201동 1호기 엘리베이터에서 (유)OOOO 소속 재해자가 엘리베이터 카 상부에서 고장 수리 작업을 하던 중 엘리베이터가 갑자기 상승하여 재해자가 승강장 문턱 아래에 끼이면서 사망한 재해임",기계설비,"5. 전기, 기계설비공사",엘리베이터 수리 또는 설치 작업 중 갑작스러운 카 작동 등의 원인으로 카와 벽체 또는 승강장 문 사이에 근로자 끼임,"▶ 승강기 설치, 정비, 보수 등의 작업 시 운전 정지 및 전원 차단 조치
▶ 작업 지휘자 선임, 관계근로자 외 사람의 출입 금지 등 안전조치 실시
▶ 근로자 개인보호구 지급 및 착용상태 관리감독","2019년 11월경, OO시 OO로 소재, OOOO 아파트 201동 1호기 엘리베이터에서 (유)OOOO 소속 재해자가 엘리베이터 카 상부에서 고장 수리 작업을 하던 중 엘리베이터가 갑자기 상승하여 재해자가 승강장 문턱 아래에 끼이면서 사망한 재해임 [유발요인] 엘리베이터 수리 또는 설치 작업 중 갑작스러운 카 작동 등의 원인으로 카와 벽체 또는 승강장 문 사이에 근로자 끼임 [대책] ▶ 승강기 설치, 정비, 보수 등의 작업 시 운전 정지 및 전원 차단 조치
▶ 작업 지휘자 선임, 관계근로자 외 사람의 출입 금지 등 안전조치 실시
▶ 근로자 개인보호구 지급 및 착용상태 관리감독","5. 전기, 기계설비공사",5.3 엘리베이터 설치 작업,,
건설업,,2017년 12월경 OO시 OO구 소재 ㈜OOOOO에서 시공하는 OOOO 철거현장에서 고철·비철 수거업체 소속 OOO이 승강기 해체를 위해 승강기 피트 하부에서 산소-LPG 용접기로 승강기 카(car)와 균형추에 연결된 주로프(와이어로프)를 용단하던 중 상부에 위치한 승강기 카가 지상으로 떨어지며 압사한 것으로 추정 됨.,용접(단)기,"5. 전기, 기계설비공사",승강기 해체를 위해 PIT 하부에서 카와 균형추에 연결된 로프를 용단하던 중 상부에 위치한 카가 낙하하며 깔림,"▶ 승강기 해체 작업 전, 사전 작업계획서를 수립하여 작업 방법을 계획하고, 작업 시 관리감독할 수 있는 작업지휘자를 배치
▶ 승강기 해체 작업 시, 이해도와 숙련도가 높은 작업자에게 작업지시
▶ 승강기 해체 작업 시, 승강기 카를 하부에 위치한 후, 상부에서 승강기 카와 균형추 연결로프를 절단하도록 조치","2017년 12월경 OO시 OO구 소재 ㈜OOOOO에서 시공하는 OOOO 철거현장에서 고철·비철 수거업체 소속 OOO이 승강기 해체를 위해 승강기 피트 하부에서 산소-LPG 용접기로 승강기 카(car)와 균형추에 연결된 주로프(와이어로프)를 용단하던 중 상부에 위치한 승강기 카가 지상으로 떨어지며 압사한 것으로 추정 됨. [유발요인] 승강기 해체를 위해 PIT 하부에서 카와 균형추에 연결된 로프를 용단하던 중 상부에 위치한 카가 낙하하며 깔림 [대책] ▶ 승강기 해체 작업 전, 사전 작업계획서를 수립하여 작업 방법을 계획하고, 작업 시 관리감독할 수 있는 작업지휘자를 배치
▶ 승강기 해체 작업 시, 이해도와 숙련도가 높은 작업자에게 작업지시
▶ 승강기 해체 작업 시, 승강기 카를 하부에 위치한 후, 상부에서 승강기 카와 균형추 연결로프를 절단하도록 조치","5. 전기, 기계설비공사",5.3 엘리베이터 설치 작업,,
건설업,,"2018년 3월경 ㈜OOOO OOOO사업 현장에서 재해자가 집게차(화물자동차) 주변에서 임목폐기물 상차후 도로변에 잔재물을 모으던 중 집게차 측면의 철판난간대가 떨어지면서 재해자를 강타, 의식을 잃은 재해자를 병원으로 이송하여 치료중 사망한 재해임     ",기타건설장비,6. 조경공사,임목폐기물 상차 후 도로변에 잔재물을 모으던 중 집게차 측면의 철판난간대가 떨어져 근로자를 강타,"▶ 차량계 하역운반기계 사용할 경우 작업계획서를 작성하고 작업계획에 맞게 작업실시
▶ 자재인양 등 중량물 취급작업 시 낙하위험 지역에 대해 근로자 출입 통제","2018년 3월경 ㈜OOOO OOOO사업 현장에서 재해자가 집게차(화물자동차) 주변에서 임목폐기물 상차후 도로변에 잔재물을 모으던 중 집게차 측면의 철판난간대가 떨어지면서 재해자를 강타, 의식을 잃은 재해자를 병원으로 이송하여 치료중 사망한 재해임      [유발요인] 임목폐기물 상차 후 도로변에 잔재물을 모으던 중 집게차 측면의 철판난간대가 떨어져 근로자를 강타 [대책] ▶ 차량계 하역운반기계 사용할 경우 작업계획서를 작성하고 작업계획에 맞게 작업실시
▶ 자재인양 등 중량물 취급작업 시 낙하위험 지역에 대해 근로자 출입 통제",6. 조경공사,6.1 조경작업,,
건설업,,"2019년 3월경 협력업체 OOOO 소속 재해자 OOO가 동료근로자 4명과 함께 골프장 11번 홀 훼손된 잔디 이식작업 중 주변에서 불어온강한 바람과 함께 많은 먼지 발생 후 동료근로자들 옆에 쓰러져, 119구조대 차량으로인근 병원으로 이송되었으나 사망한 재해임","각재(파이프,강관,합판)",6. 조경공사,잔디 이식작업 중 주변 강한 바람으로 합판이 날아와 근로자와 충돌,▶ 바람 등 기상상태 불안정으로 인하여 근로자가 위험해질 우려가 있는 경우 작업 중지,"2019년 3월경 협력업체 OOOO 소속 재해자 OOO가 동료근로자 4명과 함께 골프장 11번 홀 훼손된 잔디 이식작업 중 주변에서 불어온강한 바람과 함께 많은 먼지 발생 후 동료근로자들 옆에 쓰러져, 119구조대 차량으로인근 병원으로 이송되었으나 사망한 재해임 [유발요인] 잔디 이식작업 중 주변 강한 바람으로 합판이 날아와 근로자와 충돌 [대책] ▶ 바람 등 기상상태 불안정으로 인하여 근로자가 위험해질 우려가 있는 경우 작업 중지",6. 조경공사,6.1 조경작업,,
건설업,,2021년 3월경 입목벌채 현장에서 재해자가 벌목작업을 하던 중 인접나무에 걸려 회전하면서 쓰러지며 두부를 가격하여 사망,수목,6. 조경공사,벌목작업 중 쓰러지는 벌도목에 부딪혀 깔림,"▶ 절단 대상수목의 수구작업 실시
▶ 벌도목이 쓰러지는 방향쪽은 위험구역으로 설정하여 접근금지 실시
▶ 벌목작업 시 대피로 및 대피장소 지정, 벌목작업 시 신호방법 지정
▶ 개인 보호구 지급 및 착용 철저","2021년 3월경 입목벌채 현장에서 재해자가 벌목작업을 하던 중 인접나무에 걸려 회전하면서 쓰러지며 두부를 가격하여 사망 [유발요인] 벌목작업 중 쓰러지는 벌도목에 부딪혀 깔림 [대책] ▶ 절단 대상수목의 수구작업 실시
▶ 벌도목이 쓰러지는 방향쪽은 위험구역으로 설정하여 접근금지 실시
▶ 벌목작업 시 대피로 및 대피장소 지정, 벌목작업 시 신호방법 지정
▶ 개인 보호구 지급 및 착용 철저",6. 조경공사,6.1 조경작업,,
건설업,,2021년 12월경 군부대 철조망 설치공사에서 재해자가 굴착기 버킷 위에 올라타 나무 자르던 중 벌도목이 넘어지면서 강타하여 사망,수목,6. 조경공사,벌목작업 중 쓰러지는 벌도목에 부딪혀 깔림,"▶ 절단 대상수목의 수구작업 실시
▶ 벌도목이 쓰러지는 방향쪽은 위험구역으로 설정하여 접근금지 실시
▶ 벌목작업 시 대피로 및 대피장소 지정, 벌목작업 시 신호방법 지정
▶ 개인 보호구 지급 및 착용 철저","2021년 12월경 군부대 철조망 설치공사에서 재해자가 굴착기 버킷 위에 올라타 나무 자르던 중 벌도목이 넘어지면서 강타하여 사망 [유발요인] 벌목작업 중 쓰러지는 벌도목에 부딪혀 깔림 [대책] ▶ 절단 대상수목의 수구작업 실시
▶ 벌도목이 쓰러지는 방향쪽은 위험구역으로 설정하여 접근금지 실시
▶ 벌목작업 시 대피로 및 대피장소 지정, 벌목작업 시 신호방법 지정
▶ 개인 보호구 지급 및 착용 철저",6. 조경공사,6.1 조경작업,,
건설업,,2021년 7월경 관광농원조성공사에서 재해자가 벌목하던 중 벌도목 가지가 부러지면서 두부를 강타하여 사망,수목,6. 조경공사,벌목작업 중 벌도목이 쓰러지며 부러진(또는 걸쳐져 있던) 나뭇가지가 낙하하여 인근 작업자의 머리를 강타,"▶ 나뭇가지 등 낙하물에 의한 위험 방지를 위해 낙하위험지역의 근로자 불필요한 출입 통제(출입 시 관리감독자 등 감독하에 출입)
▶ 안전모 및 개인보호구 지급 및 착용관리","2021년 7월경 관광농원조성공사에서 재해자가 벌목하던 중 벌도목 가지가 부러지면서 두부를 강타하여 사망 [유발요인] 벌목작업 중 벌도목이 쓰러지며 부러진(또는 걸쳐져 있던) 나뭇가지가 낙하하여 인근 작업자의 머리를 강타 [대책] ▶ 나뭇가지 등 낙하물에 의한 위험 방지를 위해 낙하위험지역의 근로자 불필요한 출입 통제(출입 시 관리감독자 등 감독하에 출입)
▶ 안전모 및 개인보호구 지급 및 착용관리",6. 조경공사,6.1 조경작업,,
건설업,,2019년 5월경 조경공사에서 재해자가 굴착기와 자연석 인양 작업 중 체인이 벗겨지며 자연석이 덮쳐 사망,굴착기,6. 조경공사,굴삭기로 조경석을 쌓던 중 인양줄걸이가 벗겨지면서 조경석이 전도되어 이에 깔림,"▶ 나뭇가지 등 낙하물에 의한 위험 방지를 위해 낙하위험지역의 근로자 불필요한 출입 통제(출입 시 관리감독자 등 감독하에 출입)
▶ 개인 보호구 지급 및 착용 철저","2019년 5월경 조경공사에서 재해자가 굴착기와 자연석 인양 작업 중 체인이 벗겨지며 자연석이 덮쳐 사망 [유발요인] 굴삭기로 조경석을 쌓던 중 인양줄걸이가 벗겨지면서 조경석이 전도되어 이에 깔림 [대책] ▶ 나뭇가지 등 낙하물에 의한 위험 방지를 위해 낙하위험지역의 근로자 불필요한 출입 통제(출입 시 관리감독자 등 감독하에 출입)
▶ 개인 보호구 지급 및 착용 철저",6. 조경공사,6.1 조경작업,,
건설업,,2016년 1월경 OO농장에서 재해자가 불용수목 제거작업을 하던 중 기존에 벌목되어 걸쳐져 있던 나무가 떨어지면서 머리를 가격하여 사망,수목,6. 조경공사,벌목작업 중 벌도목이 쓰러지며 부러진(또는 걸쳐져 있던) 나뭇가지가 낙하하여 인근 작업자의 머리를 강타,"▶ 나뭇가지 등 낙하물에 의한 위험 방지를 위해 낙하위험지역의 근로자 불필요한 출입 통제(출입 시 관리감독자 등 감독하에 출입)
▶ 안전모 및 개인보호구 지급 및 착용관리","2016년 1월경 OO농장에서 재해자가 불용수목 제거작업을 하던 중 기존에 벌목되어 걸쳐져 있던 나무가 떨어지면서 머리를 가격하여 사망 [유발요인] 벌목작업 중 벌도목이 쓰러지며 부러진(또는 걸쳐져 있던) 나뭇가지가 낙하하여 인근 작업자의 머리를 강타 [대책] ▶ 나뭇가지 등 낙하물에 의한 위험 방지를 위해 낙하위험지역의 근로자 불필요한 출입 통제(출입 시 관리감독자 등 감독하에 출입)
▶ 안전모 및 개인보호구 지급 및 착용관리",6. 조경공사,6.1 조경작업,,
건설업,,"2018년 9월경 부지조성공사에서 이식예정인 소나무 아래에서 쉬던 중 묶어놓은 로프가 풀리면서 소나무가 전도되어 1명 사망, 2명 부상",수목,6. 조경공사,이식예정인 소나무에 묶어놓은 로프가 풀리면서 쉬고 있던 작업자 쪽으로 전도되어 깔림,"▶ 수목을 이식하기 위하여 굴취한 경우 넘어가지 않도록 붙들어 지탱하는 등의 전도방지 조치 실시
▶ 수목을 굴취하여 작업하는 경우 줄걸이 상태에서 지지하거나 나무를 안전하게 눞혀놓고 다음 공정 진행
▶ 수목과 같은 중량물을 불안정한 상태로 적재를 금지","2018년 9월경 부지조성공사에서 이식예정인 소나무 아래에서 쉬던 중 묶어놓은 로프가 풀리면서 소나무가 전도되어 1명 사망, 2명 부상 [유발요인] 이식예정인 소나무에 묶어놓은 로프가 풀리면서 쉬고 있던 작업자 쪽으로 전도되어 깔림 [대책] ▶ 수목을 이식하기 위하여 굴취한 경우 넘어가지 않도록 붙들어 지탱하는 등의 전도방지 조치 실시
▶ 수목을 굴취하여 작업하는 경우 줄걸이 상태에서 지지하거나 나무를 안전하게 눞혀놓고 다음 공정 진행
▶ 수목과 같은 중량물을 불안정한 상태로 적재를 금지",6. 조경공사,6.1 조경작업,,
건설업,,2018년 5월경 포장보수공사 현장에서 재해자가 덤프트럭의 신호를 보던 중 덤프트럭 운전자가 갑자기 보이지 않는 재해자를 인지하지 못하고 후진하다 치여 사망,트럭,7. 도로 및 포장공사,시야가 미확보된 상태에서 후진하던 차량계 건설기계에 주변 근로자가 깔림,"▶ 근로자가 건설기계에 근접하여 작업을 수행하는 경우 유도자를 배치하여 안전한 상태에서 작업 진행
▶ 차량계 건설기계 접촉 가능 장소 및 사각지대 발생가능성이 높은 건설기계 사용 시 근로자 출입금지 및 유도자 배치
▶ 건설장비 작업 시 근로자와 장비의 동선을 분리
▶ 카메라 부착 또는 후방에 근로자의 접근을 알리는 후방센서, 경보장치 등 부착
▶ 차량계 건설기계 작업전 안전 점검 실시 및 후방카메라 등 방호장치 확인","2018년 5월경 포장보수공사 현장에서 재해자가 덤프트럭의 신호를 보던 중 덤프트럭 운전자가 갑자기 보이지 않는 재해자를 인지하지 못하고 후진하다 치여 사망 [유발요인] 시야가 미확보된 상태에서 후진하던 차량계 건설기계에 주변 근로자가 깔림 [대책] ▶ 근로자가 건설기계에 근접하여 작업을 수행하는 경우 유도자를 배치하여 안전한 상태에서 작업 진행
▶ 차량계 건설기계 접촉 가능 장소 및 사각지대 발생가능성이 높은 건설기계 사용 시 근로자 출입금지 및 유도자 배치
▶ 건설장비 작업 시 근로자와 장비의 동선을 분리
▶ 카메라 부착 또는 후방에 근로자의 접근을 알리는 후방센서, 경보장치 등 부착
▶ 차량계 건설기계 작업전 안전 점검 실시 및 후방카메라 등 방호장치 확인",7. 도로 및 포장공사,7.1 포장 작업,,
건설업,,2021년 8월경 도로 포장공사에서 재해자가 장비유도자 역할을 하던 중 후진하는 덤프트럭(25.5.t)에 치여 사망,트럭,7. 도로 및 포장공사,시야가 미확보된 상태에서 후진하던 차량계 건설기계에 주변 근로자가 깔림,"▶ 근로자가 건설기계에 근접하여 작업을 수행하는 경우 유도자를 배치하여 안전한 상태에서 작업 진행
▶ 차량계 건설기계 접촉 가능 장소 및 사각지대 발생가능성이 높은 건설기계 사용 시 근로자 출입금지 및 유도자 배치
▶ 건설장비 작업 시 근로자와 장비의 동선을 분리
▶ 카메라 부착 또는 후방에 근로자의 접근을 알리는 후방센서, 경보장치 등 부착
▶ 차량계 건설기계 작업전 안전 점검 실시 및 후방카메라 등 방호장치 확인","2021년 8월경 도로 포장공사에서 재해자가 장비유도자 역할을 하던 중 후진하는 덤프트럭(25.5.t)에 치여 사망 [유발요인] 시야가 미확보된 상태에서 후진하던 차량계 건설기계에 주변 근로자가 깔림 [대책] ▶ 근로자가 건설기계에 근접하여 작업을 수행하는 경우 유도자를 배치하여 안전한 상태에서 작업 진행
▶ 차량계 건설기계 접촉 가능 장소 및 사각지대 발생가능성이 높은 건설기계 사용 시 근로자 출입금지 및 유도자 배치
▶ 건설장비 작업 시 근로자와 장비의 동선을 분리
▶ 카메라 부착 또는 후방에 근로자의 접근을 알리는 후방센서, 경보장치 등 부착
▶ 차량계 건설기계 작업전 안전 점검 실시 및 후방카메라 등 방호장치 확인",7. 도로 및 포장공사,7.1 포장 작업,,
건설업,,2017년 10월경 아파트 건설현장에서 재해자가 현장 관리감독하던 중 후진하던 덤프트럭(25t)에 치여 사망,트럭,7. 도로 및 포장공사,시야가 미확보된 상태에서 후진하던 차량계 건설기계에 주변 근로자가 깔림,"▶ 근로자가 건설기계에 근접하여 작업을 수행하는 경우 유도자를 배치하여 안전한 상태에서 작업 진행
▶ 차량계 건설기계 접촉 가능 장소 및 사각지대 발생가능성이 높은 건설기계 사용 시 근로자 출입금지 및 유도자 배치
▶ 카메라 부착 또는 후방에 근로자의 접근을 알리는 후방센서, 경보장치 등 부착
▶ 차량계 건설기계 작업전 안전 점검 실시 및 후방카메라 등 방호장치 확인","2017년 10월경 아파트 건설현장에서 재해자가 현장 관리감독하던 중 후진하던 덤프트럭(25t)에 치여 사망 [유발요인] 시야가 미확보된 상태에서 후진하던 차량계 건설기계에 주변 근로자가 깔림 [대책] ▶ 근로자가 건설기계에 근접하여 작업을 수행하는 경우 유도자를 배치하여 안전한 상태에서 작업 진행
▶ 차량계 건설기계 접촉 가능 장소 및 사각지대 발생가능성이 높은 건설기계 사용 시 근로자 출입금지 및 유도자 배치
▶ 카메라 부착 또는 후방에 근로자의 접근을 알리는 후방센서, 경보장치 등 부착
▶ 차량계 건설기계 작업전 안전 점검 실시 및 후방카메라 등 방호장치 확인",7. 도로 및 포장공사,7.2 포설 및 다짐 작업,,
건설업,,2020년 8월경 야적장에서 재해자가 덤프트럭 운행하던 중 차량이 조수석 방향으로 전도되면서 사망,트럭,7. 도로 및 포장공사,하역 작업 중 적재함을 상승시키자 덤프트럭이 균형을 잃고 전도됨,"▶ 운반 및 하역 작업 시 적재용량을 초과하여 무리한 운반을 금지
▶ 지반이 고르지 못한 곳에서는 하역 시 무리한 적재함 상승 금지
▶ 덤프트럭 하역작업 시 차량 전도 등 비상사태를 예방하기 위해 안전벨트 등 보호구 상시 착용","2020년 8월경 야적장에서 재해자가 덤프트럭 운행하던 중 차량이 조수석 방향으로 전도되면서 사망 [유발요인] 하역 작업 중 적재함을 상승시키자 덤프트럭이 균형을 잃고 전도됨 [대책] ▶ 운반 및 하역 작업 시 적재용량을 초과하여 무리한 운반을 금지
▶ 지반이 고르지 못한 곳에서는 하역 시 무리한 적재함 상승 금지
▶ 덤프트럭 하역작업 시 차량 전도 등 비상사태를 예방하기 위해 안전벨트 등 보호구 상시 착용",7. 도로 및 포장공사,7.2 포설 및 다짐 작업,,
건설업,,2020년 11월경 교량 보수공사 현장에서 상부 강연선 긴장작업을 완료하고 재해자가 공구 운반 작업을 도와주는 과정에서 상부 강연선의 정착구가 탈락하면서 두부를 타격하여 사망,기타구조물,8. 교량공사,상부 강연선의 정착구가 탈락하면서 이탈한 장착구 또는 연결된 강봉이 근로자의 두부를 타격함,"▶ 강연선 긴장력 등 정착구에 부가되는 하중으로 인해 정착구 및 강봉이 탈락할 위험이 있는 경우 강연선 긴장력 증가, 정착구 및 콘크리트 간 접촉면의 마찰력 감소 등 안전성 평가 실시","2020년 11월경 교량 보수공사 현장에서 상부 강연선 긴장작업을 완료하고 재해자가 공구 운반 작업을 도와주는 과정에서 상부 강연선의 정착구가 탈락하면서 두부를 타격하여 사망 [유발요인] 상부 강연선의 정착구가 탈락하면서 이탈한 장착구 또는 연결된 강봉이 근로자의 두부를 타격함 [대책] ▶ 강연선 긴장력 등 정착구에 부가되는 하중으로 인해 정착구 및 강봉이 탈락할 위험이 있는 경우 강연선 긴장력 증가, 정착구 및 콘크리트 간 접촉면의 마찰력 감소 등 안전성 평가 실시",8. 교량공사,8.3 PSC 교량 작업,,
건설업,,"2021년 10월경 OO순환도로 확장공사 터널 작업현장에서 터널전용으로 제작된 강재거푸집을 유압잭으로 이동시키던 과정에서, 강재거푸집 러그와 굴착기에 연결시켜 사용하던 와이어로프(∵강재거푸집 고정용)를 굴착기 운전기사가 끌어당기자 러그에서 이탈하여 와이어로프가 재해자를 타격해 사망","기타자재(내부마감재,시멘트,마대)",9. 터널공사,"유압잭으로 터널용 강재거푸집을 이동중, 굴삭기에 연결시켜 사용하던 와이어로프가 러그에서 이탈하여 와이어로프가 재해자를 타격하여 사망한 재해임","▶작업 전 인양장비에 대한 결함 유무 및 점검 실시
▶인양작업 전 작업반경에 따른 근로자 통제 조치 실시","2021년 10월경 OO순환도로 확장공사 터널 작업현장에서 터널전용으로 제작된 강재거푸집을 유압잭으로 이동시키던 과정에서, 강재거푸집 러그와 굴착기에 연결시켜 사용하던 와이어로프(∵강재거푸집 고정용)를 굴착기 운전기사가 끌어당기자 러그에서 이탈하여 와이어로프가 재해자를 타격해 사망 [유발요인] 유압잭으로 터널용 강재거푸집을 이동중, 굴삭기에 연결시켜 사용하던 와이어로프가 러그에서 이탈하여 와이어로프가 재해자를 타격하여 사망한 재해임 [대책] ▶작업 전 인양장비에 대한 결함 유무 및 점검 실시
▶인양작업 전 작업반경에 따른 근로자 통제 조치 실시",9. 터널공사,9.1 라이닝 거푸집 작업,,
건설업,,"2016년 7월경 OO펌프장 내 저류조 내부 슬러지 준설작업 물량 확인을 위해 재해자1이 저류조 출입구를 통하여 하부(4m)로 내려가 확인 후 다시 올라오는 과정에서 의식을 잃고 쓰러지자, 재해자2가 구조를 위해 저류조 하부로 내려가던 중 의식을 잃고 쓰러져 2명 모두 사망",화학물질,10. 하천 및 항만공사,저류조 내부 슬러지 준설작업 확인을 위해 저류조 내부로 내려가 확인 후 올라오던 중 황화수소 중독에 의해 의식을 잃고 쓰러진 후 사망,"▶ 사전 유해가스농도를 측정, 환기설비를 통해 급기하는 등 적정한 공기상태가 유지
▶ 밀폐공간에 관련공사 관계자 외 출입을 금지하도록 조치","2016년 7월경 OO펌프장 내 저류조 내부 슬러지 준설작업 물량 확인을 위해 재해자1이 저류조 출입구를 통하여 하부(4m)로 내려가 확인 후 다시 올라오는 과정에서 의식을 잃고 쓰러지자, 재해자2가 구조를 위해 저류조 하부로 내려가던 중 의식을 잃고 쓰러져 2명 모두 사망 [유발요인] 저류조 내부 슬러지 준설작업 확인을 위해 저류조 내부로 내려가 확인 후 올라오던 중 황화수소 중독에 의해 의식을 잃고 쓰러진 후 사망 [대책] ▶ 사전 유해가스농도를 측정, 환기설비를 통해 급기하는 등 적정한 공기상태가 유지
▶ 밀폐공간에 관련공사 관계자 외 출입을 금지하도록 조치",10. 하천 및 항만공사,10.1 준설매립,,
건설업,,2016년 11월경 OO항 부근의 해저에서 재해자가 수중(수심 약 2m) 이식플레이트 설치 작업 중 호흡곤란으로 의식을 잃어 사망,물,10. 하천 및 항만공사,수중 작업을 하던 중 보호구의 이상 등 이상징후 발생으로 의식을 잃어 익사,"▶ 수중 작업자 비상 연락용구 지급
▶ 작업 전 잠수기구 송기관(공기호스) 연결부 점검을 통한 이상유무 확인
▶ 잠수 작업 시 작업자와의 연락을 담당하는 감시자 배치를 통한 안전방호조치 실시","2016년 11월경 OO항 부근의 해저에서 재해자가 수중(수심 약 2m) 이식플레이트 설치 작업 중 호흡곤란으로 의식을 잃어 사망 [유발요인] 수중 작업을 하던 중 보호구의 이상 등 이상징후 발생으로 의식을 잃어 익사 [대책] ▶ 수중 작업자 비상 연락용구 지급
▶ 작업 전 잠수기구 송기관(공기호스) 연결부 점검을 통한 이상유무 확인
▶ 잠수 작업 시 작업자와의 연락을 담당하는 감시자 배치를 통한 안전방호조치 실시",10. 하천 및 항만공사,"10.2 수중, 해상공사",,
건설업,,2016년 12월경 OO부두에서 선박 수중 검사 현장에서 ㈜OO 소속 재해자가 선박 하부 수중에서 육안 검사 중 의식을 잃고 사망,물,10. 하천 및 항만공사,수중 작업을 하던 중 보호구의 이상 등 이상징후 발생으로 의식을 잃어 익사,"▶ 수중 작업자 비상 연락용구 지급
▶ 작업 전 잠수기구 송기관(공기호스) 연결부 점검을 통한 이상유무 확인
▶ 잠수 작업 시 작업자와의 연락을 담당하는 감시자 배치를 통한 안전방호조치 실시","2016년 12월경 OO부두에서 선박 수중 검사 현장에서 ㈜OO 소속 재해자가 선박 하부 수중에서 육안 검사 중 의식을 잃고 사망 [유발요인] 수중 작업을 하던 중 보호구의 이상 등 이상징후 발생으로 의식을 잃어 익사 [대책] ▶ 수중 작업자 비상 연락용구 지급
▶ 작업 전 잠수기구 송기관(공기호스) 연결부 점검을 통한 이상유무 확인
▶ 잠수 작업 시 작업자와의 연락을 담당하는 감시자 배치를 통한 안전방호조치 실시",10. 하천 및 항만공사,"10.2 수중, 해상공사",,
건설업,,2017년 2월경 OO제거 현장에서 침수된 SEP Barge 인양작업을 하기 위하여 재해자가 수심 23m 지점에서 인양용 체인 줄걸이작업을 하던 중 해수면으로 부상하여 해상크레인 보조후크를 가지고 재입수하였으나 작업위치로 돌아오지 않아 동료잠수사가 입수하여 확인결과 수심 15m 지점 수중 선체에서 의식이 없는 상태로 사망,물,10. 하천 및 항만공사,수중 작업을 하던 중 보호구의 이상 등 이상징후 발생으로 의식을 잃어 익사,"▶ 수중 작업자 비상 연락용구 지급
▶ 작업 전 잠수기구 송기관(공기호스) 연결부 점검을 통한 이상유무 확인
▶ 잠수 작업 시 작업자와의 연락을 담당하는 감시자 배치를 통한 안전방호조치 실시","2017년 2월경 OO제거 현장에서 침수된 SEP Barge 인양작업을 하기 위하여 재해자가 수심 23m 지점에서 인양용 체인 줄걸이작업을 하던 중 해수면으로 부상하여 해상크레인 보조후크를 가지고 재입수하였으나 작업위치로 돌아오지 않아 동료잠수사가 입수하여 확인결과 수심 15m 지점 수중 선체에서 의식이 없는 상태로 사망 [유발요인] 수중 작업을 하던 중 보호구의 이상 등 이상징후 발생으로 의식을 잃어 익사 [대책] ▶ 수중 작업자 비상 연락용구 지급
▶ 작업 전 잠수기구 송기관(공기호스) 연결부 점검을 통한 이상유무 확인
▶ 잠수 작업 시 작업자와의 연락을 담당하는 감시자 배치를 통한 안전방호조치 실시",10. 하천 및 항만공사,"10.2 수중, 해상공사",,
건설업,,2016년 12월경 OO항 먼 바다에서 잠수사인 재해자가 정박 중인 선박(LNG선)의 외판 수중 청소작업을 하던 중 선박 바닥(수심9m)에 있는 것을 긴급 구조하였으나 사망,물,10. 하천 및 항만공사,수중 작업을 하던 중 보호구의 이상 등 이상징후 발생으로 의식을 잃어 익사,"▶ 수중 작업자 비상 연락용구 지급
▶ 작업 전 잠수기구 송기관(공기호스) 연결부 점검을 통한 이상유무 확인
▶ 잠수 작업 시 작업자와의 연락을 담당하는 감시자 배치를 통한 안전방호조치 실시","2016년 12월경 OO항 먼 바다에서 잠수사인 재해자가 정박 중인 선박(LNG선)의 외판 수중 청소작업을 하던 중 선박 바닥(수심9m)에 있는 것을 긴급 구조하였으나 사망 [유발요인] 수중 작업을 하던 중 보호구의 이상 등 이상징후 발생으로 의식을 잃어 익사 [대책] ▶ 수중 작업자 비상 연락용구 지급
▶ 작업 전 잠수기구 송기관(공기호스) 연결부 점검을 통한 이상유무 확인
▶ 잠수 작업 시 작업자와의 연락을 담당하는 감시자 배치를 통한 안전방호조치 실시",10. 하천 및 항만공사,"10.2 수중, 해상공사",,
건설업,,2016년 4월경 OO면 OO리 남서 약24km 해상 수심 67m에서 모래채취선의 샌드펌프 인양 작업 중 의식을 잃고 사망,물,10. 하천 및 항만공사,수중 작업을 하던 중 보호구의 이상 등 이상징후 발생으로 의식을 잃어 익사,"▶ 수중 작업자 비상 연락용구 지급
▶ 작업 전 잠수기구 송기관(공기호스) 연결부 점검을 통한 이상유무 확인
▶ 잠수 작업 시 작업자와의 연락을 담당하는 감시자 배치를 통한 안전방호조치 실시","2016년 4월경 OO면 OO리 남서 약24km 해상 수심 67m에서 모래채취선의 샌드펌프 인양 작업 중 의식을 잃고 사망 [유발요인] 수중 작업을 하던 중 보호구의 이상 등 이상징후 발생으로 의식을 잃어 익사 [대책] ▶ 수중 작업자 비상 연락용구 지급
▶ 작업 전 잠수기구 송기관(공기호스) 연결부 점검을 통한 이상유무 확인
▶ 잠수 작업 시 작업자와의 연락을 담당하는 감시자 배치를 통한 안전방호조치 실시",10. 하천 및 항만공사,"10.2 수중, 해상공사",,
건설업,,2016년 3월경 OO방파제 보수보강공사 현장에서 잠수보조공인 재해자가 잠수자격 취득을 위한 연습 목적(진술에 따른 추정)으로 잠수부가 벗어둔 잠수 슈트를 입고 잠수를 했고 주변에 있던 바지선 선두가 재해자가 잠수한 곳에서 거품이 과다하게 발생하는 이상 징후를 발견하고 재해자를 바지선 위로 끌어올려 심폐소생술을 시도하였으나 사망,물,10. 하천 및 항만공사,수중 작업을 하던 중 보호구의 이상 등 이상징후 발생으로 의식을 잃어 익사,"▶ 수중 작업자 비상 연락용구 지급
▶ 작업 전 잠수기구 송기관(공기호스) 연결부 점검을 통한 이상유무 확인
▶ 잠수 작업 시 작업자와의 연락을 담당하는 감시자 배치를 통한 안전방호조치 실시","2016년 3월경 OO방파제 보수보강공사 현장에서 잠수보조공인 재해자가 잠수자격 취득을 위한 연습 목적(진술에 따른 추정)으로 잠수부가 벗어둔 잠수 슈트를 입고 잠수를 했고 주변에 있던 바지선 선두가 재해자가 잠수한 곳에서 거품이 과다하게 발생하는 이상 징후를 발견하고 재해자를 바지선 위로 끌어올려 심폐소생술을 시도하였으나 사망 [유발요인] 수중 작업을 하던 중 보호구의 이상 등 이상징후 발생으로 의식을 잃어 익사 [대책] ▶ 수중 작업자 비상 연락용구 지급
▶ 작업 전 잠수기구 송기관(공기호스) 연결부 점검을 통한 이상유무 확인
▶ 잠수 작업 시 작업자와의 연락을 담당하는 감시자 배치를 통한 안전방호조치 실시",10. 하천 및 항만공사,"10.2 수중, 해상공사",,
건설업,,2017년 11월경 도로 개설공사에서 재해자가 옹벽 벽체 콘크리트 타설 중 콘크리트 펌프카 붐대가 파단되면서 등부분을 타격당해 사망,콘크리트펌프카,11. 기타 토목공사,옹벽 콘크리트 타설 중 콘크리트 펌프카 붐대가 파단됨에 따라 근로자 가격,"▶ 차량계 건설기계(펌프카)를 사용하여 작업하는 경우에는 사용하는 차량계 건설기계(펌프카)의 종류 및 성능, 운행경로 및 적정한 작업방법에 대한 작업계획을 수립
▶ 차량계 건설기계를 사용하여 작업 시 붐∙암의 파괴를 방지하기 위해 최대사용하중 준수
▶ 펌프카의 법적 안전검사 주기적 실시","2017년 11월경 도로 개설공사에서 재해자가 옹벽 벽체 콘크리트 타설 중 콘크리트 펌프카 붐대가 파단되면서 등부분을 타격당해 사망 [유발요인] 옹벽 콘크리트 타설 중 콘크리트 펌프카 붐대가 파단됨에 따라 근로자 가격 [대책] ▶ 차량계 건설기계(펌프카)를 사용하여 작업하는 경우에는 사용하는 차량계 건설기계(펌프카)의 종류 및 성능, 운행경로 및 적정한 작업방법에 대한 작업계획을 수립
▶ 차량계 건설기계를 사용하여 작업 시 붐∙암의 파괴를 방지하기 위해 최대사용하중 준수
▶ 펌프카의 법적 안전검사 주기적 실시",11. 기타 토목공사,11.1 부대 토목 작업,,
건설업,,2017년 7월경 공공주택지구 조경공사에서 재해자가 자재 전달 작업을 하던 중 이상증세를 보여 쉬던 중 쓰러져 사망,분류불능,11. 기타 토목공사,옹벽 거푸집 공사를 위해 사면에 걸쳐있는 무늬목을 형틀공에게 전달하는 작업 중 몸을 가누지 못하는 등 이상증세를 보여 들고 있던 무늬목을 놓고 앉은 상태에서 바로 쓰러짐,▶ 원인 미상,2017년 7월경 공공주택지구 조경공사에서 재해자가 자재 전달 작업을 하던 중 이상증세를 보여 쉬던 중 쓰러져 사망 [유발요인] 옹벽 거푸집 공사를 위해 사면에 걸쳐있는 무늬목을 형틀공에게 전달하는 작업 중 몸을 가누지 못하는 등 이상증세를 보여 들고 있던 무늬목을 놓고 앉은 상태에서 바로 쓰러짐 [대책] ▶ 원인 미상,11. 기타 토목공사,11.1 부대 토목 작업,,
건설업,,2019년 OO건설 OO공사현장에서 OO고속도로 IC램프 차로확장 작업을 하기위해 백호우 붐대에 브레이커를 장착 기존 램프도로 가장자리 U형 측구 구조물 파쇄 작업도중 파쇄된 콘크리트 파편이 비산 되면서 재해자의 왼쪽 안면 턱 부위를 강타하여 사망,굴착기,11. 기타 토목공사,브레이커를 이용하여 도로측구 구조물 파쇄 작업을 하던 중 파쇄된 콘크리트 파편이 비산되면서 재해자 얼굴 강타,"▶ 비래위험구간 작업반경 내 작업자의 출입을 금지하며 유도자 및 신호수 배치
▶ 구조물 파쇄 작업 시 인근에 작업자 존재 유무를 수시로 파악, 관리","2019년 OO건설 OO공사현장에서 OO고속도로 IC램프 차로확장 작업을 하기위해 백호우 붐대에 브레이커를 장착 기존 램프도로 가장자리 U형 측구 구조물 파쇄 작업도중 파쇄된 콘크리트 파편이 비산 되면서 재해자의 왼쪽 안면 턱 부위를 강타하여 사망 [유발요인] 브레이커를 이용하여 도로측구 구조물 파쇄 작업을 하던 중 파쇄된 콘크리트 파편이 비산되면서 재해자 얼굴 강타 [대책] ▶ 비래위험구간 작업반경 내 작업자의 출입을 금지하며 유도자 및 신호수 배치
▶ 구조물 파쇄 작업 시 인근에 작업자 존재 유무를 수시로 파악, 관리",11. 기타 토목공사,11.3 지장물 조사 및 이설 작업,,
건설업,,2019년 11월경 가스배관 이설공사 현장에서 재해자가 가스배관(직경 500mm) 내부로 들어가 용접작업 하던 중 갑자기 의식을 잃고 쓰러져 사망,화학물질,11. 기타 토목공사,곡관 부위 티그 용접작업 후 내부 용접 비드 확인 및 사상작업 실시를 위한 배관내부 진입 후 산소결핍에 의한 의식상실,"▶ 질식 위험이 있는 작업 시 질식위험공간 파악 후 출입금지조치 실시
▶ 작업 전 가스농도 측정을 통한 환기조치 후 작업 실시 ","2019년 11월경 가스배관 이설공사 현장에서 재해자가 가스배관(직경 500mm) 내부로 들어가 용접작업 하던 중 갑자기 의식을 잃고 쓰러져 사망 [유발요인] 곡관 부위 티그 용접작업 후 내부 용접 비드 확인 및 사상작업 실시를 위한 배관내부 진입 후 산소결핍에 의한 의식상실 [대책] ▶ 질식 위험이 있는 작업 시 질식위험공간 파악 후 출입금지조치 실시
▶ 작업 전 가스농도 측정을 통한 환기조치 후 작업 실시 ",11. 기타 토목공사,11.3 지장물 조사 및 이설 작업,,
건설업,,"2016년 11월 경 OOOO(주)이 시공하는 OO도 OO시 OO면 OOOO 일원의 OOOO 조성사업 현장에서 출렁다리 공사 협력업체인 ㈜OOOO 소속 착암공 4명 및 측량공 3명이 파도가 거세지자 출렁다리 주탑 기초부에서 철수하기 위해 갯바위상으로 이동하던 중, 협곡의 저지대를 통과하던 OOOO이 너울성 파도에 휩쓸려 실종되어 해경 및 119에서 수색, 사고발생지점 인근에서 구조하였으나 사망한 재해임",물,11. 기타 토목공사,출렁다리 주탑 기초부 공사에서 악천 후 및 강풍 시 작업을 강행하였으나 작업철수시 너울성 파도로 인한 익사,"▶ 작업 전 기상상태를 파악하여 악천후 또는 강풍이 예상될 경우 작업중지 
▶ 해상 등에 빠질위험이 있는 경우 구명대 등을 곳곳에 배치하여 익사사고 예방","2016년 11월 경 OOOO(주)이 시공하는 OO도 OO시 OO면 OOOO 일원의 OOOO 조성사업 현장에서 출렁다리 공사 협력업체인 ㈜OOOO 소속 착암공 4명 및 측량공 3명이 파도가 거세지자 출렁다리 주탑 기초부에서 철수하기 위해 갯바위상으로 이동하던 중, 협곡의 저지대를 통과하던 OOOO이 너울성 파도에 휩쓸려 실종되어 해경 및 119에서 수색, 사고발생지점 인근에서 구조하였으나 사망한 재해임 [유발요인] 출렁다리 주탑 기초부 공사에서 악천 후 및 강풍 시 작업을 강행하였으나 작업철수시 너울성 파도로 인한 익사 [대책] ▶ 작업 전 기상상태를 파악하여 악천후 또는 강풍이 예상될 경우 작업중지 
▶ 해상 등에 빠질위험이 있는 경우 구명대 등을 곳곳에 배치하여 익사사고 예방",11. 기타 토목공사,11.4 맨홀 및 관부설작업,,
건설업,,"2017년 10월경 OO시 OO구 OO동 소재 OOOO(주)에서 시공하는 OOOO개선사업 현장에서 배수관로(PVC, Φ450) 설치를 위한 굴착작업 중 굴착부와 인접해 있는 주택의 노후된 담장이 굴착부 방향으로 전도되면서 굴착부 저면의 평탄 및 정리작업 중이던 재해자(관로공)을 덮쳐 병원으로 후송, 치료하였으나 1명은 사망, 1명은 부상당한 재해임 ",벽체,11. 기타 토목공사,관로 부설을 위한 굴착 중 굴착사면과 옹벽(담장)이 무너지면서 근로자 매몰,"▶ 굴착작업 중 인접 구조물의 전도위험 방지(견고한 지지대 설치 등) 조치 실시
▶ 기존 구조물 등이 근접해있는 경우 진동 및 충격 등에 의한 사전 안전성평가 실시
▶ 굴착면의 기울기 기준 준수 및 간이 흙막이 등 설치 
▶ 굴착작업 주변 지반 사전조사 및 작업계획서 작성","2017년 10월경 OO시 OO구 OO동 소재 OOOO(주)에서 시공하는 OOOO개선사업 현장에서 배수관로(PVC, Φ450) 설치를 위한 굴착작업 중 굴착부와 인접해 있는 주택의 노후된 담장이 굴착부 방향으로 전도되면서 굴착부 저면의 평탄 및 정리작업 중이던 재해자(관로공)을 덮쳐 병원으로 후송, 치료하였으나 1명은 사망, 1명은 부상당한 재해임  [유발요인] 관로 부설을 위한 굴착 중 굴착사면과 옹벽(담장)이 무너지면서 근로자 매몰 [대책] ▶ 굴착작업 중 인접 구조물의 전도위험 방지(견고한 지지대 설치 등) 조치 실시
▶ 기존 구조물 등이 근접해있는 경우 진동 및 충격 등에 의한 사전 안전성평가 실시
▶ 굴착면의 기울기 기준 준수 및 간이 흙막이 등 설치 
▶ 굴착작업 주변 지반 사전조사 및 작업계획서 작성",11. 기타 토목공사,11.4 맨홀 및 관부설작업,,
건설업,,"2016년 2월경 OO시 OO구 OO읍 소재, ㈜OOOO이 시공 중인 아파트 신축공사 현장에서 배관공인 재해자가 관로 부설 작업 중 굴삭기에 부딪쳐 사망한 재해임",굴착기,11. 기타 토목공사,장비유도자 없이 관로 부설 작업 중 굴삭기와 근로자가 충돌,"▶ 유도자 배치하여 근로자 접촉방지 조치 실시
▶ 굴삭기 되메우기 등 장비작업에 의한 부딪힘과 같은 재해 발생위험이 높을 경우 타작업의 동시 수행금지
▶ 카메라 부착 또는 후방에 근로자의 접근을 알리는 후방센서, 경보장치 등 부착
▶ 차량계 건설기계 작업전 안전 점검 실시 및 후방카메라 등 방호장치 확인","2016년 2월경 OO시 OO구 OO읍 소재, ㈜OOOO이 시공 중인 아파트 신축공사 현장에서 배관공인 재해자가 관로 부설 작업 중 굴삭기에 부딪쳐 사망한 재해임 [유발요인] 장비유도자 없이 관로 부설 작업 중 굴삭기와 근로자가 충돌 [대책] ▶ 유도자 배치하여 근로자 접촉방지 조치 실시
▶ 굴삭기 되메우기 등 장비작업에 의한 부딪힘과 같은 재해 발생위험이 높을 경우 타작업의 동시 수행금지
▶ 카메라 부착 또는 후방에 근로자의 접근을 알리는 후방센서, 경보장치 등 부착
▶ 차량계 건설기계 작업전 안전 점검 실시 및 후방카메라 등 방호장치 확인",11. 기타 토목공사,11.4 맨홀 및 관부설작업,,
건설업,,2016년 5월경 OO시 OO구 OO동 소재 OOOO(주) 『OOOO 오수관로 정비공사』현장에서 오수관로 매설작업을 위한 터파기(GL=-2.4m) 작업 후 굴삭기를 이용하여 오수관로 운반 및 연결 작업을 하다가 굴삭기 바퀴(무한궤도) 호안기초에 일부 걸쳐져 있다 내려앉으며 굴삭기 붐이 재해자 방향으로 순식간에 기울어지며 버켓이 체결되어 있지 않은 굴삭기 붐 단부가 재해자의 두부를 타격하여  사망한 재해임.,굴착기,11. 기타 토목공사,장비유도자 없이 관로 부설 작업 중 굴삭기와 근로자가 충돌,"▶ 유도자 배치하여 근로자 접촉방지 조치 실시
▶ 굴삭기 되메우기 등 장비작업에 의한 부딪힘과 같은 재해 발생위험이 높을 경우 타작업의 동시 수행금지
▶ 카메라 부착 또는 후방에 근로자의 접근을 알리는 후방센서, 경보장치 등 부착
▶ 차량계 건설기계 작업전 안전 점검 실시 및 후방카메라 등 방호장치 확인","2016년 5월경 OO시 OO구 OO동 소재 OOOO(주) 『OOOO 오수관로 정비공사』현장에서 오수관로 매설작업을 위한 터파기(GL=-2.4m) 작업 후 굴삭기를 이용하여 오수관로 운반 및 연결 작업을 하다가 굴삭기 바퀴(무한궤도) 호안기초에 일부 걸쳐져 있다 내려앉으며 굴삭기 붐이 재해자 방향으로 순식간에 기울어지며 버켓이 체결되어 있지 않은 굴삭기 붐 단부가 재해자의 두부를 타격하여  사망한 재해임. [유발요인] 장비유도자 없이 관로 부설 작업 중 굴삭기와 근로자가 충돌 [대책] ▶ 유도자 배치하여 근로자 접촉방지 조치 실시
▶ 굴삭기 되메우기 등 장비작업에 의한 부딪힘과 같은 재해 발생위험이 높을 경우 타작업의 동시 수행금지
▶ 카메라 부착 또는 후방에 근로자의 접근을 알리는 후방센서, 경보장치 등 부착
▶ 차량계 건설기계 작업전 안전 점검 실시 및 후방카메라 등 방호장치 확인",11. 기타 토목공사,11.4 맨홀 및 관부설작업,,
건설업,,"2017년 5월경 OOO도 OO시 OO면 소재 OOOO(주)이 시공하는 (주)OO 화물용 엘리베이터 증축 및 부대공사 현장에서 통신맨홀을 굴착저면(깊이 약 1m)에 재설치 한 후 재해자는 재설치한 맨홀을 다시 위치 조정하여 재설치하기 위해 맨홀을 설치한 바닥면으로 내려가 슬링벨트로 맨홀 줄걸이작업 준비중이었고 굴삭기 운전자는 재해자가 작업중인 맨홀 바로 위에 버킷을 정지시킨 상태에서 재해자가 굴착저면으로 내려간걸 보지 못하고 버킷을 움직이는 순간 퀵커플러에 부착된 버킷(용량 0.2㎥,중량 약 200kg)이 탈락되어 약 1m 아래 굴착부로 떨어지면서  재해자를 강타하여 사망한 재해임",굴착기,11. 기타 토목공사,관로작업 중 굴삭기에서 갑자기 버킷이 탈락하여 근로자에게 낙하,"▶ 굴착면적에 따를 버킷 교체시 유압이 해제될 경우에도 연결장치(Quick coupler)에서 버킷 이탈방지를 위해 안전핀 체결하여 이중 잠금장치 실시
▶ 차량계 건설기계를 사용하여 굴착 등 작업을 하는 경우 유도자를 배치하여 안전하게 작업 수행","2017년 5월경 OOO도 OO시 OO면 소재 OOOO(주)이 시공하는 (주)OO 화물용 엘리베이터 증축 및 부대공사 현장에서 통신맨홀을 굴착저면(깊이 약 1m)에 재설치 한 후 재해자는 재설치한 맨홀을 다시 위치 조정하여 재설치하기 위해 맨홀을 설치한 바닥면으로 내려가 슬링벨트로 맨홀 줄걸이작업 준비중이었고 굴삭기 운전자는 재해자가 작업중인 맨홀 바로 위에 버킷을 정지시킨 상태에서 재해자가 굴착저면으로 내려간걸 보지 못하고 버킷을 움직이는 순간 퀵커플러에 부착된 버킷(용량 0.2㎥,중량 약 200kg)이 탈락되어 약 1m 아래 굴착부로 떨어지면서  재해자를 강타하여 사망한 재해임 [유발요인] 관로작업 중 굴삭기에서 갑자기 버킷이 탈락하여 근로자에게 낙하 [대책] ▶ 굴착면적에 따를 버킷 교체시 유압이 해제될 경우에도 연결장치(Quick coupler)에서 버킷 이탈방지를 위해 안전핀 체결하여 이중 잠금장치 실시
▶ 차량계 건설기계를 사용하여 굴착 등 작업을 하는 경우 유도자를 배치하여 안전하게 작업 수행",11. 기타 토목공사,11.4 맨홀 및 관부설작업,,
건설업,,"2020년 1월경 OO시 OO구 OO동 소재 관로정비공사 현장에서 재해자1 OOO이 굴착기를 운전하여 계단(경사 약30°)을 내려오던 중 장비가 중심을 잃어 넘어지며 재해자1이 깔리고, 재해자2 OOO가 재해자1을 구하려 장비에 다가가던 중 장비가 2차로 넘어지며 재해자2도 장비에 깔리며 부상당한 재해임.",굴착기,11. 기타 토목공사,굴착기가 계단(경사로) 이동중 전도되어 굴삭기운전원(또는 근로자) 깔림,"▶ 중량물 인양 시 굴삭기의 정격하중을 준수하여 무리한 중량물 인양 금지
▶ 차량계 건설기계 사용시 작업 장소 내에 근로자의 출입 통제
▶ 유도자를 배치하여 차량계 건설기계 유도","2020년 1월경 OO시 OO구 OO동 소재 관로정비공사 현장에서 재해자1 OOO이 굴착기를 운전하여 계단(경사 약30°)을 내려오던 중 장비가 중심을 잃어 넘어지며 재해자1이 깔리고, 재해자2 OOO가 재해자1을 구하려 장비에 다가가던 중 장비가 2차로 넘어지며 재해자2도 장비에 깔리며 부상당한 재해임. [유발요인] 굴착기가 계단(경사로) 이동중 전도되어 굴삭기운전원(또는 근로자) 깔림 [대책] ▶ 중량물 인양 시 굴삭기의 정격하중을 준수하여 무리한 중량물 인양 금지
▶ 차량계 건설기계 사용시 작업 장소 내에 근로자의 출입 통제
▶ 유도자를 배치하여 차량계 건설기계 유도",11. 기타 토목공사,11.4 맨홀 및 관부설작업,,
건설업,,"2016년 12월경 OOO도 OO군 OO읍 소재 OOOO상수관로 설치공사현장에서 재해자가 폐기물 운반용 트럭(2.5ton)을 운전하여 적재장소(경사지) 상부에 도착하였을 때, 차량 작동 상태 이상을 감지하여 차량 하부를 점검하던 중 유니버셜 조인트가 탈락되면서 차량이 아래로 굴러 바퀴에 깔린 것으로 추정되는 재해임_x000D__x000D_",트럭,11. 기타 토목공사,차량 하부를 점검 시 유니버셜 조인트가 탈락되면서 차량이 아래로 굴러 근로자가 깔림,"▶ 차량계 하역운반기계에서 운전자가 운전석을 이탈하는 경우 주차 브레이크의 확실한 체결 및 차량 고임목 설치
▶ 차량계 건설기계 사용 작업시 사전에 차량의 제동장치 기능 이상 유무 점검
▶ 경사로의 주차하는 경우 핸드(주차) 브레이크와 풋 브레이크를 함께 사용
▶ 차량계 하역운반기계가 경사로로 밀려 내러가는 경우, 무리하게 인력으로 차량 앞을 막아서는 행위 금지","2016년 12월경 OOO도 OO군 OO읍 소재 OOOO상수관로 설치공사현장에서 재해자가 폐기물 운반용 트럭(2.5ton)을 운전하여 적재장소(경사지) 상부에 도착하였을 때, 차량 작동 상태 이상을 감지하여 차량 하부를 점검하던 중 유니버셜 조인트가 탈락되면서 차량이 아래로 굴러 바퀴에 깔린 것으로 추정되는 재해임_x000D__x000D_ [유발요인] 차량 하부를 점검 시 유니버셜 조인트가 탈락되면서 차량이 아래로 굴러 근로자가 깔림 [대책] ▶ 차량계 하역운반기계에서 운전자가 운전석을 이탈하는 경우 주차 브레이크의 확실한 체결 및 차량 고임목 설치
▶ 차량계 건설기계 사용 작업시 사전에 차량의 제동장치 기능 이상 유무 점검
▶ 경사로의 주차하는 경우 핸드(주차) 브레이크와 풋 브레이크를 함께 사용
▶ 차량계 하역운반기계가 경사로로 밀려 내러가는 경우, 무리하게 인력으로 차량 앞을 막아서는 행위 금지",11. 기타 토목공사,11.4 맨홀 및 관부설작업,,
건설업,,"2020년 4월경 OOO도 OO시 OO면 소재 『OOOO 토목건축기계공사』현장에서, 재해자가 이동식 크레인(7톤, 카고크레인) 적재함에 적재되어 있는 강관(직경 700mm, 길이 6m)을 떨어지지 않도록 섬유벨트(폭 50mm, 슬링벨트)로 거는 작업 중, 강관이 재해자 방향으로 굴러 떨어지면서 재해자의 얼굴 및 가슴을 덮쳐 사망한 재해임.",배관,11. 기타 토목공사,카고크레인 적재함에 있는 강관 하역 중 강관이 굴러 떨어지면서 충돌,"▶ 관로를 굴삭기로 굴착하단부에 운반하는 작업을 하는 경우 관로가 회전하거나 슬링벨트에서 빠지는 것을 막기위해 두줄걸이를 시행하고, 관이 회전을 방지하기 위한 조치 실시
▶ 중량물 취급 시 작업지휘자 및 신호수 배치","2020년 4월경 OOO도 OO시 OO면 소재 『OOOO 토목건축기계공사』현장에서, 재해자가 이동식 크레인(7톤, 카고크레인) 적재함에 적재되어 있는 강관(직경 700mm, 길이 6m)을 떨어지지 않도록 섬유벨트(폭 50mm, 슬링벨트)로 거는 작업 중, 강관이 재해자 방향으로 굴러 떨어지면서 재해자의 얼굴 및 가슴을 덮쳐 사망한 재해임. [유발요인] 카고크레인 적재함에 있는 강관 하역 중 강관이 굴러 떨어지면서 충돌 [대책] ▶ 관로를 굴삭기로 굴착하단부에 운반하는 작업을 하는 경우 관로가 회전하거나 슬링벨트에서 빠지는 것을 막기위해 두줄걸이를 시행하고, 관이 회전을 방지하기 위한 조치 실시
▶ 중량물 취급 시 작업지휘자 및 신호수 배치",11. 기타 토목공사,11.4 맨홀 및 관부설작업,,
건설업,,2016년 4월경 OOO도 OO군 OO읍 소재 OOOO(주) 『OOOO 하수관거정비사업』현장에서 오수관교체 작업 후 되메우기 작업 중 굴착 법면의 토사가 유실되면서 아스콘 조각이 굴착 하부에서 진동다짐을 준비하던 재해자 방향으로 떨어지면서 가격한 재해임.,토사,11. 기타 토목공사,관로 부설을 위한 굴착 중 굴착사면이 무너지면서 근로자 매몰,"▶ 굴착면의 토층이 균일하지 않은 경우 간이 흙막이(TS판넬 등) 설치 후 작업 수행
▶ 굴착 시 굴착면 기울기를 준수하고 굴착사면 인근에 중량물 또는 토사적치 금지
▶ 옹벽, 콘크리트 벽 등의 구조물에 근접한 장소에서 굴착 시 붕괴 위험 요인 보강 또는 이설, 제거 등의 위험 방지 조치 실시
▶ 굴착하부에 내려가는 경우 암석 등 낙하물을 막기위한 개인보호구(안전모) 착용 관리
▶ 굴착작업 주변 지반 사전조사 및 작업계획서 작성","2016년 4월경 OOO도 OO군 OO읍 소재 OOOO(주) 『OOOO 하수관거정비사업』현장에서 오수관교체 작업 후 되메우기 작업 중 굴착 법면의 토사가 유실되면서 아스콘 조각이 굴착 하부에서 진동다짐을 준비하던 재해자 방향으로 떨어지면서 가격한 재해임. [유발요인] 관로 부설을 위한 굴착 중 굴착사면이 무너지면서 근로자 매몰 [대책] ▶ 굴착면의 토층이 균일하지 않은 경우 간이 흙막이(TS판넬 등) 설치 후 작업 수행
▶ 굴착 시 굴착면 기울기를 준수하고 굴착사면 인근에 중량물 또는 토사적치 금지
▶ 옹벽, 콘크리트 벽 등의 구조물에 근접한 장소에서 굴착 시 붕괴 위험 요인 보강 또는 이설, 제거 등의 위험 방지 조치 실시
▶ 굴착하부에 내려가는 경우 암석 등 낙하물을 막기위한 개인보호구(안전모) 착용 관리
▶ 굴착작업 주변 지반 사전조사 및 작업계획서 작성",11. 기타 토목공사,11.4 맨홀 및 관부설작업,,
건설업,,2017년 2월경 OO(주)가 시공하는 OO신축공사 현장에서 철근콘크리트공사 협력업체인 (주)OO건설 소속 재해자가 방음벽 Post(지지대) 해체작업을 하다가 중심을 잃은 방음벽 Post가 재해자 쪽으로 넘어지면서 재해자를 타격하여 사망,"각재(파이프,강관,합판)",12. 공통공사,"해체작업을 하던 중 방음벽 및 배관 등 해체물이 재해자쪽으로 전도되어 맞음, 깔림","▶ 해체물, 자재 등 현장 내 존치할 경우 전도방지조치 실시
▶ 건축물의 해체 작업시 작업반경 내 작업자의 출입 금지조치","2017년 2월경 OO(주)가 시공하는 OO신축공사 현장에서 철근콘크리트공사 협력업체인 (주)OO건설 소속 재해자가 방음벽 Post(지지대) 해체작업을 하다가 중심을 잃은 방음벽 Post가 재해자 쪽으로 넘어지면서 재해자를 타격하여 사망 [유발요인] 해체작업을 하던 중 방음벽 및 배관 등 해체물이 재해자쪽으로 전도되어 맞음, 깔림 [대책] ▶ 해체물, 자재 등 현장 내 존치할 경우 전도방지조치 실시
▶ 건축물의 해체 작업시 작업반경 내 작업자의 출입 금지조치",12. 공통공사,"12.1 철거, 해체",,
건설업,,2019년 4월경 OO철거 및 벽체 도장 공사를 위해 재해자가 동료작업자 2명과 함께 샌드위치 판넬 철거 작업 중에 의식을 잃고 바닥에 쓰러져 사망,개구부(기타개구부),12. 공통공사,지붕판넬 철거작업 중 경사면에 미끄러지면서 철거된 판넬 개구부를 통해 추락,"▶ 추락방호망, 안전대 부착설비 설치, 근로자의 안전대 체결 등 안전방호조치 실시
▶ 근로자의 개인보호구, 안전대 체결여부 점검 및 관리감독","2019년 4월경 OO철거 및 벽체 도장 공사를 위해 재해자가 동료작업자 2명과 함께 샌드위치 판넬 철거 작업 중에 의식을 잃고 바닥에 쓰러져 사망 [유발요인] 지붕판넬 철거작업 중 경사면에 미끄러지면서 철거된 판넬 개구부를 통해 추락 [대책] ▶ 추락방호망, 안전대 부착설비 설치, 근로자의 안전대 체결 등 안전방호조치 실시
▶ 근로자의 개인보호구, 안전대 체결여부 점검 및 관리감독",12. 공통공사,"12.1 철거, 해체",,
건설업,,2016년 3월경 OO공장동 증축을 위해 재해자가 천장에 설치된 각종 전기설비의 해체작업을 수행하던 중 높이 4.4m 건축구조물에서 츠락하여 사망,기타구조물,12. 공통공사,전기설비 및 계단 등 해체작업을 하던 중 몸의 중심을 잃고 추락,"▶ 개구부 등 추락단부 안전난간대 설치 등 추락방호조치 실시
▶ 근로자의 개인보호구, 안전대 체결여부 점검 및 관리감독","2016년 3월경 OO공장동 증축을 위해 재해자가 천장에 설치된 각종 전기설비의 해체작업을 수행하던 중 높이 4.4m 건축구조물에서 츠락하여 사망 [유발요인] 전기설비 및 계단 등 해체작업을 하던 중 몸의 중심을 잃고 추락 [대책] ▶ 개구부 등 추락단부 안전난간대 설치 등 추락방호조치 실시
▶ 근로자의 개인보호구, 안전대 체결여부 점검 및 관리감독",12. 공통공사,"12.1 철거, 해체",,
건설업,,"2020년 8월경 OO건설(주) OO현장에서 굴착기로 철근콘크리트 해체물 정리작업 중 굴착기 주변(거리 약 7m)에서 살수작업을 하던 재해자가 해체물(콘크리트 덩어리, 무게 약 50kg)에 가슴을 강타 당하여 사망",기타구조물,12. 공통공사,"해체작업을 하던 중 파이프, 조적벽체 등 해체물이 낙하하면서 근로자 맞음","▶ 해체 순서 및 지지방법 등의 작업계획 수립 후 관련한 안전교육 실시
▶ 해체작업 작업구획 표시, 신호수 배치, 접근금지 조치 등과 같은 안전조치 실시","2020년 8월경 OO건설(주) OO현장에서 굴착기로 철근콘크리트 해체물 정리작업 중 굴착기 주변(거리 약 7m)에서 살수작업을 하던 재해자가 해체물(콘크리트 덩어리, 무게 약 50kg)에 가슴을 강타 당하여 사망 [유발요인] 해체작업을 하던 중 파이프, 조적벽체 등 해체물이 낙하하면서 근로자 맞음 [대책] ▶ 해체 순서 및 지지방법 등의 작업계획 수립 후 관련한 안전교육 실시
▶ 해체작업 작업구획 표시, 신호수 배치, 접근금지 조치 등과 같은 안전조치 실시",12. 공통공사,"12.1 철거, 해체",,
건설업,,"2016년 5월경 OO리모델링공사 현장에서 재해자가 지상 3층 기존 병실의 조적벽체(시멘트 벽돌, 가로×세로=1.2m×1.4m)를 해체하기 위해 3층 바닥에서 약 1.0m 높이로 벽체 하부를 한꺼번에 핸드브레이커로 파쇄하던 중 조적벽체가 균형을 잃고 앞쪽으로 넘어지면서 재해자를 강타하여 사망",벽체,12. 공통공사,벽체철거 작업 중 조적벽체가 전도되어 깔림,"▶ 부재와 기 고정된 구조물(벽체 등)을 사전에 파악
▶ 작업반경 내에 작업자의 출입을 금지
▶ 순차적으로 상부에서 하부로 파쇄하며 작업을 실시","2016년 5월경 OO리모델링공사 현장에서 재해자가 지상 3층 기존 병실의 조적벽체(시멘트 벽돌, 가로×세로=1.2m×1.4m)를 해체하기 위해 3층 바닥에서 약 1.0m 높이로 벽체 하부를 한꺼번에 핸드브레이커로 파쇄하던 중 조적벽체가 균형을 잃고 앞쪽으로 넘어지면서 재해자를 강타하여 사망 [유발요인] 벽체철거 작업 중 조적벽체가 전도되어 깔림 [대책] ▶ 부재와 기 고정된 구조물(벽체 등)을 사전에 파악
▶ 작업반경 내에 작업자의 출입을 금지
▶ 순차적으로 상부에서 하부로 파쇄하며 작업을 실시",12. 공통공사,"12.1 철거, 해체",,
건설업,,"2016년 1월경 자재야적장 정리공사 현장에서 재해자가 차량 탑재형 이동식크레인을 이용하여 EGI 휀스자재 다발을 하역하던 중, 와이어로프가 파단되어 자재다발이 떨어지면서 재해자를 강타하여 사망",이동식크레인,12. 공통공사,"이동식크레인을 이용해 강관파이프 다발을 하역작업 중, 크레인의 보조원치 와이어로프가 파단되어 강관파이프가 근로자에게 낙하","▶ 작업 시작 전 안전장치(와이어로프 등) 설치 및 작동상태 확인 철저 
▶ 권과방지장치가 정상 작동될 수 있도록 작업 전 설치 및 조정
▶ 주기적인 이동식 크레인 안전검사 철저
▶ 하역작업을 하는 경우 근로자의 출입을 통제하여 인양중인 화물이 작업자의 머리 위로 통과하지 않도록 조치","2016년 1월경 자재야적장 정리공사 현장에서 재해자가 차량 탑재형 이동식크레인을 이용하여 EGI 휀스자재 다발을 하역하던 중, 와이어로프가 파단되어 자재다발이 떨어지면서 재해자를 강타하여 사망 [유발요인] 이동식크레인을 이용해 강관파이프 다발을 하역작업 중, 크레인의 보조원치 와이어로프가 파단되어 강관파이프가 근로자에게 낙하 [대책] ▶ 작업 시작 전 안전장치(와이어로프 등) 설치 및 작동상태 확인 철저 
▶ 권과방지장치가 정상 작동될 수 있도록 작업 전 설치 및 조정
▶ 주기적인 이동식 크레인 안전검사 철저
▶ 하역작업을 하는 경우 근로자의 출입을 통제하여 인양중인 화물이 작업자의 머리 위로 통과하지 않도록 조치",12. 공통공사,12.2 안전가시설 작업,,
건설업,,재해자가 카고트럭 상부에서 강관파이프 다발(중량≒630kg) 적재작업을 하는 중 굴착기 운전원의 오조작에 의해 붐대와 함께 강관파이프 다발이 회전하면서 재해자의 안면을 강타하여 사망,"각재(파이프,강관,합판)",12. 공통공사,굴삭기 운전원의 오조작에 의해 붐대와 함께 강관파이프 다발이 회전하면서 안면을 강타,"▶ 관리감독자의 유해ㆍ위험방지 업무 철저
▶ 중량물 취급시에는 운반 등의 작업에 있어서 계획서를 작업하고 그 계획에 따라 작업하도록 지시
▶ 개인보호구 착용 및 관리 철저 ","재해자가 카고트럭 상부에서 강관파이프 다발(중량≒630kg) 적재작업을 하는 중 굴착기 운전원의 오조작에 의해 붐대와 함께 강관파이프 다발이 회전하면서 재해자의 안면을 강타하여 사망 [유발요인] 굴삭기 운전원의 오조작에 의해 붐대와 함께 강관파이프 다발이 회전하면서 안면을 강타 [대책] ▶ 관리감독자의 유해ㆍ위험방지 업무 철저
▶ 중량물 취급시에는 운반 등의 작업에 있어서 계획서를 작업하고 그 계획에 따라 작업하도록 지시
▶ 개인보호구 착용 및 관리 철저 ",12. 공통공사,12.2 안전가시설 작업,,
건설업,,"2021년 4월경 OO동 철거공사 현장에서 비계해체 작업 중 해체된 강관파이프가 주변에 있는 전주의 22,900V 특별고압 충전전로에 접촉되어 재해자 2명 부상",충전부,12. 공통공사,"외부비계 해체를 위해 비계에 오르던 중 가공전로에 접촉, 감전에 의해 바닥으로 추락","▶ 가공전로 인근 작업 시 가공전로 차단, 절연용 방호구 등 감전방지조치 실시
▶ 작업 전 절연용 안전보호구(절연장갑, 절연화, 안전작업복, AE형 안전모 등) 지급 및 착용상태 관리","2021년 4월경 OO동 철거공사 현장에서 비계해체 작업 중 해체된 강관파이프가 주변에 있는 전주의 22,900V 특별고압 충전전로에 접촉되어 재해자 2명 부상 [유발요인] 외부비계 해체를 위해 비계에 오르던 중 가공전로에 접촉, 감전에 의해 바닥으로 추락 [대책] ▶ 가공전로 인근 작업 시 가공전로 차단, 절연용 방호구 등 감전방지조치 실시
▶ 작업 전 절연용 안전보호구(절연장갑, 절연화, 안전작업복, AE형 안전모 등) 지급 및 착용상태 관리",12. 공통공사,12.2 안전가시설 작업,,
건설업,,2018년 7월경 OO 철거공사 현장에서 재해자가 사다리에서 분진망 설치용 가설울타리를 설치하던 중 높이 3m에서 사다리와 함께 넘어지면서 가설울타리의 2단 띠장(강관 파이프)에 흉부를 부딪쳐 사망,사다리,12. 공통공사,분진망 설치용 가설울타리의 3~4단 띠장(강관 파이프) 설치 중 사다리와 함께 넘어지면서 가설울타리의 2단 띠장(강관 파이프)에 흉부 강타,"▶ 추락 위험이 있는 고소 작업 시, 작업발판 설치, 이동식비계 조립 등 추락방지조치 실시
▶ 전도 위험이 있는 사다리 작업 시, 아웃트리거 부착을 통한 전도방지조치 실시
▶ 작업 전 안전대 지급 및 착용, 체결상태 관리","2018년 7월경 OO 철거공사 현장에서 재해자가 사다리에서 분진망 설치용 가설울타리를 설치하던 중 높이 3m에서 사다리와 함께 넘어지면서 가설울타리의 2단 띠장(강관 파이프)에 흉부를 부딪쳐 사망 [유발요인] 분진망 설치용 가설울타리의 3~4단 띠장(강관 파이프) 설치 중 사다리와 함께 넘어지면서 가설울타리의 2단 띠장(강관 파이프)에 흉부 강타 [대책] ▶ 추락 위험이 있는 고소 작업 시, 작업발판 설치, 이동식비계 조립 등 추락방지조치 실시
▶ 전도 위험이 있는 사다리 작업 시, 아웃트리거 부착을 통한 전도방지조치 실시
▶ 작업 전 안전대 지급 및 착용, 체결상태 관리",12. 공통공사,12.2 안전가시설 작업,,
건설업,,2016년 4월경 고속도로 건설공사에서 재해자가 크랴사 벨트컨베이 윤활유 주입 중 갑작스런 벨트컨베이어의 가동으로 몸의 중심을 잃고 쓰러지며 두부를 강타당해 사망,기계설비,12. 공통공사,급작스런 벨트컨베이어 가동으로 근로자가 중심을 잃고 쓰러지면서 자석에 두부를 강타,"▶ 크라샤 동력전달부 윤활유 주입작업 시 컨베이어 정지
▶ 운전을 정지한 경우 운전하는 것을 방지하기 위해 크라샤 벨트 컨베이어의 기동장치에 잠금장치 설치","2016년 4월경 고속도로 건설공사에서 재해자가 크랴사 벨트컨베이 윤활유 주입 중 갑작스런 벨트컨베이어의 가동으로 몸의 중심을 잃고 쓰러지며 두부를 강타당해 사망 [유발요인] 급작스런 벨트컨베이어 가동으로 근로자가 중심을 잃고 쓰러지면서 자석에 두부를 강타 [대책] ▶ 크라샤 동력전달부 윤활유 주입작업 시 컨베이어 정지
▶ 운전을 정지한 경우 운전하는 것을 방지하기 위해 크라샤 벨트 컨베이어의 기동장치에 잠금장치 설치",12. 공통공사,12.4 가설플랜트 작업,,
건설업,,2019년 1월경 OO건설에서 시공하는 사옥 신축공사 현장에서 재해자가 타워크레인 상승(Telescoping)을 위한 마스트내 수직사다리 위치에서 타워 운전작업 중 케이지 유압실린더 수축 과정에서 슈 서포트(받침 지지대)가 마스트에서 재해자 방향으로 이탈하면서 재해자를 강타하여 사망,고정식크레인,12. 공통공사,마스트 내 사다리 위치에서 타워크레인 텔레스코핑 위해 리모컨을 조작하던 중 슈 서포트가 이탈하며 재해자를 강타,"▶ 타워크레인 텔레스코핑 작업 시, 균형유지의 방법으로 육안조정법 보다는 제조사의 방법을 우선적으로 적용
▶ 타워크레인 텔레스코핑 작업 시, 슈 서포트의 이탈을 방지하기 위해 유압 실린더와 마스트가 안착하는 형태와 유사한 구조를 띈 슈 서포트 발톱으로 보강
▶ 타워크레인에 풍속계를 설치하여 외부 풍속에 대해 수시로 확인
▶ 타워크레인의 설치, 사용, 해체 시 작업자의 자격증 등 자격요건 파악","2019년 1월경 OO건설에서 시공하는 사옥 신축공사 현장에서 재해자가 타워크레인 상승(Telescoping)을 위한 마스트내 수직사다리 위치에서 타워 운전작업 중 케이지 유압실린더 수축 과정에서 슈 서포트(받침 지지대)가 마스트에서 재해자 방향으로 이탈하면서 재해자를 강타하여 사망 [유발요인] 마스트 내 사다리 위치에서 타워크레인 텔레스코핑 위해 리모컨을 조작하던 중 슈 서포트가 이탈하며 재해자를 강타 [대책] ▶ 타워크레인 텔레스코핑 작업 시, 균형유지의 방법으로 육안조정법 보다는 제조사의 방법을 우선적으로 적용
▶ 타워크레인 텔레스코핑 작업 시, 슈 서포트의 이탈을 방지하기 위해 유압 실린더와 마스트가 안착하는 형태와 유사한 구조를 띈 슈 서포트 발톱으로 보강
▶ 타워크레인에 풍속계를 설치하여 외부 풍속에 대해 수시로 확인
▶ 타워크레인의 설치, 사용, 해체 시 작업자의 자격증 등 자격요건 파악",12. 공통공사,12.5 양중기 작업,,
건설업,,"2017년 12월경 OO건설 농수산물 유통센터 신축공사 현장에서 타워크레인(40톤) 재해자 7명이 마스트 14단 텔레스코핑(상승) 작업 중 타워크레인 지브가 중심을 잃고 11단 마스트 상부 구조물이 넘어지면서 3명 사망, 4명 부상",고정식크레인,12. 공통공사,타워크레인 텔레스코핑 작업 중 지브가 중심을 잃어 마스트 상부 구조물의 전도 인한 추락,"▶ 타워크레인의 제원에 따른 설치, 조립 방법 등의 매뉴얼 준수 및 관련 교육 실시
▶ 타워크레인 텔레스코핑 작업 시, 슬라이더 크로스 잠금장치 체결 철저","2017년 12월경 OO건설 농수산물 유통센터 신축공사 현장에서 타워크레인(40톤) 재해자 7명이 마스트 14단 텔레스코핑(상승) 작업 중 타워크레인 지브가 중심을 잃고 11단 마스트 상부 구조물이 넘어지면서 3명 사망, 4명 부상 [유발요인] 타워크레인 텔레스코핑 작업 중 지브가 중심을 잃어 마스트 상부 구조물의 전도 인한 추락 [대책] ▶ 타워크레인의 제원에 따른 설치, 조립 방법 등의 매뉴얼 준수 및 관련 교육 실시
▶ 타워크레인 텔레스코핑 작업 시, 슬라이더 크로스 잠금장치 체결 철저",12. 공통공사,12.5 양중기 작업,,
건설업,,"2017년 1월경 숙박시설 신축공사 현장에서 타워크레인(2.9t : 무인)텔리스코핑 작업을 하기 위하여 건물외부 지상에서 철제공구함(1m * 0.5m * 0.6m)을 타워크레인을 이용하여 인양하던 중, 철제공구함이 웹슬링(2줄 choke)에서 이탈하며 하부에 있던 재해자 위로 떨어지며 머리를 가격하여 사망","기타자재(내부마감재,시멘트,마대)",12. 공통공사, 타워크레인으로 자재 인양 중 자재와 슬링벨트의 불완전 체결로 인해 자재가 낙하하며 지상 작업자들의 머리 등을 가격,"▶ 인양작업 시 자재와 슬링벨트 체결상태 점검 철저
▶ 인양작업 시 신호수 배치, 작업지휘자 지정, 근로자 출입통제 등의 재해예방조치 실시","2017년 1월경 숙박시설 신축공사 현장에서 타워크레인(2.9t : 무인)텔리스코핑 작업을 하기 위하여 건물외부 지상에서 철제공구함(1m * 0.5m * 0.6m)을 타워크레인을 이용하여 인양하던 중, 철제공구함이 웹슬링(2줄 choke)에서 이탈하며 하부에 있던 재해자 위로 떨어지며 머리를 가격하여 사망 [유발요인]  타워크레인으로 자재 인양 중 자재와 슬링벨트의 불완전 체결로 인해 자재가 낙하하며 지상 작업자들의 머리 등을 가격 [대책] ▶ 인양작업 시 자재와 슬링벨트 체결상태 점검 철저
▶ 인양작업 시 신호수 배치, 작업지휘자 지정, 근로자 출입통제 등의 재해예방조치 실시",12. 공통공사,12.5 양중기 작업,,
건설업,,"2019년 12월경 OO건설의 재생센터 처리시설 설치공사 현장에서 재해자가 55톤 기중기(크롤러크레인) 반출을 위하여 보조붐대에 설치된 권과방지장치의 전선을 해체하는 작업 중, 인근에서 작업 중인 동료작업자가 주붐대에 고정된 와이어로프를 해체하자 보조붐 지지대가 재해자쪽으로 넘어가면서 머리 등을 강타하여 사망",이동식크레인,12. 공통공사,보조붐대에 설치된 권과방지장치의 전선을 해체하던 중 주붐대에 고정된 로프를 해체 후 보조붐 지지대가 전도되며 피재자의 머리를 강타,"▶ 차량계 건설기계의 해체작업 시, 장비의 제원, 해체 매뉴얼 등 사전조사를 실시한 후, 해체의 방법 및 순서 등의 해체계획을 수립
▶ 크레인 해체 등 위험작업 시, 작업반경 내 작업자의 접근금지 조치, 작업자와 운전자, 신호수 간의 신호체계 수립","2019년 12월경 OO건설의 재생센터 처리시설 설치공사 현장에서 재해자가 55톤 기중기(크롤러크레인) 반출을 위하여 보조붐대에 설치된 권과방지장치의 전선을 해체하는 작업 중, 인근에서 작업 중인 동료작업자가 주붐대에 고정된 와이어로프를 해체하자 보조붐 지지대가 재해자쪽으로 넘어가면서 머리 등을 강타하여 사망 [유발요인] 보조붐대에 설치된 권과방지장치의 전선을 해체하던 중 주붐대에 고정된 로프를 해체 후 보조붐 지지대가 전도되며 피재자의 머리를 강타 [대책] ▶ 차량계 건설기계의 해체작업 시, 장비의 제원, 해체 매뉴얼 등 사전조사를 실시한 후, 해체의 방법 및 순서 등의 해체계획을 수립
▶ 크레인 해체 등 위험작업 시, 작업반경 내 작업자의 접근금지 조치, 작업자와 운전자, 신호수 간의 신호체계 수립",12. 공통공사,12.5 양중기 작업,,
건설업,,2018년 6월경 OO의 Rail 보수공사 현장에서 재해자가 6 Block 컨테이너 야드에서 점심시간에 휴식을 취하고 컨테이너 적재 야드 내부로 이동하는 과정에서 야드 크레인으로 인양중이던 컨테이너를 미쳐 발견하지 못하고 컨테이너 하부에 깔리며 사망,분류불능,12. 공통공사,컨테이너 야적장 내부로 이동하는 과정에서 크레인으로 인양중이던 컨테이너를 발견하지 못하고 컨테이너 하부에 깔림,"▶ 자재인양 등 중량물 취급작업 시 낙하위험 지역에 대해 근로자 출입 통제
▶ 하역작업 등 장비 사각지대 발생가능성이 높은 작업 시 근로자 출입금지 및 유도자 배치","2018년 6월경 OO의 Rail 보수공사 현장에서 재해자가 6 Block 컨테이너 야드에서 점심시간에 휴식을 취하고 컨테이너 적재 야드 내부로 이동하는 과정에서 야드 크레인으로 인양중이던 컨테이너를 미쳐 발견하지 못하고 컨테이너 하부에 깔리며 사망 [유발요인] 컨테이너 야적장 내부로 이동하는 과정에서 크레인으로 인양중이던 컨테이너를 발견하지 못하고 컨테이너 하부에 깔림 [대책] ▶ 자재인양 등 중량물 취급작업 시 낙하위험 지역에 대해 근로자 출입 통제
▶ 하역작업 등 장비 사각지대 발생가능성이 높은 작업 시 근로자 출입금지 및 유도자 배치",12. 공통공사,12.5 양중기 작업,,
건설업,,2019년 7월경 OO건설(주) OO신축공사 현장에서 조경용 옹벽(콘크리트) 내부 바닥에 있는 폐기물을 굴삭기를 사용하여 외부로 반출작업 중 재해자가 굴삭기와 인접 위치한 옹벽에 의식을 잃고 쓰러져 사망,굴착기,12. 공통공사,굴착기를 이용하여 폐기물을 외부로 반출작업 중 굴착기와 옹벽사이 협착,"▶ 차량계 건설기계 사용시 작업 장소 내에 근로자의 출입 통제
▶ 유도자를 배치하여 차량계 건설기계 유도
▶ 후방카메라 설치 등 장비에 의한 접촉방지조치 실행","2019년 7월경 OO건설(주) OO신축공사 현장에서 조경용 옹벽(콘크리트) 내부 바닥에 있는 폐기물을 굴삭기를 사용하여 외부로 반출작업 중 재해자가 굴삭기와 인접 위치한 옹벽에 의식을 잃고 쓰러져 사망 [유발요인] 굴착기를 이용하여 폐기물을 외부로 반출작업 중 굴착기와 옹벽사이 협착 [대책] ▶ 차량계 건설기계 사용시 작업 장소 내에 근로자의 출입 통제
▶ 유도자를 배치하여 차량계 건설기계 유도
▶ 후방카메라 설치 등 장비에 의한 접촉방지조치 실행",12. 공통공사,"12.6 위험기계기구 작업(장비수리, 이동 등)",,
건설업,,2020년 9월경  재해자가 순시업무를 수행 중 부인과 전화 및 문자 연락이 되지 않아 부인이 실종신고를 하였고 경찰이 OO에 위치한 전신주 옆 배수로에서 사망한 재해자를 발견,사다리,12. 공통공사,사다리를 이용하여 이동하던 중 사다리가 미끄러져 바닥으로 추락,"▶ 이동식 사다리를 사용 시 2인 1조로 작업, 아웃트리거 체결 철저","2020년 9월경  재해자가 순시업무를 수행 중 부인과 전화 및 문자 연락이 되지 않아 부인이 실종신고를 하였고 경찰이 OO에 위치한 전신주 옆 배수로에서 사망한 재해자를 발견 [유발요인] 사다리를 이용하여 이동하던 중 사다리가 미끄러져 바닥으로 추락 [대책] ▶ 이동식 사다리를 사용 시 2인 1조로 작업, 아웃트리거 체결 철저",12. 공통공사,"12.7 기타(작업환경, 청소 등)",,
건설업,,"2020년 12월경 OO산업(주) OO신축공사 현장에서 재해자가 가설 울타리 상부에 설치되어있던 현수막 해체 작업 중, 벽에 기대어 설치한 이동식사다리에서 내려오다가 약 80cm 아래 바닥으로 떨어지며, 차수공사를 위해 주변에 설치되어 있던 H-빔에 머리가 부딪힌 후 사망",사다리,12. 공통공사,사다리를 이용하여 내려오던 중 중 몸의 균형을 잃고 바닥으로 추락,"▶ 이동식 사다리를 사용 시 2인 1조로 작업, 아웃트리거 체결 철저
▶ 작업 전 개인보호구 지급 및 착용상태 관리","2020년 12월경 OO산업(주) OO신축공사 현장에서 재해자가 가설 울타리 상부에 설치되어있던 현수막 해체 작업 중, 벽에 기대어 설치한 이동식사다리에서 내려오다가 약 80cm 아래 바닥으로 떨어지며, 차수공사를 위해 주변에 설치되어 있던 H-빔에 머리가 부딪힌 후 사망 [유발요인] 사다리를 이용하여 내려오던 중 중 몸의 균형을 잃고 바닥으로 추락 [대책] ▶ 이동식 사다리를 사용 시 2인 1조로 작업, 아웃트리거 체결 철저
▶ 작업 전 개인보호구 지급 및 착용상태 관리",12. 공통공사,"12.7 기타(작업환경, 청소 등)",,
건설업,,"2016년 8월경 교량 하부보강 작업장에서 OO건설(주) 소속 재해자(용접공)가 굴삭기로 운반하여 기초구조물 위에 올려놓은 지보재의 가장자리에서 노룻발못뽑이로 지렛대 원리를 이용하여 지보재 하단부 수평재를 이동 시키는 작업 중 지보재가 넘어지면서 회전, 재해자를 강타하여 사망",철골(철골구조물),12. 공통공사,교량 하부 보강을 위해 지보재 하단부 수평재를 이동시키는 작업 중 지보재가 넘어지면서 회전하여 재해자 강타,"▶ 중량물 취급작업계획서 작성 및 작업지휘자 지정
▶ 자재 전도방지를 위해 슬링벨트 연결 부위 및 이동방법 검토","2016년 8월경 교량 하부보강 작업장에서 OO건설(주) 소속 재해자(용접공)가 굴삭기로 운반하여 기초구조물 위에 올려놓은 지보재의 가장자리에서 노룻발못뽑이로 지렛대 원리를 이용하여 지보재 하단부 수평재를 이동 시키는 작업 중 지보재가 넘어지면서 회전, 재해자를 강타하여 사망 [유발요인] 교량 하부 보강을 위해 지보재 하단부 수평재를 이동시키는 작업 중 지보재가 넘어지면서 회전하여 재해자 강타 [대책] ▶ 중량물 취급작업계획서 작성 및 작업지휘자 지정
▶ 자재 전도방지를 위해 슬링벨트 연결 부위 및 이동방법 검토",12. 공통공사,"12.7 기타(작업환경, 청소 등)",,
건설업,,2020년 6월경 재해자가 고속도로 1차로에서 고속도로 유지보수공사 현장조사를 위하여 TMA차량(충격완화장치 부착 차량)을 정차한 후 교통차단 및 유도를 하던 중 1차로로 고속주행 중이던 SUV차량이 TMA차량을 추돌하였고 추돌된 TMA차량이 재해자를 덮쳐 사망,교통수단,12. 공통공사,"포장, 유지보수 등 도로작업 중 일반 차량통제하던 중 주행 중이던 차량과 충돌","▶ 도로 유지보수 작업구간의 교통통제 조치
▶ 작업장 주변 안전휀스 및 무단횡단 금지표시 등 설치
▶ 차선 차단 시 작업공간과 충분한 안전거리 확보","2020년 6월경 재해자가 고속도로 1차로에서 고속도로 유지보수공사 현장조사를 위하여 TMA차량(충격완화장치 부착 차량)을 정차한 후 교통차단 및 유도를 하던 중 1차로로 고속주행 중이던 SUV차량이 TMA차량을 추돌하였고 추돌된 TMA차량이 재해자를 덮쳐 사망 [유발요인] 포장, 유지보수 등 도로작업 중 일반 차량통제하던 중 주행 중이던 차량과 충돌 [대책] ▶ 도로 유지보수 작업구간의 교통통제 조치
▶ 작업장 주변 안전휀스 및 무단횡단 금지표시 등 설치
▶ 차선 차단 시 작업공간과 충분한 안전거리 확보",12. 공통공사,"12.7 기타(작업환경, 청소 등)",,
건설업,,2018년 10월경 OO개설공사 현장내 폐콘크리트 파쇄 작업장에서  임펙트 크라샤 작동 상태의 이상을 느낀 재해자가  회전체(Roter)의 운전을 정지하고 덮개를 열어 걸린 원석(폐콘크리트) 등을 제거하던 중  Blow Bar와 임펙트 Curtain 사이에 빠지면서 사망,기계설비,12. 공통공사,쇄석기 로터에 걸린 원석을 제거하던 중 Blow bar와 임팩트 curtain 사이에 빠짐,▶ 크라샤 컨베이어 구동 모터 등 수시로 정비 작업이 이루어지는 구간에 근로자가 상부 작업발판으로 이동 가능한 통로 설치,2018년 10월경 OO개설공사 현장내 폐콘크리트 파쇄 작업장에서  임펙트 크라샤 작동 상태의 이상을 느낀 재해자가  회전체(Roter)의 운전을 정지하고 덮개를 열어 걸린 원석(폐콘크리트) 등을 제거하던 중  Blow Bar와 임펙트 Curtain 사이에 빠지면서 사망 [유발요인] 쇄석기 로터에 걸린 원석을 제거하던 중 Blow bar와 임팩트 curtain 사이에 빠짐 [대책] ▶ 크라샤 컨베이어 구동 모터 등 수시로 정비 작업이 이루어지는 구간에 근로자가 상부 작업발판으로 이동 가능한 통로 설치,12. 공통공사,"12.7 기타(작업환경, 청소 등)",,
건설업,,2018년 10월경 OO(주) OO신축공사 현장에서 준공청소 업체 소속 재해자가 아파트 세대 내 아일랜드식탁 주위 거실 바닥에 쓰러져 사망,"기타자재(내부마감재,시멘트,마대)",12. 공통공사,준공청소 중 아일랜드 식탁 주변에 쓰러진 채 발견,"▶ 높은 장소에서 작업 시 말비계 등 안전한 작업발판을 설치하고 작업 수행
▶ 가구 청소 작업 시 사다리 사용을 지양","2018년 10월경 OO(주) OO신축공사 현장에서 준공청소 업체 소속 재해자가 아파트 세대 내 아일랜드식탁 주위 거실 바닥에 쓰러져 사망 [유발요인] 준공청소 중 아일랜드 식탁 주변에 쓰러진 채 발견 [대책] ▶ 높은 장소에서 작업 시 말비계 등 안전한 작업발판을 설치하고 작업 수행
▶ 가구 청소 작업 시 사다리 사용을 지양",12. 공통공사,"12.7 기타(작업환경, 청소 등)",,
건설업,,2016년 6월경 OO에서 시공하는 「OO공장」현장에서 탈수용 열교환기(Glycol Dehydrator Reboiler) tube 내부를 고압의 물로 세척하던 중 분사용 노즐(lance)의 spin 부분이 빠지면서 수압에 의해 분사용 노즐이 Tube 내부에서 튕겨나가면서 재해자의 목 부위를 강타하여 사망,"기타자재(내부마감재,시멘트,마대)",12. 공통공사,기계설비 내부 고압의 물로 세척작업 중 수압에 의해 노즐이 튕겨나가면서 재해자 강타 후 넘어짐,▶ 노후화 된 사용 정비 및 자재 관리 철저,2016년 6월경 OO에서 시공하는 「OO공장」현장에서 탈수용 열교환기(Glycol Dehydrator Reboiler) tube 내부를 고압의 물로 세척하던 중 분사용 노즐(lance)의 spin 부분이 빠지면서 수압에 의해 분사용 노즐이 Tube 내부에서 튕겨나가면서 재해자의 목 부위를 강타하여 사망 [유발요인] 기계설비 내부 고압의 물로 세척작업 중 수압에 의해 노즐이 튕겨나가면서 재해자 강타 후 넘어짐 [대책] ▶ 노후화 된 사용 정비 및 자재 관리 철저,12. 공통공사,"12.7 기타(작업환경, 청소 등)",,
건설업,,2017년 7월경 OO구조물 보수공사 현장에서 협력업체 소속 재해자가 복개하천 내부에서 벽체 균열 보수작업을 하던 중 국지성호우로 빠르게 늘어난 하천 급류에 휩쓸려 사망,물,12. 공통공사,보수작업을 하던 중 기상악화(국지성호우 및 태풍)으로 인해 휩쓸려가 익사,"▶ 악천후로 인해 근로자가 위험해질 우려가 있을 경우 즉시 작업을 중지시키고 근로자를 대피 시키는 등 안전 조치 실시
▶ 무전기 등 신호체계를 정하여 집중호우 등으로 빗물이 복개구조물 내부로 유입되는 경우 즉시 작업을 중단하고 신속하게 대피 할 수 있도록 조치","2017년 7월경 OO구조물 보수공사 현장에서 협력업체 소속 재해자가 복개하천 내부에서 벽체 균열 보수작업을 하던 중 국지성호우로 빠르게 늘어난 하천 급류에 휩쓸려 사망 [유발요인] 보수작업을 하던 중 기상악화(국지성호우 및 태풍)으로 인해 휩쓸려가 익사 [대책] ▶ 악천후로 인해 근로자가 위험해질 우려가 있을 경우 즉시 작업을 중지시키고 근로자를 대피 시키는 등 안전 조치 실시
▶ 무전기 등 신호체계를 정하여 집중호우 등으로 빗물이 복개구조물 내부로 유입되는 경우 즉시 작업을 중단하고 신속하게 대피 할 수 있도록 조치",12. 공통공사,"12.7 기타(작업환경, 청소 등)",,
건설업,,2017년 2월경 OO보수작업 현장에서 재해자가 OO냉각시설 입구에 합판과 함께 원인미상으로 쓰러져 사망,분류불능,12. 공통공사,높이 2미터 이상되는 곳에서 작업 또는 이동을 하다 추락,"▶ 추락단부 등 추락위험구간에 안전난간대 설치 등 추락방호조치 실시
▶ 사다리 넘어짐을 방지하기 위해 2인 1조로 작업 투입","2017년 2월경 OO보수작업 현장에서 재해자가 OO냉각시설 입구에 합판과 함께 원인미상으로 쓰러져 사망 [유발요인] 높이 2미터 이상되는 곳에서 작업 또는 이동을 하다 추락 [대책] ▶ 추락단부 등 추락위험구간에 안전난간대 설치 등 추락방호조치 실시
▶ 사다리 넘어짐을 방지하기 위해 2인 1조로 작업 투입",12. 공통공사,"12.7 기타(작업환경, 청소 등)",,
건설업,,2019년 3월경 OO건설(주)가 시공하는 OO근린생활시설 신축공사 현장에서 재해자가 5층 베란다 바닥에 쓰러져 사망,분류불능,12. 공통공사,높이 2미터 이상되는 곳에서 작업 또는 이동을 하다 추락,"▶ 추락단부 등 추락위험구간에 안전난간대 설치 등 추락방호조치 실시
▶ 사다리 넘어짐을 방지하기 위해 2인 1조로 작업 투입","2019년 3월경 OO건설(주)가 시공하는 OO근린생활시설 신축공사 현장에서 재해자가 5층 베란다 바닥에 쓰러져 사망 [유발요인] 높이 2미터 이상되는 곳에서 작업 또는 이동을 하다 추락 [대책] ▶ 추락단부 등 추락위험구간에 안전난간대 설치 등 추락방호조치 실시
▶ 사다리 넘어짐을 방지하기 위해 2인 1조로 작업 투입",12. 공통공사,"12.7 기타(작업환경, 청소 등)",,
건설업,,2020년 10월경 OO터널 내에서 탈선한 선로다짐기 복구 후 손상부분 정비에 필요한 부품이 있는 궤도안정기(1.14km)까지 자갈정리기로 이동 중 정지 상태의 궤도안정기를 추돌하여 사망,분류불능,12. 공통공사,자갈정리기로 운전하여 현장 내 이동하던 중 정지상태의 궤도안정기와 충돌,▶ 현장 내 차량계 건설기계장비 운행시 제한속도 준수,2020년 10월경 OO터널 내에서 탈선한 선로다짐기 복구 후 손상부분 정비에 필요한 부품이 있는 궤도안정기(1.14km)까지 자갈정리기로 이동 중 정지 상태의 궤도안정기를 추돌하여 사망 [유발요인] 자갈정리기로 운전하여 현장 내 이동하던 중 정지상태의 궤도안정기와 충돌 [대책] ▶ 현장 내 차량계 건설기계장비 운행시 제한속도 준수,12. 공통공사,"12.7 기타(작업환경, 청소 등)",,
건설업,,2017년 8월경 OO사옥 신축공사 현장에서 OO건설(주) 소속 재해자가 강당동 2층 복도에 의식을 잃고 쓰러져 사망,분류불능,12. 공통공사,"원인미상의 사유로 쓰러진 재해자를 발견, 병원으로 이송 후 사망",▶ 원인 미상,"2017년 8월경 OO사옥 신축공사 현장에서 OO건설(주) 소속 재해자가 강당동 2층 복도에 의식을 잃고 쓰러져 사망 [유발요인] 원인미상의 사유로 쓰러진 재해자를 발견, 병원으로 이송 후 사망 [대책] ▶ 원인 미상",12. 공통공사,"12.7 기타(작업환경, 청소 등)",,
건설업,,2018년 4월경 OO에서 시공하는 2층 단독주택 도장공사 현장에서 재해자가 단독주택 2층 북·서향쪽 벽체의 표면 및 바탕처리 작업을 진행하던 중 계단(주택2층↔옥상용)옆에 엎드려 쓰러져 사망,분류불능,12. 공통공사,"원인미상의 사유로 쓰러진 재해자를 발견, 병원으로 이송 후 사망",▶ 원인 미상,"2018년 4월경 OO에서 시공하는 2층 단독주택 도장공사 현장에서 재해자가 단독주택 2층 북·서향쪽 벽체의 표면 및 바탕처리 작업을 진행하던 중 계단(주택2층↔옥상용)옆에 엎드려 쓰러져 사망 [유발요인] 원인미상의 사유로 쓰러진 재해자를 발견, 병원으로 이송 후 사망 [대책] ▶ 원인 미상",12. 공통공사,"12.7 기타(작업환경, 청소 등)",,
건설업,,2016년 8월경 OO구조물제작 설치공사현장에서 각관(가로보)을 2인1조로 작업장소로 운반하는 작업을 하고 휴식을 취하는 도중 재해자가 쓰러져 사망,분류불능,12. 공통공사,폭염 속 자재 운반 및 정리 등 작업을 하던 중 의식을 잃고 쓰러짐,"▶ 열사병 예방 3대 기본수칙(물/그늘/휴식) 준수
▶ 적절한 휴게시설 설치, 휴게시간 부여","2016년 8월경 OO구조물제작 설치공사현장에서 각관(가로보)을 2인1조로 작업장소로 운반하는 작업을 하고 휴식을 취하는 도중 재해자가 쓰러져 사망 [유발요인] 폭염 속 자재 운반 및 정리 등 작업을 하던 중 의식을 잃고 쓰러짐 [대책] ▶ 열사병 예방 3대 기본수칙(물/그늘/휴식) 준수
▶ 적절한 휴게시설 설치, 휴게시간 부여",12. 공통공사,"12.7 기타(작업환경, 청소 등)",,
건설업,,"2021년 7월경 OO매장 원상복구 공사 현장에서 재해자가 지상 2층에서 해체한 내장재(석고보드, 합판 등)를 롤테이너에 적재하여 지상 1층 정문에 주차된 화물자동차(1ton)로 운반하는 작업 중 현장에서 약 500m 떨어진 옥외 주차장 바닥에 쓰러져 사망",분류불능,12. 공통공사,폭염 속 자재 운반 및 정리 등 작업을 하던 중 의식을 잃고 쓰러짐,"▶ 열사병 예방 3대 기본수칙(물/그늘/휴식) 준수
▶ 적절한 휴게시설 설치, 휴게시간 부여","2021년 7월경 OO매장 원상복구 공사 현장에서 재해자가 지상 2층에서 해체한 내장재(석고보드, 합판 등)를 롤테이너에 적재하여 지상 1층 정문에 주차된 화물자동차(1ton)로 운반하는 작업 중 현장에서 약 500m 떨어진 옥외 주차장 바닥에 쓰러져 사망 [유발요인] 폭염 속 자재 운반 및 정리 등 작업을 하던 중 의식을 잃고 쓰러짐 [대책] ▶ 열사병 예방 3대 기본수칙(물/그늘/휴식) 준수
▶ 적절한 휴게시설 설치, 휴게시간 부여",12. 공통공사,"12.7 기타(작업환경, 청소 등)",,
건설업,,"2018년 7월경 OO도로조성공사 현장에서 재해자가 폭염 속에서 화단정리, 청소 등의 작업을 수행하던 중 휴식을 취하기 위하여 주변건물로 이동한후 열사병으로 쓰러져 사망",분류불능,12. 공통공사,폭염 속 자재 운반 및 정리 등 작업을 하던 중 의식을 잃고 쓰러짐,"▶ 열사병 예방 3대 기본수칙(물/그늘/휴식) 준수
▶ 적절한 휴게시설 설치, 휴게시간 부여","2018년 7월경 OO도로조성공사 현장에서 재해자가 폭염 속에서 화단정리, 청소 등의 작업을 수행하던 중 휴식을 취하기 위하여 주변건물로 이동한후 열사병으로 쓰러져 사망 [유발요인] 폭염 속 자재 운반 및 정리 등 작업을 하던 중 의식을 잃고 쓰러짐 [대책] ▶ 열사병 예방 3대 기본수칙(물/그늘/휴식) 준수
▶ 적절한 휴게시설 설치, 휴게시간 부여",12. 공통공사,"12.7 기타(작업환경, 청소 등)",,
건설업,,2020년 8월경 OO지장관로 이설공사 현장에서 현장 쓰레기 청소 등 정리정돈 작업 중 재해자가 더위에 탈진하여 현장에서 의식을 잃고 쓰러져 사망,분류불능,12. 공통공사,폭염 속 자재 운반 및 정리 등 작업을 하던 중 의식을 잃고 쓰러짐,"▶ 열사병 예방 3대 기본수칙(물/그늘/휴식) 준수
▶ 적절한 휴게시설 설치, 휴게시간 부여","2020년 8월경 OO지장관로 이설공사 현장에서 현장 쓰레기 청소 등 정리정돈 작업 중 재해자가 더위에 탈진하여 현장에서 의식을 잃고 쓰러져 사망 [유발요인] 폭염 속 자재 운반 및 정리 등 작업을 하던 중 의식을 잃고 쓰러짐 [대책] ▶ 열사병 예방 3대 기본수칙(물/그늘/휴식) 준수
▶ 적절한 휴게시설 설치, 휴게시간 부여",12. 공통공사,"12.7 기타(작업환경, 청소 등)",,
건설업,,2018년 8월경 OO현장에서 퇴근 시 재해자가 출구방향이 아닌 반대편으로 이동 중 비탈면에서 넘어진 후 OO현장 밖에서 열사병으로 사망,분류불능,12. 공통공사,폭염 속 자재 운반 및 정리 등 작업을 하던 중 의식을 잃고 쓰러짐,"▶ 열사병 예방 3대 기본수칙(물/그늘/휴식) 준수
▶ 적절한 휴게시설 설치, 휴게시간 부여","2018년 8월경 OO현장에서 퇴근 시 재해자가 출구방향이 아닌 반대편으로 이동 중 비탈면에서 넘어진 후 OO현장 밖에서 열사병으로 사망 [유발요인] 폭염 속 자재 운반 및 정리 등 작업을 하던 중 의식을 잃고 쓰러짐 [대책] ▶ 열사병 예방 3대 기본수칙(물/그늘/휴식) 준수
▶ 적절한 휴게시설 설치, 휴게시간 부여",12. 공통공사,"12.7 기타(작업환경, 청소 등)",,
건설업,,2018년 7월경 OO빌딩 신축공사 현장에서 재해자가 점심식사 후 휴식 중 점심식사 장소 뒤편 주차장 소나무 그늘 아래에서 쓰러져 사망,원인미상,12. 공통공사,폭염 속 자재 운반 및 정리 등 작업을 하던 중 의식을 잃고 쓰러짐,"▶ 열사병 예방 3대 기본수칙(물/그늘/휴식) 준수
▶ 적절한 휴게시설 설치, 휴게시간 부여","2018년 7월경 OO빌딩 신축공사 현장에서 재해자가 점심식사 후 휴식 중 점심식사 장소 뒤편 주차장 소나무 그늘 아래에서 쓰러져 사망 [유발요인] 폭염 속 자재 운반 및 정리 등 작업을 하던 중 의식을 잃고 쓰러짐 [대책] ▶ 열사병 예방 3대 기본수칙(물/그늘/휴식) 준수
▶ 적절한 휴게시설 설치, 휴게시간 부여",12. 공통공사,"12.7 기타(작업환경, 청소 등)",,
건설업,,2017년 3월경 OOO외 1인 건물공사 신축현장에서 OO인력 소속 재해자가 생수병에 담겨있던 세정제(백화제거제)를 생수로 오인하여 음용 후 사망,화학물질,12. 공통공사,작업 전 생수병에 담겨져 있는 세정제를 생수로 오인하여 음용,"▶ 물질안전보건자료 작성 및 제공
▶ 관리대상 유해물질의 운반ㆍ저장 장소 지정","2017년 3월경 OOO외 1인 건물공사 신축현장에서 OO인력 소속 재해자가 생수병에 담겨있던 세정제(백화제거제)를 생수로 오인하여 음용 후 사망 [유발요인] 작업 전 생수병에 담겨져 있는 세정제를 생수로 오인하여 음용 [대책] ▶ 물질안전보건자료 작성 및 제공
▶ 관리대상 유해물질의 운반ㆍ저장 장소 지정",12. 공통공사,"12.7 기타(작업환경, 청소 등)",,
건설업,,2017년 8월경 OO아파트 앞 도로 맨홀내부 제수변실에서 OO건설(주)소속 재해자 2명이 아파트 세대 상수도 공급을 위해 약 3m 깊이의 맨홀내부 제수변실의 밸브를 확인하러 내려간 후 의식을 잃고 쓰러지며  2명 모두 사망,화학물질,12. 공통공사,맨홀 내부 진입 중 의식을 잃고 추락,"▶ 밀폐공간 내부 작업 시 작업 전 산소 및 유해가스 농도 측정을 통한 작업여부 확인
▶ 밀폐공간 내부 작업 시 송기마스크, 구명밧줄, 안전대 및 사다리 등 대피용 기구 비치","2017년 8월경 OO아파트 앞 도로 맨홀내부 제수변실에서 OO건설(주)소속 재해자 2명이 아파트 세대 상수도 공급을 위해 약 3m 깊이의 맨홀내부 제수변실의 밸브를 확인하러 내려간 후 의식을 잃고 쓰러지며  2명 모두 사망 [유발요인] 맨홀 내부 진입 중 의식을 잃고 추락 [대책] ▶ 밀폐공간 내부 작업 시 작업 전 산소 및 유해가스 농도 측정을 통한 작업여부 확인
▶ 밀폐공간 내부 작업 시 송기마스크, 구명밧줄, 안전대 및 사다리 등 대피용 기구 비치",12. 공통공사,"12.7 기타(작업환경, 청소 등)",,
건설업,,"2018년 10월경 OOOO(주) OO본부에서 석탄저장 사일로(D) 상부에 설치된 집진기(BF-15)의 백필터 교체작업 중 집진기 내부에서 발생하는 연기의 원인을 확인하기 위해 점검용 맨홀을 여는 순간 백드래프트가 발생하여 1명 사망, 4명 부상",화학물질,12. 공통공사,집진기 백필터 교체작업 중 집진기 내부에서 발생한 연기 파악을 위해 점검용 맨홀을 여는 순간 산소 유입에 의한 백드래프트가 발생하여 화상,"▶ 집진기 내부 등에 대해서는 잔류석탄 제거, 불연성 가스 소화설비 설치, 불활성 가스치환, 온도상승 방지용 살수설비 설치 등을 통한 자연발화 방지조치 실시
▶ 집진기 정비 시 주기적 점검(연 2회 이상), 백필터 교체(연 1회) 등 정비절차 기준 및 절차 준수 철저","2018년 10월경 OOOO(주) OO본부에서 석탄저장 사일로(D) 상부에 설치된 집진기(BF-15)의 백필터 교체작업 중 집진기 내부에서 발생하는 연기의 원인을 확인하기 위해 점검용 맨홀을 여는 순간 백드래프트가 발생하여 1명 사망, 4명 부상 [유발요인] 집진기 백필터 교체작업 중 집진기 내부에서 발생한 연기 파악을 위해 점검용 맨홀을 여는 순간 산소 유입에 의한 백드래프트가 발생하여 화상 [대책] ▶ 집진기 내부 등에 대해서는 잔류석탄 제거, 불연성 가스 소화설비 설치, 불활성 가스치환, 온도상승 방지용 살수설비 설치 등을 통한 자연발화 방지조치 실시
▶ 집진기 정비 시 주기적 점검(연 2회 이상), 백필터 교체(연 1회) 등 정비절차 기준 및 절차 준수 철저",12. 공통공사,"12.7 기타(작업환경, 청소 등)",,
